products,cycle,phase,elapsed_s,private_bytes,managed_bytes,handles,gdi,user,threads,gc0,gc1,gc2,dispatcher_ms,pending_dispatcher,cache_entries,image_lookups,scan_ms,render_ms,native_input_pending
100000,0,Rows,1.910,269373440,105908948,664,24,50,42,154,119,12,0.412,30,0,0,1610.308,109.135,1
100000,0,Rows,3.605,284704768,107007272,661,26,49,42,171,134,13,0.204,33,0,0,72.705,1617.810,1
100000,0,Rows,3.732,287424512,108353300,662,28,49,43,172,135,13,0.164,29,0,0,11.954,113.271,1
100000,0,Rows,3.952,298012672,110489596,662,30,49,43,174,137,13,0.246,32,0,0,104.952,111.627,1
100000,0,Rows,4.139,298639360,109878104,662,32,49,43,176,139,13,0.242,26,0,0,63.044,120.171,1
100000,0,Rows,4.298,299585536,112540824,662,30,49,43,177,140,13,0.331,24,0,0,39.200,115.214,1
100000,0,Rows,4.466,299110400,112526056,662,31,49,43,179,141,13,0.238,24,0,0,56.952,108.275,1
100000,0,Rows,4.641,303681536,111644940,662,32,49,43,181,143,13,0.274,24,0,0,56.678,114.775,1
100000,0,Rows,4.792,304996352,114410788,662,34,49,43,182,144,13,0.211,24,0,0,37.045,110.317,1
100000,0,Rows,4.957,304037888,114442440,662,36,49,43,184,146,13,0.261,24,0,0,57.503,103.173,1
100000,0,Grid,5.505,302800896,107703664,665,40,49,43,192,150,15,0.180,23,500,0,193.746,168.741,1
100000,0,Grid,5.659,305197056,110659048,665,42,49,43,193,151,15,0.184,23,500,0,35.664,115.446,1
100000,0,Grid,5.851,301862912,107616644,665,44,49,43,196,153,16,0.183,22,500,0,55.672,133.100,1
100000,0,Grid,6.029,306143232,108815940,665,26,49,43,198,155,16,0.180,22,500,0,56.872,117.814,1
100000,0,Grid,6.199,291975168,107613912,665,28,49,43,200,157,17,0.187,22,500,0,36.400,130.289,1
100000,0,Grid,6.360,295546880,111194472,665,30,49,43,202,158,17,0.197,22,500,0,56.620,100.689,1
100000,0,Grid,6.551,295129088,107618100,665,32,49,43,205,160,18,0.199,22,500,0,57.270,130.988,1
100000,0,Grid,6.730,296591360,109280020,665,34,49,43,207,162,18,0.183,22,500,0,60.599,114.657,1
100000,0,Grid,6.950,294797312,107598044,665,36,49,43,210,165,19,0.191,22,500,0,60.753,155.460,1
100000,0,Grid,7.103,294449152,110727084,665,38,49,43,211,166,19,0.176,22,500,0,37.047,113.122,1
100000,0,before_idle,8.547,314343424,107356412,711,30,48,43,228,178,20,0.076,48,500,0,0.000,0.000,1
100000,0,after_idle,28.575,294490112,114744260,709,26,46,43,486,435,20,0.573,28,500,0,0.000,0.000,1
100000,1,Rows,30.660,363352064,168885692,713,27,46,43,515,464,20,0.232,1079,500,0,73.939,211.095,1
100000,1,Rows,30.755,358477824,174228340,713,28,46,43,515,464,20,0.189,820,500,0,7.618,84.483,1
100000,1,Rows,32.601,367579136,64550732,680,27,46,43,533,477,22,0.196,46,500,0,1652.845,189.278,1
100000,1,Rows,32.723,368267264,65740696,683,28,47,44,534,478,22,0.168,43,500,0,8.595,110.664,1
100000,1,Rows,33.010,236208128,66609968,683,28,47,44,536,480,23,0.266,43,500,0,52.431,231.275,1
100000,1,Rows,33.160,226553856,66763956,683,29,47,44,538,481,23,0.179,43,500,0,49.749,96.483,1
100000,1,Rows,33.358,235388928,64657080,683,29,47,44,541,483,24,0.176,38,500,0,52.277,143.017,1
100000,1,Rows,33.496,236113920,66757484,683,30,47,44,542,484,24,0.188,38,500,0,33.796,100.154,1
100000,1,Rows,33.685,235425792,64783276,683,32,47,44,545,486,25,0.195,38,500,0,49.645,136.428,1
100000,1,Rows,33.851,227946496,65061584,683,34,47,44,547,488,25,0.181,38,500,0,50.219,112.796,1
100000,1,Grid,34.156,236314624,64807256,683,38,47,44,551,491,26,0.192,37,500,0,133.528,133.430,1
100000,1,Grid,34.307,236642304,65903332,683,40,47,44,553,492,26,0.180,37,500,0,48.568,99.215,1
100000,1,Grid,34.496,237674496,64393888,683,42,47,44,556,494,27,0.183,36,500,0,51.013,135.485,1
100000,1,Grid,34.637,225935360,66615148,683,44,47,44,557,495,27,0.183,36,500,0,33.832,103.743,1
100000,1,Grid,34.832,237142016,64740812,683,46,47,44,560,497,28,0.194,36,500,0,52.946,138.208,1
100000,1,Grid,34.986,237309952,65415396,683,28,47,44,562,499,28,0.187,36,500,0,49.704,100.936,1
100000,1,Grid,35.164,237047808,64024876,683,30,47,44,565,501,29,0.181,36,500,0,52.110,122.883,1
100000,1,Grid,35.307,238161920,66199944,683,32,47,44,566,502,29,0.188,36,500,0,34.391,104.819,1
100000,1,Grid,35.500,237486080,64777032,683,34,47,44,569,504,30,0.188,36,500,0,51.207,138.903,1
100000,1,Grid,35.668,237756416,64728884,683,36,47,44,571,506,30,0.194,36,500,0,53.386,111.079,1
100000,1,before_idle,36.940,261812224,62398388,721,32,49,44,586,521,31,0.079,63,500,0,0.000,0.000,1
100000,1,after_idle,56.961,240500736,66140808,711,28,44,38,866,801,31,0.113,53,500,0,0.000,0.000,1
100000,2,Rows,59.097,288096256,125592188,678,27,44,40,894,828,32,0.235,1090,500,0,78.204,216.286,1
100000,2,Rows,59.228,300650496,106566304,678,28,44,40,896,830,33,0.211,845,500,0,19.881,107.695,1
100000,2,Rows,60.864,302940160,117678016,666,30,43,38,911,845,33,0.191,69,500,0,1531.287,101.055,1
100000,2,Rows,61.116,301969408,67069972,667,32,43,39,914,848,34,0.203,67,500,0,53.189,194.919,1
100000,2,Rows,61.301,304402432,67442716,667,29,43,39,916,850,34,0.186,62,500,0,56.903,124.624,1
100000,2,Rows,61.443,304820224,69827620,667,30,43,39,917,851,34,0.193,62,500,0,33.134,105.415,1
100000,2,Rows,61.648,303992832,67157172,667,32,43,39,920,853,35,0.196,62,500,0,53.338,148.878,1
100000,2,Rows,61.817,304349184,67394144,667,34,43,39,922,855,35,0.188,62,500,0,54.802,110.653,1
100000,2,Rows,61.970,305283072,69784960,667,36,43,39,923,856,35,0.179,62,500,0,42.161,106.837,1
100000,2,Rows,62.177,304476160,67349848,667,38,43,39,926,858,36,0.232,62,500,0,54.614,149.247,1
100000,2,Grid,62.474,305287168,67477504,667,42,43,39,930,860,36,0.181,61,500,0,146.142,117.466,1
100000,2,Grid,62.658,305971200,69088772,667,44,43,39,932,862,37,0.185,61,500,0,49.654,130.821,1
100000,2,Grid,62.880,305336320,66854784,667,46,43,39,935,864,38,0.275,60,500,0,59.925,158.056,1
100000,2,Grid,63.058,305610752,67755416,667,28,43,39,937,866,38,0.187,60,500,0,61.308,113.676,1
100000,2,Grid,63.265,305938432,66444668,667,30,43,39,940,868,39,0.199,60,500,0,59.325,144.271,1
100000,2,Grid,63.417,306552832,68612156,667,32,43,39,941,869,39,0.191,60,500,0,37.717,111.060,1
100000,2,Grid,63.612,305872896,67420920,667,34,43,39,944,872,40,0.205,60,500,0,54.125,137.199,1
100000,2,Grid,63.753,306216960,70183324,667,36,43,39,945,873,40,0.183,60,500,0,55.869,81.822,1
100000,2,Grid,63.956,305614848,67030748,667,38,43,39,948,875,41,0.200,60,500,0,53.084,146.531,1
100000,2,Grid,64.120,305811456,68585716,667,40,43,39,950,876,41,0.180,60,500,0,58.596,101.371,1
100000,2,before_idle,65.436,325009408,69758676,702,32,45,39,965,889,42,0.169,86,500,0,0.000,0.000,1
100000,2,after_idle,85.458,303882240,73230756,699,26,43,37,1239,1163,42,0.116,76,500,0,0.000,0.000,1
100000,3,Rows,87.662,325300224,127663260,673,27,44,39,1269,1191,44,0.245,1113,500,0,60.570,211.289,1
100000,3,Rows,87.792,324177920,111293908,673,28,44,39,1271,1193,45,0.219,873,500,0,20.708,106.661,1
100000,3,Rows,89.464,311193600,70147976,667,30,44,38,1289,1205,47,0.189,92,500,0,1502.692,165.367,1
100000,3,Rows,89.689,322822144,69037760,668,32,44,39,1292,1207,48,0.212,90,500,0,62.675,158.605,1
100000,3,Rows,89.844,324214784,71072024,668,30,44,39,1293,1208,48,0.254,85,500,0,37.142,114.541,1
100000,3,Rows,90.075,323121152,69591344,668,31,44,39,1296,1211,49,0.180,85,500,0,54.638,172.829,1
100000,3,Rows,90.221,323907584,72142820,668,32,44,39,1297,1212,49,0.188,85,500,0,34.360,108.771,1
100000,3,Rows,90.441,322576384,69284856,668,34,44,39,1300,1214,50,0.202,85,500,0,55.330,161.178,1
100000,3,Rows,90.619,323354624,70050628,668,36,44,39,1302,1216,50,0.187,85,500,0,60.495,114.473,1
100000,3,Rows,90.771,323833856,72444104,668,38,44,39,1303,1217,50,0.186,85,500,0,36.568,111.248,1
100000,3,Grid,91.241,252178432,71955896,668,42,44,39,1308,1220,52,0.218,84,500,0,190.697,241.465,1
100000,3,Grid,91.406,252473344,72163896,668,44,44,39,1310,1221,52,0.189,84,500,0,58.420,104.043,1
100000,3,Grid,91.610,252895232,70006536,668,46,44,39,1313,1223,53,0.193,83,500,0,53.992,145.763,1
100000,3,Grid,91.773,252637184,70412952,668,28,44,39,1315,1225,53,0.191,83,500,0,54.298,105.999,1
100000,3,Grid,91.967,253300736,69058464,668,30,44,39,1318,1227,54,0.203,83,500,0,55.896,133.943,1
100000,3,Grid,92.116,253964288,71232524,668,32,44,39,1319,1228,54,0.184,83,500,0,38.831,107.131,1
100000,3,Grid,92.308,252977152,70052484,668,34,44,39,1322,1231,55,0.188,83,500,0,51.604,137.123,1
100000,3,Grid,92.452,253284352,72780640,668,36,44,39,1323,1232,55,0.194,83,500,0,57.630,83.024,1
100000,3,Grid,92.648,252608512,69611160,668,38,44,39,1326,1234,56,0.193,83,500,0,51.933,140.361,1
100000,3,Grid,92.806,252858368,71776512,668,40,44,39,1328,1235,56,0.188,83,500,0,54.461,99.637,1
100000,3,before_idle,94.084,269168640,73018236,705,32,46,39,1342,1248,57,0.157,109,500,0,0.000,0.000,1
100000,3,after_idle,114.137,253227008,74938508,700,28,43,37,1663,1409,57,0.565,99,500,0,0.000,0.000,1
100000,4,Rows,116.321,299450368,125579396,672,27,43,39,1693,1436,58,0.230,1136,500,0,72.492,220.233,1
100000,4,Rows,116.420,311648256,130900716,672,28,43,39,1693,1436,58,0.419,916,500,0,7.866,87.288,1
100000,4,Rows,118.168,309506048,72471296,666,30,43,38,1712,1449,61,0.198,115,500,0,1576.860,168.729,1
100000,4,Rows,118.335,310394880,75084128,667,32,43,39,1713,1450,61,0.207,113,500,0,40.197,121.546,1
100000,4,Rows,118.574,310054912,71878424,667,29,43,39,1716,1452,62,0.199,108,500,0,60.726,174.510,1
100000,4,Rows,118.756,310288384,72794980,667,30,43,39,1718,1454,62,0.192,108,500,0,61.518,116.800,1
100000,4,Rows,118.902,310890496,75149896,667,32,43,39,1719,1455,62,0.189,108,500,0,36.764,106.471,1
100000,4,Rows,119.122,309878784,72123472,667,34,43,39,1722,1457,63,0.195,108,500,0,56.681,159.711,1
100000,4,Rows,119.289,310460416,72870324,667,36,43,39,1724,1459,63,0.202,108,500,0,54.576,109.688,1
100000,4,Rows,119.431,310812672,75205596,667,38,43,39,1725,1460,63,0.185,108,500,0,34.544,104.041,1
100000,4,Grid,119.791,311083008,72195728,667,42,43,39,1731,1464,65,0.199,107,500,0,170.331,156.254,1
100000,4,Grid,119.967,311189504,72576836,667,44,43,39,1733,1466,65,0.201,107,500,0,59.174,113.172,1
100000,4,Grid,120.119,312291328,75175248,667,46,43,39,1734,1467,65,0.187,106,500,0,38.923,110.615,1
100000,4,Grid,120.335,311406592,72141488,667,28,43,39,1737,1469,66,0.203,106,500,0,54.318,158.113,1
100000,4,Grid,120.506,311758848,72752116,667,30,43,39,1739,1471,66,0.195,106,500,0,57.249,110.496,1
100000,4,Grid,120.699,312041472,72580576,667,32,43,39,1741,1473,67,0.201,106,500,0,35.425,154.557,1
100000,4,Grid,120.855,312041472,74194140,667,34,43,39,1743,1474,67,0.179,106,500,0,53.131,99.514,1
100000,4,Grid,121.076,311394304,72161492,663,36,42,38,1746,1476,68,0.448,106,500,0,60.125,157.569,1
100000,4,Grid,121.244,311500800,72835488,659,38,42,36,1748,1478,68,0.188,106,500,0,55.885,108.593,1
100000,4,Grid,121.436,311808000,72724848,659,40,42,36,1750,1480,69,0.192,106,500,0,35.028,153.633,1
100000,4,before_idle,122.757,330170368,72602248,710,32,44,36,1765,1494,70,0.096,132,500,0,0.000,0.000,1
100000,4,after_idle,142.791,309051392,76161276,696,26,42,35,2028,1756,70,0.114,122,500,0,0.000,0.000,1
100000,5,Rows,144.932,332795904,133712772,663,27,42,36,2057,1784,71,0.257,1159,500,0,78.435,205.289,1
100000,5,Rows,145.067,333844480,121287276,663,28,42,36,2059,1786,72,0.247,912,500,0,20.786,110.480,1
100000,5,Rows,146.708,332771328,101477452,657,30,42,35,2075,1798,73,0.193,138,500,0,1528.319,109.685,1
100000,5,Rows,146.977,332926976,74752644,658,32,42,36,2078,1800,74,0.210,136,500,0,63.040,202.401,1
100000,5,Rows,147.162,333713408,75203684,658,29,42,36,2080,1802,74,0.191,131,500,0,61.722,120.195,1
100000,5,Rows,147.308,334168064,77595780,658,30,42,36,2081,1803,74,0.186,131,500,0,36.614,106.188,1
100000,5,Rows,147.531,333336576,74560352,658,32,42,36,2084,1805,75,0.192,131,500,0,54.359,164.878,1
100000,5,Rows,147.702,333717504,75243996,658,34,42,36,2086,1807,75,0.193,131,500,0,56.771,111.125,1
100000,5,Rows,147.850,334192640,77641880,658,36,42,36,2087,1808,75,0.195,131,500,0,36.113,109.485,1
100000,5,Rows,148.077,333352960,74748004,658,38,42,36,2090,1810,76,0.192,131,500,0,57.090,165.697,1
100000,5,Grid,148.370,333959168,75380764,658,42,42,36,2094,1812,76,0.194,130,500,0,144.040,111.850,1
100000,5,Grid,148.521,334630912,77847052,658,44,42,36,2095,1813,76,0.193,130,500,0,36.550,111.108,1
100000,5,Grid,148.746,333889536,74470224,658,46,42,36,2098,1815,77,0.199,129,500,0,57.159,165.115,1
100000,5,Grid,148.921,334204928,75616292,658,28,42,36,2100,1817,77,0.192,129,500,0,57.899,113.524,1
100000,5,Grid,149.120,334516224,74829508,658,30,42,36,2102,1819,78,0.194,129,500,0,58.806,137.177,1
100000,5,Grid,149.277,334520320,76886560,658,32,42,36,2104,1820,78,0.184,129,500,0,53.727,99.726,1
100000,5,Grid,149.500,333885440,74586000,658,34,42,36,2107,1822,79,0.203,129,500,0,54.718,165.224,1
100000,5,Grid,149.671,334192640,75460476,658,36,42,36,2109,1824,79,0.199,129,500,0,57.214,110.359,1
100000,5,Grid,149.899,336097280,74607580,658,38,42,36,2112,1827,80,0.236,129,500,0,34.951,190.269,1
100000,5,Grid,150.051,334499840,78100576,658,40,42,36,2113,1828,80,0.200,129,500,0,37.098,111.250,1
100000,5,before_idle,151.412,353787904,78008960,694,32,44,36,2128,1841,81,0.125,155,500,0,0.000,0.000,1
100000,5,after_idle,171.418,332730368,75974532,694,28,43,34,2392,2105,81,0.119,145,500,0,0.000,0.000,1
100000,6,Rows,173.612,343908352,127566036,666,27,43,36,2422,2133,83,0.243,1182,500,0,58.521,223.304,1
100000,6,Rows,173.708,347209728,132893436,666,28,43,36,2422,2133,83,0.237,941,500,0,7.854,85.374,1
100000,6,Rows,175.518,347361280,76883384,660,30,43,35,2440,2147,85,0.214,161,500,0,1661.138,145.529,1
100000,6,Rows,175.673,347926528,80639488,661,32,43,36,2441,2148,85,0.197,159,500,0,36.991,114.448,1
100000,6,Rows,175.869,347926528,76866556,661,29,43,36,2444,2151,86,0.202,154,500,0,57.894,134.404,1
100000,6,Rows,176.033,347353088,79735972,661,30,43,36,2446,2152,86,0.188,154,500,0,54.848,105.928,1
100000,6,Rows,176.239,347574272,76863104,661,32,43,36,2449,2155,87,0.201,154,500,0,56.833,145.270,1
100000,6,Rows,176.389,348082176,80045832,661,34,43,36,2450,2156,87,0.193,154,500,0,37.856,108.883,1
100000,6,Rows,176.621,347283456,77139688,661,36,43,36,2453,2158,88,0.205,154,500,0,59.981,169.088,1
100000,6,Rows,176.795,347631616,77940252,661,38,43,36,2455,2160,88,0.192,154,500,0,57.134,113.731,1
100000,6,Grid,177.121,347455488,77194000,661,42,43,36,2459,2163,89,0.202,153,500,0,136.592,169.713,1
100000,6,Grid,177.296,347660288,78485352,661,44,43,36,2461,2165,89,0.210,153,500,0,58.490,112.614,1
100000,6,Grid,177.499,347971584,77308052,661,46,43,36,2463,2167,90,0.200,152,500,0,35.573,164.448,1
100000,6,Grid,177.663,347971584,80104680,661,28,43,36,2465,2169,90,0.299,152,500,0,60.265,100.588,1
100000,6,Grid,177.853,347348992,76868344,661,30,43,36,2468,2171,91,0.216,152,500,0,54.988,130.846,1
100000,6,Grid,178.030,347484160,79298248,661,32,43,36,2470,2172,91,0.225,152,500,0,62.540,111.081,1
100000,6,Grid,178.251,347709440,76860664,661,34,43,36,2473,2175,92,0.215,152,500,0,61.283,156.848,1
100000,6,Grid,178.409,348073984,80153860,661,36,43,36,2474,2176,92,0.218,152,500,0,40.362,114.359,1
100000,6,Grid,178.646,347570176,77117440,661,38,43,36,2477,2178,93,0.205,152,500,0,58.225,175.394,1
100000,6,Grid,178.825,347807744,78354992,661,40,43,36,2479,2180,93,0.203,152,500,0,59.271,116.473,1
100000,6,before_idle,180.154,366751744,79094476,696,32,45,36,2493,2193,94,0.166,178,500,0,0.000,0.000,1
100000,6,after_idle,200.176,345612288,82497648,692,28,42,34,2754,2454,94,0.116,168,500,0,0.000,0.000,1
100000,7,Rows,202.431,357089280,133552748,666,27,42,36,2785,2483,96,0.266,1205,500,0,62.571,225.746,1
100000,7,Rows,202.528,360800256,138854548,666,28,42,36,2785,2483,96,0.229,1009,500,0,8.256,85.361,1
100000,7,Rows,204.209,355721216,79873340,660,30,42,35,2802,2498,98,0.209,184,500,0,1507.375,170.310,1
100000,7,Rows,204.387,356261888,81322072,661,32,42,36,2804,2500,98,0.200,182,500,0,59.556,115.422,1
100000,7,Rows,204.539,356352000,83630664,661,30,42,36,2805,2501,98,0.272,177,500,0,40.454,108.162,1
100000,7,Rows,204.736,356687872,79720596,661,31,42,36,2808,2503,99,0.196,177,500,0,58.595,134.477,1
100000,7,Rows,204.918,356745216,80880500,661,32,42,36,2810,2505,99,0.203,177,500,0,59.512,119.551,1
100000,7,Rows,205.070,356741120,83240980,661,34,42,36,2811,2506,99,0.214,177,500,0,36.018,111.919,1
100000,7,Rows,205.274,356745216,79699472,661,36,42,36,2814,2508,100,0.204,177,500,0,60.980,139.528,1
100000,7,Rows,205.462,356921344,80800360,661,38,42,36,2816,2510,100,0.215,177,500,0,62.747,121.343,1
100000,7,Grid,205.758,357253120,79701460,661,42,42,36,2820,2513,101,0.203,176,500,0,143.797,135.044,1
100000,7,Grid,205.954,357928960,81272612,661,44,42,36,2822,2515,101,0.216,176,500,0,62.355,130.259,1
100000,7,Grid,206.174,357998592,80047228,661,46,42,36,2824,2517,102,0.231,175,500,0,39.017,176.945,1
100000,7,Grid,206.352,357998592,82859356,661,28,42,36,2826,2519,102,0.212,175,500,0,66.024,108.333,1
100000,7,Grid,206.562,357998592,79697616,661,30,42,36,2829,2521,103,0.231,175,500,0,62.468,143.394,1
100000,7,Grid,206.746,358010880,81676404,661,32,42,36,2831,2522,103,0.207,175,500,0,64.794,115.306,1
100000,7,Grid,206.984,358006784,79682232,661,34,42,36,2834,2525,104,0.218,175,500,0,64.536,170.127,1
100000,7,Grid,207.146,358277120,82676748,661,36,42,36,2835,2526,104,0.210,175,500,0,39.917,118.597,1
100000,7,Grid,207.359,358297600,79694752,661,38,42,36,2838,2528,105,0.225,175,500,0,64.128,145.064,1
100000,7,Grid,207.552,358297600,80668920,661,40,42,36,2840,2530,105,0.211,175,500,0,64.781,124.632,1
100000,7,before_idle,209.032,376283136,81095944,696,32,44,36,2855,2545,107,0.093,201,500,0,0.000,0.000,1
100000,7,after_idle,229.073,355164160,81111192,688,28,42,34,3106,2796,107,0.136,191,500,0,0.000,0.000,1
100000,8,Rows,231.345,364154880,135917136,665,27,42,36,3136,2824,109,0.256,1228,500,0,65.745,231.612,1
100000,8,Rows,231.443,367128576,141230252,665,28,42,36,3136,2824,109,0.249,1041,500,0,7.891,86.557,1
100000,8,Rows,233.319,364732416,82359540,659,30,42,35,3156,2839,113,0.373,207,500,0,1687.394,185.068,1
100000,8,Rows,233.493,366010368,85598616,660,32,42,36,3157,2840,113,0.217,205,500,0,38.166,131.591,1
100000,8,Rows,233.724,365080576,82350580,660,29,42,36,3160,2842,114,0.216,200,500,0,69.024,158.063,1
100000,8,Rows,233.906,365473792,83184940,660,30,42,36,3162,2844,114,0.196,200,500,0,61.100,117.249,1
100000,8,Rows,234.057,366043136,85611180,660,32,42,36,3163,2845,114,0.201,200,500,0,37.442,110.311,1
100000,8,Rows,234.256,365137920,82352564,660,34,42,36,3166,2847,115,0.208,200,500,0,59.078,136.253,1
100000,8,Rows,234.441,365494272,83090560,660,36,42,36,3168,2849,115,0.202,200,500,0,62.563,119.228,1
100000,8,Rows,234.591,366112768,85537376,660,38,42,36,3169,2850,115,0.202,200,500,0,35.597,111.593,1
100000,8,Grid,234.902,365895680,82352620,660,42,42,36,3174,2852,116,0.212,199,500,0,149.596,136.317,1
100000,8,Grid,235.090,365682688,82987324,660,44,42,36,3176,2854,116,0.203,199,500,0,63.851,120.931,1
100000,8,Grid,235.240,366751744,85617588,660,46,42,36,3177,2855,116,0.193,198,500,0,35.933,110.774,1
100000,8,Grid,235.436,365846528,82352148,660,28,42,36,3180,2857,117,0.208,198,500,0,58.328,134.961,1
100000,8,Grid,235.617,366161920,83424164,660,30,42,36,3182,2859,117,0.203,198,500,0,61.930,115.591,1
100000,8,Grid,235.770,366432256,85975856,660,32,42,36,3183,2860,117,0.195,198,500,0,36.393,112.069,1
100000,8,Grid,235.968,365907968,82344588,660,34,42,36,3186,2862,118,0.209,198,500,0,59.675,134.919,1
100000,8,Grid,236.145,366149632,83848176,660,36,42,36,3188,2864,118,0.198,198,500,0,60.339,113.684,1
100000,8,Grid,236.324,366342144,82457036,660,38,42,36,3190,2866,119,0.206,198,500,0,61.104,114.608,1
100000,8,Grid,236.487,366342144,85675428,660,40,42,36,3192,2867,119,0.214,198,500,0,57.277,101.938,1
100000,8,before_idle,237.872,385486848,81933668,696,32,44,36,3207,2880,120,0.117,224,500,0,0.000,0.000,1
100000,8,after_idle,257.896,364052480,84847716,689,28,42,34,3461,3134,120,0.115,214,500,0,0.000,0.000,1
100000,9,Rows,260.095,377012224,139174416,666,27,42,36,3491,3162,122,0.266,1251,500,0,59.826,230.078,1
100000,9,Rows,260.202,377462784,138454484,666,28,42,36,3492,3163,122,0.239,1044,500,0,7.995,95.240,1
100000,9,Rows,262.154,376557568,84920496,660,30,42,35,3509,3179,124,0.226,230,500,0,1782.084,166.833,1
100000,9,Rows,262.307,376909824,88641020,661,32,42,36,3510,3180,124,0.208,228,500,0,36.896,112.614,1
100000,9,Rows,262.518,376848384,84913060,661,29,42,36,3513,3183,125,0.209,223,500,0,62.049,145.653,1
100000,9,Rows,262.697,376918016,86286672,661,30,42,36,3515,3185,125,0.199,223,500,0,59.714,115.825,1
100000,9,Rows,262.875,377081856,84908080,661,32,42,36,3517,3187,126,0.731,223,500,0,36.519,137.218,1
100000,9,Rows,263.044,377061376,87722728,661,34,42,36,3519,3189,126,0.222,223,500,0,59.145,107.246,1
100000,9,Rows,263.257,377204736,84903664,661,36,42,36,3522,3192,127,0.194,223,500,0,59.818,149.390,1
100000,9,Rows,263.409,377593856,88185772,661,38,42,36,3523,3193,127,0.197,223,500,0,36.726,111.654,1
100000,9,Grid,263.721,377913344,84912136,661,42,42,36,3528,3198,128,0.206,222,500,0,148.294,145.998,1
100000,9,Grid,263.910,378019840,85876072,661,44,42,36,3530,3200,128,0.204,222,500,0,64.195,121.939,1
100000,9,Grid,264.066,378609664,88505356,661,46,42,36,3531,3201,128,0.201,221,500,0,37.229,115.774,1
100000,9,Grid,264.271,377982976,84931032,661,28,42,36,3534,3204,129,0.229,221,500,0,58.149,142.579,1
100000,9,Grid,264.456,377442304,86045356,661,30,42,36,3536,3206,129,0.209,221,500,0,61.305,121.109,1
100000,9,Grid,264.609,378322944,88602116,661,32,42,36,3537,3207,129,0.202,221,500,0,37.235,112.421,1
100000,9,Grid,264.815,377991168,84925260,661,34,42,36,3540,3210,130,0.217,221,500,0,58.808,142.918,1
100000,9,Grid,265.003,378609664,86302700,661,36,42,36,3542,3212,130,0.206,221,500,0,65.273,119.679,1
100000,9,Grid,265.186,379113472,84914836,661,38,42,36,3544,3214,131,0.210,221,500,0,39.315,140.777,1
100000,9,Grid,265.362,379011072,88058584,661,40,42,36,3546,3216,131,0.205,221,500,0,65.985,106.327,1
100000,9,before_idle,266.758,395833344,83539576,703,32,45,37,3563,3233,133,0.095,247,500,0,0.000,0.000,1
100000,9,after_idle,286.803,375767040,85811208,701,26,43,35,3808,3478,133,0.130,237,500,0,0.000,0.000,1
100000,10,Rows,289.093,385589248,142984044,673,27,43,38,3839,3506,136,0.289,1274,500,0,91.231,224.260,1
100000,10,Rows,289.251,387342336,129647512,673,28,43,38,3840,3507,136,0.240,1072,500,0,8.528,142.563,1
100000,10,Rows,291.381,387633152,87539324,667,30,43,37,3857,3519,138,0.212,253,500,0,1955.797,168.251,1
100000,10,Rows,291.597,388022272,88379412,668,29,43,38,3859,3521,138,0.324,246,500,0,72.615,139.733,1
100000,10,Rows,291.749,388845568,90860784,668,30,43,38,3860,3522,138,0.223,246,500,0,36.527,112.330,1
100000,10,Rows,291.967,387842048,87539852,668,32,43,38,3863,3525,139,0.251,246,500,0,64.887,150.107,1
100000,10,Rows,292.121,388251648,90732028,668,34,43,38,3864,3526,139,0.232,246,500,0,38.267,109.965,1
100000,10,Rows,292.329,387534848,87528948,668,36,43,38,3867,3528,140,0.242,246,500,0,59.481,143.565,1
100000,10,Rows,292.509,387887104,88614276,668,38,43,38,3869,3530,140,0.225,246,500,0,60.139,116.266,1
100000,10,Rows,292.659,388317184,91001284,668,40,43,38,3870,3531,140,0.234,246,500,0,38.117,108.902,1
100000,10,Grid,292.967,387731456,87527708,668,44,43,38,3875,3534,141,0.238,245,500,0,147.120,141.676,1
100000,10,Grid,293.159,388161536,88232176,668,46,43,38,3877,3536,141,0.208,245,500,0,65.979,120.115,1
100000,10,Grid,293.313,388837376,90883096,668,28,43,38,3878,3537,141,0.222,244,500,0,36.622,114.975,1
100000,10,Grid,293.524,387915776,87542380,668,30,43,38,3881,3540,142,0.209,244,500,0,58.064,148.919,1
100000,10,Grid,293.680,388214784,91409904,668,32,43,38,3882,3541,142,0.209,244,500,0,64.602,85.771,1
100000,10,Grid,293.880,387657728,87526408,668,34,43,38,3885,3543,143,0.227,244,500,0,58.650,136.700,1
100000,10,Grid,294.055,387645440,90183516,668,36,43,38,3887,3544,143,0.207,244,500,0,61.888,108.166,1
100000,10,Grid,294.268,387948544,87522312,668,38,43,38,3890,3547,144,0.222,244,500,0,61.169,148.368,1
100000,10,Grid,294.422,388280320,90981300,668,40,43,38,3891,3548,144,0.211,244,500,0,37.190,110.352,1
100000,10,Grid,294.621,387661824,93965756,668,42,43,38,3894,3550,145,0.231,244,500,0,58.677,135.926,1
100000,10,before_idle,295.943,407969792,90514508,719,32,45,38,3909,3563,146,0.124,270,500,0,0.000,0.000,1
100000,10,after_idle,315.970,386686976,94194252,705,28,43,37,4163,3817,146,0.126,260,500,0,0.000,0.000,1
100000,11,Rows,318.207,400211968,145996884,674,27,44,38,4194,3846,148,0.262,1297,500,0,84.946,214.353,1
100000,11,Rows,318.362,400785408,189425228,674,28,44,38,4196,3848,149,0.237,1042,500,0,9.383,142.472,1
100000,11,Rows,320.095,398274560,141696328,668,30,44,37,4211,3863,149,0.211,276,500,0,1623.758,105.564,1
100000,11,Rows,320.332,398630912,119282580,669,32,44,38,4214,3866,150,0.220,274,500,0,64.100,169.349,1
100000,11,Rows,320.532,397000704,91400920,669,29,44,38,4216,3868,150,0.213,269,500,0,64.350,129.950,1
100000,11,Rows,320.687,400789504,93779972,669,30,44,38,4217,3869,150,0.212,269,500,0,41.644,110.160,1
100000,11,Rows,320.889,400400384,99504300,669,32,44,38,4220,3871,151,0.216,269,500,0,60.247,137.126,1
100000,11,Rows,321.075,400683008,91265904,669,34,44,38,4222,3873,151,0.205,269,500,0,61.174,119.727,1
100000,11,Rows,321.226,401104896,93663940,669,36,44,38,4223,3874,151,0.200,269,500,0,37.373,110.010,1
100000,11,Rows,321.434,400334848,90163544,669,38,44,38,4226,3876,152,0.222,269,500,0,60.378,144.044,1
100000,11,Grid,321.736,401072128,91267844,669,42,44,38,4230,3878,152,0.203,268,500,0,150.166,131.156,1
100000,11,Grid,321.897,401776640,93749728,669,44,44,38,4231,3879,152,0.219,268,500,0,40.622,117.477,1
100000,11,Grid,322.118,401129472,90166684,669,46,44,38,4234,3881,153,0.217,267,500,0,64.525,152.297,1
100000,11,Grid,322.300,401461248,91485032,669,28,44,38,4236,3883,153,0.204,267,500,0,60.692,117.559,1
100000,11,Grid,322.483,401743872,94272564,669,30,44,38,4238,3885,154,0.212,267,500,0,36.869,143.030,1
100000,11,Grid,322.656,401113088,93329420,669,32,44,38,4240,3886,154,0.209,267,500,0,66.038,103.721,1
100000,11,Grid,322.873,401195008,90167848,669,34,44,38,4243,3888,155,0.223,267,500,0,63.461,149.320,1
100000,11,Grid,323.065,401506304,91237596,669,36,44,38,4245,3890,155,0.210,267,500,0,65.852,123.207,1
100000,11,Grid,323.225,401760256,93803396,669,38,44,38,4246,3891,155,0.207,267,500,0,40.595,116.207,1
100000,11,Grid,323.441,401518592,92861572,669,40,44,38,4249,3893,156,0.224,267,500,0,62.757,148.919,1
100000,11,before_idle,324.768,420790272,89052872,706,30,46,38,4265,3907,158,0.092,293,500,0,0.000,0.000,1
100000,11,after_idle,344.811,399011840,91096976,707,28,43,37,4520,4161,158,0.197,283,500,0,0.000,0.000,1
100000,12,Rows,347.206,408313856,135547236,674,27,43,38,4551,4189,161,0.279,1320,500,0,67.193,317.270,1
100000,12,Rows,347.304,411475968,140904908,674,28,43,38,4551,4189,161,0.249,1096,500,0,8.247,85.990,1
100000,12,Rows,349.046,414138368,111830968,668,30,43,37,4568,4202,162,0.222,299,500,0,1546.459,188.645,1
100000,12,Rows,349.233,414216192,107094596,669,32,43,38,4570,4204,163,0.222,297,500,0,41.220,142.648,1
100000,12,Rows,349.419,414216192,95824520,669,29,43,38,4572,4205,163,0.209,292,500,0,63.069,119.640,1
100000,12,Rows,349.635,414216192,100728020,669,30,43,38,4575,4208,164,0.212,292,500,0,58.200,153.581,1
100000,12,Rows,349.784,414216192,96440348,669,32,43,38,4576,4209,164,0.207,292,500,0,59.554,83.959,1
100000,12,Rows,349.984,414777344,110414964,669,34,43,38,4579,4211,165,0.227,292,500,0,61.067,135.262,1
100000,12,Rows,350.165,415223808,94260592,669,36,43,38,4581,4213,165,0.201,292,500,0,59.216,115.124,1
100000,12,Rows,350.347,416075776,105079700,669,38,43,38,4583,4215,166,0.214,292,500,0,37.701,140.711,1
100000,12,Grid,350.617,416256000,95744420,669,42,43,38,4587,4217,166,0.194,291,500,0,147.601,105.545,1
100000,12,Grid,350.833,416399360,117329312,669,44,43,38,4590,4220,167,0.240,291,500,0,61.468,151.126,1
100000,12,Grid,350.992,417521664,96605152,669,46,43,38,4591,4221,167,0.209,290,500,0,66.763,86.000,1
100000,12,Grid,351.187,416772096,114772928,669,28,43,38,4594,4224,168,0.220,290,500,0,58.842,131.483,1
100000,12,Grid,351.353,416907264,95390788,669,30,43,38,4596,4225,168,0.209,290,500,0,56.477,103.785,1
100000,12,Grid,351.558,417181696,106693028,669,32,43,38,4599,4227,169,0.221,290,500,0,59.167,142.009,1
100000,12,Grid,351.730,417468416,95083540,669,34,43,38,4601,4228,169,0.207,290,500,0,58.464,108.298,1
100000,12,Grid,351.947,417611776,99207812,669,36,43,38,4604,4231,170,0.223,290,500,0,59.518,153.939,1
100000,12,Grid,352.103,417751040,96053032,669,38,43,38,4605,4232,170,0.341,290,500,0,35.798,113.931,1
100000,12,Grid,352.313,417755136,98817304,669,40,43,38,4608,4234,171,0.236,290,500,0,59.985,144.815,1
100000,12,before_idle,353.638,436248576,95531404,720,32,45,38,4623,4247,172,0.102,316,500,0,0.000,0.000,1
100000,12,after_idle,373.665,415014912,97255136,701,28,43,37,4882,4506,172,0.141,306,500,0,0.000,0.000,1
100000,13,Rows,375.895,421699584,149039152,673,27,43,38,4913,4535,174,0.310,1343,500,0,63.604,226.215,1
100000,13,Rows,376.041,422703104,225090700,673,28,43,38,4915,4537,175,0.238,1133,500,0,8.748,134.262,1
100000,13,Rows,377.841,424701952,100263696,668,30,43,38,4931,4551,176,0.240,322,500,0,1601.727,191.543,1
100000,13,Rows,378.038,424161280,100252488,668,32,43,38,4933,4553,177,0.219,320,500,0,70.027,122.780,1
100000,13,Rows,378.217,424161280,98314960,668,29,43,38,4935,4555,177,0.208,315,500,0,63.403,112.772,1
100000,13,Rows,378.425,423653376,115547368,668,30,43,38,4938,4557,178,0.214,315,500,0,63.352,140.129,1
100000,13,Rows,378.614,423862272,96569216,668,32,43,38,4940,4559,178,0.204,315,500,0,65.342,117.108,1
100000,13,Rows,378.767,424226816,98942216,668,34,43,38,4941,4560,178,0.208,315,500,0,37.299,112.918,1
100000,13,Rows,378.970,423600128,116366680,668,36,43,38,4944,4562,179,0.209,315,500,0,60.596,138.182,1
100000,13,Rows,379.161,423874560,96509932,668,38,43,38,4946,4564,179,0.206,315,500,0,66.102,118.341,1
100000,13,Grid,379.454,423645184,113992260,668,42,43,38,4950,4567,180,0.224,314,500,0,140.281,136.882,1
100000,13,Grid,379.641,423919616,96990340,668,44,43,38,4952,4569,180,0.209,314,500,0,65.280,115.696,1
100000,13,Grid,379.830,424153088,107496168,668,46,43,38,4954,4571,181,0.223,313,500,0,37.358,148.037,1
100000,13,Grid,379.998,423538688,98780972,668,28,43,38,4956,4572,181,0.221,313,500,0,61.228,103.445,1
100000,13,Grid,380.211,423612416,115902792,668,30,43,38,4959,4574,182,0.245,313,500,0,63.442,145.577,1
100000,13,Grid,380.409,423931904,96450132,668,32,43,38,4961,4576,182,0.228,313,500,0,67.176,124.817,1
100000,13,Grid,380.567,424181760,99009436,668,34,43,38,4962,4577,182,0.212,313,500,0,41.235,113.646,1
100000,13,Grid,380.777,423649280,118099564,668,36,43,38,4965,4579,183,0.224,313,500,0,62.951,143.388,1
100000,13,Grid,380.964,423849984,96907820,668,38,43,38,4967,4581,183,0.207,313,500,0,66.091,116.471,1
100000,13,Grid,381.154,424075264,97549356,668,40,43,38,4970,4584,184,0.215,313,500,0,67.397,119.690,1
100000,13,before_idle,382.512,442400768,94682772,720,32,45,38,4985,4598,185,0.104,339,500,0,0.000,0.000,1
100000,13,after_idle,402.545,420896768,97877156,705,28,42,38,5227,4839,185,0.155,328,500,0,0.000,0.000,1
100000,14,Rows,404.882,430542848,156348848,672,27,42,39,5257,4867,187,0.281,1365,500,0,64.389,215.145,1
100000,14,Rows,406.815,432513024,126468956,666,28,42,38,5276,4881,190,0.244,344,500,0,1743.867,184.154,1
100000,14,Rows,406.976,433000448,102009180,667,30,42,39,5277,4882,190,0.206,342,500,0,68.894,86.577,1
100000,14,Rows,407.165,432578560,113095456,669,29,43,39,5280,4884,191,0.202,339,500,0,34.882,150.711,1
100000,14,Rows,407.325,433340416,101096372,669,30,43,39,5281,4885,191,0.217,339,500,0,39.378,114.439,1
100000,14,Rows,407.537,432578560,134890884,669,29,43,39,5284,4887,192,0.226,337,500,0,57.106,150.844,1
100000,14,Rows,407.727,432844800,98639400,669,30,43,39,5286,4889,192,0.250,337,500,0,63.308,120.381,1
100000,14,Rows,407.877,433565696,101010656,669,32,43,39,5287,4890,192,0.198,337,500,0,33.276,113.305,1
100000,14,Rows,408.081,432664576,139997444,669,34,43,39,5290,4892,193,0.223,337,500,0,56.510,144.067,1
100000,14,Rows,408.285,432902144,98332956,669,36,43,39,5292,4894,193,0.220,337,500,0,67.235,129.897,1
100000,14,Grid,408.601,432599040,133914464,669,40,43,39,5296,4897,194,0.235,336,500,0,153.653,146.380,1
100000,14,Grid,408.800,432906240,98676160,669,42,43,39,5298,4899,194,0.222,336,500,0,67.147,125.354,1
100000,14,Grid,408.955,433647616,101249364,669,44,43,39,5299,4900,194,0.212,336,500,0,35.192,115.703,1
100000,14,Grid,409.166,432754688,149510088,669,46,43,39,5302,4903,195,0.234,335,500,0,59.584,148.299,1
100000,14,Grid,409.333,433065984,101613460,669,28,43,39,5303,4904,195,0.210,335,500,0,39.153,121.711,1
100000,14,Grid,409.534,433065984,150560844,669,30,43,39,5306,4907,196,0.235,335,500,0,58.513,138.267,1
100000,14,Grid,409.707,432619520,101151336,669,32,43,39,5308,4908,196,0.210,335,500,0,62.163,105.113,1
100000,14,Grid,409.916,432623616,148112392,669,34,43,39,5311,4910,197,0.234,335,500,0,58.179,146.941,1
100000,14,Grid,410.115,432787456,99312296,669,36,43,39,5313,4912,197,0.221,335,500,0,67.258,126.163,1
100000,14,Grid,410.311,433057792,118807152,669,38,43,39,5315,4914,198,0.279,335,500,0,39.047,153.023,1
100000,14,before_idle,411.623,451354624,100073016,720,32,45,39,5330,4928,199,0.121,361,500,0,0.000,0.000,1
100000,14,after_idle,431.665,430157824,100614960,704,28,42,38,5592,5190,199,0.142,351,500,0,0.000,0.000,1
100000,15,Rows,433.929,440700928,154358156,671,27,42,39,5623,5219,201,0.294,1388,500,0,67.650,242.372,1
100000,15,Rows,434.080,440958976,229727704,671,28,42,39,5624,5220,202,0.270,1178,500,0,8.711,138.903,1
100000,15,Rows,435.792,439054336,130948020,665,30,42,38,5640,5233,203,0.215,367,500,0,1602.811,105.151,1
100000,15,Rows,436.021,439504896,160513692,666,32,42,39,5643,5235,204,0.227,365,500,0,62.556,163.328,1
100000,15,Rows,436.213,439861248,101847540,666,29,42,39,5645,5237,204,0.233,360,500,0,65.011,121.684,1
100000,15,Rows,436.369,440352768,104255296,666,30,42,39,5646,5238,204,0.217,360,500,0,39.700,114.019,1
100000,15,Rows,436.577,439529472,147782364,666,32,42,39,5649,5240,205,0.224,360,500,0,60.381,143.262,1
100000,15,Rows,436.769,440393728,101837484,666,34,42,39,5651,5242,205,0.214,360,500,0,64.918,120.691,1
100000,15,Rows,436.922,441155584,104260916,666,36,42,39,5652,5243,205,0.213,360,500,0,36.929,112.860,1
100000,15,Rows,437.130,440295424,152382944,666,38,42,39,5655,5245,206,0.222,360,500,0,60.394,144.005,1
100000,15,Grid,437.424,440446976,101962072,666,42,42,39,5659,5247,206,0.243,359,500,0,154.939,119.060,1
100000,15,Grid,437.579,442081280,104360016,666,44,42,39,5660,5248,206,0.223,359,500,0,38.526,113.193,1
100000,15,Grid,437.789,441192448,151132476,666,46,42,39,5663,5250,207,0.231,358,500,0,62.120,143.593,1
100000,15,Grid,437.986,441544704,102073748,666,28,42,39,5665,5252,207,0.227,358,500,0,67.631,122.554,1
100000,15,Grid,438.175,441802752,147664220,666,30,42,39,5667,5254,208,0.233,358,500,0,41.945,143.949,1
100000,15,Grid,438.358,441942016,103895536,666,32,42,39,5669,5256,208,0.227,358,500,0,69.437,110.401,1
100000,15,Grid,438.578,441475072,143734548,666,34,42,39,5672,5258,209,0.232,358,500,0,67.000,148.861,1
100000,15,Grid,438.775,441737216,101814516,666,36,42,39,5674,5260,209,0.238,358,500,0,66.264,124.760,1
100000,15,Grid,438.931,442339328,104407880,666,38,42,39,5675,5261,209,0.215,358,500,0,40.310,113.193,1
100000,15,Grid,439.138,441610240,154455384,666,40,42,39,5678,5263,210,0.236,358,500,0,61.794,141.637,1
100000,15,before_idle,440.413,460496896,105703564,718,32,44,39,5692,5277,211,0.101,384,500,0,0.000,0.000,1
100000,15,after_idle,460.446,439066624,106480108,698,28,41,35,5975,5560,211,0.129,374,500,0,0.000,0.000,1
100000,16,Rows,462.779,452866048,158849948,665,27,41,36,6007,5590,213,0.300,1411,500,0,82.561,244.611,1
100000,16,Rows,462.924,452861952,256401428,665,28,41,36,6009,5592,214,0.235,1292,500,0,9.228,133.029,1
100000,16,Rows,464.519,450416640,154891308,659,30,41,35,6024,5607,214,0.217,390,500,0,1480.090,110.840,1
100000,16,Rows,464.763,451584000,176115940,660,32,41,36,6027,5610,215,0.231,388,500,0,62.585,177.863,1
100000,16,Rows,464.967,452194304,104470904,660,29,41,36,6029,5612,215,0.218,383,500,0,69.954,128.789,1
100000,16,Rows,465.124,455995392,106908588,660,30,41,36,6030,5613,215,0.219,383,500,0,41.205,112.239,1
100000,16,Rows,465.330,455360512,169686512,660,32,41,36,6033,5615,216,0.224,383,500,0,58.761,143.732,1
100000,16,Rows,465.522,455741440,104337648,660,34,41,36,6035,5617,216,0.211,383,500,0,67.550,118.476,1
100000,16,Rows,465.673,456306688,106787064,660,36,41,36,6036,5618,216,0.220,383,500,0,36.534,110.691,1
100000,16,Rows,465.883,455389184,170437008,660,38,41,36,6039,5620,217,0.230,383,500,0,59.946,146.791,1
100000,16,Grid,466.197,455897088,104408236,660,42,41,36,6043,5622,217,0.214,382,500,0,154.936,137.824,1
100000,16,Grid,466.364,456802304,106886848,660,44,41,36,6044,5623,217,0.229,382,500,0,40.730,123.418,1
100000,16,Grid,466.584,455880704,167755016,660,46,41,36,6047,5625,218,0.231,381,500,0,65.832,150.143,1
100000,16,Grid,466.777,456187904,104573772,660,28,41,36,6049,5627,218,0.205,381,500,0,69.483,118.181,1
100000,16,Grid,466.931,456450048,107144664,660,30,41,36,6050,5628,218,0.227,381,500,0,40.483,109.780,1
100000,16,Grid,467.141,455925760,169368732,660,32,41,36,6053,5630,219,0.236,381,500,0,68.733,137.933,1
100000,16,Grid,467.332,456097792,105048672,660,34,41,36,6055,5632,219,0.234,381,500,0,69.011,115.395,1
100000,16,Grid,467.511,456323072,174884460,660,36,41,36,6057,5634,220,0.236,381,500,0,61.297,114.491,1
100000,16,Grid,467.685,455819264,106878080,660,38,41,36,6059,5635,220,0.218,381,500,0,68.108,101.695,1
100000,16,Grid,467.892,455802880,176929992,660,40,41,36,6062,5637,221,0.226,381,500,0,60.786,142.458,1
100000,16,before_idle,469.241,472502272,104294816,696,30,43,36,6077,5651,223,0.102,407,500,0,0.000,0.000,1
100000,16,after_idle,489.282,451297280,109830364,699,28,41,35,6328,5902,223,0.125,397,500,0,0.000,0.000,1
100000,17,Rows,491.738,462905344,149456824,666,27,41,36,6360,5930,226,0.373,1434,500,0,89.769,304.680,1
100000,17,Rows,491.868,462901248,150095944,666,28,41,36,6361,5931,226,0.284,1250,500,0,10.393,115.823,1
100000,17,Rows,493.688,464404480,136861084,660,30,41,35,6378,5942,227,0.226,413,500,0,1696.783,119.230,1
100000,17,Rows,493.912,463712256,185075984,661,32,41,36,6380,5944,228,0.229,411,500,0,41.357,179.439,1
100000,17,Rows,494.113,463716352,108694088,661,29,41,36,6382,5945,228,0.212,406,500,0,72.699,121.555,1
100000,17,Rows,494.335,463716352,184836388,661,30,41,36,6385,5948,229,0.240,406,500,0,60.330,158.335,1
100000,17,Rows,494.499,463986688,109333972,661,32,41,36,6386,5949,229,0.224,406,500,0,44.856,113.574,1
100000,17,Rows,494.710,463990784,178797244,661,34,41,36,6389,5951,230,0.230,406,500,0,61.963,145.005,1
100000,17,Rows,494.904,463990784,107085504,661,36,41,36,6391,5953,230,0.220,406,500,0,67.629,120.904,1
100000,17,Rows,495.058,463986688,109554448,661,38,41,36,6392,5954,230,0.223,406,500,0,36.627,114.383,1
100000,17,Grid,495.371,464003072,182582416,661,42,41,36,6397,5956,231,0.245,405,500,0,145.329,149.459,1
100000,17,Grid,495.571,464003072,107038296,661,44,41,36,6399,5958,231,0.219,405,500,0,73.087,121.052,1
100000,17,Grid,495.723,464416768,109685740,661,46,41,36,6400,5959,231,0.230,404,500,0,37.206,111.840,1
100000,17,Grid,495.931,464420864,183619100,661,28,41,36,6403,5961,232,0.229,404,500,0,60.381,143.795,1
100000,17,Grid,496.131,463867904,107520624,661,30,41,36,6405,5963,232,0.241,404,500,0,69.973,123.771,1
100000,17,Grid,496.323,464015360,178919016,661,32,41,36,6407,5965,233,0.229,404,500,0,41.305,147.152,1
100000,17,Grid,496.509,464285696,109591716,661,34,41,36,6409,5966,233,0.220,404,500,0,71.431,109.094,1
100000,17,Grid,496.728,464289792,178379540,661,36,41,36,6412,5968,234,0.231,404,500,0,65.426,149.368,1
100000,17,Grid,496.926,464289792,107290828,661,38,41,36,6414,5970,234,0.231,404,500,0,71.113,120.474,1
100000,17,Grid,497.080,464560128,109889624,661,40,41,36,6415,5971,234,0.215,404,500,0,38.057,112.090,1
100000,17,before_idle,498.490,482357248,106325564,696,32,43,36,6430,5985,235,0.277,430,500,0,0.000,0.000,1
100000,17,after_idle,518.499,460345344,109786280,694,28,41,34,6682,6237,235,0.039,420,500,0,0.000,0.000,1
100000,18,Rows,520.794,471957504,159397944,666,27,41,36,6712,6264,237,0.370,1457,500,0,93.541,208.759,1
100000,18,Rows,520.907,472748032,158690832,666,28,41,36,6713,6265,237,0.262,1271,500,0,9.146,100.633,1
100000,18,Rows,522.639,475574272,195919976,660,30,41,35,6730,6278,239,0.234,436,500,0,1568.558,159.549,1
100000,18,Rows,522.846,475897856,109973048,661,32,41,36,6732,6280,239,0.229,434,500,0,76.991,123.193,1
100000,18,Rows,523.005,476594176,112442096,661,30,41,36,6733,6281,239,0.286,429,500,0,38.403,116.819,1
100000,18,Rows,523.221,475705344,191041432,661,31,41,36,6736,6284,240,0.231,429,500,0,59.113,153.983,1
100000,18,Rows,523.382,476082176,112420636,661,32,41,36,6737,6285,240,0.227,429,500,0,44.469,110.488,1
100000,18,Rows,523.592,476082176,190939876,661,34,41,36,6740,6288,241,0.229,429,500,0,61.890,144.317,1
100000,18,Rows,523.774,475525120,111841032,661,36,41,36,6742,6289,241,0.216,429,500,0,69.646,106.386,1
100000,18,Rows,523.983,475443200,189353772,661,38,41,36,6745,6291,242,0.237,429,500,0,60.346,145.293,1
100000,18,Grid,524.285,475922432,110029512,661,42,41,36,6749,6293,242,0.275,428,500,0,160.320,120.496,1
100000,18,Grid,524.445,476188672,112430164,661,44,41,36,6750,6294,242,0.233,428,500,0,41.178,114.858,1
100000,18,Grid,524.668,475987968,193766768,661,46,41,36,6753,6296,243,0.234,427,500,0,64.557,154.363,1
100000,18,Grid,524.868,475774976,110157832,661,28,41,36,6755,6298,243,0.219,427,500,0,74.090,120.515,1
100000,18,Grid,525.053,476450816,199381764,661,30,41,36,6757,6300,244,0.235,427,500,0,38.672,142.611,1
100000,18,Grid,525.233,475320320,112178700,661,32,41,36,6759,6301,244,0.217,427,500,0,72.617,104.259,1
100000,18,Grid,525.447,475975680,187728772,661,34,41,36,6762,6303,245,0.236,427,500,0,62.343,147.037,1
100000,18,Grid,525.642,475684864,109931740,661,36,41,36,6764,6305,245,0.231,427,500,0,69.157,120.071,1
100000,18,Grid,525.797,476696576,112516464,661,38,41,36,6765,6306,245,0.218,427,500,0,38.156,112.978,1
100000,18,Grid,526.008,476098560,194636424,661,40,41,36,6768,6308,246,0.238,427,500,0,61.752,145.365,1
100000,18,before_idle,527.325,495374336,114065024,712,32,43,36,6783,6320,247,0.108,453,500,0,0.000,0.000,1
100000,18,after_idle,547.380,474320896,111853484,663,28,41,37,7077,6614,247,0.152,443,500,0,0.000,0.000,1
100000,19,Rows,549.656,486404096,165669620,667,29,41,38,7108,6643,249,0.293,1480,500,0,63.663,231.385,1
100000,19,Rows,551.450,487297024,208557364,661,30,41,37,7127,6661,251,0.244,459,500,0,1599.654,191.223,1
100000,19,Rows,551.620,488525824,114560884,662,32,41,38,7128,6662,251,0.218,457,500,0,48.936,115.427,1
100000,19,Rows,551.848,488525824,200189816,662,29,41,38,7131,6665,252,0.236,452,500,0,59.988,163.747,1
100000,19,Rows,552.042,489230336,112245320,662,30,41,38,7133,6667,252,0.215,452,500,0,68.474,119.810,1
100000,19,Rows,552.194,489492480,114633716,662,32,41,38,7134,6668,252,0.224,452,500,0,33.370,115.533,1
100000,19,Rows,552.417,489492480,199603148,662,34,41,38,7137,6671,253,0.224,452,500,0,58.066,161.736,1
100000,19,Rows,552.585,489492480,114631984,662,36,41,38,7138,6672,253,0.222,452,500,0,47.009,113.554,1
100000,19,Rows,552.799,489705472,201628072,662,38,41,38,7141,6675,254,0.227,452,500,0,58.970,151.212,1
100000,19,Rows,552.990,489705472,112453100,662,40,41,38,7143,6677,254,0.229,452,500,0,68.970,116.842,1
100000,19,Grid,553.300,490012672,199149784,662,44,41,38,7147,6681,255,0.230,451,500,0,138.544,152.150,1
100000,19,Grid,553.495,490156032,112751916,662,46,41,38,7149,6683,255,0.214,451,500,0,68.193,120.974,1
100000,19,Grid,553.644,490442752,115241564,662,28,41,38,7150,6684,255,0.232,451,500,0,35.049,111.078,1
100000,19,Grid,553.859,490442752,201491948,662,30,41,38,7153,6687,256,0.232,450,500,0,58.166,152.308,1
100000,19,Grid,554.053,490586112,112703800,662,32,41,38,7155,6689,256,0.229,450,500,0,70.037,118.267,1
100000,19,Grid,554.200,490586112,115173240,662,34,41,38,7156,6690,256,0.225,450,500,0,34.642,108.845,1
100000,19,Grid,554.420,490586112,199351864,662,36,41,38,7159,6693,257,0.732,450,500,0,62.352,153.981,1
100000,19,Grid,554.618,490586112,112968424,662,38,41,38,7161,6695,257,0.227,450,500,0,71.982,119.552,1
100000,19,Grid,554.807,490569728,209217488,662,40,41,38,7163,6697,258,0.241,450,500,0,37.046,148.050,1
100000,19,Grid,554.992,490188800,114575620,662,42,41,38,7165,6699,258,0.237,450,500,0,75.818,106.079,1
100000,19,before_idle,556.392,499445760,115158548,704,30,44,39,7180,6714,259,0.100,476,500,0,0.000,0.000,1
100000,19,after_idle,576.440,478240768,113890264,697,26,42,38,7444,6978,259,0.128,466,500,0,0.000,0.000,1
100000,20,Rows,578.700,495771648,169378868,674,27,42,39,7474,7006,261,0.291,1503,500,0,82.886,219.289,1
100000,20,Rows,578.840,494723072,298098264,674,28,42,39,7476,7008,262,0.274,1290,500,0,8.701,128.469,1
100000,20,Rows,580.624,493903872,143844140,668,30,42,38,7492,7019,263,0.348,482,500,0,1658.320,108.194,1
100000,20,Rows,580.876,494370816,218008664,669,32,42,39,7495,7021,264,0.242,480,500,0,65.673,181.983,1
100000,20,Rows,581.095,494764032,114392476,669,29,42,39,7497,7023,264,0.219,475,500,0,74.741,138.643,1
100000,20,Rows,581.254,495144960,116958464,669,30,42,39,7498,7024,264,0.223,475,500,0,40.094,115.001,1
100000,20,Rows,581.478,494059520,207269312,669,32,42,39,7501,7027,265,0.235,475,500,0,61.724,159.207,1
100000,20,Rows,581.645,494530560,117416596,669,34,42,39,7502,7028,265,0.234,475,500,0,47.696,112.371,1
100000,20,Rows,581.861,493768704,218723620,669,36,42,39,7505,7030,266,0.229,475,500,0,61.078,151.310,1
100000,20,Rows,582.060,494112768,115309100,669,38,42,39,7507,7032,266,0.221,475,500,0,74.606,118.518,1
100000,20,Grid,582.373,494096384,209913364,669,42,42,39,7511,7035,267,0.250,474,500,0,142.016,152.909,1
100000,20,Grid,582.576,494448640,115818396,669,44,42,39,7513,7037,267,0.237,474,500,0,76.369,119.737,1
100000,20,Grid,582.770,496181248,222256144,669,46,42,39,7515,7039,268,0.234,473,500,0,40.973,149.187,1
100000,20,Grid,582.958,496041984,117417804,669,28,42,39,7517,7041,268,0.252,473,500,0,77.542,106.992,1
100000,20,Grid,583.183,496218112,226570620,669,30,42,39,7520,7043,269,0.250,473,500,0,65.528,156.092,1
100000,20,Grid,583.381,496693248,115305008,669,32,42,39,7522,7045,269,0.226,473,500,0,74.133,118.218,1
100000,20,Grid,583.569,496918528,211335532,669,34,42,39,7524,7047,270,0.255,473,500,0,38.458,145.716,1
100000,20,Grid,583.753,496373760,117382764,669,36,42,39,7526,7048,270,0.237,473,500,0,74.357,104.481,1
100000,20,Grid,583.973,496521216,216640616,669,38,42,39,7529,7050,271,0.248,473,500,0,62.707,152.966,1
100000,20,Grid,584.173,496852992,115080936,669,40,42,39,7531,7052,271,0.224,473,500,0,73.545,120.637,1
100000,20,before_idle,585.556,515174400,115919240,704,32,44,39,7545,7065,272,0.087,499,500,0,0.000,0.000,1
100000,20,after_idle,605.600,493969408,117204332,696,28,42,38,7792,7312,272,0.126,489,500,0,0.000,0.000,1
100000,21,Rows,607.949,506994688,169185436,673,27,42,40,7823,7340,274,0.313,1526,500,0,85.685,241.555,1
100000,21,Rows,608.062,506998784,168486576,673,28,42,40,7824,7341,274,0.271,1346,500,0,8.716,101.169,1
100000,21,Rows,609.772,509874176,241854208,667,30,42,39,7840,7355,275,0.252,505,500,0,1517.593,188.451,1
100000,21,Rows,609.970,510513152,118433268,668,32,42,40,7842,7357,275,0.229,503,500,0,74.862,116.685,1
100000,21,Rows,610.126,510803968,120779828,668,29,42,40,7843,7358,275,0.292,498,500,0,43.443,109.351,1
100000,21,Rows,610.344,510251008,230933436,668,30,42,40,7846,7360,276,0.247,498,500,0,60.218,153.570,1
100000,21,Rows,610.543,510570496,118050960,668,32,42,40,7848,7362,276,0.269,498,500,0,72.575,120.426,1
100000,21,Rows,610.695,510836736,120408760,668,34,42,40,7849,7363,276,0.220,498,500,0,39.193,108.938,1
100000,21,Rows,610.913,510316544,232676560,668,36,42,40,7852,7365,277,0.239,498,500,0,62.899,151.278,1
100000,21,Rows,611.111,510570496,118041220,668,38,42,40,7854,7367,277,0.225,498,500,0,72.767,118.815,1
100000,21,Grid,611.426,511242240,214667532,668,42,42,40,7858,7370,278,0.241,497,500,0,145.634,153.023,1
100000,21,Grid,611.626,511422464,118519540,668,44,42,40,7860,7372,278,0.234,497,500,0,76.818,117.431,1
100000,21,Grid,611.825,511696896,229752260,668,46,42,40,7862,7374,279,0.248,496,500,0,68.461,127.324,1
100000,21,Grid,612.009,511172608,120153172,668,28,42,40,7864,7375,279,0.239,496,500,0,74.046,106.154,1
100000,21,Grid,612.235,511156224,237645816,668,30,42,40,7867,7377,280,0.241,496,500,0,63.708,158.701,1
100000,21,Grid,612.436,511500288,118027324,668,32,42,40,7869,7379,280,0.215,496,500,0,73.170,121.609,1
100000,21,Grid,612.629,511766528,227517272,668,34,42,40,7871,7381,281,0.247,496,500,0,40.294,149.734,1
100000,21,Grid,612.813,511627264,120071792,668,36,42,40,7873,7382,281,0.236,496,500,0,75.240,104.516,1
100000,21,Grid,613.034,511725568,239189864,668,38,42,40,7876,7384,282,0.254,496,500,0,61.364,156.101,1
100000,21,Grid,613.233,512004096,117812700,668,40,42,40,7878,7386,282,0.228,496,500,0,75.505,118.350,1
100000,21,before_idle,614.588,530694144,121502848,704,32,44,40,7891,7398,283,0.090,522,500,0,0.000,0.000,1
100000,21,after_idle,634.620,509321216,122610344,691,26,41,37,8174,7681,283,0.122,512,500,0,0.000,0.000,1
100000,22,Rows,637.040,519872512,168966036,668,27,41,39,8206,7711,286,0.319,1549,500,0,101.568,212.164,1
100000,22,Rows,637.150,521588736,168266752,668,28,41,39,8207,7712,286,0.281,1346,500,0,9.856,96.302,1
100000,22,Rows,638.848,525602816,285809280,662,30,41,38,8225,7730,287,0.251,528,500,0,1502.285,192.399,1
100000,22,Rows,639.040,525676544,121699552,663,32,41,39,8227,7732,287,0.240,526,500,0,68.796,117.519,1
100000,22,Rows,639.276,525680640,258296304,663,29,41,39,8230,7735,288,0.238,521,500,0,64.416,167.566,1
100000,22,Rows,639.472,525676544,121282576,663,30,41,39,8232,7737,288,0.236,521,500,0,71.975,118.701,1
100000,22,Rows,639.713,525680640,237393440,663,32,41,39,8235,7740,289,0.236,521,500,0,62.757,174.465,1
100000,22,Rows,639.883,525676544,122424940,663,34,41,39,8236,7741,289,0.236,521,500,0,50.104,114.193,1
100000,22,Rows,640.116,525680640,225708512,663,36,41,39,8239,7744,290,0.247,521,500,0,64.400,164.850,1
100000,22,Rows,640.313,525676544,121607312,663,38,41,39,8241,7746,290,0.239,521,500,0,74.694,115.317,1
100000,22,Grid,640.649,526123008,229727424,663,42,41,39,8246,7751,291,0.249,520,500,0,156.402,161.700,1
100000,22,Grid,640.841,526123008,121354596,663,44,41,39,8248,7753,291,0.241,520,500,0,71.513,115.190,1
100000,22,Grid,641.071,526123008,238243776,663,46,41,39,8251,7756,292,0.258,519,500,0,61.217,165.268,1
100000,22,Grid,641.265,526118912,121297760,663,28,41,39,8253,7758,292,0.238,519,500,0,72.587,115.409,1
100000,22,Grid,641.501,526114816,229098808,663,30,41,39,8256,7761,293,0.251,519,500,0,59.881,172.906,1
100000,22,Grid,641.672,526110720,122685868,663,32,41,39,8257,7762,293,0.230,519,500,0,55.599,111.515,1
100000,22,Grid,641.893,526258176,248134376,663,34,41,39,8260,7765,294,0.249,519,500,0,61.392,156.269,1
100000,22,Grid,642.084,526254080,122301844,663,36,41,39,8262,7767,294,0.233,519,500,0,73.911,110.171,1
100000,22,Grid,642.306,526241792,262619640,663,38,41,39,8265,7770,295,0.288,519,500,0,62.386,155.929,1
100000,22,Grid,642.495,526381056,122234356,663,40,41,39,8267,7772,295,0.237,519,500,0,72.147,113.666,1
100000,22,before_idle,643.879,544448512,118378668,704,32,44,40,8283,7788,296,0.114,545,500,0,0.000,0.000,1
100000,22,after_idle,663.923,520077312,120671376,694,28,42,35,8536,8041,296,0.146,535,500,0,0.000,0.000,1
100000,23,Rows,666.275,526426112,172428884,671,27,42,37,8567,8070,299,0.319,1572,500,0,69.009,230.279,1
100000,23,Rows,668.103,532254720,256802132,665,28,42,36,8583,8084,300,0.263,551,500,0,1628.194,196.681,1
100000,23,Rows,668.309,532717568,123055572,666,30,42,37,8585,8086,300,0.233,549,500,0,75.854,122.964,1
100000,23,Rows,668.467,533430272,125436544,666,30,42,37,8586,8087,300,0.296,544,500,0,36.981,117.879,1
100000,23,Rows,668.696,532537344,272632748,666,31,42,37,8589,8090,301,0.257,544,500,0,57.102,168.126,1
100000,23,Rows,668.861,532869120,125358808,666,32,42,37,8590,8091,301,0.237,544,500,0,47.128,112.108,1
100000,23,Rows,669.078,532291584,290079620,666,34,42,37,8593,8093,302,0.247,544,500,0,57.234,156.149,1
100000,23,Rows,669.274,532590592,123187340,666,36,42,37,8595,8095,302,0.226,544,500,0,70.917,121.301,1
100000,23,Rows,669.423,532996096,125497768,666,38,42,37,8596,8096,302,0.238,544,500,0,34.724,111.187,1
100000,23,Rows,669.642,532287488,282649720,666,40,42,37,8599,8098,303,0.250,544,500,0,57.489,157.981,1
100000,23,Grid,669.941,532393984,123036488,666,44,42,37,8603,8100,303,0.236,543,500,0,159.405,118.070,1
100000,23,Grid,670.096,533188608,125438288,666,46,42,37,8604,8101,303,0.230,543,500,0,35.750,115.971,1
100000,23,Grid,670.320,532316160,282319156,666,28,42,37,8607,8103,304,0.254,543,500,0,59.002,160.718,1
100000,23,Grid,670.523,532656128,123076528,666,30,42,37,8609,8105,304,0.236,542,500,0,73.381,123.315,1
100000,23,Grid,670.673,532959232,125557160,666,32,42,37,8610,8106,304,0.227,542,500,0,35.152,111.415,1
100000,23,Grid,670.891,532406272,288875824,666,34,42,37,8613,8108,305,0.259,542,500,0,59.867,154.849,1
100000,23,Grid,671.096,532746240,123358144,666,36,42,37,8615,8110,305,0.259,542,500,0,70.892,130.974,1
100000,23,Grid,671.300,533053440,256509732,666,38,42,37,8617,8112,306,0.917,542,500,0,41.101,158.067,1
100000,23,Grid,671.484,532422656,125253028,666,40,42,37,8619,8113,306,0.244,542,500,0,74.820,105.876,1
100000,23,Grid,671.715,532570112,286675152,666,42,42,37,8622,8115,307,0.251,542,500,0,61.147,166.092,1
100000,23,before_idle,673.024,552042496,123353808,718,32,44,37,8637,8127,308,0.136,568,500,0,0.000,0.000,1
100000,23,after_idle,693.073,530837504,125705560,700,28,42,36,8897,8387,308,0.128,558,500,0,0.000,0.000,1
100000,24,Rows,695.491,541364224,175085500,672,27,42,37,8928,8415,311,0.324,1595,500,0,67.980,252.761,1
100000,24,Rows,695.635,545480704,174361936,672,28,42,37,8930,8417,312,0.317,1416,500,0,9.236,131.799,1
100000,24,Rows,697.409,540512256,156755296,666,30,42,36,8946,8429,313,0.231,574,500,0,1653.817,116.746,1
100000,24,Rows,697.684,540807168,284540356,667,32,42,37,8949,8432,314,0.289,572,500,0,64.284,206.460,1
100000,24,Rows,697.859,541356032,127548664,667,30,42,37,8950,8433,314,0.301,567,500,0,51.986,118.735,1
100000,24,Rows,698.088,541364224,270737852,667,31,42,37,8953,8435,315,0.249,567,500,0,62.357,162.840,1
100000,24,Rows,698.288,541364224,125335396,667,32,42,37,8955,8437,315,0.236,567,500,0,76.496,119.954,1
100000,24,Rows,698.447,541409280,127815272,667,34,42,37,8956,8438,315,0.238,567,500,0,38.926,116.396,1
100000,24,Rows,698.676,541495296,306219672,667,36,42,37,8959,8440,316,0.240,567,500,0,62.949,162.749,1
100000,24,Rows,698.886,541495296,125366280,667,38,42,37,8961,8442,316,0.242,567,500,0,75.769,128.280,1
100000,24,Grid,699.232,542146560,275351480,667,42,42,37,8965,8445,317,0.264,566,500,0,153.915,173.321,1
100000,24,Grid,699.447,542162944,125952940,667,44,42,37,8967,8447,317,0.241,566,500,0,81.785,126.157,1
100000,24,Grid,699.611,542580736,128503524,667,46,42,37,8968,8448,317,0.230,565,500,0,40.889,120.427,1
100000,24,Grid,699.849,542593024,286748980,667,28,42,37,8971,8450,318,0.253,565,500,0,68.153,165.840,1
100000,24,Grid,700.055,542593024,126150896,667,30,42,37,8973,8452,318,0.236,565,500,0,77.013,122.293,1
100000,24,Grid,700.276,542593024,266185704,667,32,42,37,8976,8455,319,0.246,565,500,0,64.465,127.935,1
100000,24,Grid,700.435,542605312,128030672,667,34,42,37,8977,8455,319,0.251,565,500,0,52.103,103.342,1
100000,24,Grid,700.662,542605312,283470964,667,36,42,37,8980,8457,320,0.266,565,500,0,63.839,159.170,1
100000,24,Grid,700.867,542588928,125995260,667,38,42,37,8982,8459,320,0.237,565,500,0,77.353,121.285,1
100000,24,Grid,701.069,542593024,280134880,667,40,42,37,8984,8461,321,0.843,565,500,0,65.700,131.717,1
100000,24,before_idle,702.401,559521792,124369736,712,32,43,36,9000,8476,322,0.106,591,500,0,0.000,0.000,1
100000,24,after_idle,722.440,538284032,125669584,662,28,41,35,9244,8720,322,0.145,581,500,0,0.000,0.000,1
100000,25,Rows,724.915,549445632,182448804,666,29,41,36,9274,8748,324,0.313,1618,500,0,97.099,235.391,1
100000,25,Rows,725.050,549928960,181707732,666,30,41,36,9276,8750,325,0.295,1455,500,0,9.360,122.477,1
100000,25,Rows,726.829,549916672,161615892,660,32,41,35,9292,8761,326,0.283,597,500,0,1675.350,100.508,1
100000,25,Rows,727.050,549974016,353181668,661,34,41,36,9295,8763,327,0.255,595,500,0,68.038,148.761,1
100000,25,Rows,727.300,550297600,128152668,661,29,41,36,9297,8765,327,0.242,590,500,0,86.798,126.913,1
100000,25,Rows,727.457,550821888,130600564,661,30,41,36,9298,8766,327,0.235,590,500,0,38.367,115.218,1
100000,25,Rows,727.679,549945344,348264056,661,32,41,36,9301,8768,328,0.238,590,500,0,64.628,154.895,1
100000,25,Rows,727.901,550322176,128226500,661,34,41,36,9303,8770,328,0.259,590,500,0,80.816,134.060,1
100000,25,Rows,728.058,550797312,130672460,661,36,41,36,9304,8771,328,0.234,590,500,0,39.535,115.306,1
100000,25,Rows,728.299,549945344,305211192,661,38,41,36,9307,8773,329,0.250,590,500,0,67.409,169.423,1
100000,25,Grid,728.633,550330368,128331344,661,42,41,36,9311,8775,329,0.248,589,500,0,183.100,126.592,1
100000,25,Grid,728.805,551235584,130830880,661,44,41,36,9312,8776,329,0.244,589,500,0,45.341,123.711,1
100000,25,Grid,729.050,550129664,307983840,661,46,41,36,9315,8778,330,0.267,588,500,0,67.318,173.338,1
100000,25,Grid,729.262,550621184,128626692,661,28,41,36,9317,8780,330,0.256,588,500,0,82.845,126.136,1
100000,25,Grid,729.467,551473152,289805992,661,30,41,36,9319,8782,331,0.261,588,500,0,69.749,131.889,1
100000,25,Grid,729.656,551129088,130710900,661,32,41,36,9321,8783,331,0.239,588,500,0,77.865,106.936,1
100000,25,Grid,729.890,551141376,309781984,661,34,41,36,9324,8785,332,0.265,588,500,0,66.391,164.331,1
100000,25,Grid,730.105,551555072,128500844,661,36,41,36,9326,8787,332,0.250,588,500,0,77.829,130.683,1
100000,25,Grid,730.310,551735296,298739392,661,38,41,36,9328,8789,333,0.263,588,500,0,39.341,162.062,1
100000,25,Grid,730.504,551108608,130596756,661,40,41,36,9330,8790,333,0.240,588,500,0,77.872,112.840,1
100000,25,before_idle,731.878,570322944,127019120,696,32,43,36,9345,8803,334,0.097,614,500,0,0.000,0.000,1
100000,25,after_idle,751.932,549076992,131718504,688,28,41,35,9588,9046,334,0.132,604,500,0,0.000,0.000,1
100000,26,Rows,754.292,561250304,180595084,665,27,41,36,9619,9075,336,0.317,1641,500,0,86.212,227.855,1
100000,26,Rows,754.390,564404224,185881560,665,28,41,36,9619,9075,336,0.296,1495,500,0,8.976,85.977,1
100000,26,Rows,756.189,563478528,356455400,659,30,41,35,9637,9088,338,0.385,620,500,0,1604.909,190.442,1
100000,26,Rows,756.389,566951936,127880976,660,32,41,36,9639,9090,338,0.236,618,500,0,89.276,103.974,1
100000,26,Rows,756.977,326881280,132774688,660,28,41,36,9640,9091,339,0.426,613,500,0,41.792,514.537,1
100000,26,Rows,757.146,327102464,132992788,660,29,41,36,9642,9092,339,0.251,613,500,0,63.588,102.446,1
100000,26,Rows,757.357,328003584,129836804,660,30,41,36,9645,9094,340,0.251,613,500,0,59.439,147.309,1
100000,26,Rows,757.545,328273920,130109364,660,32,41,36,9647,9096,340,0.238,613,500,0,64.874,117.945,1
100000,26,Rows,757.694,329273344,132684192,660,34,41,36,9648,9097,340,0.239,613,500,0,36.012,109.258,1
100000,26,Rows,757.903,328187904,129833396,660,36,41,36,9651,9100,341,0.244,613,500,0,57.546,147.837,1
100000,26,Grid,758.169,328572928,132819124,660,40,41,36,9654,9102,341,0.236,612,500,0,145.387,103.144,1
100000,26,Grid,758.382,328949760,129834316,660,42,41,36,9657,9105,342,0.253,612,500,0,61.684,147.560,1
100000,26,Grid,758.535,329629696,133729948,660,44,41,36,9658,9106,342,0.244,611,500,0,65.428,81.618,1
100000,26,Grid,758.736,328986624,130925736,660,46,41,36,9661,9108,343,0.247,611,500,0,60.180,136.559,1
100000,26,Grid,758.904,328966144,132512260,660,28,41,36,9663,9109,343,0.245,611,500,0,61.476,103.371,1
100000,26,Grid,759.113,329265152,130923532,660,30,41,36,9666,9112,344,0.301,611,500,0,59.350,145.661,1
100000,26,Grid,759.266,329342976,133415496,660,32,41,36,9667,9113,344,0.235,611,500,0,44.219,105.657,1
100000,26,Grid,759.461,328957952,129830160,660,34,41,36,9670,9115,345,0.255,611,500,0,57.831,133.046,1
100000,26,Grid,759.630,329498624,132259748,660,36,41,36,9672,9116,345,0.250,611,500,0,58.629,103.397,1
100000,26,Grid,759.844,329719808,130920704,660,38,41,36,9675,9119,346,0.342,611,500,0,61.485,148.952,1
100000,26,before_idle,761.151,348459008,128968188,712,32,43,36,9689,9133,347,0.096,637,500,0,0.000,0.000,1
100000,26,after_idle,781.184,329129984,134794192,694,28,41,35,9988,9432,347,0.121,627,500,0,0.000,0.000,1
100000,27,Rows,783.388,388239360,183583448,666,27,41,36,10018,9461,348,0.303,1664,500,0,99.994,214.606,1
100000,27,Rows,783.525,388685824,186665484,666,28,41,36,10020,9463,349,0.232,1474,500,0,9.206,125.108,1
100000,27,Rows,785.289,388124672,148180936,660,30,41,35,10037,9475,351,0.261,643,500,0,1598.569,158.873,1
100000,27,Rows,785.483,388521984,135509656,661,32,41,36,10040,9478,352,0.239,641,500,0,67.772,122.627,1
100000,27,Rows,785.649,388067328,135683348,661,30,41,36,10041,9478,352,0.690,636,500,0,37.078,102.209,1
100000,27,Rows,785.849,388026368,146729740,661,31,41,36,10044,9480,353,0.256,636,500,0,58.920,137.405,1
100000,27,Rows,786.043,388415488,133290612,661,32,41,36,10046,9482,353,0.246,636,500,0,68.562,122.267,1
100000,27,Rows,786.197,388943872,135745676,661,34,41,36,10047,9483,353,0.250,636,500,0,38.153,112.345,1
100000,27,Rows,786.404,388026368,143312116,661,36,41,36,10050,9485,354,0.250,636,500,0,62.775,140.522,1
100000,27,Rows,786.596,388415488,133301000,661,38,41,36,10052,9487,354,0.256,636,500,0,65.922,119.599,1
100000,27,Grid,786.912,388124672,142558040,661,42,41,36,10056,9490,355,0.281,635,500,0,156.410,141.655,1
100000,27,Grid,787.112,388374528,133853480,661,44,41,36,10058,9492,355,0.295,635,500,0,71.649,121.567,1
100000,27,Grid,787.304,388620288,145676764,661,46,41,36,10060,9494,356,0.254,634,500,0,46.529,140.016,1
100000,27,Grid,787.486,388079616,135604004,661,28,41,36,10062,9495,356,0.252,634,500,0,68.923,109.631,1
100000,27,Grid,787.703,388210688,145122524,661,30,41,36,10065,9497,357,0.310,634,500,0,65.297,147.410,1
100000,27,Grid,787.915,388435968,133354292,661,32,41,36,10067,9499,357,0.319,634,500,0,73.937,131.851,1
100000,27,Grid,788.084,388755456,135961044,661,34,41,36,10068,9500,357,0.270,634,500,0,43.924,121.300,1
100000,27,Grid,788.306,388100096,144986344,661,36,41,36,10071,9502,358,0.276,634,500,0,68.238,149.624,1
100000,27,Grid,788.517,388337664,133889564,661,38,41,36,10073,9504,358,0.277,634,500,0,75.263,130.145,1
100000,27,Grid,788.723,388562944,136370984,661,40,41,36,10075,9506,359,0.271,634,500,0,70.910,131.694,1
100000,27,before_idle,790.049,406949888,132293964,712,32,43,36,10091,9521,360,0.112,660,500,0,0.000,0.000,1
100000,27,after_idle,810.084,385699840,134270300,694,28,41,35,10348,9777,360,0.131,650,500,0,0.000,0.000,1
100000,28,Rows,812.229,415875072,194361456,700,29,42,35,10376,9805,360,0.317,1687,500,0,62.935,243.232,1
100000,28,Rows,812.360,419811328,215325148,705,30,42,36,10378,9807,361,0.265,1503,500,0,9.257,118.494,1
100000,28,Rows,814.062,417259520,166308752,662,31,42,35,10394,9818,362,0.241,666,500,0,1555.877,108.134,1
100000,28,Rows,814.308,413868032,142695368,663,32,42,36,10397,9821,363,0.251,664,500,0,64.873,177.955,1
100000,28,Rows,814.470,414502912,138006660,663,30,42,36,10398,9822,363,0.302,659,500,0,41.040,114.593,1
100000,28,Rows,814.681,413556736,138874608,663,31,42,36,10401,9824,364,0.264,659,500,0,59.057,148.894,1
100000,28,Rows,814.872,413859840,135764032,663,32,42,36,10403,9826,364,0.254,659,500,0,65.384,119.405,1
100000,28,Rows,815.028,414494720,138258008,663,34,42,36,10404,9827,364,0.243,659,500,0,39.335,113.474,1
100000,28,Rows,815.245,413544448,141472152,663,36,42,36,10407,9829,365,0.273,659,500,0,60.891,151.843,1
100000,28,Rows,815.438,413855744,135785292,663,38,42,36,10409,9831,365,0.271,659,500,0,70.478,119.226,1
100000,28,Grid,815.770,413536256,138503432,663,42,42,36,10413,9834,366,0.238,658,500,0,165.089,149.594,1
100000,28,Grid,815.961,413818880,136352904,663,44,42,36,10415,9836,366,0.253,658,500,0,65.883,118.138,1
100000,28,Grid,816.117,414162944,138930260,663,46,42,36,10416,9837,366,0.251,657,500,0,40.897,112.256,1
100000,28,Grid,816.330,413446144,140235608,663,28,42,36,10419,9839,367,0.262,657,500,0,62.466,146.979,1
100000,28,Grid,816.519,413720576,136528852,663,30,42,36,10421,9841,367,0.251,657,500,0,70.590,115.172,1
100000,28,Grid,816.706,399286272,138467332,663,32,42,36,10423,9843,368,0.257,657,500,0,63.469,120.248,1
100000,28,Grid,816.879,410136576,138435592,663,34,42,36,10425,9844,368,0.262,657,500,0,63.670,103.044,1
100000,28,Grid,817.094,410193920,139101900,663,36,42,36,10428,9846,369,0.266,657,500,0,62.850,148.006,1
100000,28,Grid,817.277,410587136,136366612,663,38,42,36,10430,9848,369,0.244,657,500,0,64.317,113.166,1
100000,28,Grid,817.462,410857472,141519864,663,40,42,36,10432,9850,370,0.259,657,500,0,38.680,143.003,1
100000,28,before_idle,818.823,429584384,134597124,714,32,44,36,10448,9865,371,0.103,683,500,0,0.000,0.000,1
100000,28,after_idle,838.838,408096768,139501020,696,28,42,35,10703,10119,371,0.151,673,500,0,0.000,0.000,1
100000,29,Rows,841.042,423174144,199363528,700,29,42,35,10732,10148,371,0.330,1710,500,0,90.259,206.164,1
100000,29,Rows,841.169,423247872,223891884,705,28,42,36,10734,10150,372,0.447,1554,500,0,18.967,105.199,1
100000,29,Rows,842.934,423358464,189977100,662,29,42,35,10749,10165,372,0.252,689,500,0,1620.816,103.833,1
100000,29,Rows,843.180,424259584,176161020,663,30,42,36,10752,10168,373,0.269,687,500,0,64.290,178.198,1
100000,29,Rows,843.394,421650432,138649700,663,29,42,36,10754,10170,373,0.250,682,500,0,74.349,136.429,1
100000,29,Rows,843.556,426213376,141101612,663,30,42,36,10755,10171,373,0.237,682,500,0,40.566,117.580,1
100000,29,Rows,843.788,425586688,151112564,663,32,42,36,10758,10173,374,0.268,682,500,0,69.737,158.680,1
100000,29,Rows,843.983,425975808,138581948,663,34,42,36,10760,10175,374,0.250,682,500,0,70.499,118.921,1
100000,29,Rows,844.147,426471424,141039940,663,36,42,36,10761,10176,374,0.264,682,500,0,40.333,119.786,1
100000,29,Rows,844.361,425594880,153769160,663,38,42,36,10764,10178,375,0.261,682,500,0,63.149,147.302,1
100000,29,Grid,844.653,426160128,138767456,663,42,42,36,10768,10180,375,0.254,681,500,0,158.847,113.485,1
100000,29,Grid,844.806,426921984,141191580,663,44,42,36,10769,10181,375,0.258,681,500,0,38.710,111.696,1
100000,29,Grid,845.022,426074112,151858712,663,46,42,36,10772,10183,376,0.267,680,500,0,61.668,150.208,1
100000,29,Grid,845.205,426418176,138973320,663,28,42,36,10774,10185,376,0.560,680,500,0,64.607,112.476,1
100000,29,Grid,845.391,426704896,154547996,663,30,42,36,10776,10187,377,0.272,680,500,0,40.269,142.883,1
100000,29,Grid,845.561,426082304,141035208,663,32,42,36,10778,10188,377,0.264,680,500,0,66.171,100.874,1
100000,29,Grid,845.775,426123264,153594744,663,34,42,36,10781,10190,378,0.622,680,500,0,63.228,146.165,1
100000,29,Grid,845.961,426455040,138820228,663,36,42,36,10783,10192,378,0.258,680,500,0,68.932,114.096,1
100000,29,Grid,846.148,426704896,154543692,663,38,42,36,10785,10194,379,0.265,680,500,0,40.395,143.116,1
100000,29,Grid,846.322,426090496,140886848,663,40,42,36,10787,10195,379,0.257,680,500,0,65.954,105.132,1
100000,29,before_idle,847.689,445489152,137395160,697,32,44,36,10802,10207,380,0.145,706,500,0,0.000,0.000,1
100000,29,after_idle,867.695,424169472,142786508,690,28,42,34,11056,10461,380,0.110,696,500,0,0.000,0.000,1
100000,30,Rows,869.887,436756480,200811544,667,27,42,36,11085,10489,381,0.316,1733,500,0,65.055,213.805,1
100000,30,Rows,870.018,438800384,200049332,667,28,42,36,11087,10491,382,0.281,1537,500,0,24.779,102.451,1
100000,30,Rows,871.800,439005184,167461692,662,30,42,35,11104,10503,383,0.256,712,500,0,1661.641,96.895,1
100000,30,Rows,872.018,437235712,159209180,663,32,42,36,11106,10504,384,0.274,710,500,0,39.741,171.513,1
100000,30,Rows,872.266,437235712,152832356,663,29,42,36,11109,10506,385,0.270,705,500,0,72.419,172.016,1
100000,30,Rows,872.468,437235712,141154232,663,30,42,36,11111,10508,385,0.349,705,500,0,71.016,125.126,1
100000,30,Rows,872.635,437235712,143593188,663,32,42,36,11112,10509,385,0.271,705,500,0,41.810,121.710,1
100000,30,Rows,872.874,437235712,152761176,663,34,42,36,11115,10511,386,0.259,705,500,0,70.027,165.377,1
100000,30,Rows,873.088,437235712,141241528,663,36,42,36,11117,10513,386,0.271,705,500,0,76.970,130.369,1
100000,30,Rows,873.263,437235712,143671148,663,38,42,36,11118,10514,386,0.271,705,500,0,43.275,128.148,1
100000,30,Grid,873.638,437239808,154743112,663,42,42,36,11123,10517,387,0.283,704,500,0,184.254,171.001,1
100000,30,Grid,873.861,437239808,140970336,663,44,42,36,11125,10519,387,0.471,704,500,0,77.888,141.500,1
100000,30,Grid,874.041,437239808,143648096,663,46,42,36,11126,10520,387,0.285,703,500,0,45.470,130.934,1
100000,30,Grid,874.284,437239808,156670940,663,28,42,36,11129,10522,388,0.282,703,500,0,70.241,168.716,1
100000,30,Grid,874.495,437239808,140813248,663,30,42,36,11131,10524,388,0.277,703,500,0,75.488,132.589,1
100000,30,Grid,874.667,437239808,143485856,663,32,42,36,11132,10525,388,0.274,703,500,0,43.137,125.153,1
100000,30,Grid,874.901,437239808,152883784,663,34,42,36,11135,10527,389,0.291,703,500,0,70.243,159.897,1
100000,30,Grid,875.106,437239808,141367044,663,36,42,36,11137,10529,389,0.267,703,500,0,72.452,126.115,1
100000,30,Grid,875.305,437223424,156432676,663,38,42,36,11139,10531,390,0.272,703,500,0,40.788,155.269,1
100000,30,Grid,875.486,437223424,143418668,663,40,42,36,11141,10532,390,0.255,703,500,0,70.645,106.838,1
100000,30,before_idle,876.895,455184384,139984556,698,32,44,36,11156,10544,391,0.187,729,500,0,0.000,0.000,1
100000,30,after_idle,896.930,433876992,141892400,689,28,41,34,11392,10780,391,0.274,719,500,0,0.000,0.000,1
100000,31,Rows,899.115,446865408,202893288,698,29,41,35,11421,10809,391,0.320,1756,500,0,82.110,231.226,1
100000,31,Rows,899.215,450019328,208245512,698,30,41,35,11421,10809,391,0.298,1511,500,0,10.907,85.718,1
100000,31,Rows,901.017,447606784,168319032,660,27,41,35,11439,10822,393,2.749,735,500,0,1614.090,181.447,1
100000,31,Rows,901.190,448122880,147613668,661,28,41,36,11440,10823,393,0.264,733,500,0,79.783,89.419,1
100000,31,Rows,901.393,447598592,162046976,663,29,42,36,11443,10825,394,0.256,730,500,0,38.464,161.393,1
100000,31,Rows,901.558,448380928,146828724,663,30,42,36,11444,10826,394,0.264,731,500,0,43.496,114.857,1
100000,31,Rows,901.779,447528960,162877760,663,32,42,36,11447,10828,395,0.270,731,500,0,62.067,154.754,1
100000,31,Rows,901.979,447901696,144567020,663,34,42,36,11449,10830,395,0.246,731,500,0,67.575,126.600,1
100000,31,Rows,902.138,448364544,147027572,663,30,42,36,11450,10831,395,0.320,728,500,0,40.130,114.906,1
100000,31,Rows,902.360,447528960,162051088,663,31,42,36,11453,10833,396,0.271,728,500,0,62.866,155.718,1
100000,31,Grid,902.654,447619072,144671936,663,34,42,36,11457,10835,396,0.251,727,500,0,156.898,116.756,1
100000,31,Grid,902.813,448339968,147177316,663,36,42,36,11458,10836,396,0.264,727,500,0,41.135,114.859,1
100000,31,Grid,903.039,447533056,192366672,663,38,42,36,11461,10838,397,0.274,726,500,0,63.841,157.915,1
100000,31,Grid,903.238,447852544,144971476,663,40,42,36,11463,10840,397,0.275,726,500,0,72.241,120.166,1
100000,31,Grid,903.430,448114688,162538368,663,42,42,36,11465,10842,398,0.276,726,500,0,64.295,125.277,1
100000,31,Grid,903.608,447565824,147026536,663,44,42,36,11467,10843,398,0.267,726,500,0,68.205,103.258,1
100000,31,Grid,903.834,447533056,174432912,663,46,42,36,11470,10845,399,0.292,726,500,0,65.140,156.684,1
100000,31,Grid,904.033,447885312,144824776,663,28,42,36,11472,10847,399,0.268,726,500,0,72.522,121.497,1
100000,31,Grid,904.228,448147456,168730672,663,30,42,36,11474,10849,400,0.284,726,500,0,38.853,152.101,1
100000,31,Grid,904.405,447516672,146916296,663,32,42,36,11476,10850,400,0.267,726,500,0,69.624,104.693,1
100000,31,before_idle,905.826,466714624,143515608,698,32,44,36,11491,10863,401,0.182,752,500,0,0.000,0.000,1
100000,31,after_idle,925.863,445386752,146828152,690,28,42,34,11741,11113,401,0.049,742,500,0,0.000,0.000,1
100000,32,Rows,928.021,458534912,203886232,699,29,42,35,11770,11141,401,0.349,1779,500,0,78.059,225.136,1
100000,32,Rows,928.121,461688832,209224980,699,30,42,35,11770,11141,401,0.301,1584,500,0,9.501,87.808,1
100000,32,Rows,929.967,459022336,178599400,662,27,42,35,11788,11154,403,3.568,758,500,0,1657.451,181.712,1
100000,32,Rows,930.136,459100160,150071056,663,28,42,36,11789,11155,403,0.262,756,500,0,80.925,84.098,1
100000,32,Rows,930.380,459087872,183085240,663,29,42,36,11792,11158,404,0.274,751,500,0,65.972,174.463,1
100000,32,Rows,930.572,459087872,149243000,663,30,42,36,11794,11159,404,0.261,751,500,0,77.716,108.170,1
100000,32,Rows,930.791,459087872,204415272,663,32,42,36,11797,11161,405,0.272,751,500,0,61.821,153.629,1
100000,32,Rows,930.988,459087872,147273352,663,34,42,36,11799,11163,405,0.262,751,500,0,71.867,118.563,1
100000,32,Rows,931.143,459087872,149697184,663,36,42,36,11800,11164,405,0.257,751,500,0,40.465,111.102,1
100000,32,Rows,931.363,459087872,210131464,663,38,42,36,11803,11166,406,0.260,751,500,0,61.839,154.941,1
100000,32,Grid,931.660,459104256,147350404,663,42,42,36,11807,11168,406,0.259,750,500,0,158.876,115.946,1
100000,32,Grid,931.815,459104256,149858600,663,44,42,36,11808,11169,406,0.265,750,500,0,38.774,112.573,1
100000,32,Grid,932.040,459104256,178346688,663,46,42,36,11811,11171,407,0.271,749,500,0,63.344,157.705,1
100000,32,Grid,932.233,459104256,147677528,663,28,42,36,11813,11173,407,0.259,749,500,0,72.048,115.213,1
100000,32,Grid,932.428,459104256,165224952,663,30,42,36,11816,11176,408,0.277,749,500,0,63.509,128.378,1
100000,32,Grid,932.604,459108352,149550796,663,32,42,36,11817,11176,408,0.263,749,500,0,45.092,103.209,1
100000,32,Grid,932.832,459104256,207292864,663,34,42,36,11820,11178,409,0.275,749,500,0,67.727,156.190,1
100000,32,Grid,933.034,459104256,147523876,663,36,42,36,11822,11180,409,0.270,749,500,0,75.641,119.779,1
100000,32,Grid,933.237,459104256,164046840,663,38,42,36,11824,11182,410,0.258,749,500,0,66.981,132.770,1
100000,32,Grid,933.417,459087872,149567976,663,40,42,36,11826,11183,410,0.272,749,500,0,68.325,105.849,1
100000,32,before_idle,934.788,477130752,146298056,704,32,45,37,11841,11197,411,0.105,775,500,0,0.000,0.000,1
100000,32,after_idle,954.835,455884800,149097412,697,26,43,36,12081,11437,411,0.127,765,500,0,0.000,0.000,1
100000,33,Rows,957.074,468512768,206095816,676,27,44,37,12110,11464,412,0.333,1802,500,0,96.643,227.965,1
100000,33,Rows,957.190,468373504,205371244,676,28,44,37,12111,11465,412,0.306,1609,500,0,9.950,102.638,1
100000,33,Rows,958.974,469852160,178950492,670,30,44,36,12128,11478,414,0.289,781,500,0,1602.331,178.017,1
100000,33,Rows,959.171,470900736,150289004,671,32,44,37,12130,11480,414,0.259,779,500,0,71.536,119.065,1
100000,33,Rows,959.331,471674880,152652020,671,30,44,37,12131,11481,414,0.321,774,500,0,41.185,116.352,1
100000,33,Rows,959.553,471109632,225587512,671,31,44,37,12134,11483,415,0.271,774,500,0,62.506,155.240,1
100000,33,Rows,959.752,471392256,149951044,671,32,44,37,12136,11485,415,0.343,774,500,0,75.759,119.250,1
100000,33,Rows,959.904,471683072,152342056,671,34,44,37,12137,11486,415,0.253,774,500,0,37.483,111.871,1
100000,33,Rows,960.131,471138304,220275452,671,36,44,37,12140,11488,416,0.267,774,500,0,65.055,157.853,1
100000,33,Rows,960.329,471359488,149995152,671,38,44,37,12142,11490,416,0.254,774,500,0,74.836,117.746,1
100000,33,Grid,960.648,471154688,208321500,671,42,44,37,12146,11493,417,0.278,773,500,0,144.648,158.503,1
100000,33,Grid,960.854,471330816,150513192,671,44,44,37,12148,11495,417,0.262,773,500,0,79.045,121.086,1
100000,33,Grid,961.059,471994368,192503528,671,46,44,37,12151,11498,418,0.279,772,500,0,68.211,133.634,1
100000,33,Grid,961.243,471576576,152159632,671,28,44,37,12152,11498,418,0.265,772,500,0,51.226,104.303,1
100000,33,Grid,961.472,471572480,219404564,671,30,44,37,12155,11500,419,0.281,772,500,0,65.841,158.954,1
100000,33,Grid,961.674,471896064,150106992,671,32,44,37,12157,11502,419,0.262,772,500,0,78.930,117.062,1
100000,33,Grid,961.873,472145920,200387732,671,34,44,37,12159,11504,420,0.274,772,500,0,65.113,131.026,1
100000,33,Grid,962.060,472059904,152157216,671,36,44,37,12161,11505,420,0.302,772,500,0,76.826,103.665,1
100000,33,Grid,962.295,472068096,239827268,671,38,44,37,12164,11507,421,0.301,772,500,0,64.816,166.644,1
100000,33,Grid,962.511,472395776,149967592,671,40,44,37,12166,11509,421,0.269,772,500,0,81.131,128.382,1
100000,33,before_idle,963.881,491528192,147784088,705,32,46,37,12180,11522,422,0.290,798,500,0,0.000,0.000,1
100000,33,after_idle,983.942,469790720,152926356,695,28,43,35,12435,11777,422,0.160,788,500,0,0.000,0.000,1
100000,34,Rows,986.210,477315072,207886392,672,27,43,37,12464,11805,423,0.347,1825,500,0,100.562,225.092,1
100000,34,Rows,986.324,477233152,207136432,672,28,43,37,12465,11806,423,0.313,1653,500,0,9.930,100.579,1
100000,34,Rows,988.107,481083392,245279696,667,30,43,36,12481,11822,424,0.284,804,500,0,1580.247,198.036,1
100000,34,Rows,988.309,479358976,153000516,668,32,43,37,12483,11824,424,0.264,802,500,0,79.909,119.571,1
100000,34,Rows,988.529,482582528,200188872,668,29,43,37,12485,11826,425,0.271,797,500,0,45.026,171.587,1
100000,34,Rows,988.715,481968128,154454012,668,30,43,37,12487,11827,425,0.258,797,500,0,76.742,105.360,1
100000,34,Rows,988.938,482217984,268891280,668,32,43,37,12490,11829,426,0.231,797,500,0,64.488,155.838,1
100000,34,Rows,989.152,482488320,151590696,668,34,43,37,12492,11831,426,0.252,797,500,0,82.032,126.314,1
100000,34,Rows,989.312,483311616,154172860,668,36,43,37,12493,11832,426,0.259,797,500,0,38.518,117.868,1
100000,34,Rows,989.549,482250752,268503080,668,38,43,37,12496,11835,427,0.250,797,500,0,65.977,167.828,1
100000,34,Grid,989.850,482070528,154325892,668,42,43,37,12499,11837,427,0.270,796,500,0,166.695,109.832,1
100000,34,Grid,990.103,482234368,208004432,668,44,44,37,12502,11840,428,0.453,797,500,0,68.019,180.552,1
100000,34,Grid,990.314,482516992,151823092,668,46,43,37,12504,11842,428,0.247,797,500,0,77.481,127.397,1
100000,34,Grid,990.476,483213312,154538220,668,28,43,37,12505,11843,428,0.296,795,500,0,41.217,117.706,1
100000,34,Grid,990.705,482263040,265713444,668,30,43,37,12508,11846,429,0.264,795,500,0,65.359,159.904,1
100000,34,Grid,990.880,485662720,155226536,668,32,43,37,12509,11847,429,0.308,795,500,0,83.223,86.091,1
100000,34,Grid,991.107,482508800,229885092,668,34,43,37,12512,11850,430,0.280,795,500,0,63.642,159.511,1
100000,34,Grid,991.291,482508800,154066204,668,36,43,37,12514,11851,430,0.271,795,500,0,72.973,105.430,1
100000,34,Grid,991.460,482508800,154032240,668,38,43,37,12516,11852,430,0.246,795,500,0,60.071,105.307,1
100000,34,Grid,991.692,481968128,231692404,668,40,43,37,12519,11854,431,0.286,795,500,0,64.077,163.483,1
100000,34,before_idle,993.040,500805632,152912156,720,32,45,37,12533,11868,432,0.114,821,500,0,0.000,0.000,1
100000,34,after_idle,1013.074,479502336,154412784,694,26,41,35,12775,12110,432,0.146,811,500,0,0.000,0.000,1
100000,35,Rows,1015.288,489078784,212354496,668,27,42,36,12804,12137,433,0.326,1848,500,0,89.626,215.975,1
100000,35,Rows,1015.426,494534656,211668360,668,28,42,36,12806,12139,434,0.317,1657,500,0,9.725,124.178,1
100000,35,Rows,1017.158,493699072,204491368,662,30,42,35,12821,12151,434,0.269,827,500,0,1617.005,111.452,1
100000,35,Rows,1017.391,494366720,291622236,663,32,42,36,12824,12154,435,0.299,825,500,0,70.724,159.311,1
100000,35,Rows,1017.611,492093440,157050512,663,30,42,36,12825,12155,435,0.329,820,500,0,56.474,120.573,1
100000,35,Rows,1017.833,492093440,279718828,663,31,42,36,12828,12157,436,0.239,820,500,0,64.991,153.261,1
100000,35,Rows,1018.048,492093440,154840964,663,32,42,36,12830,12159,436,0.272,820,500,0,83.270,125.365,1
100000,35,Rows,1018.203,492093440,157315140,663,34,42,36,12831,12160,436,0.277,820,500,0,37.652,114.173,1
100000,35,Rows,1018.426,492093440,279886344,663,36,42,36,12834,12162,437,0.245,820,500,0,63.834,156.496,1
100000,35,Rows,1018.638,492093440,154890132,663,38,42,36,12836,12164,437,0.269,820,500,0,84.569,120.632,1
100000,35,Grid,1018.952,492105728,279427676,663,42,42,36,12840,12167,438,0.256,819,500,0,144.552,151.971,1
100000,35,Grid,1019.164,492105728,155479756,663,44,42,36,12842,12169,438,0.267,819,500,0,84.254,121.665,1
100000,35,Grid,1019.367,491724800,238185396,663,46,42,36,12844,12171,439,0.283,818,500,0,39.582,159.915,1
100000,35,Grid,1019.563,491724800,157260936,663,28,42,36,12846,12172,439,0.277,818,500,0,78.228,111.974,1
100000,35,Grid,1019.789,491724800,279873792,663,30,42,36,12849,12174,440,0.245,818,500,0,62.936,160.138,1
100000,35,Grid,1020.007,491724800,155021984,663,32,42,36,12851,12176,440,0.272,818,500,0,86.750,124.771,1
100000,35,Grid,1020.167,491724800,157620656,663,34,42,36,12852,12177,440,0.280,818,500,0,40.586,116.261,1
100000,35,Grid,1020.416,491724800,251757940,663,36,42,36,12855,12179,441,0.284,818,500,0,70.477,174.259,1
100000,35,Grid,1020.620,491708416,155606456,663,38,42,36,12857,12181,441,0.297,818,500,0,78.518,119.106,1
100000,35,Grid,1020.859,491700224,283095172,663,40,42,36,12860,12184,442,0.243,818,500,0,67.001,169.393,1
100000,35,before_idle,1022.206,509415424,153910112,714,32,44,36,12875,12195,443,0.106,844,500,0,0.000,0.000,1
100000,35,after_idle,1042.246,488165376,156152776,696,28,42,35,13123,12442,443,0.141,834,500,0,0.000,0.000,1
100000,36,Rows,1044.543,498683904,213495768,668,27,42,36,13152,12469,444,0.315,1871,500,0,103.131,223.894,1
100000,36,Rows,1044.684,501837824,212755524,668,28,42,36,13154,12471,445,0.305,1703,500,0,9.997,127.524,1
100000,36,Rows,1046.421,497410048,206136116,662,30,42,35,13170,12487,445,0.266,850,500,0,1613.931,119.050,1
100000,36,Rows,1046.677,501383168,264999004,663,32,42,36,13172,12489,446,0.279,848,500,0,48.944,203.713,1
100000,36,Rows,1046.878,500703232,159529736,663,29,42,36,13174,12490,446,0.261,843,500,0,80.202,114.886,1
100000,36,Rows,1047.105,500932608,300707100,663,30,42,36,13177,12493,447,0.289,843,500,0,71.048,152.392,1
100000,36,Rows,1047.300,501329920,159875912,663,32,42,36,13178,12494,447,0.269,843,500,0,60.357,117.744,1
100000,36,Rows,1047.527,500736000,291852856,663,34,42,36,13181,12496,448,0.244,843,500,0,65.991,156.984,1
100000,36,Rows,1047.746,500977664,157878904,663,36,42,36,13183,12498,448,0.268,843,500,0,83.281,130.073,1
100000,36,Rows,1047.961,501280768,266551520,663,38,42,36,13185,12500,449,0.511,843,500,0,41.375,169.825,1
100000,36,Grid,1048.279,500760576,158898920,663,42,42,36,13189,12502,449,0.524,842,500,0,174.463,118.896,1
100000,36,Grid,1048.544,501071872,291307348,663,44,42,36,13192,12505,450,0.240,842,500,0,76.660,184.962,1
100000,36,Grid,1048.728,501592064,159727428,663,46,42,36,13193,12506,450,0.263,841,500,0,59.127,118.777,1
100000,36,Grid,1048.955,500666368,291856908,663,28,42,36,13196,12508,451,0.237,841,500,0,64.204,159.695,1
100000,36,Grid,1049.169,501010432,157843404,663,30,42,36,13198,12510,451,0.279,841,500,0,85.603,122.677,1
100000,36,Grid,1049.378,501293056,262963920,663,32,42,36,13200,12512,452,0.282,841,500,0,41.114,164.528,1
100000,36,Grid,1049.569,501293056,159756796,663,34,42,36,13202,12514,452,0.257,841,500,0,81.403,105.710,1
100000,36,Grid,1049.784,500711424,301043152,663,36,42,36,13205,12516,453,0.297,841,500,0,65.807,146.368,1
100000,36,Grid,1050.014,501014528,157716380,663,38,42,36,13207,12518,453,0.281,841,500,0,86.667,126.569,1
100000,36,Grid,1050.221,501264384,272296724,663,40,42,36,13209,12520,454,0.277,841,500,0,39.772,163.951,1
100000,36,before_idle,1051.612,519589888,156319844,714,32,44,36,13225,12535,455,0.103,867,500,0,0.000,0.000,1
100000,36,after_idle,1071.658,497930240,157692188,664,28,42,35,13466,12775,455,0.166,857,500,0,0.000,0.000,1
100000,37,Rows,1073.929,510664704,213557500,668,29,42,36,13495,12803,456,0.334,1894,500,0,71.038,237.161,1
100000,37,Rows,1074.049,513818624,218870192,668,30,42,36,13496,12804,457,0.282,1705,500,0,11.232,105.310,1
100000,37,Rows,1075.935,511852544,189963304,662,32,42,35,13513,12816,458,0.259,873,500,0,1771.881,111.320,1
100000,37,Rows,1076.223,511926272,258783808,663,34,42,36,13516,12819,459,0.285,871,500,0,77.177,207.456,1
100000,37,Rows,1076.399,512086016,161957716,663,30,42,36,13517,12820,459,0.340,866,500,0,51.691,118.214,1
100000,37,Rows,1076.631,511913984,299336776,663,31,42,36,13520,12822,460,0.232,866,500,0,68.656,160.003,1
100000,37,Rows,1076.853,511913984,159329944,663,32,42,36,13522,12824,460,0.267,866,500,0,86.923,128.307,1
100000,37,Rows,1077.016,512294912,161936128,663,34,42,36,13523,12825,460,0.272,866,500,0,38.745,121.444,1
100000,37,Rows,1077.235,511913984,310880184,663,36,42,36,13526,12828,461,0.296,866,500,0,63.498,152.498,1
100000,37,Rows,1077.429,511913984,162394928,663,38,42,36,13527,12829,461,0.274,866,500,0,59.094,119.130,1
100000,37,Grid,1077.760,511918080,298480156,663,42,42,36,13532,12832,462,0.242,865,500,0,156.574,156.984,1
100000,37,Grid,1077.979,511918080,160046756,663,44,42,36,13534,12834,462,0.284,865,500,0,82.123,130.355,1
100000,37,Grid,1078.142,511918080,162712528,663,46,42,36,13535,12835,462,0.271,864,500,0,44.076,115.908,1
100000,37,Grid,1078.370,511918080,303205176,663,28,42,36,13538,12837,463,0.239,864,500,0,65.360,159.042,1
100000,37,Grid,1078.589,511918080,160198664,663,30,42,36,13540,12839,463,0.275,864,500,0,89.299,124.146,1
100000,37,Grid,1078.792,511918080,305423236,663,32,42,36,13542,12841,464,0.248,864,500,0,39.910,159.476,1
100000,37,Grid,1078.999,511918080,162344312,663,34,42,36,13544,12842,464,0.497,864,500,0,87.996,113.613,1
100000,37,Grid,1079.220,511918080,311236888,663,36,42,36,13547,12844,465,0.317,864,500,0,68.585,147.760,1
100000,37,Grid,1079.460,511901696,160090144,663,38,42,36,13549,12846,465,0.289,864,500,0,88.565,134.170,1
100000,37,Grid,1079.640,511901696,162705300,663,40,42,36,13550,12847,465,0.271,864,500,0,48.439,127.598,1
100000,37,before_idle,1081.115,530583552,159884348,697,32,44,36,13565,12860,466,0.118,890,500,0,0.000,0.000,1
100000,37,after_idle,1101.163,509251584,159767944,687,26,41,34,13798,13093,466,0.133,880,500,0,0.000,0.000,1
100000,38,Rows,1103.466,519180288,221353012,664,27,41,36,13826,13120,467,0.325,1917,500,0,102.302,231.139,1
100000,38,Rows,1103.604,523112448,220610808,664,28,41,36,13828,13122,468,0.301,1723,500,0,25.065,108.562,1
100000,38,Rows,1105.376,517877760,192302732,659,30,41,35,13845,13133,469,0.292,896,500,0,1655.310,113.928,1
100000,38,Rows,1105.602,518610944,191783112,660,32,41,36,13848,13136,470,0.394,894,500,0,70.561,152.137,1
100000,38,Rows,1105.836,519450624,164739608,660,29,41,36,13849,13137,470,0.251,889,500,0,104.797,125.882,1
100000,38,Rows,1106.052,518533120,320916932,660,30,41,36,13852,13139,471,0.305,889,500,0,65.152,147.160,1
100000,38,Rows,1106.280,518897664,162534596,660,32,41,36,13854,13141,471,0.275,889,500,0,83.782,126.063,1
100000,38,Rows,1106.437,519438336,165010432,660,34,41,36,13855,13142,471,0.274,889,500,0,38.571,115.028,1
100000,38,Rows,1106.649,518508544,164869992,660,36,41,36,13858,13144,472,0.292,889,500,0,67.127,142.409,1
100000,38,Rows,1106.889,518873088,162598032,660,38,41,36,13860,13146,472,0.279,889,500,0,87.770,132.003,1
100000,38,Grid,1107.250,519065600,316903548,660,42,41,36,13864,13149,473,17.045,888,500,0,175.208,150.362,1
100000,38,Grid,1107.475,519340032,163190040,660,44,41,36,13866,13151,473,0.286,888,500,0,89.721,129.800,1
100000,38,Grid,1107.682,519598080,320391036,660,46,41,36,13868,13153,474,0.252,887,500,0,42.285,160.990,1
100000,38,Grid,1107.881,519012352,165015676,660,28,41,36,13870,13154,474,0.283,887,500,0,85.121,110.637,1
100000,38,Grid,1108.098,519127040,320918132,660,30,41,36,13873,13156,475,0.299,887,500,0,70.115,144.233,1
100000,38,Grid,1108.329,519405568,162755900,660,32,41,36,13875,13158,475,0.272,887,500,0,88.354,124.009,1
100000,38,Grid,1108.487,519647232,165352144,660,34,41,36,13876,13159,475,0.279,887,500,0,40.426,114.272,1
100000,38,Grid,1108.691,519077888,165548888,660,36,41,36,13879,13161,476,0.300,887,500,0,65.116,135.733,1
100000,38,Grid,1108.928,519200768,163551512,660,38,41,36,13881,13163,476,0.279,887,500,0,118.244,114.966,1
100000,38,Grid,1109.157,519462912,320412040,660,40,41,36,13884,13166,477,0.284,887,500,0,67.856,157.526,1
100000,38,before_idle,1110.550,539578368,163970960,712,32,43,36,13898,13180,478,0.126,913,500,0,0.000,0.000,1
100000,38,after_idle,1130.598,518615040,163306776,696,28,41,38,14139,13420,478,0.145,903,500,0,0.000,0.000,1
100000,39,Rows,1132.873,532037632,224013448,668,27,41,38,14168,13448,479,0.363,1940,500,0,97.880,220.318,1
100000,39,Rows,1133.008,535740416,223289040,668,28,41,38,14170,13450,480,0.251,1754,500,0,9.749,121.361,1
100000,39,Rows,1135.165,532713472,214262156,662,30,41,37,14186,13465,480,0.285,919,500,0,2020.633,132.861,1
100000,39,Rows,1135.420,532795392,324229976,663,29,41,38,14188,13467,481,0.453,912,500,0,53.098,197.855,1
100000,39,Rows,1135.623,532377600,167871460,664,30,41,38,14190,13469,481,0.333,912,500,0,83.160,113.581,1
100000,39,Rows,1135.838,532385792,167132620,663,32,41,38,14193,13472,482,0.316,912,500,0,66.629,145.232,1
100000,39,Rows,1136.053,535543808,168806576,663,34,41,38,14194,13473,482,0.304,912,500,0,122.935,88.994,1
100000,39,Rows,1136.257,532385792,331872476,663,36,41,38,14197,13476,483,0.346,912,500,0,66.831,133.448,1
100000,39,Rows,1136.481,532377600,168023048,663,38,41,38,14199,13478,483,0.289,912,500,0,86.047,117.376,1
100000,39,Rows,1136.687,532377600,168491772,663,40,41,38,14202,13481,484,0.292,912,500,0,64.915,137.779,1
100000,39,Grid,1137.037,532377600,166322264,663,44,41,38,14206,13485,484,0.280,911,500,0,187.917,119.799,1
100000,39,Grid,1137.242,532377600,328559408,663,46,41,38,14208,13487,485,0.244,911,500,0,41.203,160.312,1
100000,39,Grid,1137.447,532381696,167989076,663,28,41,38,14210,13489,485,0.288,910,500,0,86.574,114.917,1
100000,39,Grid,1137.659,532377600,167908360,663,30,41,38,14213,13492,486,0.284,910,500,0,66.144,141.937,1
100000,39,Grid,1137.893,532381696,166194924,663,32,41,38,14215,13494,486,0.287,910,500,0,100.394,129.476,1
100000,39,Grid,1138.052,532377600,168772692,663,34,41,38,14216,13495,486,0.657,910,500,0,39.793,115.424,1
100000,39,Grid,1138.272,532377600,331848944,663,36,41,38,14219,13498,487,0.315,910,500,0,68.188,147.920,1
100000,39,Grid,1138.509,532381696,166649896,663,38,41,38,14221,13500,487,0.282,910,500,0,88.107,128.453,1
100000,39,Grid,1138.747,532361216,331330408,663,40,41,38,14224,13503,488,0.310,910,500,0,71.711,162.778,1
100000,39,Grid,1138.955,532848640,167770092,663,42,41,38,14225,13504,488,0.287,910,500,0,59.409,127.067,1
100000,39,before_idle,1140.435,550813696,164777144,698,30,43,38,14240,13519,489,0.951,936,500,0,0.000,0.000,1
100000,39,after_idle,1160.497,529494016,167015804,691,28,41,36,14483,13762,489,0.144,926,500,0,0.000,0.000,1
100000,40,Rows,1162.801,542359552,221569620,668,27,41,38,14513,13791,490,0.370,1963,500,0,71.947,234.138,1
100000,40,Rows,1162.946,542289920,221923372,668,28,41,38,14515,13792,491,0.334,1774,500,0,10.241,105.933,1
100000,40,Rows,1164.743,544940032,339767416,662,30,41,37,14531,13804,492,0.296,942,500,0,1647.497,145.297,1
100000,40,Rows,1164.978,543850496,170957884,663,32,41,38,14532,13805,492,0.295,940,500,0,59.749,125.983,1
100000,40,Rows,1165.175,543211520,170931236,663,29,41,38,14534,13806,492,0.285,935,500,0,67.696,125.376,1
100000,40,Rows,1165.400,543424512,169863888,663,30,41,38,14537,13809,493,0.333,935,500,0,66.258,154.887,1
100000,40,Rows,1165.595,543776768,170768700,663,32,41,38,14538,13810,493,0.282,935,500,0,58.344,119.085,1
100000,40,Rows,1165.803,543227904,170814884,663,34,41,38,14541,13812,494,0.311,935,500,0,67.927,136.143,1
100000,40,Rows,1166.050,543485952,168799904,663,36,41,38,14543,13814,494,0.278,935,500,0,118.367,125.467,1
100000,40,Rows,1166.238,543727616,341218952,663,38,41,38,14545,13816,495,0.316,935,500,0,41.649,142.311,1
100000,40,Grid,1166.581,543219712,169851080,663,42,41,38,14549,13819,495,0.281,934,500,0,185.203,116.296,1
100000,40,Grid,1166.815,543535104,169279832,663,44,41,38,14552,13822,496,0.319,934,500,0,74.127,156.016,1
100000,40,Grid,1167.029,544018432,170691368,663,46,41,38,14553,13823,496,0.288,933,500,0,89.009,120.508,1
100000,40,Grid,1167.232,543137792,170698448,663,28,42,38,14556,13825,497,0.310,934,500,0,64.634,134.801,1
100000,40,Grid,1167.474,543461376,168827660,663,30,41,38,14558,13827,497,0.270,934,500,0,106.161,132.133,1
100000,40,Grid,1167.657,543768576,341259224,663,32,41,38,14560,13829,498,0.345,933,500,0,67.590,111.677,1
100000,40,Grid,1167.875,543145984,170902704,663,34,41,38,14562,13830,498,0.294,933,500,0,82.666,115.376,1
100000,40,Grid,1168.087,543137792,170709436,663,36,41,38,14565,13832,499,0.307,933,500,0,64.650,144.541,1
100000,40,Grid,1168.334,543457280,168769912,663,38,41,38,14567,13834,499,0.281,933,500,0,107.181,121.418,1
100000,40,Grid,1168.517,543744000,341259200,663,40,41,38,14569,13836,500,0.297,933,500,0,40.992,138.894,1
100000,40,before_idle,1169.904,561463296,170095464,714,32,43,38,14584,13850,501,0.092,959,500,0,0.000,0.000,1
100000,40,after_idle,1189.920,540450816,173922000,664,28,41,37,14829,14094,501,0.134,949,500,0,0.000,0.000,1
100000,41,Rows,1192.246,552280064,225286892,668,29,41,38,14859,14123,502,0.388,1986,500,0,68.436,240.552,1
100000,41,Rows,1192.378,555626496,224600700,668,30,41,38,14861,14125,503,0.327,1795,500,0,10.243,118.255,1
100000,41,Rows,1194.105,550748160,219694148,660,32,41,35,14876,14140,503,0.300,965,500,0,1586.298,137.125,1
100000,41,Rows,1194.377,556466176,219770740,661,34,41,36,14879,14143,504,0.320,963,500,0,47.568,220.126,1
100000,41,Rows,1194.663,554721280,170922024,661,30,41,36,14881,14144,504,0.357,958,500,0,114.494,168.502,1
100000,41,Rows,1194.827,554844160,173492172,661,31,41,36,14882,14145,504,0.296,958,500,0,41.800,118.863,1
100000,41,Rows,1195.051,554037248,173431516,661,32,41,36,14885,14147,505,0.330,958,500,0,70.562,149.988,1
100000,41,Rows,1195.312,554414080,171102484,661,34,41,36,14887,14149,505,0.276,958,500,0,125.142,131.140,1
100000,41,Rows,1195.470,554770432,173537428,661,36,41,36,14888,14150,505,0.287,958,500,0,40.346,114.781,1
100000,41,Rows,1195.680,554037248,173397612,661,38,41,36,14891,14152,506,0.311,958,500,0,68.476,137.898,1
100000,41,Grid,1196.042,554180608,171266200,661,42,41,36,14895,14154,506,0.292,957,500,0,191.415,125.235,1
100000,41,Grid,1196.206,554766336,173782604,661,44,41,36,14896,14155,506,0.286,957,500,0,43.381,116.334,1
100000,41,Grid,1196.416,554209280,173960356,661,46,41,36,14899,14157,507,0.315,956,500,0,69.655,137.446,1
100000,41,Grid,1196.654,554430464,171653168,661,28,41,36,14901,14159,507,0.303,956,500,0,104.576,129.745,1
100000,41,Grid,1196.881,554602496,170948156,661,30,41,36,14904,14162,508,0.291,956,500,0,67.347,155.772,1
100000,41,Grid,1197.090,555327488,172876072,661,32,41,36,14905,14163,508,0.299,956,500,0,74.456,131.295,1
100000,41,Grid,1197.309,554614784,172236804,661,34,41,36,14908,14166,509,0.307,956,500,0,66.490,148.359,1
100000,41,Grid,1197.558,555143168,170745292,661,36,41,36,14910,14168,509,0.284,956,500,0,112.123,133.110,1
100000,41,Grid,1197.721,555479040,173433224,661,38,41,36,14911,14169,509,0.283,956,500,0,40.375,119.452,1
100000,41,Grid,1197.937,554553344,173301880,661,40,41,36,14914,14171,510,0.283,956,500,0,68.935,143.253,1
100000,41,before_idle,1199.421,573194240,171481972,712,32,43,36,14928,14185,511,0.179,982,500,0,0.000,0.000,1
100000,41,after_idle,1219.441,552226816,176467592,693,26,41,35,15169,14425,511,0.134,972,500,0,0.000,0.000,1
100000,42,Rows,1221.742,565448704,227745580,665,27,41,36,15199,14454,512,0.361,2009,500,0,91.362,232.432,1
100000,42,Rows,1221.872,569004032,227051324,665,28,41,36,15201,14456,513,0.340,1839,500,0,10.932,115.621,1
100000,42,Rows,1223.691,566374400,357574112,659,30,41,35,15217,14468,514,0.299,988,500,0,1663.291,151.471,1
100000,42,Rows,1223.963,566751232,173489252,660,32,41,36,15219,14470,514,0.290,986,500,0,90.081,132.935,1
100000,42,Rows,1224.129,566857728,176038476,660,30,41,36,15220,14471,514,0.381,981,500,0,44.538,116.973,1
100000,42,Rows,1224.343,566894592,175107380,660,31,41,36,15223,14474,515,0.303,981,500,0,65.615,145.143,1
100000,42,Rows,1224.606,567353344,176120224,660,32,41,36,15224,14475,515,0.290,981,500,0,146.735,112.124,1
100000,42,Rows,1224.804,567353344,176103648,660,34,41,36,15227,14477,516,0.288,981,500,0,63.783,130.675,1
100000,42,Rows,1225.095,567353344,174424508,660,36,41,36,15229,14478,516,0.289,981,500,0,172.116,115.358,1
100000,42,Rows,1225.312,567410688,173242320,660,38,41,36,15232,14481,517,0.299,981,500,0,65.674,148.575,1
100000,42,Grid,1225.633,567435264,174841936,660,42,41,36,15235,14483,517,0.283,980,500,0,165.918,112.431,1
100000,42,Grid,1225.855,567906304,174235296,660,44,41,36,15238,14486,518,0.314,980,500,0,65.635,152.713,1
100000,42,Grid,1226.089,567914496,175691712,660,46,41,36,15239,14487,518,0.287,979,500,0,111.124,119.752,1
100000,42,Grid,1226.298,567906304,175635956,660,28,41,36,15242,14489,519,0.321,979,500,0,64.212,141.090,1
100000,42,Grid,1226.550,567914496,173793772,660,30,41,36,15244,14491,519,0.298,979,500,0,121.531,126.311,1
100000,42,Grid,1226.749,567910400,363290596,660,32,41,36,15246,14493,520,0.341,979,500,0,45.344,149.970,1
100000,42,Grid,1226.988,567910400,175929828,660,34,41,36,15248,14494,520,0.315,979,500,0,88.162,130.587,1
100000,42,Grid,1227.212,567914496,175679720,660,36,41,36,15251,14496,521,0.339,979,500,0,70.266,149.727,1
100000,42,Grid,1227.473,567922688,173751892,660,38,41,36,15253,14498,521,0.322,979,500,0,121.779,134.701,1
100000,42,Grid,1227.676,567914496,363290516,660,40,41,36,15255,14500,522,0.335,979,500,0,45.807,153.833,1
100000,42,before_idle,1229.244,584036352,172521084,712,32,43,36,15271,14515,523,0.276,1005,500,0,0.000,0.000,1
100000,42,after_idle,1249.304,562917376,176091016,694,26,41,35,15505,14747,523,0.143,995,500,0,0.000,0.000,1
100000,43,Rows,1251.707,573431808,229946492,666,27,41,36,15535,14776,524,0.362,2032,500,0,87.943,235.778,1
100000,43,Rows,1251.826,576851968,235240116,666,28,41,36,15536,14777,525,0.357,1883,500,0,10.131,104.637,1
100000,43,Rows,1253.611,576151552,373295152,660,30,41,35,15553,14790,526,0.318,1011,500,0,1635.748,145.970,1
100000,43,Rows,1253.850,575057920,178320080,661,32,41,36,15554,14791,526,0.282,1009,500,0,57.749,130.333,1
100000,43,Rows,1254.036,574083072,178118520,661,29,41,36,15556,14792,526,0.271,1004,500,0,67.126,115.361,1
100000,43,Rows,1254.260,574394368,177092016,661,30,41,36,15559,14795,527,0.304,1004,500,0,67.356,153.816,1
100000,43,Rows,1254.514,574722048,178249796,661,32,41,36,15560,14796,527,0.291,1004,500,0,132.202,118.511,1
100000,43,Rows,1254.729,574013440,178110300,661,34,42,36,15563,14798,528,0.316,1005,500,0,71.544,139.820,1
100000,43,Rows,1255.041,574406656,176173968,661,36,41,36,15565,14800,528,0.278,1005,500,0,179.867,128.957,1
100000,43,Rows,1255.208,574824448,178631772,661,38,41,36,15566,14801,528,0.334,1004,500,0,42.594,119.724,1
100000,43,Grid,1255.527,574107648,177937600,661,42,41,36,15571,14804,529,0.311,1003,500,0,161.016,138.990,1
100000,43,Grid,1255.773,574525440,175966772,661,44,41,36,15573,14806,529,0.300,1003,500,0,104.208,138.314,1
100000,43,Grid,1255.937,575127552,178662324,661,46,41,36,15574,14807,529,0.291,1002,500,0,41.871,119.373,1
100000,43,Grid,1256.150,574201856,178540356,661,28,41,36,15577,14809,530,0.309,1002,500,0,69.448,140.088,1
100000,43,Grid,1256.456,574398464,176214224,661,30,41,36,15579,14811,530,0.304,1002,500,0,177.488,124.870,1
100000,43,Grid,1256.615,574652416,178826160,661,32,41,36,15580,14812,530,0.296,1002,500,0,42.186,113.938,1
100000,43,Grid,1256.813,574234624,179017056,661,34,41,36,15583,14814,531,0.296,1002,500,0,64.942,129.646,1
100000,43,Grid,1257.094,574328832,177143668,661,36,41,36,15585,14815,531,0.279,1002,500,0,160.808,116.433,1
100000,43,Grid,1257.312,574574592,176173080,661,38,41,36,15588,14818,532,0.298,1002,500,0,68.294,146.625,1
100000,43,Grid,1257.546,575102976,178268696,661,40,41,36,15589,14819,532,0.288,1002,500,0,109.750,120.088,1
100000,43,before_idle,1259.029,593420288,175778668,696,32,43,36,15604,14831,533,0.119,1028,500,0,0.000,0.000,1
100000,43,after_idle,1279.057,572137472,180548636,688,26,41,34,15843,15070,533,0.140,1018,500,0,0.000,0.000,1
100000,44,Rows,1281.358,585097216,235242092,667,27,42,36,15873,15099,534,0.350,2055,500,0,96.709,207.384,1
100000,44,Rows,1281.469,585093120,234504360,667,28,42,36,15874,15100,534,0.368,1874,500,0,10.114,97.658,1
100000,44,Rows,1283.209,588140544,243402176,661,30,42,35,15890,15116,535,0.373,1034,500,0,1585.481,151.477,1
100000,44,Rows,1283.489,592355328,180815920,662,32,42,36,15892,15116,535,0.285,1032,500,0,146.304,129.142,1
100000,44,Rows,1283.715,589668352,179262488,662,31,42,36,15895,15119,536,0.311,1027,500,0,72.194,150.751,1
100000,44,Rows,1283.971,590200832,180959916,662,32,42,36,15896,15120,536,0.293,1027,500,0,138.231,114.235,1
100000,44,Rows,1284.178,589312000,180840652,662,34,42,36,15899,15122,537,0.299,1027,500,0,67.250,136.532,1
100000,44,Rows,1284.483,589709312,178936488,662,36,42,36,15901,15124,537,0.278,1027,500,0,180.829,120.669,1
100000,44,Rows,1284.640,590012416,181382904,662,38,42,36,15902,15125,537,0.286,1027,500,0,39.902,113.072,1
100000,44,Rows,1284.845,589373440,181389208,662,40,42,36,15905,15127,538,0.300,1027,500,0,68.955,133.526,1
100000,44,Grid,1285.205,589414400,179126220,662,44,42,36,15909,15129,538,0.291,1026,500,0,215.838,120.135,1
100000,44,Grid,1285.389,589946880,181702328,662,46,42,36,15911,15131,539,0.307,1026,500,0,42.601,138.094,1
100000,44,Grid,1285.612,589799424,181071508,662,28,42,36,15913,15132,539,0.300,1025,500,0,102.941,116.615,1
100000,44,Grid,1285.820,589869056,180831528,662,30,42,36,15916,15134,540,0.303,1025,500,0,68.248,136.532,1
100000,44,Grid,1286.128,590200832,179013052,662,32,42,36,15918,15136,540,0.298,1025,500,0,184.701,119.185,1
100000,44,Grid,1286.322,590401536,386644668,662,34,42,36,15920,15138,541,0.316,1025,500,0,45.752,144.698,1
100000,44,Grid,1286.551,589746176,181198700,662,36,42,36,15922,15139,541,0.301,1025,500,0,88.685,119.370,1
100000,44,Grid,1286.765,589787136,180998484,662,38,42,36,15925,15141,542,0.320,1025,500,0,69.472,141.133,1
100000,44,Grid,1287.077,590118912,179080436,662,40,42,36,15927,15143,542,0.289,1025,500,0,183.993,124.546,1
100000,44,Grid,1287.259,590368768,181828492,662,42,42,36,15929,15145,543,0.334,1025,500,0,41.924,136.470,1
100000,44,before_idle,1288.618,608374784,176964640,714,32,44,36,15944,15159,544,0.097,1051,500,0,0.000,0.000,1
100000,44,after_idle,1308.676,587173888,183972264,696,26,42,35,16223,15438,544,0.148,1041,500,0,0.000,0.000,1
100000,45,Rows,1311.139,597110784,238349852,668,27,42,36,16253,15467,545,0.356,2078,500,0,99.221,217.337,1
100000,45,Rows,1311.271,602365952,237633752,668,28,42,36,16255,15469,546,0.344,1887,500,0,10.521,118.650,1
100000,45,Rows,1312.965,601595904,231446384,662,30,42,35,16272,15486,546,0.294,1057,500,0,1581.987,108.518,1
100000,45,Rows,1313.181,601935872,232191860,663,32,42,36,16275,15489,547,0.303,1055,500,0,69.743,142.957,1
100000,45,Rows,1313.472,601608192,183305520,663,29,42,36,16277,15491,547,0.297,1050,500,0,149.142,138.217,1
100000,45,Rows,1313.686,601608192,183829360,663,30,42,36,16280,15494,548,0.301,1050,500,0,66.444,143.412,1
100000,45,Rows,1313.964,601604096,182945372,663,32,42,36,16282,15496,548,0.293,1050,500,0,154.213,120.818,1
100000,45,Rows,1314.180,601608192,183352948,663,34,42,36,16285,15499,549,0.304,1050,500,0,68.126,144.167,1
100000,45,Rows,1314.461,601604096,182741060,663,36,42,36,16287,15501,549,0.293,1050,500,0,155.359,121.946,1
100000,45,Rows,1314.671,601608192,183203992,663,38,42,36,16290,15504,550,0.295,1050,500,0,65.067,141.976,1
100000,45,Grid,1315.031,601624576,182516500,663,42,42,36,16294,15508,550,0.294,1049,500,0,219.848,116.213,1
100000,45,Grid,1315.245,601624576,183151432,663,44,42,36,16297,15511,551,0.327,1049,500,0,66.131,144.986,1
100000,45,Grid,1315.555,601362432,182476896,663,46,42,36,16299,15513,551,0.306,1048,500,0,189.121,116.966,1
100000,45,Grid,1315.771,601362432,183104084,663,28,42,36,16302,15516,552,0.308,1048,500,0,66.134,146.338,1
100000,45,Grid,1316.073,601088000,182528240,663,30,42,36,16304,15518,552,0.323,1048,500,0,181.913,117.561,1
100000,45,Grid,1316.286,601362432,183142676,663,32,42,36,16307,15521,553,0.290,1048,500,0,66.339,142.961,1
100000,45,Grid,1316.592,601604096,182568568,663,34,42,36,16309,15523,553,0.294,1048,500,0,184.573,117.439,1
100000,45,Grid,1316.803,601473024,183185060,663,36,42,36,16312,15526,554,0.304,1048,500,0,66.398,141.526,1
100000,45,Grid,1317.106,601890816,182621308,663,38,42,36,16314,15528,554,0.286,1048,500,0,184.059,115.436,1
100000,45,Grid,1317.317,601473024,183244616,663,40,42,36,16317,15531,555,0.303,1048,500,0,64.817,142.930,1
100000,45,before_idle,1318.782,616742912,183993720,716,32,45,36,16331,15544,556,0.128,1074,500,0,0.000,0.000,1
100000,45,after_idle,1338.794,595550208,182009368,663,28,42,35,16574,15786,556,0.140,1064,500,0,0.000,0.000,1
100000,46,Rows,1341.054,605290496,239635164,667,29,42,36,16603,15814,557,0.394,2101,500,0,104.197,205.874,1
100000,46,Rows,1341.188,609730560,238896192,667,30,42,36,16605,15816,558,0.343,1925,500,0,10.794,119.455,1
100000,46,Rows,1342.969,613543936,234039224,661,32,42,35,16620,15829,558,0.300,1080,500,0,1673.269,104.950,1
100000,46,Rows,1343.194,614187008,233656868,662,34,42,36,16623,15832,559,0.302,1078,500,0,73.323,148.122,1
100000,46,Rows,1343.510,609964032,186946620,662,29,42,36,16624,15833,559,0.299,1073,500,0,225.487,86.533,1
100000,46,Rows,1343.708,609628160,186747108,662,30,42,36,16627,15835,560,0.295,1073,500,0,64.482,130.382,1
100000,46,Rows,1343.957,609669120,185576500,662,32,42,36,16629,15836,560,0.310,1073,500,0,119.944,125.536,1
100000,46,Rows,1344.179,609964032,184534300,662,34,42,36,16632,15839,561,0.292,1073,500,0,69.602,148.801,1
100000,46,Rows,1344.445,610476032,186284764,662,36,42,36,16633,15840,561,0.282,1073,500,0,144.021,118.514,1
100000,46,Rows,1344.649,609603584,186175856,662,38,42,36,16636,15842,562,0.293,1073,500,0,64.863,135.980,1
100000,46,Grid,1345.007,609705984,184277864,662,42,42,36,16640,15844,562,0.297,1072,500,0,189.404,123.375,1
100000,46,Grid,1345.167,610349056,186813840,662,44,42,36,16641,15845,562,0.305,1072,500,0,40.886,115.214,1
100000,46,Grid,1345.375,609722368,186958876,662,46,42,36,16644,15847,563,0.301,1071,500,0,70.918,133.906,1
100000,46,Grid,1345.658,609882112,184745980,662,28,42,36,16646,15849,563,0.305,1071,500,0,150.742,129.312,1
100000,46,Grid,1345.891,610123776,184065288,662,30,42,36,16649,15852,564,0.308,1071,500,0,70.454,159.115,1
100000,46,Grid,1346.115,610807808,186012568,662,32,42,36,16650,15853,564,0.304,1071,500,0,84.764,135.282,1
100000,46,Grid,1346.330,609841152,185836268,662,34,42,36,16653,15855,565,0.303,1071,500,0,68.465,142.924,1
100000,46,Grid,1346.640,610004992,184107040,662,36,42,36,16655,15857,565,0.310,1071,500,0,181.615,124.867,1
100000,46,Grid,1346.798,610263040,186757532,662,38,42,36,16656,15858,565,0.298,1071,500,0,40.177,114.353,1
100000,46,Grid,1347.002,609685504,186952676,662,40,42,36,16659,15860,566,0.318,1071,500,0,66.552,134.225,1
100000,46,before_idle,1348.466,628576256,183844964,720,32,45,37,16674,15873,567,0.126,1097,500,0,0.000,0.000,1
100000,46,after_idle,1368.523,607571968,186192972,670,26,43,36,16917,16115,567,0.131,1087,500,0,0.000,0.000,1
100000,47,Rows,1370.907,619077632,241765752,676,27,44,37,16947,16143,568,0.378,2124,500,0,74.785,243.918,1
100000,47,Rows,1371.039,622231552,242109132,676,28,44,37,16949,16144,569,0.350,1942,500,0,11.076,116.940,1
100000,47,Rows,1372.814,617369600,236791472,670,30,44,36,16964,16156,569,0.301,1103,500,0,1658.560,113.690,1
100000,47,Rows,1373.036,617680896,236985476,671,32,44,37,16967,16159,570,0.801,1101,500,0,71.481,146.038,1
100000,47,Rows,1373.389,618139648,186862024,671,29,44,37,16969,16161,570,0.293,1096,500,0,224.753,124.899,1
100000,47,Rows,1373.550,618627072,189320204,671,30,44,37,16970,16162,570,0.311,1096,500,0,40.791,116.522,1
100000,47,Rows,1373.754,618627072,189207896,671,32,44,37,16973,16165,571,0.296,1096,500,0,65.063,135.688,1
100000,47,Rows,1374.061,619110400,186976980,671,34,44,37,16975,16167,571,0.298,1096,500,0,181.981,121.656,1
100000,47,Rows,1374.218,619110400,189417452,671,36,44,37,16976,16168,571,0.304,1096,500,0,40.603,113.012,1
100000,47,Rows,1374.424,619102208,189311904,671,38,44,37,16979,16171,572,0.332,1096,500,0,66.244,135.840,1
100000,47,Grid,1374.775,619122688,187132860,671,42,44,37,16983,16175,572,0.292,1095,500,0,214.032,114.336,1
100000,47,Grid,1374.961,619122688,190023056,671,44,44,37,16985,16177,573,0.312,1095,500,0,43.447,138.644,1
100000,47,Grid,1375.197,619122688,188887592,671,46,44,37,16987,16178,573,0.306,1094,500,0,108.826,123.675,1
100000,47,Grid,1375.402,619122688,188853472,671,28,44,37,16990,16181,574,0.297,1094,500,0,66.326,135.144,1
100000,47,Grid,1375.689,619122688,187076336,671,30,44,37,16992,16183,574,0.311,1094,500,0,160.334,123.520,1
100000,47,Grid,1375.876,619122688,189840492,671,32,44,37,16994,16185,575,0.310,1094,500,0,42.663,141.023,1
100000,47,Grid,1376.113,619118592,188949580,671,34,44,37,16996,16186,575,0.269,1094,500,0,106.911,126.352,1
100000,47,Grid,1376.327,619118592,188944896,671,36,44,37,16999,16189,576,0.315,1094,500,0,71.479,139.562,1
100000,47,Grid,1376.621,619085824,187099624,671,38,44,37,17001,16191,576,0.325,1094,500,0,164.364,125.114,1
100000,47,Grid,1376.808,619085824,189948880,671,40,44,37,17003,16193,577,0.310,1094,500,0,72.034,111.545,1
100000,47,before_idle,1378.206,637874176,188227208,722,32,46,37,17018,16208,578,0.118,1120,500,0,0.000,0.000,1
100000,47,after_idle,1398.215,616681472,190107688,669,28,43,36,17260,16450,578,0.135,1110,500,0,0.000,0.000,1
100000,48,Rows,1400.562,627613696,245743104,675,29,44,37,17289,16478,579,0.373,2147,500,0,101.108,236.797,1
100000,48,Rows,1400.702,630763520,245006788,675,30,44,37,17291,16480,580,0.345,1969,500,0,10.521,126.409,1
100000,48,Rows,1402.463,630026240,239112344,669,32,44,36,17306,16491,580,0.308,1126,500,0,1650.547,106.874,1
100000,48,Rows,1402.688,630939648,238731020,670,34,44,37,17309,16494,581,0.305,1124,500,0,71.559,149.299,1
100000,48,Rows,1403.034,626753536,191928920,670,29,44,37,17310,16495,581,0.307,1119,500,0,236.331,106.079,1
100000,48,Rows,1403.244,626458624,191967536,670,30,44,37,17313,16497,582,0.307,1119,500,0,69.847,136.602,1
100000,48,Rows,1403.502,626503680,190567160,670,32,44,37,17315,16498,582,0.284,1119,500,0,128.164,126.461,1
100000,48,Rows,1403.716,626769920,189521088,670,34,44,37,17318,16501,583,0.297,1119,500,0,65.803,145.304,1
100000,48,Rows,1403.939,627343360,191338840,670,36,44,37,17319,16502,583,0.306,1119,500,0,85.644,133.358,1
100000,48,Rows,1404.157,626405376,191272704,670,38,44,37,17322,16504,584,0.312,1119,500,0,71.850,143.405,1
100000,48,Grid,1404.523,626495488,189313784,670,42,44,37,17326,16506,584,0.303,1118,500,0,216.366,125.907,1
100000,48,Grid,1404.694,627191808,191860732,670,44,44,37,17327,16507,584,0.312,1118,500,0,45.733,121.793,1
100000,48,Grid,1404.909,626413568,191894676,670,46,44,37,17330,16509,585,0.312,1117,500,0,70.897,140.444,1
100000,48,Grid,1405.190,626302976,189790856,670,28,44,37,17332,16511,585,0.526,1117,500,0,155.824,121.658,1
100000,48,Grid,1405.413,626044928,186457132,670,30,44,37,17335,16514,586,0.373,1117,500,0,67.842,107.451,1
100000,48,Grid,1405.613,626044928,191747168,670,32,44,37,17336,16514,586,0.307,1117,500,0,79.581,116.696,1
100000,48,Grid,1405.822,626081792,191773208,670,34,44,37,17339,16516,587,0.336,1117,500,0,67.279,137.794,1
100000,48,Grid,1406.130,626245632,189887188,670,36,44,37,17341,16518,587,0.311,1117,500,0,189.426,115.632,1
100000,48,Grid,1406.351,626479104,189213388,670,38,44,37,17344,16521,588,0.343,1117,500,0,67.750,150.173,1
100000,48,Grid,1406.572,627150848,191132304,670,40,44,37,17345,16522,588,0.319,1117,500,0,86.302,131.149,1
100000,48,before_idle,1408.018,645156864,188455620,706,30,46,37,17360,16535,589,0.100,1143,500,0,0.000,0.000,1
100000,48,after_idle,1428.056,623874048,194434544,699,26,44,35,17597,16772,589,0.141,1133,500,0,0.000,0.000,1
100000,49,Rows,1430.500,637718528,251552480,676,27,44,37,17626,16800,590,0.382,2170,500,0,99.844,243.695,1
100000,49,Rows,1430.640,638005248,250769628,676,28,44,37,17628,16802,591,0.365,2020,500,0,24.799,111.042,1
100000,49,Rows,1432.538,636186624,240031868,670,30,44,36,17644,16818,591,0.405,1149,500,0,1736.592,157.780,1
100000,49,Rows,1432.730,644415488,243063148,671,32,44,37,17645,16819,591,0.315,1147,500,0,55.929,132.457,1
100000,49,Rows,1432.931,643633152,242933512,671,31,44,37,17647,16820,591,0.328,1142,500,0,76.674,121.507,1
100000,49,Rows,1433.137,644521984,242035248,671,32,44,37,17649,16822,591,0.309,1142,500,0,77.269,125.547,1
100000,49,Rows,1433.304,644984832,244710520,671,34,44,37,17650,16823,591,0.312,1142,500,0,44.966,117.793,1
100000,49,Rows,1433.495,644804608,244706724,671,36,44,37,17652,16824,591,0.309,1142,500,0,73.880,113.994,1
100000,49,Rows,1433.695,645713920,243857292,671,38,44,37,17654,16826,591,0.300,1142,500,0,72.155,124.333,1
100000,49,Rows,1433.859,646189056,246716988,671,40,44,37,17655,16827,591,0.486,1142,500,0,75.781,85.597,1
100000,49,Grid,1434.241,643796992,360741984,671,44,44,37,17660,16830,592,0.310,1141,500,0,189.138,173.777,1
100000,49,Grid,1434.446,643493888,193652684,671,46,44,37,17662,16831,592,0.337,1141,500,0,84.068,118.056,1
100000,49,Grid,1434.645,643702784,192779236,671,28,44,37,17664,16833,592,0.329,1140,500,0,70.196,124.732,1
100000,49,Grid,1434.831,643993600,195454340,671,30,44,37,17666,16835,593,0.322,1140,500,0,43.436,139.157,1
100000,49,Grid,1435.077,643395584,194142288,671,32,44,37,17668,16836,593,0.310,1140,500,0,119.586,122.803,1
100000,49,Grid,1435.287,643489792,194111492,671,34,44,37,17671,16838,594,0.298,1140,500,0,67.828,138.597,1
100000,49,Grid,1435.580,643706880,192180324,671,36,44,37,17673,16840,594,0.315,1140,500,0,148.861,141.000,1
100000,49,Grid,1435.767,643993600,194887980,671,38,44,37,17675,16842,595,0.323,1140,500,0,42.380,140.039,1
100000,49,Grid,1436.018,643321856,194245752,671,40,44,37,17677,16843,595,0.314,1140,500,0,115.282,132.300,1
100000,49,Grid,1436.234,643395584,194204240,671,42,44,37,17680,16845,596,0.285,1140,500,0,70.385,142.603,1
100000,49,before_idle,1437.702,662163456,192963564,722,32,46,37,17694,16859,597,0.213,1166,500,0,0.000,0.000,1
100000,49,after_idle,1457.724,641245184,194733356,706,28,43,36,17930,17094,597,0.173,1156,500,0,0.000,0.000,1
100000,50,Rows,1460.031,651825152,252507128,676,27,44,37,17959,17122,598,0.395,2193,500,0,89.807,225.013,1
100000,50,Rows,1460.167,654860288,251737000,676,28,44,37,17961,17124,599,0.384,2019,500,0,10.933,121.278,1
100000,50,Rows,1461.965,657375232,239976032,670,30,44,36,17977,17135,599,0.401,1172,500,0,1696.115,98.884,1
100000,50,Rows,1462.174,660611072,246161192,671,32,44,37,17979,17136,600,0.324,1170,500,0,47.092,134.643,1
100000,50,Rows,1462.470,657752064,196499956,671,31,44,37,17981,17137,600,0.318,1165,500,0,153.002,136.632,1
100000,50,Rows,1462.656,657752064,195553456,671,32,44,37,17983,17139,600,0.311,1165,500,0,65.794,116.875,1
100000,50,Rows,1462.834,657752064,198045408,671,34,44,37,17985,17141,601,0.328,1165,500,0,39.541,135.495,1
100000,50,Rows,1463.090,657752064,196597916,671,36,44,37,17987,17142,601,0.316,1165,500,0,131.662,120.779,1
100000,50,Rows,1463.300,657739776,196073556,671,38,44,37,17990,17145,602,0.291,1165,500,0,64.897,141.205,1
100000,50,Rows,1463.633,657739776,194400008,671,40,44,37,17992,17147,602,0.303,1165,500,0,207.680,121.670,1
100000,50,Grid,1463.937,657760256,196623160,671,44,44,37,17996,17150,603,0.318,1164,500,0,145.234,141.024,1
100000,50,Grid,1464.230,657760256,194875016,671,46,44,37,17998,17152,603,0.327,1164,500,0,157.680,131.637,1
100000,50,Grid,1464.396,657760256,197522904,671,28,44,37,17999,17153,603,0.315,1163,500,0,47.805,114.843,1
100000,50,Grid,1464.607,657752064,197596376,671,30,44,37,18002,17155,604,0.288,1163,500,0,71.008,136.930,1
100000,50,Grid,1464.863,657752064,195105488,671,32,44,37,18004,17157,604,0.329,1163,500,0,114.889,138.109,1
100000,50,Grid,1465.046,657752064,191729712,671,34,44,37,18007,17160,605,0.326,1163,500,0,70.178,109.306,1
100000,50,Grid,1465.289,657752064,197095116,671,36,44,37,18008,17160,605,0.314,1163,500,0,82.013,115.409,1
100000,50,Grid,1465.487,657719296,197008280,671,38,44,37,18011,17162,606,0.357,1163,500,0,64.893,129.693,1
100000,50,Grid,1465.778,657719296,195141596,671,40,44,37,18013,17164,606,0.304,1163,500,0,153.717,133.082,1
100000,50,Grid,1466.005,654565376,191810832,671,42,44,37,18016,17167,607,0.308,1163,500,0,68.456,108.970,1
100000,50,before_idle,1467.358,673677312,193380932,724,32,46,37,18030,17180,608,0.110,1189,500,0,0.000,0.000,1
100000,50,after_idle,1487.397,652341248,195365848,707,26,43,36,18266,17415,608,0.138,1179,500,0,0.000,0.000,1
100000,51,Rows,1489.754,662290432,253598008,674,27,43,37,18295,17443,609,0.424,2216,500,0,101.174,232.909,1
100000,51,Rows,1489.897,665931776,252901864,674,28,43,37,18297,17445,610,0.363,2004,500,0,13.899,125.107,1
100000,51,Rows,1492.069,663678976,246351872,669,30,43,36,18313,17458,611,0.338,1195,500,0,2010.494,158.512,1
100000,51,Rows,1492.939,402436096,199150004,670,29,43,37,18315,17459,612,0.440,1188,500,0,235.610,627.386,1
100000,51,Rows,1493.118,402862080,199251576,671,30,43,37,18317,17461,612,0.344,1188,500,0,65.441,110.737,1
100000,51,Rows,1493.312,402776064,199909872,670,32,43,37,18320,17463,613,0.335,1188,500,0,64.715,125.527,1
100000,51,Rows,1493.569,403030016,197649816,670,34,43,37,18322,17465,613,0.337,1188,500,0,138.604,114.368,1
100000,51,Rows,1493.782,404803584,197293744,670,36,43,37,18325,17468,614,0.350,1188,500,0,41.707,167.727,1
100000,51,Rows,1493.998,403361792,197077056,670,38,43,37,18327,17469,614,0.323,1188,500,0,56.308,141.062,1
100000,51,Rows,1494.155,403968000,199111468,670,40,43,37,18328,17470,614,0.301,1188,500,0,39.773,114.065,1
100000,51,Grid,1494.463,403234816,198271820,670,44,43,37,18333,17473,615,0.325,1187,500,0,154.612,136.698,1
100000,51,Grid,1494.660,403832832,199810552,670,46,43,37,18334,17474,615,0.325,1187,500,0,79.181,113.933,1
100000,51,Grid,1494.860,403832832,199752128,670,28,43,37,18337,17477,616,0.323,1186,500,0,69.124,128.026,1
100000,51,Grid,1495.071,403755008,199656472,670,30,43,37,18339,17478,616,0.331,1186,500,0,101.256,105.705,1
100000,51,Grid,1495.269,403947520,200119808,670,32,43,37,18342,17481,617,0.333,1186,500,0,64.754,130.023,1
100000,51,Grid,1495.472,404230144,199663952,670,34,43,37,18344,17482,617,0.311,1186,500,0,95.556,104.173,1
100000,51,Grid,1495.664,404426752,200123328,670,36,43,37,18347,17485,618,0.319,1186,500,0,62.478,125.356,1
100000,51,Grid,1495.865,404848640,199644568,670,38,43,37,18349,17486,618,0.308,1186,500,0,94.655,102.942,1
100000,51,Grid,1496.055,405012480,200105160,670,40,43,37,18352,17489,619,0.316,1186,500,0,62.557,123.974,1
100000,51,Grid,1496.263,404852736,199511060,670,42,43,37,18354,17490,619,0.302,1186,500,0,99.323,105.405,1
100000,51,before_idle,1497.662,423608320,199079872,705,32,45,37,18369,17501,620,0.204,1212,500,0,0.000,0.000,1
100000,51,after_idle,1517.701,402776064,200256896,697,26,43,35,18619,17751,620,0.152,1202,500,0,0.000,0.000,1
100000,52,Rows,1519.906,463634432,256898776,676,27,44,37,18647,17778,621,0.304,2239,500,0,68.683,262.990,1
100000,52,Rows,1521.683,465797120,261367268,670,28,44,36,18665,17791,623,0.319,1218,500,0,1646.570,127.345,1
100000,52,Rows,1521.934,466194432,199737016,671,29,44,37,18667,17793,623,0.314,1215,500,0,80.119,121.870,1
100000,52,Rows,1522.085,466956288,202191752,671,30,44,37,18668,17794,623,0.326,1215,500,0,35.786,112.299,1
100000,52,Rows,1522.281,466022400,261517096,671,32,44,37,18671,17797,624,0.312,1215,500,0,57.654,134.908,1
100000,52,Rows,1522.470,466358272,202090412,671,34,44,37,18672,17798,624,0.326,1215,500,0,53.963,116.494,1
100000,52,Rows,1522.697,466354176,259659344,671,29,44,37,18675,17801,625,0.286,1211,500,0,63.284,161.523,1
100000,52,Rows,1522.889,465772544,201419836,671,30,44,37,18677,17802,625,0.317,1211,500,0,76.882,108.786,1
100000,52,Rows,1523.106,465801216,259665952,671,32,44,37,18680,17804,626,0.252,1211,500,0,59.803,153.702,1
100000,52,Rows,1523.308,466149376,199504436,671,34,44,37,18682,17806,626,0.318,1211,500,0,77.573,118.747,1
100000,52,Grid,1523.617,465846272,259453212,671,38,44,37,18686,17809,627,0.245,1210,500,0,148.409,143.655,1
100000,52,Grid,1523.812,466116608,199964692,671,40,44,37,18688,17811,627,0.311,1210,500,0,72.902,117.064,1
100000,52,Grid,1523.963,466513920,202513716,671,42,44,37,18689,17812,627,0.315,1210,500,0,38.089,108.822,1
100000,52,Grid,1524.152,465764352,261849136,671,44,44,37,18692,17814,628,0.323,1209,500,0,60.301,125.767,1
100000,52,Grid,1524.364,466046976,200039976,671,46,44,37,18694,17816,628,0.313,1209,500,0,74.349,116.861,1
100000,52,Grid,1524.548,466345984,260589444,671,28,44,37,18696,17818,629,0.260,1209,500,0,37.390,143.051,1
100000,52,Grid,1524.731,466817024,202030752,671,30,44,37,18698,17819,629,0.313,1209,500,0,75.380,105.007,1
100000,52,Grid,1524.924,466939904,262369676,671,32,44,37,18701,17821,630,0.334,1209,500,0,58.708,130.669,1
100000,52,Grid,1525.137,467173376,199715888,671,34,44,37,18703,17823,630,0.307,1209,500,0,77.244,114.902,1
100000,52,Grid,1525.286,467517440,202271228,671,36,44,37,18704,17824,630,0.317,1209,500,0,36.964,108.566,1
100000,52,before_idle,1526.672,486002688,197868828,701,32,45,36,18720,17838,631,0.154,1235,500,0,0.000,0.000,1
100000,52,after_idle,1546.697,463912960,201207164,697,28,42,34,18978,18096,631,0.137,1224,500,0,0.000,0.000,1
100000,53,Rows,1548.904,488488960,260179964,708,29,43,35,19007,18125,631,0.383,2261,500,0,65.214,233.513,1
100000,53,Rows,1549.017,489275392,259513888,708,30,43,35,19008,18126,631,0.374,2144,500,0,10.794,98.794,1
100000,53,Rows,1550.840,491864064,286259704,665,27,43,35,19025,18139,633,0.341,1240,500,0,1673.331,146.458,1
100000,53,Rows,1551.115,492326912,202492576,666,28,43,36,19027,18141,633,0.337,1238,500,0,91.711,137.384,1
100000,53,Rows,1551.282,492851200,205006260,666,29,43,36,19028,18142,633,0.373,1233,500,0,43.014,120.258,1
100000,53,Rows,1551.497,491913216,204839300,666,30,43,36,19031,18144,634,0.335,1233,500,0,68.003,144.116,1
100000,53,Rows,1551.788,492179456,202218992,666,32,43,36,19033,18146,634,0.319,1233,500,0,163.864,122.959,1
100000,53,Rows,1551.948,492703744,204724124,666,34,43,36,19034,18147,634,0.309,1233,500,0,40.788,116.204,1
100000,53,Rows,1552.157,491798528,204620416,666,36,43,36,19037,18149,635,0.331,1233,500,0,65.913,138.699,1
100000,53,Rows,1552.398,492224512,202389692,666,38,43,36,19039,18151,635,0.310,1233,500,0,110.156,127.787,1
100000,53,Grid,1552.716,491880448,204577212,666,42,43,36,19043,18154,636,0.332,1232,500,0,159.361,139.765,1
100000,53,Grid,1552.955,492097536,203036720,666,44,43,36,19045,18156,636,0.313,1232,500,0,115.742,120.100,1
100000,53,Grid,1553.138,492343296,205810716,666,46,43,36,19047,18158,637,0.353,1231,500,0,68.091,110.921,1
100000,53,Grid,1553.350,491851776,204757748,666,28,43,36,19049,18159,637,0.315,1231,500,0,100.599,108.672,1
100000,53,Grid,1553.554,491864064,204694412,666,30,43,36,19052,18161,638,0.325,1231,500,0,67.506,132.292,1
100000,53,Grid,1553.788,492183552,202762556,666,32,43,36,19054,18163,638,0.573,1231,500,0,106.710,123.706,1
100000,53,Grid,1553.980,492466176,286556216,666,34,43,36,19056,18165,639,0.334,1231,500,0,69.812,118.677,1
100000,53,Grid,1554.192,492175360,204751604,666,36,43,36,19058,18166,639,0.326,1231,500,0,81.401,106.050,1
100000,53,Grid,1554.395,492163072,204673448,666,38,43,36,19061,18168,640,0.316,1231,500,0,65.498,134.304,1
100000,53,Grid,1554.678,492470272,202824648,666,40,43,36,19063,18170,640,0.317,1231,500,0,159.312,120.143,1
100000,53,before_idle,1556.119,511684608,201431936,701,30,45,36,19077,18183,641,0.187,1257,500,0,0.000,0.000,1
100000,53,after_idle,1576.136,490360832,207456904,697,26,42,34,19323,18429,641,1.003,1247,500,0,0.000,0.000,1
100000,54,Rows,1578.281,498233344,267151676,708,27,43,35,19352,18458,641,0.379,2285,500,0,70.513,214.522,1
100000,54,Rows,1578.416,500518912,266449684,713,28,43,36,19354,18460,642,0.362,2135,500,0,27.176,103.870,1
100000,54,Rows,1580.408,500666368,238894676,665,29,43,35,19371,18471,643,0.331,1263,500,0,1875.518,112.887,1
100000,54,Rows,1580.641,500744192,292983320,666,30,43,36,19374,18474,644,0.338,1261,500,0,71.419,158.680,1
100000,54,Rows,1580.856,500686848,207106408,666,30,43,36,19375,18475,644,0.385,1256,500,0,55.851,117.100,1
100000,54,Rows,1581.057,500686848,207107792,666,31,43,36,19378,18477,645,0.313,1256,500,0,65.048,133.040,1
100000,54,Rows,1581.335,500686848,205157760,666,32,43,36,19380,18479,645,0.312,1256,500,0,156.537,117.907,1
100000,54,Rows,1581.490,500686848,207590956,666,34,43,36,19381,18480,645,0.323,1256,500,0,39.556,111.760,1
100000,54,Rows,1581.692,500686848,207682120,666,36,43,36,19384,18482,646,0.318,1256,500,0,64.681,133.810,1
100000,54,Rows,1581.965,500686848,205453064,666,38,43,36,19386,18484,646,0.312,1256,500,0,152.629,116.979,1
100000,54,Grid,1582.263,500686848,207568120,666,42,43,36,19390,18487,647,0.324,1255,500,0,150.153,130.407,1
100000,54,Grid,1582.491,500686848,206575120,666,44,43,36,19392,18488,647,0.336,1255,500,0,108.260,116.459,1
100000,54,Grid,1582.714,500678656,205708584,666,46,43,36,19395,18491,648,0.334,1254,500,0,68.395,150.598,1
100000,54,Grid,1582.927,500674560,207538800,666,28,43,36,19396,18492,648,0.321,1254,500,0,91.780,117.793,1
100000,54,Grid,1583.137,500674560,207691848,666,30,43,36,19399,18494,649,0.331,1254,500,0,70.883,135.564,1
100000,54,Grid,1583.404,500674560,206553836,666,32,43,36,19401,18495,649,0.317,1254,500,0,148.412,115.101,1
100000,54,Grid,1583.618,500674560,205694020,666,34,43,36,19404,18498,650,0.329,1254,500,0,68.238,142.536,1
100000,54,Grid,1583.864,500641792,207680596,666,36,43,36,19405,18499,650,0.321,1254,500,0,130.147,112.844,1
100000,54,Grid,1584.063,500645888,207756592,666,38,43,36,19408,18501,651,0.317,1254,500,0,65.700,129.079,1
100000,54,Grid,1584.293,500645888,206646692,666,40,43,36,19410,18502,651,0.315,1254,500,0,107.324,119.705,1
100000,54,before_idle,1585.736,517939200,206014560,707,32,46,37,19424,18515,652,0.205,1280,500,0,0.000,0.000,1
100000,54,after_idle,1605.772,496648192,204585340,702,28,43,35,19669,18760,652,0.305,1270,500,0,0.000,0.000,1
100000,55,Rows,1608.093,506793984,267698676,711,29,43,36,19697,18788,652,0.398,2307,500,0,93.103,218.004,1
100000,55,Rows,1608.211,509349888,267033260,711,30,43,36,19698,18789,652,0.383,2183,500,0,11.298,102.932,1
100000,55,Rows,1609.975,510283776,246928256,669,29,43,36,19715,18802,654,0.320,1286,500,0,1622.369,138.242,1
100000,55,Rows,1610.297,511193088,207792372,670,30,43,37,19717,18803,654,0.321,1284,500,0,190.226,126.038,1
100000,55,Rows,1610.461,510402560,210250920,670,30,43,37,19718,18804,654,0.411,1279,500,0,43.483,117.199,1
100000,55,Rows,1610.674,509603840,210185368,670,31,43,37,19721,18806,655,0.335,1279,500,0,69.871,138.984,1
100000,55,Rows,1610.966,509878272,207635968,670,32,43,37,19723,18808,655,0.338,1279,500,0,164.227,124.686,1
100000,55,Rows,1611.131,510238720,210085320,670,34,43,37,19724,18809,655,0.321,1279,500,0,46.775,115.028,1
100000,55,Rows,1611.346,509657088,210157420,670,36,43,37,19727,18811,656,0.316,1279,500,0,72.279,138.973,1
100000,55,Rows,1611.627,509853696,207859396,670,38,43,37,19729,18813,656,0.312,1279,500,0,162.016,115.893,1
100000,55,Grid,1611.930,509636608,209996616,670,42,43,37,19733,18816,657,0.307,1278,500,0,153.438,129.427,1
100000,55,Grid,1612.200,509693952,209040452,670,44,43,37,19735,18817,657,0.315,1278,500,0,154.310,111.518,1
100000,55,Grid,1612.417,509890560,208162888,670,46,43,37,19738,18820,658,0.351,1277,500,0,68.500,145.979,1
100000,55,Grid,1612.670,510152704,210013336,670,28,43,37,19739,18821,658,0.350,1277,500,0,134.997,113.461,1
100000,55,Grid,1612.872,509534208,210215748,670,30,43,37,19742,18823,659,0.318,1277,500,0,65.941,133.164,1
100000,55,Grid,1613.125,509640704,209002304,670,32,43,37,19744,18824,659,0.327,1277,500,0,137.378,112.109,1
100000,55,Grid,1613.342,509878272,208140120,670,34,43,37,19747,18827,660,0.324,1277,500,0,68.193,145.205,1
100000,55,Grid,1613.584,495448064,210113012,670,36,43,37,19748,18828,660,0.356,1277,500,0,124.077,114.165,1
100000,55,Grid,1613.790,506183680,210249060,670,38,43,37,19751,18830,661,0.332,1277,500,0,67.975,134.953,1
100000,55,Grid,1614.027,506351616,209104752,670,40,43,37,19753,18831,661,0.320,1277,500,0,119.080,114.253,1
100000,55,before_idle,1615.488,526127104,208458908,708,32,45,37,19767,18844,662,0.123,1303,500,0,0.000,0.000,1
100000,55,after_idle,1635.526,504860672,209438432,704,28,43,35,20002,19079,662,0.142,1293,500,0,0.000,0.000,1
100000,56,Rows,1637.709,521371648,270276848,713,29,43,36,20031,19107,662,0.400,2330,500,0,86.152,229.812,1
100000,56,Rows,1637.819,521781248,269626580,713,30,43,36,20032,19108,662,0.375,2170,500,0,11.050,96.105,1
100000,56,Rows,1639.984,521633792,260449976,670,29,43,36,20049,19124,664,0.331,1309,500,0,2022.240,138.638,1
100000,56,Rows,1640.264,522211328,212165764,671,29,43,37,20051,19126,664,0.441,1302,500,0,148.258,129.115,1
100000,56,Rows,1640.481,522301440,211293552,672,30,43,37,20054,19129,665,0.352,1302,500,0,69.883,142.990,1
100000,56,Rows,1640.737,521408512,212694876,671,32,43,37,20055,19130,665,0.355,1302,500,0,140.650,112.199,1
100000,56,Rows,1640.941,521428992,212606524,671,34,43,37,20058,19133,666,0.353,1302,500,0,67.887,132.746,1
100000,56,Rows,1641.171,521457664,212088472,671,36,43,37,20060,19135,666,0.374,1302,500,0,110.341,116.281,1
100000,56,Rows,1641.379,521867264,212634440,671,38,43,37,20063,19138,667,0.362,1302,500,0,66.553,138.153,1
100000,56,Rows,1641.662,521867264,210522920,671,40,43,37,20065,19140,667,0.358,1302,500,0,162.548,116.673,1
100000,56,Grid,1641.964,521895936,212687812,671,44,43,37,20069,19144,668,0.325,1301,500,0,150.159,134.700,1
100000,56,Grid,1642.249,521883648,211110184,671,46,43,37,20071,19146,668,0.322,1301,500,0,165.626,116.359,1
100000,56,Grid,1642.465,518729728,207743356,671,28,43,37,20074,19149,669,0.338,1300,500,0,67.087,109.095,1
100000,56,Grid,1642.662,521883648,212699724,671,30,43,37,20075,19150,669,0.430,1300,500,0,79.648,112.982,1
100000,56,Grid,1642.874,521883648,212721644,671,32,43,37,20078,19153,670,0.341,1300,500,0,69.362,139.218,1
100000,56,Grid,1643.170,521883648,211029440,671,34,43,37,20080,19155,670,0.333,1300,500,0,170.559,122.054,1
100000,56,Grid,1643.399,521834496,210358756,671,36,43,37,20083,19158,671,0.334,1300,500,0,73.629,152.443,1
100000,56,Grid,1643.611,522334208,212199940,671,38,43,37,20084,19159,671,0.341,1300,500,0,82.524,125.908,1
100000,56,Grid,1643.824,522330112,212025004,671,40,43,37,20087,19162,672,0.325,1300,500,0,67.736,141.061,1
100000,56,Grid,1644.116,522330112,210639512,671,42,43,37,20089,19164,672,0.313,1300,500,0,170.883,118.638,1
100000,56,before_idle,1645.522,539701248,208692236,699,30,44,36,20103,19178,673,0.234,1326,500,0,0.000,0.000,1
100000,56,after_idle,1665.562,518320128,212019792,696,28,42,34,20344,19419,673,0.154,1316,500,0,0.000,0.000,1
100000,57,Rows,1667.850,530132992,270974064,705,29,42,35,20372,19447,673,0.418,2353,500,0,73.486,251.721,1
100000,57,Rows,1667.961,530391040,270305932,705,30,42,35,20373,19448,673,0.387,2217,500,0,10.923,96.607,1
100000,57,Rows,1669.691,531443712,251154308,663,29,42,35,20390,19461,675,0.305,1332,500,0,1586.494,138.708,1
100000,57,Rows,1670.026,529444864,213173064,664,30,42,36,20392,19462,675,0.327,1330,500,0,202.112,127.467,1
100000,57,Rows,1670.184,528625664,215634440,664,30,42,36,20393,19463,675,0.371,1325,500,0,41.232,113.395,1
100000,57,Rows,1670.393,527847424,215566680,664,31,42,36,20396,19465,676,0.324,1325,500,0,70.254,135.251,1
100000,57,Rows,1670.684,528146432,213018456,664,32,42,36,20398,19467,676,0.357,1325,500,0,162.501,124.608,1
100000,57,Rows,1670.849,528502784,215469496,664,34,42,36,20399,19468,676,0.335,1325,500,0,43.008,119.159,1
100000,57,Rows,1671.065,527912960,215548108,664,36,42,36,20402,19470,677,0.309,1325,500,0,71.591,139.996,1
100000,57,Rows,1671.330,528199680,213205464,664,38,42,36,20404,19472,677,0.328,1325,500,0,133.041,128.907,1
100000,57,Grid,1671.647,527925248,215343640,664,42,42,36,20408,19475,678,0.319,1324,500,0,162.168,136.808,1
100000,57,Grid,1671.934,527978496,214411284,664,44,42,36,20410,19476,678,0.386,1324,500,0,168.101,114.753,1
100000,57,Grid,1672.155,528162816,213539376,664,46,42,36,20413,19479,679,0.291,1323,500,0,72.111,145.705,1
100000,57,Grid,1672.379,528474112,215339480,664,28,42,36,20414,19480,679,0.334,1323,500,0,97.923,122.591,1
100000,57,Grid,1672.587,527810560,215609976,664,30,42,36,20417,19482,680,0.327,1323,500,0,71.469,132.927,1
100000,57,Grid,1672.820,527925248,214314148,664,32,42,36,20419,19483,680,0.323,1323,500,0,106.446,123.272,1
100000,57,Grid,1673.042,528158720,213456584,664,34,42,36,20422,19486,681,0.341,1323,500,0,68.247,149.795,1
100000,57,Grid,1673.300,528109568,215465564,664,36,42,36,20423,19487,681,0.351,1323,500,0,138.105,116.384,1
100000,57,Grid,1673.505,528437248,215443956,664,38,42,36,20426,19490,682,0.336,1323,500,0,69.204,133.432,1
100000,57,Grid,1673.740,527749120,215088684,664,40,42,36,20428,19491,682,0.341,1323,500,0,114.239,117.692,1
100000,57,before_idle,1675.277,546775040,212790120,700,32,44,36,20444,19502,683,0.158,1349,500,0,0.000,0.000,1
100000,57,after_idle,1695.333,525533184,214127156,698,28,42,34,20674,19732,683,0.162,1317,500,0,0.000,0.000,1
100000,58,Rows,1697.522,541847552,274891396,707,29,42,35,20702,19760,683,0.433,2355,500,0,105.038,222.712,1
100000,58,Rows,1697.641,542433280,274235004,707,30,42,35,20703,19761,683,0.397,2204,500,0,12.324,103.136,1
100000,58,Rows,1699.341,547401728,282370024,706,32,42,35,20719,19775,684,0.313,1334,500,0,1557.588,139.098,1
100000,58,Rows,1699.699,547614720,216815096,665,29,42,36,20721,19777,684,0.332,1347,500,0,230.177,120.958,1
100000,58,Rows,1699.857,547942400,219261728,665,30,42,36,20722,19778,684,0.389,1327,500,0,42.088,112.976,1
100000,58,Rows,1700.064,547184640,219202676,665,31,42,36,20725,19780,685,0.317,1327,500,0,66.732,136.417,1
100000,58,Rows,1700.371,547479552,214572944,665,29,42,36,20727,19782,685,0.330,1327,500,0,179.562,123.978,1
100000,58,Rows,1700.529,547803136,217007084,665,30,42,36,20728,19783,685,0.333,1327,500,0,41.070,113.036,1
100000,58,Rows,1700.732,547196928,217101796,665,32,42,36,20731,19785,686,0.313,1327,500,0,66.477,133.820,1
100000,58,Rows,1701.021,547450880,214810552,665,34,42,36,20733,19787,686,0.330,1327,500,0,164.810,120.039,1
100000,58,Grid,1701.328,547258368,216949712,665,38,42,36,20737,19790,687,0.269,1326,500,0,157.880,132.811,1
100000,58,Grid,1701.570,547622912,215928432,665,40,42,36,20739,19791,687,0.331,1326,500,0,110.747,127.308,1
100000,58,Grid,1701.808,547856384,215100812,665,42,42,36,20742,19794,688,0.339,1325,500,0,74.045,160.470,1
100000,58,Grid,1702.077,547987456,216983348,665,44,42,36,20743,19795,688,0.338,1325,500,0,147.566,117.826,1
100000,58,Grid,1702.280,548184064,216964776,665,46,42,36,20746,19798,689,0.332,1325,500,0,67.644,132.181,1
100000,58,Grid,1702.512,548503552,216624324,665,28,42,36,20748,19800,689,0.328,1325,500,0,110.342,118.034,1
100000,58,Grid,1702.713,547475456,217458828,665,30,42,36,20751,19802,690,0.285,1325,500,0,67.622,129.844,1
100000,58,Grid,1702.964,547532800,215976012,665,32,42,36,20753,19803,690,0.340,1325,500,0,128.342,119.397,1
100000,58,Grid,1703.182,547827712,215158708,665,34,42,36,20756,19806,691,0.344,1325,500,0,69.151,145.442,1
100000,58,Grid,1703.415,551047168,217210260,665,36,42,36,20757,19807,691,0.335,1325,500,0,140.454,88.654,1
100000,58,before_idle,1704.868,567230464,215436820,700,32,44,36,20772,19820,692,0.130,1352,500,0,0.000,0.000,1
100000,58,after_idle,1724.909,546115584,215678788,699,28,42,36,21017,20065,692,0.140,1342,500,0,0.000,0.000,1
100000,59,Rows,1727.187,551018496,278789400,710,29,43,37,21045,20093,692,0.390,2379,500,0,73.336,223.360,1
100000,59,Rows,1727.323,554049536,278063948,715,30,43,38,21047,20095,693,0.379,2280,500,0,27.051,106.335,1
100000,59,Rows,1729.207,554762240,254427880,667,29,43,37,21064,20106,694,0.347,1358,500,0,1747.968,131.684,1
100000,59,Rows,1729.452,554840064,254023376,668,30,43,38,21067,20109,695,0.324,1356,500,0,75.641,165.538,1
100000,59,Rows,1729.724,554774528,218942144,668,29,43,38,21068,20110,695,0.331,1351,500,0,136.732,132.417,1
100000,59,Rows,1729.950,554774528,218759416,668,30,43,38,21071,20112,696,0.314,1351,500,0,73.457,148.312,1
100000,59,Rows,1730.207,554774528,216756712,668,32,43,38,21073,20114,696,0.332,1351,500,0,118.174,135.682,1
100000,59,Rows,1730.370,554774528,219288664,668,34,43,38,21074,20115,696,0.331,1351,500,0,43.094,116.510,1
100000,59,Rows,1730.582,554774528,219185780,668,36,43,38,21077,20117,697,0.313,1351,500,0,69.942,138.940,1
100000,59,Rows,1730.841,554774528,216903576,668,38,43,38,21079,20119,697,0.323,1351,500,0,115.733,139.803,1
100000,59,Grid,1731.145,554774528,219091756,668,42,43,38,21083,20122,698,0.287,1350,500,0,153.281,134.182,1
100000,59,Grid,1731.405,554762240,217564000,668,44,43,38,21085,20124,698,0.336,1350,500,0,118.794,137.485,1
100000,59,Grid,1731.589,554762240,220400464,668,46,43,38,21087,20126,699,0.345,1349,500,0,72.592,108.306,1
100000,59,Grid,1731.831,554762240,219326104,668,28,43,38,21089,20127,699,0.332,1349,500,0,119.892,117.919,1
100000,59,Grid,1732.041,554762240,219269516,668,30,43,38,21092,20129,700,0.334,1349,500,0,69.675,137.113,1
100000,59,Grid,1732.339,554762240,217349336,668,32,43,38,21094,20130,700,0.334,1349,500,0,170.853,123.535,1
100000,59,Grid,1732.530,554762240,219860552,668,34,43,38,21096,20132,701,0.346,1349,500,0,73.713,113.829,1
100000,59,Grid,1732.772,554762240,219332596,668,36,43,38,21098,20133,701,0.333,1349,500,0,122.220,116.577,1
100000,59,Grid,1732.984,554762240,219279348,668,38,43,38,21101,20135,702,0.650,1349,500,0,70.902,137.558,1
100000,59,Grid,1733.283,554762240,217402092,668,40,43,38,21103,20136,702,0.348,1349,500,0,168.898,126.599,1
100000,59,before_idle,1734.789,571576320,216117900,703,32,45,38,21117,20149,703,0.150,1375,500,0,0.000,0.000,1
100000,59,after_idle,1754.810,550264832,217039080,699,26,42,36,21350,20382,703,0.365,1365,500,0,0.000,0.000,1
100000,60,Rows,1757.059,560472064,276851048,710,27,43,37,21379,20411,703,0.404,2403,500,0,77.178,265.076,1
100000,60,Rows,1757.178,560537600,276195936,710,28,43,37,21380,20412,703,0.396,2274,500,0,13.599,101.949,1
100000,60,Rows,1758.650,566050816,284772980,711,30,43,38,21393,20425,704,0.365,2101,500,0,11.369,1457.188,1
100000,60,Rows,1759.126,564170752,240037256,669,29,43,38,21397,20428,704,0.330,1381,500,0,347.598,124.644,1
100000,60,Rows,1759.308,564940800,242859744,669,30,43,38,21399,20430,705,0.346,1379,500,0,43.550,134.836,1
100000,60,Rows,1759.574,564441088,221579532,669,29,43,38,21401,20432,705,0.334,1374,500,0,132.098,131.035,1
100000,60,Rows,1759.784,564568064,221348076,669,30,43,38,21404,20434,706,0.368,1374,500,0,65.823,140.391,1
100000,60,Rows,1760.071,564895744,219236124,669,32,43,38,21406,20436,706,0.334,1374,500,0,154.013,129.515,1
100000,60,Rows,1760.232,565407744,221788304,669,34,43,38,21407,20437,706,0.331,1374,500,0,42.210,115.356,1
100000,60,Rows,1760.444,564461568,221676136,669,36,43,38,21410,20439,707,0.316,1374,500,0,70.329,138.329,1
100000,60,Grid,1760.873,565018624,219467544,669,40,43,38,21414,20440,707,0.344,1373,500,0,281.089,126.771,1
100000,60,Grid,1761.049,565686272,222024864,669,42,43,38,21415,20441,707,0.342,1373,500,0,45.569,127.723,1
100000,60,Grid,1761.273,564928512,222064728,669,44,43,38,21418,20443,708,0.333,1372,500,0,76.315,144.198,1
100000,60,Grid,1761.562,565194752,220059012,669,46,43,38,21420,20444,708,0.332,1372,500,0,159.903,124.522,1
100000,60,Grid,1761.787,565432320,219048544,669,28,43,38,21423,20447,709,0.339,1372,500,0,71.693,150.011,1
100000,60,Grid,1762.016,565956608,221362888,669,30,43,38,21424,20448,709,0.351,1372,500,0,95.821,130.333,1
100000,60,Grid,1762.226,565149696,221081464,669,32,43,38,21427,20450,710,0.335,1372,500,0,66.891,139.300,1
100000,60,Grid,1762.520,565415936,219317728,669,34,43,38,21429,20452,710,0.340,1372,500,0,166.309,124.045,1
100000,60,Grid,1762.677,565719040,222041208,669,36,43,38,21430,20453,710,0.334,1372,500,0,41.038,112.798,1
100000,60,Grid,1762.877,564928512,222088424,669,38,43,38,21433,20455,711,0.356,1372,500,0,65.659,130.849,1
100000,60,before_idle,1764.283,584101888,222295552,720,32,45,38,21447,20468,712,0.143,1398,500,0,0.000,0.000,1
100000,60,after_idle,1784.291,562933760,221533216,704,28,42,37,21690,20711,712,0.166,1388,500,0,0.000,0.000,1
100000,61,Rows,1786.587,571674624,283837148,710,29,43,37,21719,20739,712,0.408,2425,500,0,100.977,221.686,1
100000,61,Rows,1786.728,577269760,283208268,715,30,43,38,21721,20741,713,0.376,2252,500,0,11.633,125.896,1
100000,61,Rows,1788.456,576245760,272962536,668,31,43,38,21736,20752,713,0.336,1404,500,0,1597.310,127.712,1
100000,61,Rows,1788.692,576376832,273733256,668,32,43,38,21739,20754,714,0.311,1402,500,0,78.476,153.111,1
100000,61,Rows,1789.006,576319488,222326668,668,29,43,38,21741,20756,714,0.348,1397,500,0,162.671,146.669,1
100000,61,Rows,1789.174,576319488,224818068,668,30,43,38,21742,20757,714,0.339,1397,500,0,43.290,120.790,1
100000,61,Rows,1789.388,576319488,224716608,668,32,43,38,21745,20759,715,0.330,1397,500,0,71.473,139.106,1
100000,61,Rows,1789.676,576307200,223932224,668,34,43,38,21747,20760,715,0.427,1397,500,0,167.941,116.382,1
100000,61,Rows,1789.889,576307200,224338352,668,36,43,38,21750,20762,716,0.327,1397,500,0,68.470,141.179,1
100000,61,Rows,1790.187,576307200,223493956,668,38,43,38,21752,20763,716,0.328,1397,500,0,173.907,120.811,1
100000,61,Grid,1790.519,576307200,223198492,668,42,43,38,21757,20766,717,0.339,1396,500,0,168.375,145.476,1
100000,61,Grid,1790.746,576307200,224989492,668,44,43,38,21758,20767,717,0.338,1396,500,0,96.388,126.650,1
100000,61,Grid,1790.948,576307200,224920304,668,46,43,38,21761,20770,718,0.333,1395,500,0,68.750,129.949,1
100000,61,Grid,1791.185,576307200,224646648,668,28,43,38,21763,20771,718,0.329,1395,500,0,114.116,119.341,1
100000,61,Grid,1791.390,576307200,225311180,668,30,43,38,21766,20774,719,0.341,1395,500,0,70.947,131.395,1
100000,61,Grid,1791.640,576307200,224726112,668,32,43,38,21768,20775,719,0.333,1395,500,0,125.153,120.744,1
100000,61,Grid,1791.848,576307200,225515896,668,34,43,38,21771,20777,720,0.331,1395,500,0,69.624,135.469,1
100000,61,Grid,1792.092,576303104,224692612,668,36,43,38,21773,20779,720,0.334,1395,500,0,118.308,122.442,1
100000,61,Grid,1792.269,576303104,224730244,668,38,43,38,21775,20780,720,0.342,1395,500,0,67.632,106.072,1
100000,61,Grid,1792.484,576303104,224854260,668,40,43,38,21778,20782,721,0.343,1395,500,0,70.321,140.966,1
100000,61,before_idle,1793.946,592404480,221976596,704,32,45,38,21793,20795,722,0.234,1421,500,0,0.000,0.000,1
100000,61,after_idle,1874.129,360558592,80309292,653,26,41,32,22794,21116,876,0.189,922,500,0,0.000,0.000,1
100000,62,Rows,1876.772,340787200,114817900,669,25,41,35,22820,21140,877,0.242,1479,500,0,9.734,138.927,1
100000,62,Rows,1876.913,340291584,102103040,669,26,41,35,22821,21141,878,0.736,1350,500,0,10.915,122.538,1
100000,62,Rows,1879.562,348352512,110440528,665,25,41,35,22838,21156,879,0.249,1214,500,0,21.082,2621.655,1
100000,62,Rows,1880.098,348405760,66263576,664,26,41,35,22843,21158,880,1.207,25,500,0,286.102,245.162,1
100000,62,Rows,1880.303,349278208,68810352,664,27,42,35,22844,21159,880,0.272,23,500,0,55.912,143.768,1
100000,62,Rows,1880.592,348356608,66264024,664,28,42,35,22847,21161,881,0.235,23,500,0,72.924,212.873,1
100000,62,Rows,1880.821,348721152,66578768,664,30,42,35,22849,21163,881,0.252,23,500,0,76.959,149.145,1
100000,62,Rows,1881.005,349237248,69002756,664,28,42,35,22850,21164,881,0.293,19,500,0,38.388,139.575,1
100000,62,Rows,1881.277,347992064,66261884,664,29,42,35,22853,21166,882,0.236,19,500,0,73.628,195.219,1
100000,62,Rows,1881.508,348303360,66623508,664,30,42,35,22855,21168,882,0.228,19,500,0,77.410,149.660,1
100000,62,Grid,1881.917,347967488,66680884,664,34,42,35,22859,21171,883,0.255,17,500,0,181.781,209.659,1
100000,62,Grid,1882.151,348205056,67201860,664,36,42,35,22861,21173,883,0.276,17,500,0,78.771,152.156,1
100000,62,Grid,1882.337,348463104,69695560,664,38,42,35,22862,21174,883,0.239,17,500,0,38.269,144.479,1
100000,62,Grid,1882.618,347951104,66280492,664,40,42,35,22865,21176,884,0.275,17,500,0,76.486,200.927,1
100000,62,Grid,1882.824,348012544,68064344,664,42,42,35,22867,21177,884,0.266,17,500,0,68.911,133.213,1
100000,62,Grid,1883.095,348495872,66380208,664,44,42,35,22870,21180,885,0.235,17,500,0,75.601,189.653,1
100000,62,Grid,1883.284,348905472,68960076,664,26,42,35,22871,21181,885,0.224,17,500,0,44.582,140.952,1
100000,62,Grid,1883.568,348131328,66255652,664,28,42,35,22874,21183,886,0.241,17,500,0,82.182,195.916,1
100000,62,Grid,1883.790,348426240,67233896,664,30,42,35,22876,21185,886,0.211,17,500,0,74.315,143.237,1
100000,62,Grid,1884.066,348717056,65783236,664,32,42,35,22879,21187,887,0.225,17,500,0,76.258,193.697,1
100000,62,before_idle,1886.583,366555136,62372652,723,30,44,38,22894,21201,889,0.327,19,500,0,0.000,0.000,1
100000,62,after_idle,1906.599,344498176,69515460,715,28,43,36,22995,21301,889,0.271,1,500,0,0.000,0.000,1
100000,63,Rows,1909.432,354500608,123662760,692,27,43,38,23026,21329,891,0.278,1042,500,0,106.193,253.448,1
100000,63,Rows,1909.594,353644544,111120388,692,28,43,38,23028,21331,892,0.285,706,500,0,10.786,147.289,1
100000,63,Rows,1912.187,353533952,114946608,687,30,43,37,23043,21346,892,0.172,21,500,0,2462.594,127.351,1
100000,63,Rows,1912.470,353161216,64238072,688,29,43,38,23046,21349,893,0.261,15,500,0,20.998,257.849,1
100000,63,Rows,1912.657,354152448,66891200,688,30,43,38,23047,21350,893,0.327,13,500,0,42.044,141.417,1
100000,63,Rows,1912.940,353226752,64498856,688,32,43,38,23050,21353,894,0.230,13,500,0,80.326,198.702,1
100000,63,Rows,1913.161,353492992,64748188,688,34,43,38,23052,21355,894,0.403,13,500,0,75.388,142.003,1
100000,63,Rows,1913.346,354136064,67160096,688,36,43,38,23053,21356,894,0.252,12,500,0,49.122,129.253,1
100000,63,Rows,1913.625,353243136,64373260,688,38,43,38,23056,21359,895,0.271,12,500,0,75.340,200.678,1
100000,63,Rows,1913.847,353472512,64747132,688,40,43,38,23058,21361,895,0.256,12,500,0,75.596,142.853,1
100000,63,Grid,1914.248,353165312,64662452,688,44,43,38,23062,21365,896,0.280,10,500,0,181.875,200.370,1
100000,63,Grid,1914.466,353456128,65085760,688,46,43,38,23064,21367,896,0.264,10,500,0,75.368,139.431,1
100000,63,Grid,1914.652,353918976,67617320,688,28,43,38,23065,21368,896,0.532,10,500,0,42.580,139.043,1
100000,63,Grid,1914.926,353488896,64275060,688,30,43,38,23068,21371,897,0.415,10,500,0,66.783,203.039,1
100000,63,Grid,1915.152,353894400,65333400,688,32,43,38,23070,21373,897,0.374,10,500,0,80.737,142.127,1
100000,63,Grid,1915.433,354148352,63907548,688,34,43,38,23073,21376,898,0.258,10,500,0,68.718,206.064,1
100000,63,Grid,1915.625,355528704,66634924,688,36,43,38,23074,21377,898,0.248,10,500,0,42.379,146.328,1
100000,63,Grid,1915.902,354590720,64317624,688,38,43,38,23077,21380,899,0.286,10,500,0,71.346,201.551,1
100000,63,Grid,1916.142,354181120,64765912,687,40,43,38,23079,21382,899,0.255,10,500,0,85.221,151.255,1
100000,63,Grid,1916.317,354775040,67335308,687,42,43,38,23080,21383,899,0.371,10,500,0,37.260,133.754,1
100000,63,before_idle,1918.926,372236288,63574192,724,30,45,38,23096,21399,900,0.335,18,500,0,0.000,0.000,1
100000,63,after_idle,1938.943,350908416,64395972,715,26,43,36,23198,21501,900,0.239,1,500,0,0.000,0.000,0
100000,64,Rows,1941.805,354689024,112070204,692,27,43,38,23229,21529,903,0.308,1043,500,0,102.130,288.915,1
100000,64,Rows,1944.553,353374208,64417640,687,28,43,37,23245,21545,904,0.308,21,500,0,2505.804,238.710,1
100000,64,Rows,1944.784,353452032,65014204,688,29,43,38,23247,21547,904,0.324,15,500,0,83.059,144.751,1
100000,64,Rows,1944.973,353447936,67272844,688,30,43,38,23248,21548,904,0.255,15,500,0,43.556,141.412,1
100000,64,Rows,1945.252,353452032,64229628,688,32,43,38,23251,21551,905,0.289,15,500,0,66.357,208.814,1
100000,64,Rows,1945.476,353460224,64552176,688,34,43,38,23253,21553,905,0.385,15,500,0,71.489,149.333,1
100000,64,Rows,1945.665,353452032,66878144,688,36,43,38,23254,21554,905,0.259,15,500,0,46.362,136.536,1
100000,64,Rows,1945.935,353452032,64270636,688,38,43,38,23257,21557,906,0.241,15,500,0,69.425,197.769,1
100000,64,Rows,1946.159,353452032,64412196,688,40,43,38,23259,21559,906,0.243,15,500,0,82.837,136.130,1
100000,64,Rows,1946.352,353615872,66769012,688,42,43,38,23260,21560,906,0.654,15,500,0,45.767,143.224,1
100000,64,Grid,1946.742,353439744,64456652,688,46,43,38,23265,21565,907,0.249,13,500,0,183.205,188.579,1
100000,64,Grid,1946.922,353435648,67070044,688,28,43,38,23266,21566,907,0.307,13,500,0,41.440,134.923,1
100000,64,Grid,1947.208,353439744,64297420,688,30,43,38,23269,21569,908,0.542,13,500,0,83.120,195.418,1
100000,64,Grid,1947.420,353439744,65175372,688,32,43,38,23271,21571,908,0.266,13,500,0,71.904,133.968,1
100000,64,Grid,1947.657,353439744,61025128,688,34,43,38,23274,21574,909,0.257,13,500,0,46.994,186.164,1
100000,64,Grid,1947.861,353435648,66930248,688,36,43,38,23275,21575,909,0.269,13,500,0,45.381,130.034,1
100000,64,Grid,1948.128,353435648,64517900,688,38,43,38,23278,21578,910,0.332,13,500,0,62.686,200.386,1
100000,64,Grid,1948.350,353435648,64910172,688,40,43,38,23280,21580,910,0.253,13,500,0,59.326,159.018,1
100000,64,Grid,1948.533,353431552,67343808,688,42,43,38,23281,21581,910,0.273,13,500,0,40.113,139.570,1
100000,64,Grid,1948.801,353435648,64143800,688,44,43,38,23284,21584,911,0.236,13,500,0,60.710,203.898,1
100000,64,before_idle,1950.934,371089408,61350548,726,30,46,38,23298,21598,912,0.149,17,500,0,0.000,0.000,1
100000,64,after_idle,1970.950,349503488,67778896,715,26,43,36,23396,21696,912,0.061,1,500,0,0.000,0.000,0
100000,65,Rows,1973.653,354938880,125638744,692,27,43,38,23425,21723,914,0.305,1042,500,0,86.182,260.492,1
100000,65,Rows,1976.417,353525760,64202200,687,28,43,37,23442,21740,915,0.393,21,500,0,2510.468,249.620,1
100000,65,Rows,1976.653,350744576,64763572,688,29,43,38,23444,21742,915,0.324,15,500,0,73.249,157.252,1
100000,65,Rows,1976.833,354955264,67111004,688,30,43,38,23445,21743,915,0.261,15,500,0,47.515,129.401,1
100000,65,Rows,1977.124,354349056,63953044,688,32,43,38,23448,21745,916,0.250,15,500,0,73.602,213.566,1
100000,65,Rows,1977.309,354697216,67063772,688,34,43,38,23449,21746,916,0.260,15,500,0,73.191,108.398,1
100000,65,Rows,1977.580,354697216,64267316,688,36,43,38,23452,21749,917,0.317,15,500,0,72.365,194.596,1
100000,65,Rows,1977.777,354693120,65884456,688,38,43,38,23454,21750,917,0.245,15,500,0,59.563,131.733,1
100000,65,Rows,1978.037,354381824,64469376,688,40,43,38,23457,21753,918,0.260,15,500,0,62.306,194.282,1
100000,65,Rows,1978.218,354865152,66741604,688,42,43,38,23458,21754,918,0.311,15,500,0,37.783,140.402,1
100000,65,Grid,1978.633,354197504,64181828,688,46,43,38,23463,21757,919,0.250,13,500,0,188.024,208.407,1
100000,65,Grid,1978.824,354865152,61526800,688,28,43,38,23465,21759,919,0.275,13,500,0,80.650,106.633,1
100000,65,Grid,1979.088,354533376,64398812,688,30,43,38,23467,21760,920,0.243,13,500,0,41.763,187.990,1
100000,65,Grid,1979.290,354869248,65880448,688,32,43,38,23469,21761,920,0.264,13,500,0,70.435,127.869,1
100000,65,Grid,1979.541,355065856,64579972,688,34,43,38,23472,21764,921,0.254,13,500,0,58.521,188.765,1
100000,65,Grid,1979.719,355356672,67027964,688,36,43,38,23473,21765,921,0.305,13,500,0,45.618,129.895,1
100000,65,Grid,1979.989,354820096,64188872,688,38,43,38,23476,21767,922,0.267,13,500,0,73.054,189.329,1
100000,65,Grid,1980.209,354955264,65458912,688,40,43,38,23478,21769,922,0.268,13,500,0,71.572,145.921,1
100000,65,Grid,1980.476,355237888,63871352,688,42,43,38,23481,21771,923,0.250,13,500,0,77.636,184.858,1
100000,65,Grid,1980.667,355930112,65981824,688,44,43,38,23482,21772,923,0.528,13,500,0,39.602,147.910,1
100000,65,before_idle,1982.894,373968896,66465852,730,30,46,39,23497,21784,925,0.335,15,500,0,0.000,0.000,1
100000,65,after_idle,2002.960,352559104,65657364,716,26,43,36,23596,21881,925,0.049,3,500,0,0.000,0.000,1
100000,66,Rows,2005.773,358981632,112660164,695,27,44,38,23627,21909,928,0.370,1042,500,0,78.895,291.091,1
100000,66,Rows,2008.674,353214464,64201308,690,27,44,37,23645,21922,931,0.661,21,500,0,2662.611,234.280,1
100000,66,Rows,2008.894,354365440,66366828,691,28,44,38,23647,21923,931,0.335,15,500,0,59.781,155.646,1
100000,66,Rows,2009.154,354426880,64350428,691,30,44,38,23650,21926,932,0.258,15,500,0,69.574,186.241,1
100000,66,Rows,2009.331,354422784,66681832,691,32,44,38,23651,21927,932,0.241,15,500,0,35.213,138.385,1
100000,66,Rows,2009.617,354820096,64176388,691,34,44,38,23654,21929,933,0.278,15,500,0,71.218,211.524,1
100000,66,Rows,2009.839,354820096,64474524,691,36,44,38,23656,21931,933,0.261,15,500,0,72.684,144.665,1
100000,66,Rows,2010.029,355221504,66797928,691,38,44,38,23657,21932,933,0.236,15,500,0,39.223,146.116,1
100000,66,Rows,2010.305,355225600,64595060,691,40,44,38,23660,21934,934,1.327,15,500,0,74.850,197.383,1
100000,66,Rows,2010.536,355225600,64187648,691,42,44,38,23662,21936,934,0.490,15,500,0,68.167,157.139,1
100000,66,Grid,2010.957,355237888,64250540,691,46,44,38,23666,21939,935,0.357,13,500,0,179.183,220.635,1
100000,66,Grid,2011.187,355237888,64611856,691,28,44,38,23668,21941,935,0.485,13,500,0,67.886,157.365,1
100000,66,Grid,2011.373,355635200,67106048,691,30,44,38,23669,21942,935,0.242,13,500,0,41.395,138.713,1
100000,66,Grid,2011.659,355639296,64249156,691,32,44,38,23672,21944,936,0.295,13,500,0,73.675,208.732,1
100000,66,Grid,2011.881,355639296,64560404,691,34,44,38,23674,21946,936,0.266,13,500,0,73.041,145.316,1
100000,66,Grid,2012.069,355639296,67033512,691,36,44,38,23675,21947,936,0.230,13,500,0,43.085,141.301,1
100000,66,Grid,2012.353,355639296,64031724,691,38,44,38,23678,21949,937,0.270,13,500,0,69.326,211.047,1
100000,66,Grid,2012.577,355639296,64820364,691,40,44,38,23680,21951,937,0.270,13,500,0,76.663,144.884,1
100000,66,Grid,2012.766,355635200,67248248,691,42,44,38,23681,21952,937,0.268,13,500,0,48.947,136.745,1
100000,66,Grid,2013.056,355639296,63876556,691,44,44,38,23684,21954,938,0.238,13,500,0,69.174,217.240,1
100000,66,before_idle,2015.571,370630656,61341628,728,30,46,38,23699,21968,939,0.185,17,500,0,0.000,0.000,1
100000,66,after_idle,2035.590,348942336,68702280,722,28,45,36,23796,22065,939,0.300,1,500,0,0.000,0.000,0
100000,67,Rows,2038.427,354258944,118680928,699,27,45,38,23828,22094,942,1.771,1042,500,0,110.044,260.264,1
100000,67,Rows,2038.592,352825344,112008540,699,28,45,38,23830,22096,943,0.312,787,500,0,9.031,151.604,1
100000,67,Rows,2041.424,352378880,89645008,688,30,44,36,23846,22108,944,0.174,21,500,0,2710.357,118.630,1
100000,67,Rows,2041.671,352768000,65152256,689,30,44,37,23848,22110,945,0.865,14,500,0,27.089,214.089,1
100000,67,Rows,2041.873,356204544,66765556,689,31,44,37,23850,22110,945,0.492,12,500,0,60.841,134.239,1
100000,67,Rows,2042.153,352997376,63739520,689,32,44,37,23853,22113,946,0.243,12,500,0,81.876,193.644,1
100000,67,Rows,2042.344,353480704,66948076,689,34,44,37,23854,22114,946,0.274,12,500,0,46.145,141.597,1
100000,67,Rows,2042.630,352788480,64358716,689,36,44,37,23857,22116,947,0.248,11,500,0,77.645,202.220,1
100000,67,Rows,2042.868,353198080,64995840,689,38,44,37,23859,22118,947,0.275,11,500,0,77.330,157.205,1
100000,67,Rows,2043.054,353521664,67337040,689,40,44,37,23860,22119,947,0.246,11,500,0,38.655,144.714,1
100000,67,Grid,2043.595,269766656,66681428,689,44,44,37,23865,22122,949,0.258,10,500,0,238.368,283.354,1
100000,67,Grid,2043.818,269762560,66823260,689,46,44,37,23867,22123,949,0.276,10,500,0,70.479,148.325,1
100000,67,Grid,2044.063,270340096,64553096,689,28,44,37,23870,22125,950,0.310,10,500,0,70.228,171.984,1
100000,67,Grid,2044.274,270852096,65064408,689,30,44,37,23872,22127,950,0.261,10,500,0,72.541,133.232,1
100000,67,Grid,2044.491,271155200,61114368,689,32,44,37,23875,22129,951,0.252,10,500,0,49.015,165.226,1
100000,67,Grid,2044.686,271155200,66444624,689,34,44,37,23876,22130,951,0.270,10,500,0,36.696,125.285,1
100000,67,Grid,2044.927,270876672,64629204,689,36,44,37,23879,22132,952,0.710,10,500,0,69.968,167.641,1
100000,67,Grid,2045.141,271077376,65087808,689,38,44,37,23881,22134,952,0.280,10,500,0,71.468,136.339,1
100000,67,Grid,2045.362,271388672,63788380,689,40,44,37,23884,22136,953,0.270,10,500,0,63.639,154.403,1
100000,67,Grid,2045.537,272080896,65948656,689,42,44,37,23885,22137,953,0.256,10,500,0,43.842,127.385,1
100000,67,before_idle,2048.014,290811904,63804888,725,30,46,37,23900,22151,954,0.590,15,500,0,0.000,0.000,1
100000,67,after_idle,2068.026,270200832,65503604,713,26,43,35,24002,22252,954,0.041,3,500,0,0.000,0.000,1
100000,68,Rows,2070.677,330338304,123100572,692,27,44,37,24030,22279,955,0.285,1043,500,0,111.471,254.922,1
100000,68,Rows,2073.433,332492800,64028736,687,27,44,36,24048,22293,957,0.226,21,500,0,2532.239,220.539,1
100000,68,Rows,2073.621,333586432,66687532,688,28,44,37,24049,22294,957,0.390,15,500,0,44.965,139.806,1
100000,68,Rows,2073.871,332709888,64626112,688,30,44,37,24052,22296,958,0.249,15,500,0,59.966,186.737,1
100000,68,Rows,2074.082,332931072,64123924,688,32,44,37,24054,22298,958,0.242,15,500,0,72.506,135.648,1
100000,68,Rows,2074.267,333783040,66514124,688,34,44,37,24055,22299,958,0.507,15,500,0,49.111,131.525,1
100000,68,Rows,2074.513,332767232,64442848,688,36,44,37,24058,22302,959,0.250,15,500,0,68.311,173.599,1
100000,68,Rows,2074.693,333324288,66756760,688,38,44,37,24059,22303,959,0.258,15,500,0,40.327,136.398,1
100000,68,Rows,2074.950,332496896,64262912,688,40,44,37,24062,22305,960,0.267,15,500,0,74.224,179.469,1
100000,68,Rows,2075.146,332849152,64574348,688,42,44,37,24064,22307,960,0.237,15,500,0,61.577,131.002,1
100000,68,Grid,2075.495,332599296,65627128,688,46,44,37,24068,22310,961,0.259,13,500,0,166.042,167.557,1
100000,68,Grid,2075.698,332845056,64958248,688,28,44,37,24070,22312,961,0.233,13,500,0,60.068,137.688,1
100000,68,Grid,2075.871,333463552,67397660,688,30,44,37,24071,22313,961,0.256,13,500,0,45.685,123.612,1
100000,68,Grid,2076.124,332656640,64813284,688,32,44,37,24074,22315,962,0.430,13,500,0,69.923,178.934,1
100000,68,Grid,2076.334,332951552,64762264,688,34,44,37,24076,22317,962,0.628,13,500,0,71.230,134.467,1
100000,68,Grid,2076.521,333303808,67197656,688,36,44,37,24077,22318,962,0.278,13,500,0,44.479,137.651,1
100000,68,Grid,2076.767,332984320,64599792,688,38,44,37,24080,22320,963,0.260,13,500,0,56.992,185.317,1
100000,68,Grid,2076.973,332648448,65077964,688,40,44,37,24082,22322,963,0.241,13,500,0,69.073,132.932,1
100000,68,Grid,2077.208,333369344,61047068,688,42,44,37,24085,22324,964,0.224,13,500,0,51.013,181.220,1
100000,68,Grid,2077.389,333369344,66296484,688,44,44,37,24086,22325,964,0.251,13,500,0,44.722,113.414,1
100000,68,before_idle,2079.863,351653888,65073844,726,30,47,37,24102,22339,965,0.445,17,500,0,0.000,0.000,1
100000,68,after_idle,2099.926,330371072,64416780,714,26,44,35,24201,22437,965,0.051,3,500,0,0.000,0.000,1
100000,69,Rows,2102.607,343105536,119670484,691,27,44,37,24230,22464,967,0.752,1042,500,0,100.986,272.676,1
100000,69,Rows,2105.423,345251840,64158352,686,27,44,36,24249,22477,970,0.212,21,500,0,2587.118,223.205,1
100000,69,Rows,2105.602,346210304,66836208,687,28,44,37,24250,22478,970,0.444,15,500,0,36.870,138.213,1
100000,69,Rows,2105.855,345321472,64249864,687,30,44,37,24253,22480,971,0.238,15,500,0,63.989,185.735,1
100000,69,Rows,2106.076,345628672,64374328,687,32,44,37,24255,22482,971,0.261,15,500,0,65.733,151.432,1
100000,69,Rows,2106.275,346341376,66710088,687,34,44,37,24256,22483,971,0.289,15,500,0,45.458,148.539,1
100000,69,Rows,2106.555,344940544,64253080,687,36,44,37,24259,22485,972,0.273,15,500,0,60.221,216.844,1
100000,69,Rows,2106.785,345153536,64107840,687,38,44,37,24261,22487,972,0.260,15,500,0,74.496,151.457,1
100000,69,Rows,2106.969,345731072,66504884,687,40,44,37,24262,22488,972,0.254,15,500,0,37.542,140.436,1
100000,69,Rows,2107.217,344715264,64425076,687,42,44,37,24265,22491,973,0.260,15,500,0,56.068,188.223,1
100000,69,Grid,2107.533,345395200,66447076,687,46,44,37,24268,22493,973,0.286,13,500,0,172.306,126.957,1
100000,69,Grid,2107.794,345600000,64453576,687,28,44,37,24271,22495,974,0.312,13,500,0,69.344,188.064,1
100000,69,Grid,2107.968,346525696,66582424,687,30,44,37,24272,22496,974,0.246,13,500,0,42.142,127.365,1
100000,69,Grid,2108.223,345968640,64306416,687,32,44,37,24275,22498,975,0.275,13,500,0,64.378,186.603,1
100000,69,Grid,2108.427,346099712,65074580,687,34,44,37,24277,22500,975,0.260,13,500,0,67.481,133.706,1
100000,69,Grid,2108.671,346431488,63704024,687,36,44,37,24280,22502,976,0.595,13,500,0,63.021,177.574,1
100000,69,Grid,2108.848,347160576,65793024,687,38,44,37,24281,22503,976,0.248,13,500,0,38.638,134.518,1
100000,69,Grid,2109.092,346390528,64535520,687,40,44,37,24284,22506,977,0.259,13,500,0,61.392,179.240,1
100000,69,Grid,2109.260,346677248,66960844,687,42,44,37,24285,22507,977,0.250,13,500,0,33.098,131.826,1
100000,69,Grid,2109.513,346148864,64181112,687,44,44,37,24288,22509,978,0.256,13,500,0,63.082,185.873,1
100000,69,before_idle,2111.594,357408768,61354384,726,30,47,37,24302,22522,979,0.167,17,500,0,0.000,0.000,1
100000,69,after_idle,2131.608,335880192,63788184,715,28,44,35,24401,22620,979,0.055,1,500,0,0.000,0.000,0
100000,70,Rows,2134.306,346857472,125647184,692,27,44,37,24430,22647,981,0.373,1042,500,0,75.177,270.809,1
100000,70,Rows,2137.114,345960448,64365200,687,27,44,36,24449,22661,984,0.231,21,500,0,2559.544,243.863,1
100000,70,Rows,2137.304,346365952,67722120,688,28,44,37,24450,22662,984,0.328,15,500,0,72.379,114.143,1
100000,70,Rows,2137.554,346038272,64292524,688,30,44,37,24453,22664,985,0.251,15,500,0,61.609,185.666,1
100000,70,Rows,2137.761,346509312,65455752,688,32,44,37,24455,22665,985,0.384,15,500,0,64.264,139.449,1
100000,70,Rows,2138.005,346509312,64109128,688,34,44,37,24458,22667,986,0.267,15,500,0,63.313,175.219,1
100000,70,Rows,2138.195,347193344,66064620,688,36,44,37,24459,22668,986,0.244,15,500,0,48.747,137.870,1
100000,70,Rows,2138.461,346357760,64379088,688,38,44,37,24462,22670,987,0.273,15,500,0,74.611,187.370,1
100000,70,Rows,2138.690,346677248,64072832,688,40,44,37,24464,22672,987,0.268,15,500,0,76.781,147.986,1
100000,70,Rows,2138.877,347693056,66456748,688,42,44,37,24465,22673,987,0.270,15,500,0,46.991,136.165,1
100000,70,Grid,2139.392,270168064,66588928,688,46,44,37,24470,22676,989,0.255,13,500,0,222.744,272.497,1
100000,70,Grid,2139.574,270311424,66636044,688,28,44,37,24472,22677,989,0.261,13,500,0,61.568,117.757,1
100000,70,Grid,2139.814,270798848,64686352,688,30,44,37,24475,22679,990,0.264,13,500,0,64.946,171.063,1
100000,70,Grid,2140.018,271171584,64468300,688,32,44,37,24477,22681,990,0.240,13,500,0,68.184,131.992,1
100000,70,Grid,2140.187,271802368,66954184,689,34,44,37,24478,22682,990,0.234,13,500,0,34.190,131.694,1
100000,70,Grid,2140.431,271908864,64690816,688,36,44,37,24481,22684,991,0.257,13,500,0,69.407,168.461,1
100000,70,Grid,2140.622,272068608,64725016,688,38,44,37,24483,22686,991,0.356,13,500,0,65.566,121.734,1
100000,70,Grid,2140.800,271859712,67169948,688,40,44,37,24484,22687,991,0.260,13,500,0,39.454,134.438,1
100000,70,Grid,2141.033,271556608,64782564,688,42,44,37,24487,22689,992,0.247,13,500,0,55.933,174.555,1
100000,70,Grid,2141.234,271667200,65000384,688,44,44,37,24489,22691,992,0.370,13,500,0,66.903,129.907,1
100000,70,before_idle,2143.697,291872768,63132368,726,30,47,37,24503,22704,993,0.228,15,500,0,0.000,0.000,1
100000,70,after_idle,2163.712,269598720,67626856,714,26,44,35,24601,22801,993,0.060,1,500,0,0.000,0.000,0
100000,71,Rows,2166.392,331198464,124344152,691,27,44,37,24629,22828,994,0.279,1042,500,0,112.525,253.279,1
100000,71,Rows,2169.114,332214272,64618324,686,27,44,36,24648,22841,997,0.228,21,500,0,2517.564,200.920,1
100000,71,Rows,2169.296,333463552,67291296,687,28,44,37,24649,22842,997,0.405,15,500,0,39.500,138.832,1
100000,71,Rows,2169.559,332881920,64167416,687,30,44,37,24652,22844,998,0.242,15,500,0,74.247,185.519,1
100000,71,Rows,2169.766,333144064,64901404,687,32,44,37,24654,22846,998,0.629,15,500,0,70.071,133.617,1
100000,71,Rows,2169.948,333561856,67134772,687,34,44,37,24655,22847,998,0.320,15,500,0,43.262,133.884,1
100000,71,Rows,2170.208,333246464,64583356,687,36,44,37,24658,22849,999,0.555,15,500,0,72.233,183.923,1
100000,71,Rows,2170.418,333467648,64652520,687,38,44,37,24660,22851,999,0.286,15,500,0,70.620,133.039,1
100000,71,Rows,2170.594,334286848,66950576,687,40,44,37,24661,22852,999,0.250,15,500,0,45.753,124.793,1
100000,71,Rows,2170.849,333443072,64353460,687,42,44,37,24664,22854,1000,0.243,15,500,0,64.796,185.378,1
100000,71,Grid,2171.179,334479360,64532276,687,46,44,37,24668,22856,1000,0.505,13,500,0,163.540,149.911,1
100000,71,Grid,2171.351,334901248,66878100,687,28,44,37,24669,22857,1000,0.260,13,500,0,32.700,135.492,1
100000,71,Grid,2171.597,334344192,64561932,687,30,44,37,24672,22859,1001,0.253,13,500,0,61.612,181.334,1
100000,71,Grid,2171.805,334520320,64468312,687,32,44,37,24674,22861,1001,0.254,13,500,0,64.669,138.526,1
100000,71,Grid,2171.974,334991360,66952792,687,34,44,37,24675,22862,1001,0.242,13,500,0,39.003,126.412,1
100000,71,Grid,2172.215,334147584,64644552,687,36,44,37,24678,22864,1002,0.266,13,500,0,59.804,177.714,1
100000,71,Grid,2172.414,334462976,64729668,687,38,44,37,24680,22866,1002,0.254,13,500,0,64.998,131.466,1
100000,71,Grid,2172.580,334794752,67172692,687,40,44,37,24681,22867,1002,0.237,13,500,0,41.631,120.205,1
100000,71,Grid,2172.820,334622720,64776180,687,42,44,37,24684,22869,1003,0.259,13,500,0,65.255,170.603,1
100000,71,Grid,2173.018,334831616,65007404,687,44,44,37,24686,22871,1003,0.242,13,500,0,63.836,130.894,1
100000,71,before_idle,2175.628,292708352,66360264,724,30,46,37,24700,22884,1005,0.378,15,500,0,0.000,0.000,1
100000,71,after_idle,2195.648,272154624,68438396,716,26,44,35,24798,22980,1005,0.203,1,500,0,0.000,0.000,0
100000,72,Rows,2198.386,332828672,108096648,693,27,44,37,24829,23009,1007,0.381,1042,500,0,104.353,266.229,1
100000,72,Rows,2198.521,330575872,105605584,693,28,44,37,24830,23010,1007,0.227,718,500,0,10.393,121.877,1
100000,72,Rows,2201.269,327815168,64740728,688,30,44,36,24848,23023,1010,0.319,21,500,0,2535.571,207.135,1
100000,72,Rows,2201.514,327917568,64990952,689,29,44,37,24850,23025,1010,0.321,15,500,0,76.880,164.665,1
100000,72,Rows,2201.703,328753152,67343044,689,30,44,37,24851,23026,1010,0.279,15,500,0,52.021,133.581,1
100000,72,Rows,2201.963,327913472,64456716,689,32,44,37,24854,23028,1011,0.252,15,500,0,63.070,193.626,1
100000,72,Rows,2202.196,328257536,64618916,689,34,44,37,24856,23030,1011,0.245,15,500,0,75.045,154.677,1
100000,72,Rows,2202.375,329129984,67001156,689,36,44,37,24857,23031,1011,0.248,15,500,0,45.604,130.283,1
100000,72,Rows,2202.639,328646656,64549820,689,38,44,37,24860,23033,1012,0.766,15,500,0,72.126,188.016,1
100000,72,Rows,2202.849,329011200,64641460,689,40,44,37,24862,23035,1012,0.284,15,500,0,63.646,140.626,1
100000,72,Grid,2203.237,329175040,64446880,689,44,44,37,24866,23038,1013,0.253,13,500,0,182.335,185.799,1
100000,72,Grid,2203.448,329437184,65227540,689,46,44,37,24868,23040,1013,0.277,13,500,0,65.286,142.398,1
100000,72,Grid,2203.673,330063872,64806036,689,28,44,37,24870,23042,1014,0.244,13,500,0,36.690,185.421,1
100000,72,Grid,2203.871,330121216,66358428,689,30,44,37,24872,23043,1014,0.250,13,500,0,68.271,126.364,1
100000,72,Grid,2204.118,329539584,64245544,689,32,44,37,24875,23045,1015,0.254,13,500,0,76.372,167.338,1
100000,72,Grid,2204.339,329867264,64963860,689,34,44,37,24877,23047,1015,0.267,13,500,0,76.815,140.452,1
100000,72,Grid,2204.599,331640832,64173980,689,36,44,37,24880,23050,1016,0.274,13,500,0,38.422,218.338,1
100000,72,Grid,2204.773,330145792,67762044,689,38,44,37,24881,23051,1016,0.241,13,500,0,73.843,97.142,1
100000,72,Grid,2205.029,329543680,64301404,689,40,44,37,24884,23053,1017,0.274,13,500,0,75.153,176.657,1
100000,72,Grid,2205.242,329609216,65882288,689,42,44,37,24886,23054,1017,0.278,13,500,0,76.297,133.581,1
100000,72,before_idle,2207.503,349044736,66329144,725,30,46,37,24901,23066,1019,0.356,18,500,0,0.000,0.000,1
100000,72,after_idle,2227.522,327700480,67889916,715,28,44,35,25003,23166,1019,0.063,1,500,0,0.000,0.000,0
100000,73,Rows,2230.210,345956352,117838412,692,27,44,37,25033,23194,1021,0.263,1042,500,0,77.646,289.157,1
100000,73,Rows,2233.248,346185728,64812016,687,27,44,36,25050,23207,1023,0.227,21,500,0,2784.112,249.913,1
100000,73,Rows,2233.479,346476544,64725496,688,28,44,37,25052,23209,1023,0.837,15,500,0,68.905,158.582,1
100000,73,Rows,2233.663,347213824,67051528,688,30,44,37,25053,23210,1023,0.257,15,500,0,38.200,140.216,1
100000,73,Rows,2233.917,346648576,64564044,688,32,44,37,25056,23213,1024,0.659,15,500,0,67.518,183.192,1
100000,73,Rows,2234.098,347086848,66804888,688,34,44,37,25057,23214,1024,0.241,15,500,0,45.688,129.657,1
100000,73,Rows,2234.353,346460160,64179972,688,36,44,37,25060,23216,1025,0.244,15,500,0,67.996,184.279,1
100000,73,Rows,2234.563,346710016,64683716,688,38,44,37,25062,23218,1025,0.278,15,500,0,68.181,137.532,1
100000,73,Rows,2234.748,347250688,66973152,688,40,44,37,25063,23219,1025,0.243,15,500,0,46.436,135.126,1
100000,73,Rows,2235.004,346411008,64377132,688,42,44,37,25066,23221,1026,0.260,15,500,0,59.332,193.233,1
100000,73,Grid,2235.343,346488832,64561664,688,46,44,37,25070,23223,1026,0.391,13,500,0,164.899,153.577,1
100000,73,Grid,2235.522,347435008,66906924,688,28,44,37,25071,23224,1026,0.390,13,500,0,40.316,135.429,1
100000,73,Grid,2235.775,346730496,64319292,688,30,44,37,25074,23226,1027,0.457,13,500,0,65.055,183.661,1
100000,73,Grid,2235.978,346898432,64548628,688,32,44,37,25076,23228,1027,0.231,13,500,0,62.155,135.372,1
100000,73,Grid,2236.145,347910144,67020728,688,34,44,37,25077,23229,1027,0.240,13,500,0,38.329,125.858,1
100000,73,Grid,2236.394,347082752,64180696,688,36,44,37,25080,23231,1028,0.266,13,500,0,64.779,180.240,1
100000,73,Grid,2236.597,347402240,64856244,688,38,44,37,25082,23233,1028,0.265,13,500,0,65.784,133.533,1
100000,73,Grid,2236.789,347676672,67273380,688,40,44,37,25083,23234,1028,0.333,13,500,0,42.615,145.977,1
100000,73,Grid,2237.051,346886144,64500528,688,42,44,37,25086,23236,1029,0.363,13,500,0,67.487,189.689,1
100000,73,Grid,2237.261,347070464,65217712,688,44,44,37,25088,23238,1029,0.490,13,500,0,66.600,135.816,1
100000,73,before_idle,2239.415,366673920,64154084,726,30,47,37,25103,23250,1031,0.190,15,500,0,0.000,0.000,1
100000,73,after_idle,2259.422,345481216,66454304,709,26,44,36,25202,23347,1031,0.057,1,500,0,0.000,0.000,0
100000,74,Rows,2262.200,348823552,116507500,692,27,44,37,25233,23375,1034,0.281,1042,500,0,106.251,267.417,1
100000,74,Rows,2264.969,348880896,64534576,687,27,44,36,25250,23389,1036,0.222,21,500,0,2547.476,218.006,1
100000,74,Rows,2265.202,348958720,64784792,688,28,44,37,25252,23391,1036,0.340,15,500,0,71.359,158.559,1
100000,74,Rows,2265.383,348966912,67099220,688,30,44,37,25253,23392,1036,0.234,15,500,0,42.122,135.676,1
100000,74,Rows,2265.635,348958720,64839664,688,32,44,37,25256,23394,1037,0.240,15,500,0,67.412,180.547,1
100000,74,Rows,2265.805,348958720,66965336,688,34,44,37,25257,23395,1037,0.530,15,500,0,72.352,94.369,1
100000,74,Rows,2266.071,348958720,64171680,688,36,44,37,25260,23398,1038,0.253,15,500,0,66.071,194.224,1
100000,74,Rows,2266.272,348971008,65795744,688,38,44,37,25262,23399,1038,0.223,15,500,0,65.866,132.426,1
100000,74,Rows,2266.535,348962816,64400132,688,40,44,37,25265,23401,1039,0.229,15,500,0,64.607,195.272,1
100000,74,Rows,2266.716,348971008,66324956,688,42,44,37,25266,23402,1039,0.261,15,500,0,42.024,135.847,1
100000,74,Grid,2267.124,348975104,63950436,688,46,44,37,25271,23405,1040,0.256,13,500,0,189.967,199.529,1
100000,74,Grid,2267.300,348975104,67626016,688,28,44,37,25272,23406,1040,0.245,13,500,0,71.903,100.303,1
100000,74,Grid,2267.558,348975104,61380352,688,30,44,37,25276,23409,1041,0.302,13,500,0,69.847,185.727,1
100000,74,Grid,2267.759,348983296,66402904,688,32,44,37,25277,23410,1041,0.282,13,500,0,39.244,129.152,1
100000,74,Grid,2268.032,349655040,64721888,688,34,44,37,25280,23412,1042,0.249,13,500,0,78.144,191.176,1
100000,74,Grid,2268.243,349655040,64723192,688,36,44,37,25282,23414,1042,0.287,13,500,0,68.065,138.979,1
100000,74,Grid,2268.416,349388800,67159020,688,38,44,37,25283,23415,1042,0.251,13,500,0,39.419,130.948,1
100000,74,Grid,2268.686,349642752,63949752,688,40,44,37,25286,23417,1043,0.257,13,500,0,59.363,207.477,1
100000,74,Grid,2268.910,349642752,65006112,688,42,44,37,25288,23419,1043,0.522,13,500,0,71.220,148.830,1
100000,74,Grid,2269.136,349642752,64783724,688,44,44,37,25290,23421,1044,0.239,13,500,0,35.145,187.507,1
100000,74,before_idle,2271.775,290787328,61354448,724,30,46,37,25305,23435,1046,0.475,17,500,0,0.000,0.000,1
100000,74,after_idle,2291.783,269115392,67641200,720,28,44,35,25404,23533,1046,0.128,1,500,0,0.000,0.000,0
100000,75,Rows,2294.502,330584064,119478064,692,27,44,37,25434,23562,1047,0.263,1042,500,0,90.323,278.896,1
100000,75,Rows,2294.652,331354112,103867460,692,28,44,37,25435,23563,1048,1.099,736,500,0,8.953,136.168,1
100000,75,Rows,2297.404,331022336,64532492,687,30,44,36,25454,23575,1051,0.259,21,500,0,2567.329,179.887,1
100000,75,Rows,2297.642,331595776,64764964,688,29,44,37,25456,23577,1052,0.435,15,500,0,49.382,183.998,1
100000,75,Rows,2297.838,331595776,66077132,688,30,44,37,25458,23578,1052,0.254,15,500,0,67.173,124.416,1
100000,75,Rows,2298.097,331137024,64708144,688,32,44,37,25461,23580,1053,0.260,15,500,0,69.473,186.934,1
100000,75,Rows,2298.317,331370496,64239232,688,34,44,37,25463,23582,1053,0.252,15,500,0,72.071,143.220,1
100000,75,Rows,2298.494,332083200,66689980,688,36,44,37,25464,23583,1053,0.276,15,500,0,38.313,135.394,1
100000,75,Rows,2298.747,331173888,64686500,688,38,44,37,25467,23585,1054,0.306,15,500,0,62.640,186.314,1
100000,75,Rows,2298.961,331407360,64257912,688,40,44,37,25469,23587,1054,0.238,15,500,0,68.347,142.695,1
100000,75,Grid,2299.323,331059200,64522460,688,44,44,37,25473,23590,1055,0.264,13,500,0,163.422,180.054,1
100000,75,Grid,2299.528,331354112,64822892,688,46,44,37,25475,23592,1055,0.280,13,500,0,71.122,130.472,1
100000,75,Grid,2299.704,331771904,67368720,688,28,44,37,25476,23593,1055,0.290,13,500,0,43.320,128.604,1
100000,75,Grid,2299.958,330952704,64441192,688,30,44,37,25479,23595,1056,0.370,13,500,0,71.474,179.390,1
100000,75,Grid,2300.179,331390976,65031116,688,32,44,37,25481,23597,1056,0.262,13,500,0,74.366,140.154,1
100000,75,Grid,2300.401,331726848,61059752,688,34,44,37,25484,23599,1057,0.273,13,500,0,67.651,151.436,1
100000,75,Grid,2300.591,331726848,66365984,688,36,44,37,25485,23600,1057,0.244,13,500,0,35.326,124.027,1
100000,75,Grid,2300.855,331096064,64524360,688,38,44,37,25488,23602,1058,0.247,13,500,0,68.834,191.486,1
100000,75,Grid,2301.073,331382784,64998712,688,40,44,37,25490,23604,1058,0.289,13,500,0,68.818,145.542,1
100000,75,Grid,2301.322,331698176,63701148,688,42,44,37,25493,23606,1059,0.285,13,500,0,80.621,165.729,1
100000,75,before_idle,2303.945,291450880,61346988,726,30,47,37,25507,23620,1061,0.256,17,500,0,0.000,0.000,1
100000,75,after_idle,2323.961,269619200,65310388,718,26,43,35,25609,23721,1061,0.044,3,500,0,0.000,0.000,1
100000,76,Rows,2326.625,329953280,124007868,692,27,44,37,25637,23748,1062,0.369,1042,500,0,107.178,262.468,1
100000,76,Rows,2329.378,331390976,64345044,688,27,44,37,25656,23761,1065,0.231,21,500,0,2550.358,197.379,1
100000,76,Rows,2329.555,332070912,66997292,688,28,44,37,25657,23762,1065,0.432,15,500,0,40.968,132.492,1
100000,76,Rows,2329.803,331292672,64637344,688,30,44,37,25660,23764,1066,0.290,15,500,0,61.524,182.932,1
100000,76,Rows,2330.003,331628544,64564764,688,32,44,37,25662,23766,1066,0.234,15,500,0,55.838,138.837,1
100000,76,Rows,2330.178,332234752,66871836,688,34,44,37,25663,23767,1066,0.713,15,500,0,32.084,139.215,1
100000,76,Rows,2330.445,331374592,64508264,688,36,44,37,25666,23769,1067,0.251,15,500,0,69.724,190.199,1
100000,76,Rows,2330.654,331681792,64284828,688,38,44,37,25668,23771,1067,0.256,15,500,0,67.431,138.669,1
100000,76,Rows,2330.840,332435456,66647664,688,40,44,37,25669,23772,1067,0.246,15,500,0,40.203,141.886,1
100000,76,Rows,2331.099,331513856,64318168,688,42,44,37,25672,23774,1068,0.256,15,500,0,62.838,193.036,1
100000,76,Grid,2331.436,331374592,66819496,688,46,44,37,25675,23776,1068,0.238,13,500,0,162.825,122.863,1
100000,76,Grid,2331.694,331280384,64167296,688,28,44,37,25678,23778,1069,0.239,13,500,0,70.425,184.274,1
100000,76,Grid,2331.902,331849728,64809372,688,30,44,37,25680,23780,1069,0.269,13,500,0,69.519,135.237,1
100000,76,Grid,2332.123,332124160,64770200,688,32,44,37,25682,23782,1070,0.321,13,500,0,35.762,181.219,1
100000,76,Grid,2332.316,332124160,66113928,688,34,44,37,25684,23783,1070,0.275,13,500,0,68.011,121.948,1
100000,76,Grid,2332.568,331718656,64510556,688,36,44,37,25687,23785,1071,0.261,13,500,0,65.209,183.491,1
100000,76,Grid,2332.777,331890688,64489296,688,38,44,37,25689,23787,1071,0.255,13,500,0,63.508,141.034,1
100000,76,Grid,2332.950,332509184,66972180,688,40,44,37,25690,23788,1071,0.633,13,500,0,45.668,124.052,1
100000,76,Grid,2333.202,331694080,64237412,688,42,44,37,25693,23790,1072,0.298,13,500,0,64.495,181.831,1
100000,76,Grid,2333.418,332288000,64885168,688,44,44,37,25695,23792,1072,0.251,13,500,0,67.929,144.065,1
100000,76,before_idle,2335.886,352067584,63954496,724,30,46,37,25710,23806,1074,0.712,16,500,0,0.000,0.000,1
100000,76,after_idle,2355.895,330698752,64818352,708,26,44,36,25808,23902,1074,0.060,1,500,0,0.000,0.000,0
100000,77,Rows,2358.625,345845760,125360932,691,27,44,37,25837,23929,1076,0.413,1042,500,0,105.547,284.117,1
100000,77,Rows,2361.313,345849856,64419252,686,27,44,36,25856,23942,1079,0.240,21,500,0,2483.033,196.783,1
100000,77,Rows,2361.491,346542080,67076868,687,28,44,37,25857,23943,1079,0.380,15,500,0,42.011,133.034,1
100000,77,Rows,2361.740,345890816,64247152,687,30,44,37,25860,23945,1080,0.258,15,500,0,65.667,179.793,1
100000,77,Rows,2361.939,346124288,64703444,687,32,44,37,25862,23947,1080,0.243,15,500,0,61.594,134.107,1
100000,77,Rows,2362.105,346644480,66980588,687,34,44,37,25863,23948,1080,0.243,15,500,0,35.330,127.627,1
100000,77,Rows,2362.359,345812992,64261232,687,36,44,37,25866,23950,1081,0.253,15,500,0,65.582,184.698,1
100000,77,Rows,2362.565,346165248,64476164,687,38,44,37,25868,23952,1081,0.256,15,500,0,67.061,135.315,1
100000,77,Rows,2362.738,346808320,66801828,687,40,44,37,25869,23953,1081,0.261,15,500,0,33.705,136.118,1
100000,77,Rows,2362.997,345956352,64390648,687,42,44,37,25872,23955,1082,0.307,15,500,0,62.055,194.190,1
100000,77,Grid,2363.340,345894912,64364204,687,46,44,37,25876,23957,1082,0.242,13,500,0,170.580,148.665,1
100000,77,Grid,2363.588,347697152,64706888,687,28,44,37,25878,23959,1083,0.261,13,500,0,42.783,201.314,1
100000,77,Grid,2363.866,346734592,64108432,687,30,44,37,25881,23962,1084,0.255,13,500,0,69.758,203.411,1
100000,77,Grid,2364.044,346992640,67537616,687,32,44,37,25882,23963,1084,0.284,13,500,0,74.171,100.884,1
100000,77,Grid,2364.309,346980352,63663500,687,34,44,37,25886,23966,1085,0.256,13,500,0,55.796,205.466,1
100000,77,Grid,2364.498,347344896,66415816,687,36,44,37,25887,23967,1085,0.276,13,500,0,52.709,131.589,1
100000,77,Grid,2364.756,346492928,64167672,687,38,44,37,25890,23969,1086,0.256,13,500,0,67.471,185.716,1
100000,77,Grid,2364.974,347136000,64800492,687,40,44,37,25892,23971,1086,0.418,13,500,0,75.158,138.850,1
100000,77,Grid,2365.159,347365376,67216508,687,42,44,37,25893,23972,1086,0.253,13,500,0,36.272,143.696,1
100000,77,Grid,2365.403,346869760,64689188,687,44,44,37,25896,23974,1087,0.252,13,500,0,61.363,179.287,1
100000,77,before_idle,2367.918,340156416,61347976,732,30,48,38,25910,23988,1088,0.198,19,500,0,0.000,0.000,1
100000,77,after_idle,2387.926,318410752,65829832,726,26,45,37,26008,24085,1088,0.186,1,500,0,0.000,0.000,0
100000,78,Rows,2390.704,347222016,122650088,698,27,45,39,26037,24113,1089,0.288,1042,500,0,123.509,260.210,1
100000,78,Rows,2390.878,348467200,103884536,698,28,45,39,26039,24115,1090,0.702,745,500,0,8.755,161.066,1
100000,78,Rows,2393.671,348413952,64532816,693,30,45,38,26056,24127,1092,0.235,21,500,0,2576.348,210.345,1
100000,78,Rows,2393.949,336457728,64077724,694,29,45,39,26059,24129,1093,0.834,15,500,0,76.068,197.813,1
100000,78,Rows,2394.144,345968640,66073856,694,30,45,39,26060,24130,1093,0.241,15,500,0,43.936,144.698,1
100000,78,Rows,2394.424,345141248,64353692,694,32,45,39,26063,24132,1094,0.257,15,500,0,74.185,202.772,1
100000,78,Rows,2394.651,346353664,64276520,694,34,45,39,26065,24134,1094,0.244,15,500,0,69.559,154.277,1
100000,78,Rows,2394.838,347037696,66726596,694,36,45,39,26066,24135,1094,0.276,15,500,0,41.787,141.565,1
100000,78,Rows,2395.118,346165248,64164216,694,38,45,39,26069,24137,1095,0.284,15,500,0,75.115,201.473,1
100000,78,Rows,2395.336,346464256,64363148,694,40,45,39,26071,24139,1095,0.225,15,500,0,74.113,140.344,1
100000,78,Grid,2395.724,346849280,64622096,694,44,45,39,26075,24142,1096,0.254,13,500,0,172.979,196.508,1
100000,78,Grid,2395.947,347123712,64939944,694,46,45,39,26077,24144,1096,0.241,13,500,0,80.031,140.132,1
100000,78,Grid,2396.139,347873280,67471096,694,28,45,39,26078,24145,1096,0.285,13,500,0,46.759,141.873,1
100000,78,Grid,2396.402,347623424,64314736,694,30,45,39,26081,24147,1097,0.277,13,500,0,65.070,193.977,1
100000,78,Grid,2396.625,347889664,65215780,694,32,45,39,26083,24149,1097,0.440,13,500,0,68.135,151.979,1
100000,78,Grid,2396.877,348131328,63813324,694,34,45,39,26086,24151,1098,0.295,13,500,0,70.632,176.650,1
100000,78,Grid,2397.075,348770304,65985240,694,36,45,39,26087,24152,1098,0.273,13,500,0,42.249,152.104,1
100000,78,Grid,2397.373,347889664,63952232,694,38,45,39,26090,24155,1099,0.245,13,500,0,76.027,218.713,1
100000,78,Grid,2397.612,348127232,64123964,694,40,45,39,26092,24157,1099,0.252,13,500,0,79.138,156.735,1
100000,78,Grid,2397.800,348901376,66784468,694,42,45,39,26093,24158,1099,0.249,13,500,0,38.866,145.494,1
100000,78,before_idle,2400.536,291270656,64361776,732,30,47,39,26108,24172,1101,0.244,18,500,0,0.000,0.000,1
100000,78,after_idle,2420.571,270921728,64915720,722,26,45,37,26210,24273,1101,0.041,3,500,0,0.000,0.000,1
100000,79,Rows,2423.208,331276288,122624344,699,27,45,39,26238,24300,1102,0.271,1042,500,0,108.053,244.749,1
100000,79,Rows,2425.961,329908224,64316276,694,28,45,38,26258,24313,1106,0.229,21,500,0,2544.213,205.828,1
100000,79,Rows,2426.138,331452416,66998920,695,29,45,39,26259,24314,1106,0.379,15,500,0,47.197,125.819,1
100000,79,Rows,2426.392,330567680,64642584,689,30,44,38,26262,24316,1107,0.247,15,500,0,57.677,192.206,1
100000,79,Rows,2426.592,331489280,64534844,689,32,44,38,26264,24318,1107,0.243,15,500,0,62.178,134.984,1
100000,79,Rows,2426.779,332267520,66852672,689,34,44,38,26265,24319,1107,0.267,15,500,0,44.432,138.378,1
100000,79,Rows,2427.040,331640832,64535772,689,36,44,38,26268,24321,1108,0.637,15,500,0,59.285,197.788,1
100000,79,Rows,2427.305,331935744,64247960,689,38,44,38,26270,24323,1108,0.529,15,500,0,70.846,186.414,1
100000,79,Rows,2427.492,332709888,66626764,689,40,44,38,26271,24324,1108,0.245,15,500,0,46.102,135.712,1
100000,79,Rows,2427.762,331788288,64177564,689,42,44,38,26274,24326,1109,0.249,15,500,0,67.020,199.806,1
100000,79,Grid,2428.080,331669504,66687512,689,46,44,38,26277,24328,1109,0.313,13,500,0,183.711,116.122,1
100000,79,Grid,2428.355,331948032,64777036,689,28,44,38,26280,24330,1110,0.237,13,500,0,70.036,199.630,1
100000,79,Grid,2428.573,332251136,64572944,689,30,44,38,26282,24332,1110,0.245,13,500,0,65.161,150.224,1
100000,79,Grid,2428.755,332619776,67031160,689,32,44,38,26283,24333,1110,0.258,13,500,0,54.229,124.261,1
100000,79,Grid,2429.007,331853824,64321656,689,34,44,38,26286,24335,1111,0.265,13,500,0,62.722,185.949,1
100000,79,Grid,2429.211,332455936,64947372,689,36,44,38,26288,24337,1111,0.473,13,500,0,62.564,137.701,1
100000,79,Grid,2429.449,332693504,64793356,689,38,44,38,26290,24339,1112,0.307,13,500,0,42.900,186.812,1
100000,79,Grid,2429.650,332693504,66194672,689,40,44,38,26292,24340,1112,0.249,13,500,0,72.765,124.946,1
100000,79,Grid,2429.930,332218368,64557104,689,42,44,38,26295,24342,1113,2.792,13,500,0,72.124,202.120,1
100000,79,Grid,2430.154,332173312,64592160,689,44,44,38,26297,24344,1113,0.247,13,500,0,70.778,147.891,1
100000,79,before_idle,2432.663,352157696,63501176,726,30,46,38,26312,24358,1115,0.716,17,500,0,0.000,0.000,1
100000,79,after_idle,2452.680,330088448,63515976,706,28,44,37,26410,24455,1115,0.076,1,500,0,0.000,0.000,0
100000,80,Rows,2455.398,345706496,125753020,694,27,44,38,26439,24482,1117,0.287,1042,500,0,81.167,255.848,1
100000,80,Rows,2458.144,346734592,64665568,690,27,44,38,26458,24496,1120,0.219,21,500,0,2541.790,200.732,1
100000,80,Rows,2458.346,347189248,67392276,690,28,44,38,26459,24497,1120,0.330,15,500,0,45.689,152.762,1
100000,80,Rows,2458.618,346615808,64188052,690,30,44,38,26462,24499,1121,0.238,15,500,0,67.654,201.239,1
100000,80,Rows,2458.833,346877952,65050804,690,32,44,38,26464,24501,1121,0.268,15,500,0,74.399,137.728,1
100000,80,Rows,2459.021,347377664,67269744,690,34,44,38,26465,24502,1121,0.232,15,500,0,44.327,140.039,1
100000,80,Rows,2459.295,347852800,64281012,690,36,44,38,26468,24504,1122,0.264,15,500,0,70.024,200.239,1
100000,80,Rows,2459.513,348475392,64836244,690,38,44,38,26470,24506,1122,0.284,15,500,0,70.581,144.015,1
100000,80,Rows,2459.688,348360704,67092692,690,40,44,38,26471,24507,1122,0.243,15,500,0,41.768,129.556,1
100000,80,Rows,2459.953,348327936,64313160,690,42,44,38,26474,24509,1123,0.270,15,500,0,69.911,191.674,1
100000,80,Grid,2460.301,348577792,64690168,690,46,44,38,26478,24511,1123,0.238,13,500,0,178.515,146.480,1
100000,80,Grid,2460.545,349134848,64897140,690,28,44,38,26480,24513,1124,0.310,13,500,0,36.207,204.482,1
100000,80,Grid,2460.752,349155328,65703684,690,30,44,38,26482,24514,1124,0.604,13,500,0,65.961,135.488,1
100000,80,Grid,2461.023,348753920,64460204,690,32,44,38,26485,24517,1125,0.254,13,500,0,79.535,186.379,1
100000,80,Grid,2461.203,350068736,66894788,690,34,44,38,26486,24518,1125,0.341,13,500,0,43.054,134.024,1
100000,80,Grid,2461.471,349413376,64224292,690,36,44,38,26489,24520,1126,0.274,13,500,0,75.974,185.787,1
100000,80,Grid,2461.686,349069312,65117252,690,38,44,38,26491,24522,1126,0.266,13,500,0,63.265,149.019,1
100000,80,Grid,2461.945,349900800,63694860,690,40,44,38,26494,24524,1127,0.297,13,500,0,60.357,195.461,1
100000,80,Grid,2462.126,350617600,65783592,690,42,44,38,26495,24525,1127,0.312,13,500,0,36.269,140.980,1
100000,80,Grid,2462.398,349597696,64541500,690,44,44,38,26498,24528,1128,0.262,13,500,0,78.011,189.510,1
100000,80,before_idle,2464.829,344764416,61364968,726,30,46,38,26512,24541,1129,0.637,19,500,0,0.000,0.000,1
100000,80,after_idle,2484.834,321540096,64823116,714,28,44,35,26610,24637,1129,0.084,1,500,0,0.000,0.000,0
100000,81,Rows,2487.463,349978624,125823768,691,27,44,37,26638,24664,1130,0.295,1042,500,0,81.513,249.145,1
100000,81,Rows,2490.136,348999680,64211256,686,27,44,36,26657,24678,1133,0.233,21,500,0,2434.556,235.405,1
100000,81,Rows,2490.376,349450240,64383144,687,28,44,37,26659,24680,1133,0.346,15,500,0,80.960,155.451,1
100000,81,Rows,2490.597,350363648,66811668,687,30,44,37,26660,24681,1133,0.254,15,500,0,56.422,158.215,1
100000,81,Rows,2490.859,348409856,64302280,687,32,44,37,26663,24683,1134,0.278,15,500,0,66.373,192.579,1
100000,81,Rows,2491.054,349011968,66251032,687,34,44,37,26664,24684,1134,0.309,15,500,0,34.595,154.129,1
100000,81,Rows,2491.332,348160000,64317288,687,36,44,37,26667,24686,1135,0.247,15,500,0,72.115,200.602,1
100000,81,Rows,2491.559,348499968,64279928,687,38,44,37,26669,24688,1135,0.227,15,500,0,76.013,147.550,1
100000,81,Rows,2491.752,349192192,66635064,687,40,44,37,26670,24689,1135,0.224,15,500,0,49.977,139.312,1
100000,81,Rows,2492.020,348295168,64178252,687,42,44,37,26673,24691,1136,0.246,15,500,0,64.295,200.965,1
100000,81,Grid,2492.355,348168192,66989268,687,46,44,37,26676,24693,1136,0.269,13,500,0,192.517,123.169,1
100000,81,Grid,2492.630,347525120,64414620,687,28,44,37,26679,24695,1137,0.254,13,500,0,69.234,201.350,1
100000,81,Grid,2492.878,347791360,65022040,687,30,44,37,26681,24697,1137,0.265,13,500,0,94.393,149.572,1
100000,81,Grid,2493.119,348110848,61034984,687,32,44,37,26684,24699,1138,0.277,13,500,0,33.723,204.405,1
100000,81,Grid,2493.330,348110848,66284976,687,34,44,37,26685,24700,1138,0.274,13,500,0,54.177,129.532,1
100000,81,Grid,2493.636,347553792,64427840,687,36,44,37,26688,24702,1139,0.277,13,500,0,87.272,214.827,1
100000,81,Grid,2493.857,347893760,64715368,687,38,44,37,26690,24704,1139,0.364,13,500,0,68.212,148.522,1
100000,81,Grid,2494.051,348172288,67155860,687,40,44,37,26691,24705,1139,0.262,13,500,0,51.338,136.897,1
100000,81,Grid,2494.335,347639808,64184288,687,42,44,37,26694,24707,1140,0.284,13,500,0,80.468,199.776,1
100000,81,Grid,2494.560,347799552,65085700,687,44,44,37,26696,24709,1140,0.248,13,500,0,72.203,150.329,1
100000,81,before_idle,2497.279,293654528,63030508,724,30,46,37,26712,24720,1142,1.163,15,500,0,0.000,0.000,1
100000,81,after_idle,2517.303,271716352,64205632,713,26,43,35,26810,24816,1142,0.045,3,500,0,0.000,0.000,1
100000,82,Rows,2519.950,331472896,123372484,692,27,44,37,26838,24843,1143,0.251,1042,500,0,95.777,259.234,1
100000,82,Rows,2522.809,328278016,64803572,687,27,44,36,26856,24857,1146,0.238,21,500,0,2638.122,216.897,1
100000,82,Rows,2523.025,328417280,66300220,688,28,45,37,26858,24858,1146,0.308,16,500,0,70.537,141.844,1
100000,82,Rows,2523.286,326377472,64348892,688,30,44,37,26861,24860,1147,0.335,16,500,0,73.949,183.230,1
100000,82,Rows,2523.451,327417856,66333456,688,32,44,37,26862,24861,1147,0.232,15,500,0,37.284,121.996,1
100000,82,Rows,2523.708,326553600,64453980,688,34,44,37,26865,24863,1148,0.235,15,500,0,69.555,183.501,1
100000,82,Rows,2523.928,326864896,64369408,688,36,44,37,26867,24865,1148,0.233,15,500,0,72.234,144.855,1
100000,82,Rows,2524.106,327573504,66699492,688,38,44,37,26868,24866,1148,0.309,15,500,0,33.799,140.828,1
100000,82,Rows,2524.372,326725632,64379256,688,40,44,37,26871,24868,1149,0.264,15,500,0,63.773,197.867,1
100000,82,Rows,2524.574,326942720,64164284,688,42,44,37,26873,24870,1149,0.229,15,500,0,65.698,133.289,1
100000,82,Grid,2524.960,326672384,64491608,688,46,44,37,26877,24873,1150,0.245,13,500,0,179.927,188.715,1
100000,82,Grid,2525.183,327938048,64529264,688,28,44,37,26879,24875,1150,0.279,13,500,0,68.133,151.526,1
100000,82,Grid,2525.367,328593408,67035680,688,30,44,37,26880,24876,1150,0.715,13,500,0,35.244,144.876,1
100000,82,Grid,2525.634,327770112,64360152,688,32,44,37,26883,24878,1151,0.254,13,500,0,58.207,202.843,1
100000,82,Grid,2525.854,327938048,64187936,688,34,44,37,26885,24880,1151,0.282,13,500,0,69.588,146.947,1
100000,82,Grid,2526.046,329089024,66722312,688,36,44,37,26886,24881,1151,0.289,13,500,0,45.797,142.781,1
100000,82,Grid,2526.313,328216576,64475184,688,38,44,37,26889,24883,1152,0.241,13,500,0,72.121,190.312,1
100000,82,Grid,2526.532,328888320,64446232,688,40,44,37,26891,24885,1152,0.264,13,500,0,70.060,145.803,1
100000,82,Grid,2526.721,329392128,66936920,688,42,44,37,26892,24886,1152,0.472,13,500,0,39.219,144.203,1
100000,82,Grid,2526.979,328548352,64316844,688,44,44,37,26895,24888,1153,0.299,13,500,0,74.096,179.551,1
100000,82,before_idle,2529.185,347222016,61177248,724,30,46,37,26911,24902,1155,0.412,15,500,0,0.000,0.000,1
100000,82,after_idle,2549.238,325591040,64564104,712,28,43,35,27011,25000,1155,0.050,3,500,0,0.000,0.000,1
100000,83,Rows,2552.052,343330816,117005536,691,27,44,37,27041,25028,1157,0.407,1042,500,0,73.925,275.333,1
100000,83,Rows,2555.054,340340736,64794820,686,27,44,36,27058,25042,1159,0.614,21,500,0,2785.086,212.158,1
100000,83,Rows,2555.263,340836352,67656036,687,28,44,37,27059,25043,1159,0.539,15,500,0,81.927,120.611,1
100000,83,Rows,2555.529,339292160,64179076,687,30,44,37,27062,25045,1160,0.234,15,500,0,70.752,191.896,1
100000,83,Rows,2555.753,339415040,65481468,687,32,44,37,27064,25046,1160,0.271,15,500,0,74.150,146.554,1
100000,83,Rows,2556.000,339718144,63824596,687,34,44,37,27067,25048,1161,0.319,15,500,0,54.846,187.925,1
100000,83,Rows,2556.176,340582400,65789604,687,36,44,37,27068,25049,1161,0.250,15,500,0,35.068,135.532,1
100000,83,Rows,2556.451,339550208,64421808,687,38,44,37,27071,25051,1162,0.371,15,500,0,77.954,191.392,1
100000,83,Rows,2556.628,340066304,66348872,687,40,44,37,27072,25052,1162,0.322,15,500,0,42.357,130.788,1
100000,83,Rows,2556.898,339251200,64171732,687,42,44,37,27075,25054,1163,0.263,15,500,0,73.856,191.388,1
100000,83,Grid,2557.244,339345408,64674400,687,46,44,37,27079,25056,1163,0.301,13,500,0,196.509,132.430,1
100000,83,Grid,2557.497,340484096,64664612,687,28,44,37,27081,25058,1164,0.264,13,500,0,48.521,199.071,1
100000,83,Grid,2557.708,340353024,65665088,687,30,44,37,27083,25059,1164,0.269,13,500,0,60.849,146.795,1
100000,83,Grid,2557.974,340000768,64436372,687,32,44,37,27086,25061,1165,0.285,13,500,0,69.786,191.960,1
100000,83,Grid,2558.154,340348928,66508316,687,34,44,37,27087,25062,1165,0.252,13,500,0,36.756,138.729,1
100000,83,Grid,2558.431,339808256,64385628,687,36,44,37,27090,25064,1166,0.264,13,500,0,83.867,189.960,1
100000,83,Grid,2558.636,340217856,65042020,687,38,44,37,27092,25066,1166,0.239,13,500,0,63.403,136.543,1
100000,83,Grid,2558.912,342056960,64124276,687,40,44,37,27095,25069,1167,0.251,13,500,0,54.319,218.204,1
100000,83,Grid,2559.094,340553728,67507408,687,42,44,37,27096,25070,1167,0.239,13,500,0,50.618,127.632,1
100000,83,Grid,2559.364,340545536,64183524,687,44,44,37,27099,25073,1168,0.693,13,500,0,80.740,184.564,1
100000,83,before_idle,2561.756,336617472,61364704,726,30,47,37,27114,25086,1169,0.206,19,500,0,0.000,0.000,1
100000,83,after_idle,2581.794,314937344,68193584,715,28,44,35,27216,25187,1169,0.041,3,500,0,0.000,0.000,1
100000,84,Rows,2584.548,346857472,113296048,692,27,44,37,27246,25215,1171,0.455,1042,500,0,73.199,325.766,1
100000,84,Rows,2587.385,346894336,64787840,687,28,44,36,27263,25228,1173,0.235,21,500,0,2612.175,220.987,1
100000,84,Rows,2587.603,346914816,66004804,688,29,44,37,27265,25229,1173,0.328,15,500,0,68.295,143.780,1
100000,84,Rows,2587.850,347181056,64040184,688,30,44,37,27268,25231,1174,0.527,15,500,0,65.891,176.696,1
100000,84,Rows,2588.029,347934720,66054464,688,32,44,37,27269,25232,1174,0.297,15,500,0,40.119,132.851,1
100000,84,Rows,2588.297,347029504,64143492,688,34,44,37,27272,25234,1175,0.243,15,500,0,67.898,195.639,1
100000,84,Rows,2588.479,347258880,67202172,688,36,44,37,27273,25235,1175,0.248,15,500,0,70.927,106.838,1
100000,84,Rows,2588.741,347324416,64170300,688,38,44,37,27276,25238,1176,2.263,15,500,0,71.832,183.692,1
100000,84,Rows,2588.934,347324416,65979304,688,40,44,37,27278,25239,1176,0.241,15,500,0,51.701,137.129,1
100000,84,Rows,2589.181,347041792,64639900,688,42,44,37,27281,25242,1177,0.275,15,500,0,64.106,179.737,1
100000,84,Grid,2589.506,346914816,66606676,688,46,44,37,27284,25244,1177,0.243,13,500,0,188.288,120.063,1
100000,84,Grid,2589.782,347037696,63993928,688,28,44,37,27287,25247,1178,0.262,13,500,0,68.506,203.053,1
100000,84,Grid,2589.957,347299840,67618304,688,30,44,37,27288,25248,1178,0.254,13,500,0,72.867,99.129,1
100000,84,Grid,2590.222,347299840,64176504,688,32,44,37,27291,25251,1179,0.307,13,500,0,78.842,182.100,1
100000,84,Grid,2590.416,347299840,66351064,688,34,44,37,27293,25252,1179,0.538,13,500,0,57.514,129.440,1
100000,84,Grid,2590.700,346914816,64420432,688,36,44,37,27296,25254,1180,0.272,13,500,0,69.786,203.720,1
100000,84,Grid,2590.924,347095040,64707292,688,38,44,37,27298,25256,1180,0.311,13,500,0,69.845,149.798,1
100000,84,Grid,2591.109,347439104,67145140,688,40,44,37,27299,25257,1180,0.246,13,500,0,37.179,142.674,1
100000,84,Grid,2591.333,346914816,64374988,688,42,44,37,27302,25259,1181,0.233,13,500,0,58.781,161.057,1
100000,84,Grid,2591.515,347111424,65119368,688,44,44,37,27304,25261,1181,0.451,13,500,0,56.598,121.968,1
100000,84,before_idle,2592.882,379084800,62647872,729,32,47,38,27318,25274,1182,0.077,43,500,0,0.000,0.000,1
100000,84,after_idle,2612.923,341172224,67296640,727,28,44,36,27528,25484,1182,0.099,32,500,0,0.000,0.000,1
100000,85,Rows,2616.555,350560256,122021696,704,27,44,38,27559,25513,1184,0.436,1068,500,0,218.672,348.262,1
100000,85,Rows,2616.744,350593024,121289708,704,28,44,38,27560,25514,1184,0.362,797,500,0,12.742,170.651,1
100000,85,Rows,2619.061,349040640,67498888,698,30,44,37,27577,25528,1186,0.188,47,500,0,2101.472,208.620,1
100000,85,Rows,2619.304,350490624,68720416,699,27,45,38,27579,25529,1186,0.309,41,500,0,75.106,164.376,1
100000,85,Rows,2619.749,351170560,66791396,700,28,45,38,27582,25531,1187,0.493,41,500,0,93.783,347.617,1
100000,85,Rows,2620.018,351760384,68885276,699,30,45,38,27583,25532,1187,0.335,41,500,0,51.704,212.601,1
100000,85,Rows,2620.349,351031296,67352476,699,32,45,38,27586,25534,1188,0.238,41,500,0,95.426,230.691,1
100000,85,Rows,2620.558,351916032,67040856,699,34,45,38,27588,25536,1188,0.220,41,500,0,61.815,144.224,1
100000,85,Rows,2620.819,352514048,69463632,699,36,45,38,27589,25537,1188,0.283,41,500,0,44.628,213.490,1
100000,85,Rows,2621.146,351604736,66751256,699,38,45,38,27592,25539,1189,0.228,41,500,0,73.611,249.957,1
100000,85,Grid,2621.575,352337920,67327852,699,42,45,38,27596,25541,1189,0.276,39,500,0,226.792,180.567,1
100000,85,Grid,2621.813,353447936,69693276,699,44,45,38,27597,25542,1189,0.180,39,500,0,63.304,169.927,1
100000,85,Grid,2622.155,352550912,67952312,699,46,45,38,27600,25544,1190,0.253,39,500,0,78.958,259.371,1
100000,85,Grid,2622.400,353034240,67380736,699,28,45,38,27602,25546,1190,0.350,39,500,0,85.892,153.321,1
100000,85,Grid,2622.647,352722944,67721440,699,30,45,38,27604,25548,1191,0.200,39,500,0,41.452,200.926,1
100000,85,Grid,2622.862,352870400,68734540,699,32,45,38,27606,25549,1191,0.191,39,500,0,71.844,139.352,1
100000,85,Grid,2623.144,352370688,67356592,699,34,45,38,27609,25551,1192,0.439,39,500,0,67.776,211.289,1
100000,85,Grid,2623.453,352632832,67262760,699,36,45,38,27611,25553,1192,0.364,39,500,0,82.661,218.497,1
100000,85,Grid,2623.752,352944128,69795684,699,38,45,38,27612,25554,1192,0.195,39,500,0,84.388,206.696,1
100000,85,Grid,2624.156,352411648,66934144,699,40,45,38,27615,25556,1193,0.334,39,500,0,104.610,296.087,1
100000,85,before_idle,2625.757,371732480,67511844,750,32,45,38,27629,25570,1194,0.059,65,500,0,0.000,0.000,1
100000,85,after_idle,2645.889,350486528,67655468,711,28,44,36,27805,25745,1194,0.348,51,500,0,0.000,0.000,1
100000,86,Rows,2649.733,356458496,121796752,704,27,44,38,27835,25772,1197,0.349,1088,500,0,151.524,344.829,1
100000,86,Rows,2649.986,359530496,109670824,704,28,44,38,27837,25774,1198,0.205,853,500,0,11.867,236.484,1
100000,86,Rows,2652.037,360235008,97771636,692,30,43,36,27853,25785,1199,0.189,67,500,0,1900.793,146.605,1
100000,86,Rows,2652.365,359776256,68803716,693,29,43,37,27856,25787,1200,0.357,61,500,0,108.442,215.584,1
100000,86,Rows,2652.728,359776256,70007156,693,30,44,37,27858,25789,1200,0.388,62,500,0,94.386,263.929,1
100000,86,Rows,2653.001,359780352,72351492,693,32,43,37,27859,25790,1200,0.181,62,500,0,66.069,201.582,1
100000,86,Rows,2653.457,359796736,69314780,693,34,43,37,27862,25792,1201,0.253,61,500,0,139.642,313.169,1
100000,86,Rows,2653.830,359796736,70048688,693,36,43,37,27864,25794,1201,0.403,61,500,0,108.476,259.156,1
100000,86,Rows,2654.063,359800832,72393096,693,38,43,37,27865,25795,1201,0.265,61,500,0,57.399,170.191,1
100000,86,Rows,2654.451,359796736,69574352,693,40,43,37,27868,25797,1202,0.502,61,500,0,117.134,264.550,1
100000,86,Grid,2654.832,360566784,70135668,693,44,43,37,27872,25799,1202,0.191,59,500,0,203.450,161.094,1
100000,86,Grid,2655.045,360009728,72568620,693,46,43,37,27873,25800,1202,0.201,59,500,0,43.984,166.140,1
100000,86,Grid,2655.407,360005632,69317348,693,28,43,37,27876,25802,1203,0.209,59,500,0,99.639,258.821,1
100000,86,Grid,2655.705,360005632,70943876,693,30,43,37,27878,25803,1203,0.325,59,500,0,101.294,193.260,1
100000,86,Grid,2656.083,360005632,69310820,693,32,43,37,27881,25805,1204,0.399,59,500,0,86.790,287.763,1
100000,86,Grid,2656.387,360009728,71473676,693,34,43,37,27882,25806,1204,0.213,59,500,0,86.847,209.869,1
100000,86,Grid,2656.780,360566784,69277340,693,36,43,37,27885,25808,1205,0.397,59,500,0,76.169,312.750,1
100000,86,Grid,2657.063,360566784,70046592,693,38,43,37,27887,25810,1205,0.218,59,500,0,133.198,142.947,1
100000,86,Grid,2657.464,360566784,69907732,693,40,43,37,27889,25812,1206,0.237,59,500,0,60.249,336.810,1
100000,86,Grid,2657.746,360566784,71480528,693,42,43,37,27891,25813,1206,0.196,59,500,0,118.260,159.425,1
100000,86,before_idle,2659.461,378544128,68744936,727,32,44,37,27907,25827,1208,0.060,85,500,0,0.000,0.000,1
100000,86,after_idle,2679.531,356388864,73633832,724,28,43,34,28076,25995,1208,0.136,74,500,0,0.000,0.000,1
100000,87,Rows,2683.423,368107520,126722868,696,27,43,36,28107,26024,1210,0.265,1110,500,0,105.093,320.992,1
100000,87,Rows,2685.539,371699712,71940412,691,28,43,35,28123,26039,1211,0.208,89,500,0,1804.249,307.142,1
100000,87,Rows,2685.779,372125696,72597444,692,29,43,36,28125,26041,1211,0.291,83,500,0,62.832,173.650,1
100000,87,Rows,2686.052,372785152,74892628,692,30,43,36,28126,26042,1211,0.317,83,500,0,77.837,192.418,1
100000,87,Rows,2686.433,371990528,72546860,692,32,43,36,28129,26044,1212,0.229,83,500,0,81.038,295.449,1
100000,87,Rows,2686.662,372195328,71675068,692,34,43,36,28131,26046,1212,0.260,83,500,0,78.816,145.724,1
100000,87,Rows,2686.854,373170176,74102808,693,36,43,36,28132,26047,1212,0.506,83,500,0,51.975,136.359,1
100000,87,Rows,2687.178,372056064,72140812,692,38,43,36,28135,26049,1213,0.240,83,500,0,83.430,234.908,1
100000,87,Rows,2687.362,372609024,74134492,692,40,43,36,28136,26050,1213,0.249,83,500,0,56.314,124.503,1
100000,87,Rows,2687.672,371752960,73195888,692,42,43,36,28139,26052,1214,0.424,83,500,0,64.933,241.415,1
100000,87,Grid,2688.169,372043776,72171464,692,46,43,36,28143,26054,1214,0.395,81,500,0,249.410,224.539,1
100000,87,Grid,2688.421,373116928,74538220,692,28,43,36,28144,26055,1214,0.195,81,500,0,55.668,191.458,1
100000,87,Grid,2688.801,372236288,72174356,692,30,43,36,28147,26057,1215,0.201,81,500,0,90.470,286.402,1
100000,87,Grid,2689.076,372408320,72196820,692,32,43,36,28149,26059,1215,0.230,81,500,0,92.037,178.831,1
100000,87,Grid,2689.295,373198848,74691996,692,34,43,36,28150,26060,1215,0.236,81,500,0,64.017,151.336,1
100000,87,Grid,2689.634,372375552,72082144,692,36,43,36,28153,26062,1216,0.265,81,500,0,81.114,254.145,1
100000,87,Grid,2689.881,372662272,72508236,692,38,43,36,28155,26064,1216,0.330,81,500,0,85.515,157.678,1
100000,87,Grid,2690.081,372699136,74955880,692,40,43,36,28156,26065,1216,0.197,81,500,0,40.341,154.436,1
100000,87,Grid,2690.444,372310016,72371468,692,42,43,36,28159,26067,1217,0.203,81,500,0,66.901,291.935,1
100000,87,Grid,2690.667,372461568,72830116,692,44,43,36,28161,26069,1217,0.341,81,500,0,61.437,159.097,1
100000,87,before_idle,2692.277,392384512,70501292,737,30,46,38,28175,26082,1218,0.217,108,500,0,0.000,0.000,1
100000,87,after_idle,2712.339,370229248,74827028,733,28,44,36,28353,26260,1218,0.151,97,500,0,0.000,0.000,1
100000,88,Rows,2716.659,376332288,123321500,705,27,44,38,28384,26288,1221,0.270,1133,500,0,247.448,389.269,1
100000,88,Rows,2716.855,377356288,124686848,705,28,44,38,28386,26290,1222,0.247,911,500,0,10.012,182.067,1
100000,88,Rows,2718.824,377827328,101113932,700,30,44,38,28403,26301,1223,0.198,112,500,0,1755.160,210.748,1
100000,88,Rows,2719.031,378392576,103767360,700,30,44,38,28404,26302,1223,0.255,106,500,0,41.047,162.460,1
100000,88,Rows,2719.474,376508416,75116792,700,31,44,38,28407,26304,1224,0.448,106,500,0,104.750,334.995,1
100000,88,Rows,2719.752,376508416,75217264,700,32,44,38,28409,26306,1224,0.287,106,500,0,86.272,184.733,1
100000,88,Rows,2719.977,376655872,77566504,700,34,44,38,28410,26307,1224,0.228,106,500,0,61.367,160.277,1
100000,88,Rows,2720.255,376651776,73981556,700,36,44,38,28413,26309,1225,0.211,106,500,0,71.027,202.171,1
100000,88,Rows,2720.554,376651776,75115496,700,38,44,38,28415,26311,1225,0.213,106,500,0,97.317,198.061,1
100000,88,Rows,2720.832,376877056,77483936,700,40,44,39,28416,26312,1225,0.201,106,500,0,75.923,197.491,1
100000,88,Grid,2721.323,377270272,75445940,700,44,44,39,28421,26315,1226,0.269,104,500,0,250.490,219.201,1
100000,88,Grid,2721.554,377270272,74848428,700,46,44,39,28423,26317,1226,0.188,104,500,0,79.457,146.894,1
100000,88,Grid,2721.752,377458688,77490304,700,28,44,39,28424,26318,1226,0.343,104,500,0,42.797,151.312,1
100000,88,Grid,2722.182,377270272,75140216,700,30,44,39,28427,26321,1227,0.429,104,500,0,121.656,303.597,1
100000,88,Grid,2722.445,377270272,77883992,700,32,44,39,28428,26322,1227,0.187,104,500,0,99.330,157.703,1
100000,88,Grid,2722.730,377270272,78212536,700,34,44,39,28431,26325,1228,0.424,104,500,0,96.463,185.810,1
100000,88,Grid,2723.023,377417728,76641232,700,36,44,39,28433,26326,1228,0.369,104,500,0,113.074,165.687,1
100000,88,Grid,2723.450,377413632,75099248,700,38,44,39,28436,26328,1229,0.205,104,500,0,107.982,313.161,1
100000,88,Grid,2723.717,377413632,75110296,700,40,44,39,28438,26330,1229,0.292,104,500,0,95.042,169.347,1
100000,88,Grid,2724.007,377405440,73979624,700,42,44,39,28440,26332,1230,0.193,104,500,0,63.246,222.661,1
100000,88,before_idle,2725.685,395362304,74466088,750,32,45,39,28454,26345,1231,0.080,130,500,0,0.000,0.000,1
100000,88,after_idle,2745.754,374263808,75877944,721,28,44,38,28621,26511,1231,0.153,99,500,0,0.000,0.000,1
100000,89,Rows,2749.107,386572288,130956340,706,27,45,39,28651,26539,1233,0.238,1136,500,0,110.400,279.131,1
100000,89,Rows,2749.300,386850816,144604120,706,28,45,39,28653,26541,1234,0.328,914,500,0,9.680,179.473,1
100000,89,Rows,2750.992,387883008,125784756,696,30,44,37,28665,26553,1234,0.229,625,500,0,13.306,1675.631,1
100000,89,Rows,2751.761,386760704,77233636,697,32,44,38,28670,26558,1235,0.210,114,500,0,440.731,324.946,1
100000,89,Rows,2752.012,387158016,76954680,697,29,44,38,28672,26560,1235,0.184,108,500,0,74.803,172.320,1
100000,89,Rows,2752.327,387588096,79285912,697,30,44,38,28673,26561,1235,0.370,108,500,0,62.441,249.867,1
100000,89,Rows,2752.702,386973696,75501696,697,32,44,38,28676,26564,1236,0.605,108,500,0,88.596,280.301,1
100000,89,Rows,2752.945,387182592,76560572,697,34,44,38,28678,26566,1236,0.204,108,500,0,97.785,141.214,1
100000,89,Rows,2753.146,387837952,78958040,697,36,44,38,28679,26567,1236,0.199,108,500,0,45.245,151.748,1
100000,89,Rows,2753.465,386994176,76003064,697,38,44,38,28682,26570,1237,0.470,108,500,0,70.091,245.725,1
100000,89,Grid,2753.873,387186688,76697092,697,42,44,38,28686,26574,1237,0.195,106,500,0,197.078,188.526,1
100000,89,Grid,2754.113,388202496,79410408,697,44,44,38,28687,26575,1237,0.199,106,500,0,68.271,166.987,1
100000,89,Grid,2754.520,387559424,76146292,697,46,44,38,28690,26578,1238,0.236,106,500,0,130.377,272.937,1
100000,89,Grid,2754.809,387883008,77065048,697,28,44,38,28692,26580,1238,0.297,106,500,0,73.737,210.000,1
100000,89,Grid,2755.215,384147456,75590196,697,30,44,38,28695,26583,1239,0.216,106,500,0,98.486,303.848,1
100000,89,Grid,2755.522,389636096,78332164,697,32,44,38,28696,26584,1239,0.195,106,500,0,85.642,218.147,1
100000,89,Grid,2755.992,388902912,76245368,697,34,44,38,28699,26587,1240,0.247,106,500,0,102.964,362.905,1
100000,89,Grid,2756.271,389169152,76054032,697,36,44,38,28701,26589,1240,0.418,106,500,0,89.472,185.240,1
100000,89,Grid,2756.591,389898240,78713064,697,38,44,38,28702,26590,1240,0.443,106,500,0,108.124,204.364,1
100000,89,Grid,2756.970,388939776,76588468,697,40,44,38,28705,26592,1241,0.219,106,500,0,90.903,280.391,1
100000,89,before_idle,2758.402,407789568,80283316,747,32,45,38,28718,26605,1242,0.038,132,500,0,0.000,0.000,1
100000,89,after_idle,2778.424,386609152,78250484,701,28,43,37,28911,26798,1242,0.113,121,500,0,0.000,0.000,1
100000,90,Rows,2782.627,397606912,129540788,700,29,43,38,28943,26827,1245,0.509,1157,500,0,275.941,512.463,1
100000,90,Rows,2782.902,401219584,124433500,700,30,43,38,28945,26829,1246,0.335,869,500,0,35.709,231.753,1
100000,90,Rows,2784.863,399462400,127449548,695,32,43,37,28963,26847,1246,0.246,136,500,0,1761.118,196.069,1
100000,90,Rows,2785.219,401747968,78585372,696,29,43,38,28966,26850,1247,0.198,130,500,0,113.367,239.673,1
100000,90,Rows,2785.466,402120704,79015040,696,30,43,38,28968,26852,1247,0.205,130,500,0,77.646,166.239,1
100000,90,Rows,2785.681,402149376,79395044,696,32,43,38,28970,26854,1247,0.200,130,500,0,46.992,164.186,1
100000,90,Rows,2785.936,405712896,82719892,696,34,43,38,28971,26855,1247,0.280,130,500,0,89.492,161.600,1
100000,90,Rows,2786.234,405712896,83116412,696,36,43,38,28973,26857,1247,0.289,130,500,0,100.240,194.280,1
100000,90,Rows,2786.700,402554880,79064056,696,38,43,38,28976,26860,1248,0.399,130,500,0,84.783,376.114,1
100000,90,Rows,2787.107,402108416,78368624,696,40,43,38,28979,26863,1249,0.229,130,500,0,77.655,323.464,1
100000,90,Grid,2787.605,402210816,80716876,696,44,43,38,28983,26867,1249,0.304,128,500,0,227.083,206.547,1
100000,90,Grid,2787.908,402239488,82854072,696,46,43,38,28986,26870,1250,0.307,128,500,0,89.214,209.513,1
100000,90,Grid,2788.210,402657280,80440088,696,28,43,38,28988,26872,1250,0.252,128,500,0,90.954,193.732,1
100000,90,Grid,2788.546,402649088,79694116,696,30,43,38,28991,26875,1251,0.363,128,500,0,73.807,258.234,1
100000,90,Grid,2788.822,402649088,80302004,696,32,43,38,28993,26877,1251,0.189,128,500,0,111.277,158.971,1
100000,90,Grid,2789.110,402685952,78039040,696,34,43,38,28996,26880,1252,0.221,128,500,0,80.307,203.947,1
100000,90,Grid,2789.321,402685952,80173384,696,36,43,38,28998,26882,1252,0.210,128,500,0,75.258,132.260,1
100000,90,Grid,2789.694,402685952,78342032,696,38,43,38,29001,26885,1253,0.210,128,500,0,76.276,293.561,1
100000,90,Grid,2789.970,402685952,80125748,696,40,43,38,29003,26887,1253,0.191,128,500,0,113.509,159.060,1
100000,90,Grid,2790.335,402685952,79376988,696,42,43,38,29006,26890,1254,0.371,128,500,0,87.188,274.575,1
100000,90,before_idle,2791.901,419041280,79028360,730,30,44,38,29022,26901,1256,0.056,154,500,0,0.000,0.000,1
100000,90,after_idle,2811.971,397942784,78430108,710,28,43,36,29190,27067,1256,0.936,144,500,0,0.000,0.000,1
100000,91,Rows,2815.837,407269376,130175760,698,27,43,37,29222,27096,1259,0.260,1180,500,0,90.454,423.641,1
100000,91,Rows,2816.093,407273472,154319852,698,28,43,37,29223,27097,1260,0.477,986,500,0,21.332,230.083,1
100000,91,Rows,2817.991,409153536,131232860,692,30,43,36,29239,27112,1260,0.206,159,500,0,1769.548,120.583,1
100000,91,Rows,2818.489,409980928,81280580,693,29,43,37,29242,27114,1261,0.256,153,500,0,108.329,386.618,1
100000,91,Rows,2818.806,410533888,83327176,693,30,43,37,29243,27115,1261,0.203,153,500,0,67.449,244.172,1
100000,91,Rows,2819.235,409608192,80981672,693,32,43,37,29246,27117,1262,0.426,153,500,0,92.390,333.291,1
100000,91,Rows,2819.614,409997312,81483516,693,34,43,37,29248,27119,1262,0.349,153,500,0,141.566,232.065,1
100000,91,Rows,2819.867,410808320,83907520,693,36,43,37,29249,27120,1262,0.306,153,500,0,86.979,161.786,1
100000,91,Rows,2820.218,409899008,80685544,693,38,43,37,29252,27122,1263,0.330,153,500,0,77.915,268.551,1
100000,91,Rows,2820.495,410259456,81438152,693,40,43,37,29254,27124,1263,0.332,153,500,0,104.911,167.978,1
100000,91,Grid,2821.033,410025984,81560068,693,44,43,37,29258,27127,1264,0.283,151,500,0,251.427,255.405,1
100000,91,Grid,2821.312,410288128,82023440,693,46,43,37,29260,27129,1264,0.211,151,500,0,82.671,193.216,1
100000,91,Grid,2821.530,410619904,84551980,693,28,43,37,29261,27130,1264,0.335,151,500,0,54.665,159.870,1
100000,91,Grid,2821.923,409935872,80756588,693,30,43,37,29264,27132,1265,0.304,151,500,0,87.523,298.824,1
100000,91,Grid,2822.285,410501120,82084644,693,32,43,37,29266,27134,1265,0.206,151,500,0,112.189,245.974,1
100000,91,Grid,2822.600,410812416,80735724,693,34,43,37,29268,27136,1266,0.243,151,500,0,109.395,202.516,1
100000,91,Grid,2822.854,410812416,84086664,693,36,43,37,29270,27137,1266,0.438,151,500,0,80.187,169.824,1
100000,91,Grid,2823.226,410271744,80694172,693,38,43,37,29273,27139,1267,0.452,151,500,0,115.118,250.043,1
100000,91,Grid,2823.531,410615808,81764092,693,40,43,37,29275,27141,1267,0.423,151,500,0,109.681,188.560,1
100000,91,Grid,2823.784,410890240,84316160,693,42,43,37,29276,27142,1267,0.291,151,500,0,60.209,187.074,1
100000,91,before_idle,2825.455,429535232,79693572,728,32,44,37,29290,27155,1268,0.046,177,500,0,0.000,0.000,1
100000,91,after_idle,2845.515,407674880,83951260,722,28,43,36,29454,27319,1268,0.038,142,500,0,0.000,0.000,1
100000,92,Rows,2849.554,417181696,132490308,699,27,43,37,29485,27347,1271,0.358,1179,500,0,190.821,367.525,1
100000,92,Rows,2849.830,418545664,142608704,699,28,43,37,29487,27349,1272,0.469,1089,500,0,10.309,260.493,1
100000,92,Rows,2851.803,420274176,131091464,693,30,43,36,29503,27360,1272,0.416,158,500,0,1784.738,180.796,1
100000,92,Rows,2852.299,420982784,83400084,694,30,43,37,29505,27362,1273,0.328,152,500,0,80.107,409.252,1
100000,92,Rows,2852.684,420352000,82188340,694,31,43,37,29508,27365,1274,0.250,152,500,0,98.858,280.970,1
100000,92,Rows,2852.898,420356096,85463528,694,32,43,37,29509,27366,1274,0.201,152,500,0,56.596,151.746,1
100000,92,Rows,2853.230,420352000,82714736,694,34,43,37,29512,27368,1275,0.444,152,500,0,84.981,243.218,1
100000,92,Rows,2853.482,420663296,83581040,694,36,43,37,29514,27370,1275,0.203,152,500,0,85.094,161.144,1
100000,92,Rows,2853.831,420745216,82678252,693,38,43,38,29516,27372,1276,0.226,152,500,0,50.169,294.822,1
100000,92,Rows,2854.130,420745216,85175816,693,40,43,38,29518,27374,1276,0.429,152,500,0,94.743,198.445,1
100000,92,Grid,2855.228,292196352,82388432,692,44,43,37,29524,27378,1278,0.425,150,500,0,429.782,639.471,1
100000,92,Grid,2855.500,292581376,85114056,693,46,43,38,29525,27379,1278,0.307,150,500,0,74.529,190.457,1
100000,92,Grid,2855.894,292601856,82752856,693,28,43,38,29528,27381,1279,0.212,150,500,0,94.263,295.755,1
100000,92,Grid,2856.187,293007360,82939780,693,30,43,38,29530,27383,1279,0.185,150,500,0,98.498,189.925,1
100000,92,Grid,2856.461,293302272,85549408,693,32,43,38,29531,27384,1279,0.212,150,500,0,55.185,214.732,1
100000,92,Grid,2856.793,294031360,82754920,693,34,43,38,29534,27386,1280,0.357,150,500,0,85.384,242.476,1
100000,92,Grid,2857.026,294330368,83586988,693,36,43,38,29536,27388,1280,0.426,150,500,0,69.976,159.989,1
100000,92,Grid,2857.308,294469632,82704216,693,38,43,38,29538,27390,1281,0.221,150,500,0,90.626,185.185,1
100000,92,Grid,2857.512,294469632,84813836,693,40,43,38,29540,27391,1281,0.258,150,500,0,67.362,133.639,1
100000,92,Grid,2857.841,294469632,83004020,693,42,43,38,29543,27393,1282,0.217,150,500,0,79.475,246.739,1
100000,92,before_idle,2859.273,312606720,82988552,744,32,44,38,29558,27405,1283,0.175,176,500,0,0.000,0.000,1
100000,92,after_idle,2879.300,292331520,87224968,726,28,43,37,29729,27575,1283,0.217,144,500,0,0.000,0.000,1
100000,93,Rows,2883.395,353202176,141201288,700,27,44,38,29759,27604,1284,0.242,1180,500,0,151.059,375.080,1
100000,93,Rows,2883.655,353906688,129914472,700,28,44,38,29761,27606,1285,0.599,1049,500,0,9.226,243.890,1
100000,93,Rows,2885.501,355799040,134040636,695,30,44,37,29776,27619,1285,0.508,159,500,0,1713.818,125.437,1
100000,93,Rows,2885.844,356896768,84105164,696,29,44,38,29779,27622,1286,0.192,153,500,0,93.967,245.753,1
100000,93,Rows,2886.103,357556224,86638284,696,30,44,38,29780,27623,1286,0.410,153,500,0,69.559,185.852,1
100000,93,Rows,2886.535,356610048,84282952,696,32,44,38,29783,27626,1287,0.443,153,500,0,137.123,288.544,1
100000,93,Rows,2886.863,356855808,84665632,696,34,44,38,29785,27628,1287,0.332,153,500,0,85.637,239.652,1
100000,93,Rows,2887.155,357502976,87084348,696,36,44,38,29786,27629,1287,0.197,153,500,0,56.597,231.118,1
100000,93,Rows,2887.654,356605952,84429572,696,38,44,38,29789,27632,1288,0.374,153,500,0,114.813,379.539,1
100000,93,Rows,2888.039,356823040,84641548,696,40,44,38,29791,27634,1288,0.378,153,500,0,126.189,252.851,1
100000,93,Grid,2888.587,356814848,83763780,696,44,44,38,29795,27638,1289,0.207,151,500,0,298.748,226.399,1
100000,93,Grid,2888.854,357126144,84964132,696,46,44,38,29797,27640,1289,0.193,151,500,0,94.001,168.417,1
100000,93,Grid,2889.073,358096896,87520196,696,28,44,38,29798,27641,1289,0.260,151,500,0,68.227,147.219,1
100000,93,Grid,2889.389,356720640,84254188,696,30,44,38,29801,27644,1290,0.217,151,500,0,80.969,229.410,1
100000,93,Grid,2889.636,357322752,85251856,696,32,44,38,29803,27646,1290,0.186,151,500,0,87.179,156.535,1
100000,93,Grid,2890.139,357588992,83734048,696,34,44,38,29806,27649,1291,0.202,151,500,0,109.051,391.053,1
100000,93,Grid,2890.411,358580224,86491124,696,36,44,38,29807,27650,1291,0.245,151,500,0,92.673,174.792,1
100000,93,Grid,2890.848,357548032,84750796,696,38,44,38,29810,27653,1292,0.449,151,500,0,66.587,367.446,1
100000,93,Grid,2891.086,357920768,87564212,696,40,44,38,29811,27654,1292,0.200,151,500,0,86.668,144.208,1
100000,93,Grid,2891.420,357298176,84221516,696,42,44,38,29814,27657,1293,0.219,151,500,0,98.553,231.089,1
100000,93,before_idle,2892.905,376176640,87040516,746,32,45,38,29828,27671,1294,0.050,177,500,0,0.000,0.000,1
100000,93,after_idle,2912.949,354947072,85289668,694,28,43,37,29999,27842,1294,0.129,144,500,0,0.000,0.000,1
100000,94,Rows,2916.659,378372096,145210092,698,29,43,38,30027,27869,1295,0.291,1180,500,0,119.573,417.695,1
100000,94,Rows,2916.853,379998208,143640680,698,28,43,38,30029,27871,1296,0.312,1018,500,0,27.846,160.935,1
100000,94,Rows,2918.876,379363328,120369628,692,29,43,37,30045,27883,1297,0.231,159,500,0,1866.628,152.634,1
100000,94,Rows,2919.249,379416576,86491092,693,29,43,38,30048,27885,1298,0.637,153,500,0,78.393,285.767,1
100000,94,Rows,2919.569,379711488,86232948,693,30,43,38,30050,27887,1298,0.346,153,500,0,90.069,222.144,1
100000,94,Rows,2919.904,380198912,88615896,693,32,43,38,30051,27888,1298,0.215,153,500,0,66.222,264.307,1
100000,94,Rows,2920.334,379392000,85225204,693,34,43,38,30054,27890,1299,0.413,153,500,0,115.485,309.542,1
100000,94,Rows,2920.631,379760640,86179644,693,36,43,38,30056,27892,1299,0.252,153,500,0,97.728,195.724,1
100000,94,Rows,2920.876,380268544,88593744,693,38,43,38,30057,27893,1299,0.444,153,500,0,83.730,157.025,1
100000,94,Rows,2921.174,379392000,85220124,693,40,44,38,30060,27895,1300,0.205,154,500,0,89.502,204.043,1
100000,94,Grid,2921.587,379482112,86265924,693,44,43,38,30064,27897,1300,0.190,152,500,0,217.181,174.795,1
100000,94,Grid,2921.848,380329984,88644832,693,46,43,38,30065,27898,1300,0.268,151,500,0,53.116,202.974,1
100000,94,Grid,2922.288,379424768,85933804,693,28,43,38,30068,27900,1301,0.397,151,500,0,125.693,311.204,1
100000,94,Grid,2922.599,379723776,86494248,693,30,43,38,30070,27902,1301,0.459,151,500,0,99.759,206.011,1
100000,94,Grid,2922.964,379998208,86239416,693,32,43,38,30072,27904,1302,0.301,151,500,0,65.577,295.503,1
100000,94,Grid,2923.247,379998208,87899096,693,34,43,38,30074,27905,1302,0.234,151,500,0,93.229,184.382,1
100000,94,Grid,2923.604,379392000,85219540,693,36,43,38,30077,27907,1303,0.408,151,500,0,87.328,265.289,1
100000,94,Grid,2923.878,379703296,86380872,693,38,43,38,30079,27909,1303,0.218,151,500,0,98.478,171.609,1
100000,94,Grid,2924.222,379998208,86133324,693,40,43,38,30081,27911,1304,0.341,151,500,0,56.160,284.277,1
100000,94,Grid,2924.496,379998208,87845372,693,42,43,38,30083,27912,1304,0.498,151,500,0,103.778,164.261,1
100000,94,before_idle,2926.210,398413824,85222444,728,32,44,38,30098,27924,1306,0.040,177,500,0,0.000,0.000,1
100000,94,after_idle,2946.269,376922112,87924960,718,28,43,34,30260,28086,1306,0.129,167,500,0,0.000,0.000,1
100000,95,Rows,2950.266,388591616,141246496,695,27,43,36,30291,28114,1308,0.649,1203,500,0,104.287,294.846,1
100000,95,Rows,2950.378,391749632,146555968,695,28,43,36,30291,28114,1308,0.248,1031,500,0,8.654,96.323,1
100000,95,Rows,2952.638,387371008,88386204,689,30,43,35,30310,28126,1311,0.225,182,500,0,1986.497,270.323,1
100000,95,Rows,2952.878,387723264,89166812,690,29,43,36,30312,28128,1311,0.327,176,500,0,72.816,163.407,1
100000,95,Rows,2953.103,387330048,91517848,691,30,43,36,30313,28129,1311,0.492,176,500,0,53.177,168.768,1
100000,95,Rows,2953.536,388599808,88307260,690,32,43,36,30316,28131,1312,0.275,176,500,0,125.286,302.169,1
100000,95,Rows,2953.794,388038656,88839404,690,34,43,36,30318,28133,1312,0.238,176,500,0,100.221,154.841,1
100000,95,Rows,2953.985,388186112,91215008,690,36,43,36,30319,28134,1312,0.312,176,500,0,47.098,140.710,1
100000,95,Rows,2954.241,388259840,87771404,695,38,43,37,30322,28136,1313,0.283,176,500,0,67.197,184.055,1
100000,95,Rows,2954.533,388259840,88755620,695,40,43,37,30324,28138,1313,0.330,176,500,0,111.586,176.333,1
100000,95,Grid,2955.056,388972544,87786444,695,44,43,37,30328,28141,1314,0.320,174,500,0,274.058,227.227,1
100000,95,Grid,2955.375,389259264,89242708,695,46,43,37,30330,28143,1314,0.305,174,500,0,133.665,180.543,1
100000,95,Grid,2955.724,388702208,87781968,695,28,43,37,30332,28145,1315,0.423,174,500,0,76.015,268.921,1
100000,95,Grid,2956.005,389259264,90979352,695,30,43,37,30334,28146,1315,0.241,174,500,0,100.511,174.267,1
100000,95,Grid,2956.346,389386240,89560788,695,32,43,37,30337,28148,1316,0.209,174,500,0,73.122,264.190,1
100000,95,Grid,2956.677,389386240,88680584,695,34,43,37,30339,28150,1316,0.202,174,500,0,80.884,246.347,1
100000,95,Grid,2956.928,389390336,91261724,695,36,43,37,30340,28151,1316,0.190,174,500,0,83.084,164.489,1
100000,95,Grid,2957.375,389386240,88614160,695,38,43,37,30343,28153,1317,0.323,174,500,0,94.304,349.568,1
100000,95,Grid,2957.615,389386240,89297780,695,40,43,37,30345,28155,1317,0.214,174,500,0,71.753,162.822,1
100000,95,Grid,2957.876,389386240,88290424,695,42,43,37,30347,28157,1318,0.768,174,500,0,72.474,185.107,1
100000,95,before_idle,2959.274,407846912,87094440,747,32,44,37,30363,28172,1319,0.058,200,500,0,0.000,0.000,1
100000,95,after_idle,2979.287,386117632,90585812,702,28,43,35,30533,28341,1319,0.204,190,500,0,0.000,0.000,1
100000,96,Rows,2983.356,398630912,146112864,696,29,43,36,30563,28369,1321,0.401,1226,500,0,124.594,350.180,1
100000,96,Rows,2983.601,399495168,130641464,696,30,43,36,30565,28371,1322,0.428,1095,500,0,25.005,215.916,1
100000,96,Rows,2985.452,396161024,127457520,690,32,43,35,30581,28383,1323,0.198,205,500,0,1717.180,129.967,1
100000,96,Rows,2985.821,396562432,90860464,691,29,43,36,30584,28385,1324,0.223,199,500,0,80.861,285.470,1
100000,96,Rows,2986.046,397406208,91499652,691,30,43,36,30586,28387,1324,0.246,199,500,0,71.565,150.250,1
100000,96,Rows,2986.223,398123008,93855488,691,32,44,36,30587,28388,1324,0.213,200,500,0,51.844,120.056,1
100000,96,Rows,2986.497,397418496,90338128,691,34,43,36,30590,28390,1325,0.197,200,500,0,75.696,194.195,1
100000,96,Rows,2986.806,397758464,91438592,691,36,43,36,30592,28392,1325,0.238,199,500,0,107.420,197.404,1
100000,96,Rows,2987.071,398184448,93826172,691,38,43,36,30593,28393,1325,0.525,199,500,0,69.325,191.681,1
100000,96,Rows,2987.563,397504512,90852360,691,40,43,36,30596,28395,1326,0.253,199,500,0,126.452,357.671,1
100000,96,Grid,2988.033,398192640,91554176,691,44,43,36,30600,28397,1326,0.397,197,500,0,248.628,203.263,1
100000,96,Grid,2988.295,398827520,94001064,691,46,43,36,30601,28398,1326,0.192,197,500,0,55.298,202.036,1
100000,96,Grid,2988.716,398127104,90662724,691,28,43,36,30604,28400,1327,0.260,197,500,0,91.481,326.388,1
100000,96,Grid,2989.022,398422016,91831400,691,30,43,36,30606,28402,1327,0.223,197,500,0,94.744,206.418,1
100000,96,Grid,2989.370,398684160,87735644,691,32,43,36,30609,28404,1328,0.205,197,500,0,87.614,256.596,1
100000,96,Grid,2989.613,398684160,93059800,691,34,43,36,30610,28405,1328,0.203,197,500,0,55.470,137.276,1
100000,96,Grid,2989.956,398127104,90614444,691,36,43,36,30613,28407,1329,0.218,197,500,0,79.843,260.091,1
100000,96,Grid,2990.178,398417920,91628772,691,38,43,36,30615,28409,1329,0.214,197,500,0,89.791,128.665,1
100000,96,Grid,2990.484,398737408,90840672,691,40,43,36,30617,28411,1330,0.265,197,500,0,52.020,251.407,1
100000,96,Grid,2990.711,398737408,92944348,691,42,43,36,30619,28412,1330,0.189,197,500,0,84.682,138.737,1
100000,96,before_idle,2992.579,417533952,92340396,725,32,44,36,30635,28425,1332,0.037,223,500,0,0.000,0.000,1
100000,96,after_idle,3012.598,396181504,94058604,722,28,43,34,30804,28594,1332,0.140,213,500,0,0.000,0.000,1
100000,97,Rows,3016.482,407461888,151093892,694,27,43,36,30834,28622,1334,0.264,1249,500,0,96.907,262.847,1
100000,97,Rows,3016.678,409767936,167984784,694,28,43,36,30836,28624,1335,0.304,1071,500,0,24.938,165.173,1
100000,97,Rows,3018.643,410050560,144256976,690,30,43,36,30851,28638,1335,0.514,228,500,0,1834.132,127.811,1
100000,97,Rows,3019.027,408809472,92904164,692,29,43,38,30854,28641,1336,0.224,222,500,0,80.746,297.276,1
100000,97,Rows,3019.370,409333760,93919920,692,30,43,38,30856,28643,1336,0.213,222,500,0,115.601,212.953,1
100000,97,Rows,3019.621,409350144,96332772,692,32,43,38,30857,28644,1336,0.203,222,500,0,80.176,167.424,1
100000,97,Rows,3020.010,409346048,94011940,692,34,43,38,30860,28647,1337,0.210,222,500,0,112.466,273.059,1
100000,97,Rows,3020.270,409346048,93923460,692,36,43,38,30862,28649,1337,0.471,222,500,0,82.654,173.132,1
100000,97,Rows,3020.513,409350144,96339516,692,38,43,38,30863,28650,1337,0.267,222,500,0,72.678,162.828,1
100000,97,Rows,3020.943,409346048,93400516,692,40,43,38,30866,28653,1338,0.212,222,500,0,88.556,338.739,1
100000,97,Grid,3021.390,409346048,94058776,692,44,43,38,30870,28657,1338,0.452,220,500,0,201.946,220.859,1
100000,97,Grid,3021.633,409350144,96786520,692,46,43,38,30871,28658,1338,0.317,220,500,0,64.138,173.794,1
100000,97,Grid,3022.096,409346048,94013176,692,28,43,38,30874,28661,1339,0.403,220,500,0,91.936,366.832,1
100000,97,Grid,3022.383,409329664,94368220,692,30,43,38,30876,28663,1339,0.239,220,500,0,111.331,171.450,1
100000,97,Grid,3022.699,409329664,92884572,692,32,43,38,30878,28665,1340,0.534,220,500,0,94.290,217.935,1
100000,97,Grid,3023.014,409329664,96042444,692,34,43,38,30880,28667,1340,0.208,220,500,0,109.410,199.683,1
100000,97,Grid,3023.331,409329664,92885824,692,36,43,38,30883,28670,1341,0.268,220,500,0,101.577,210.574,1
100000,97,Grid,3023.573,409329664,94111372,692,38,43,38,30885,28672,1341,0.209,220,500,0,95.324,142.033,1
100000,97,Grid,3023.783,409333760,96656144,692,40,43,38,30886,28673,1341,0.225,220,500,0,62.779,143.929,1
100000,97,Grid,3024.066,409329664,92891720,692,42,43,38,30889,28676,1342,0.211,220,500,0,89.132,188.352,1
100000,97,before_idle,3025.516,427368448,96281188,742,32,44,38,30903,28690,1343,0.087,246,500,0,0.000,0.000,1
100000,97,after_idle,3045.592,406069248,96207084,693,26,43,37,31065,28852,1343,0.284,235,500,0,0.000,0.000,1
100000,98,Rows,3049.560,418435072,150931948,697,27,43,38,31095,28880,1345,0.499,1271,500,0,170.511,354.479,1
100000,98,Rows,3049.860,418258944,154626200,697,28,43,38,31097,28882,1346,0.430,1123,500,0,8.822,284.726,1
100000,98,Rows,3051.820,418451456,95478160,692,30,43,37,31113,28894,1347,0.236,250,500,0,1700.910,248.062,1
100000,98,Rows,3052.181,418701312,104768024,693,29,43,38,31116,28897,1348,0.268,244,500,0,113.672,239.139,1
100000,98,Rows,3052.404,419323904,98391492,693,30,43,38,31117,28898,1348,0.212,244,500,0,56.637,153.546,1
100000,98,Rows,3052.763,418398208,95463036,693,32,43,38,31120,28900,1349,0.303,244,500,0,97.500,257.003,1
100000,98,Rows,3053.103,418725888,96137184,693,34,43,38,31122,28902,1349,0.201,244,500,0,134.969,200.960,1
100000,98,Rows,3053.383,419389440,98604324,693,36,43,38,31123,28903,1349,0.418,244,500,0,51.302,224.162,1
100000,98,Rows,3053.925,418451456,95977348,693,38,43,38,31126,28905,1350,0.441,244,500,0,130.111,403.422,1
100000,98,Rows,3054.278,418713600,96213388,693,40,43,38,31128,28907,1350,0.197,244,500,0,105.374,243.529,1
100000,98,Grid,3054.931,418394112,95971140,692,44,43,37,31132,28910,1351,0.488,242,500,0,243.615,375.143,1
100000,98,Grid,3055.319,418734080,96868376,693,46,43,38,31134,28912,1351,0.203,242,500,0,118.404,264.945,1
100000,98,Grid,3055.604,419160064,99382496,693,28,43,38,31135,28913,1351,0.460,242,500,0,67.473,214.061,1
100000,98,Grid,3055.904,418590720,95533384,693,30,43,38,31138,28915,1352,0.342,242,500,0,95.666,197.555,1
100000,98,Grid,3056.137,418930688,96945060,693,32,43,38,31140,28917,1352,0.206,242,500,0,79.728,148.406,1
100000,98,Grid,3056.461,419233792,95965544,693,34,43,38,31142,28919,1353,0.221,242,500,0,76.501,244.530,1
100000,98,Grid,3056.649,419508224,98144728,693,36,43,38,31144,28920,1353,0.639,242,500,0,67.529,116.305,1
100000,98,Grid,3057.052,418942976,95968328,693,38,43,38,31147,28922,1354,0.262,242,500,0,91.940,306.368,1
100000,98,Grid,3057.321,419356672,96822448,693,40,43,38,31149,28924,1354,0.214,242,500,0,90.509,174.941,1
100000,98,Grid,3057.621,419647488,95450932,693,42,43,38,31151,28926,1355,0.445,242,500,0,79.648,216.953,1
100000,98,before_idle,3059.175,438095872,94696424,744,32,44,38,31167,28941,1356,0.047,268,500,0,0.000,0.000,1
100000,98,after_idle,3079.211,416788480,100029368,694,28,43,37,31333,29106,1356,0.214,257,500,0,0.000,0.000,1
100000,99,Rows,3083.135,428515328,152222768,698,29,43,38,31364,29135,1358,0.259,1293,500,0,104.796,254.023,1
100000,99,Rows,3083.290,432459776,151562692,698,30,43,38,31366,29137,1359,0.239,978,500,0,10.906,141.441,1
100000,99,Rows,3085.353,428662784,149020420,692,32,43,37,31381,29152,1359,0.364,272,500,0,1932.317,126.484,1
100000,99,Rows,3085.726,429600768,106764388,693,29,43,38,31384,29154,1360,0.673,266,500,0,79.150,288.089,1
100000,99,Rows,3086.115,429903872,98810980,693,30,43,38,31386,29156,1360,0.207,266,500,0,128.037,250.472,1
100000,99,Rows,3086.383,430551040,101291488,693,32,43,38,31387,29157,1360,0.217,266,500,0,96.638,166.813,1
100000,99,Rows,3086.699,429621248,106846180,693,34,43,38,31390,29159,1361,0.267,266,500,0,98.895,212.550,1
100000,99,Rows,3086.942,429867008,98736228,693,36,43,38,31392,29161,1361,0.443,266,500,0,80.600,150.380,1
100000,99,Rows,3087.148,430604288,101234604,693,38,43,38,31393,29162,1361,0.206,266,500,0,57.029,145.380,1
100000,99,Rows,3087.622,429649920,98715400,693,40,43,38,31396,29164,1362,0.221,266,500,0,81.359,388.513,1
100000,99,Grid,3088.098,429506560,101526000,693,44,43,38,31399,29166,1362,0.207,264,500,0,280.885,171.421,1
100000,99,Grid,3088.587,429514752,98711596,693,46,43,38,31402,29168,1363,0.219,264,500,0,136.905,348.901,1
100000,99,Grid,3088.889,429645824,99751468,693,28,43,38,31404,29170,1363,0.446,264,500,0,90.982,206.281,1
100000,99,Grid,3089.260,429441024,95552508,693,30,43,38,31407,29173,1364,0.226,264,500,0,118.867,214.444,1
100000,99,Grid,3089.493,429445120,101590928,693,32,43,38,31408,29173,1364,0.463,264,500,0,59.650,167.879,1
100000,99,Grid,3089.917,429416448,98199112,693,34,43,38,31411,29175,1365,0.405,264,500,0,135.977,281.051,1
100000,99,Grid,3090.189,429748224,99503016,693,36,43,38,31413,29177,1365,0.215,264,500,0,92.495,142.066,1
100000,99,Grid,3090.452,430051328,132791900,693,38,43,38,31415,29179,1366,0.512,264,500,0,52.830,205.771,1
100000,99,Grid,3090.699,430055424,101321256,693,40,43,38,31417,29181,1366,0.218,264,500,0,104.865,136.349,1
100000,99,Grid,3091.017,429510656,98201604,693,42,43,38,31420,29183,1367,0.400,264,500,0,95.447,218.045,1
100000,99,before_idle,3092.726,448311296,100454692,732,30,45,39,31435,29198,1369,0.044,290,500,0,0.000,0.000,1
100000,99,after_idle,3112.759,427048960,104003864,714,28,44,38,31591,29354,1369,0.347,280,500,0,0.000,0.000,1
100000,100,Rows,3116.758,441679872,153921208,704,27,45,39,31623,29384,1371,0.440,1316,500,0,91.370,458.575,1
100000,100,Rows,3117.053,441683968,178410936,704,28,45,39,31624,29385,1372,0.384,1138,500,0,14.009,277.344,1
100000,100,Rows,3119.098,442978304,131353504,699,30,45,38,31641,29397,1373,0.261,295,500,0,1882.275,158.659,1
100000,100,Rows,3119.403,443060224,169940544,700,30,45,39,31643,29399,1374,0.409,289,500,0,50.802,245.378,1
100000,100,Rows,3119.716,443056128,102197412,700,31,45,39,31645,29401,1374,0.454,289,500,0,134.604,166.988,1
100000,100,Rows,3120.052,443056128,116271120,700,32,45,39,31647,29403,1375,0.367,289,500,0,68.275,263.837,1
100000,100,Rows,3120.373,443060224,103664348,700,34,45,39,31649,29405,1375,0.212,289,500,0,91.824,223.527,1
100000,100,Rows,3120.691,443056128,115654328,700,36,45,39,31652,29407,1376,0.308,289,500,0,99.073,214.507,1
100000,100,Rows,3121.055,443056128,101071220,700,38,45,39,31654,29409,1376,0.209,289,500,0,108.932,225.386,1
100000,100,Rows,3121.356,443060224,103603628,700,40,45,39,31655,29410,1376,0.400,289,500,0,53.522,244.645,1
100000,100,Grid,3122.022,443068416,100744736,700,44,45,39,31660,29413,1377,0.228,287,500,0,330.730,313.720,1
100000,100,Grid,3122.295,443072512,103871404,700,46,45,39,31661,29414,1377,0.280,287,500,0,72.224,196.554,1
100000,100,Grid,3122.652,443060224,101270768,700,28,45,39,31664,29416,1378,0.239,287,500,0,71.866,281.157,1
100000,100,Grid,3122.886,443060224,101971752,700,30,45,39,31666,29418,1378,0.202,287,500,0,77.324,153.507,1
100000,100,Grid,3123.119,443060224,125121324,700,32,45,39,31668,29420,1379,0.227,287,500,0,45.509,184.992,1
100000,100,Grid,3123.412,443064320,103982112,700,34,45,39,31670,29421,1379,0.254,287,500,0,84.660,204.504,1
100000,100,Grid,3123.862,443060224,101269348,700,36,45,39,31673,29423,1380,0.209,287,500,0,125.366,319.905,1
100000,100,Grid,3124.127,443060224,101855304,700,38,45,39,31675,29425,1380,0.422,287,500,0,88.687,172.877,1
100000,100,Grid,3124.381,443064320,104413784,700,40,45,39,31676,29426,1380,0.214,287,500,0,87.600,161.250,1
100000,100,Grid,3124.788,443056128,100760468,700,42,45,39,31679,29428,1381,0.455,287,500,0,80.276,321.556,1
100000,100,before_idle,3126.462,458944512,102232108,750,32,46,39,31694,29440,1382,0.059,313,500,0,0.000,0.000,1
100000,100,after_idle,3146.539,437473280,102562716,696,28,44,36,31855,29600,1382,0.261,302,500,0,0.000,0.000,1
100000,101,Rows,3150.462,448524288,161828664,700,29,44,37,31885,29628,1384,0.324,1338,500,0,83.142,305.493,1
100000,101,Rows,3150.629,449101824,234734920,700,30,44,37,31887,29630,1385,0.330,870,500,0,31.525,132.254,1
100000,101,Rows,3152.620,452173824,133973712,695,32,44,36,31904,29642,1386,0.230,317,500,0,1735.806,227.997,1
100000,101,Rows,3152.890,452177920,145905456,696,29,44,37,31906,29644,1387,0.213,311,500,0,87.000,179.864,1
100000,101,Rows,3153.190,451629056,106567320,696,30,44,37,31908,29645,1387,0.318,311,500,0,115.706,167.547,1
100000,101,Rows,3153.683,451719168,103767176,696,32,44,37,31911,29647,1388,0.418,311,500,0,99.768,389.161,1
100000,101,Rows,3154.051,451977216,104071592,696,34,44,37,31913,29649,1388,0.640,311,500,0,109.386,254.561,1
100000,101,Rows,3154.256,452595712,106531668,696,36,44,37,31914,29650,1388,0.216,311,500,0,45.697,153.571,1
100000,101,Rows,3154.547,451665920,103390464,696,38,44,37,31917,29652,1389,0.233,311,500,0,87.101,199.835,1
100000,101,Rows,3154.784,451989504,104010248,696,40,44,37,31919,29654,1389,0.366,311,500,0,81.585,152.089,1
100000,101,Grid,3155.203,451674112,103319120,696,44,44,37,31923,29657,1390,0.366,309,500,0,180.024,218.898,1
100000,101,Grid,3155.510,452030464,104510788,696,46,44,37,31925,29659,1390,0.412,309,500,0,65.901,223.867,1
100000,101,Grid,3155.760,452370432,107085216,696,28,44,37,31926,29660,1390,0.416,309,500,0,68.516,176.106,1
100000,101,Grid,3156.119,451584000,103340232,696,30,44,37,31929,29662,1391,0.454,309,500,0,92.376,259.343,1
100000,101,Grid,3156.471,451883008,104614796,696,32,44,37,31931,29664,1391,0.225,309,500,0,132.094,213.457,1
100000,101,Grid,3156.780,452210688,142500276,696,34,44,37,31933,29666,1392,0.228,309,500,0,71.785,233.424,1
100000,101,Grid,3157.079,452214784,106475900,696,36,44,37,31935,29668,1392,0.216,309,500,0,111.393,184.066,1
100000,101,Grid,3157.547,451653632,103838592,696,38,44,37,31938,29670,1393,0.485,309,500,0,122.102,342.728,1
100000,101,Grid,3157.830,451919872,104520492,696,40,44,37,31940,29672,1393,0.388,309,500,0,84.431,194.689,1
100000,101,Grid,3158.126,452182016,131295528,696,42,44,37,31942,29674,1394,0.676,309,500,0,65.487,224.722,1
100000,101,before_idle,3159.629,470560768,103955944,747,32,45,37,31956,29687,1395,0.056,335,500,0,0.000,0.000,1
100000,101,after_idle,3179.686,449257472,105252188,698,28,44,36,32127,29857,1395,0.135,316,500,0,0.000,0.000,1
100000,102,Rows,3183.784,460394496,159769044,704,29,45,37,32157,29885,1397,0.241,1352,500,0,102.047,425.773,1
100000,102,Rows,3183.996,460783616,183281096,704,30,45,37,32159,29887,1398,0.354,1193,500,0,9.723,198.515,1
100000,102,Rows,3186.090,459177984,141047724,692,31,44,35,32175,29899,1399,0.210,331,500,0,1956.294,134.803,1
100000,102,Rows,3186.401,457388032,126795792,693,29,44,36,32178,29901,1400,0.338,325,500,0,83.429,221.974,1
100000,102,Rows,3186.637,457388032,106949380,693,30,44,36,32180,29903,1400,0.225,325,500,0,88.007,140.041,1
100000,102,Rows,3186.824,457392128,109299604,693,32,44,36,32181,29904,1400,0.249,325,500,0,50.694,132.664,1
100000,102,Rows,3187.153,457404416,114052192,693,34,44,36,32184,29906,1401,0.227,325,500,0,93.537,231.275,1
100000,102,Rows,3187.481,457404416,106927392,693,36,44,36,32186,29908,1401,0.460,325,500,0,113.259,208.470,1
100000,102,Rows,3187.764,457408512,109306128,693,38,44,36,32187,29909,1401,0.312,325,500,0,85.411,193.372,1
100000,102,Rows,3188.230,457404416,106102600,693,40,44,36,32190,29911,1402,0.230,325,500,0,93.063,368.040,1
100000,102,Grid,3188.747,459087872,107030812,693,44,44,36,32194,29913,1402,0.222,323,500,0,240.881,256.565,1
100000,102,Grid,3188.971,458473472,109482544,693,46,44,36,32195,29914,1402,0.214,323,500,0,55.716,162.033,1
100000,102,Grid,3189.281,459067392,137004936,693,28,44,36,32198,29916,1403,0.321,323,500,0,79.499,226.926,1
100000,102,Grid,3189.574,459354112,107285920,693,30,44,36,32200,29918,1403,0.321,323,500,0,114.765,163.260,1
100000,102,Grid,3189.971,459640832,103028240,693,32,44,36,32203,29921,1404,0.540,323,500,0,129.090,263.444,1
100000,102,Grid,3190.185,459640832,109083096,693,34,44,36,32204,29921,1404,0.427,323,500,0,47.282,124.344,1
100000,102,Grid,3190.468,459640832,128211352,693,36,44,36,32207,29923,1405,0.332,323,500,0,81.622,194.841,1
100000,102,Grid,3190.731,459640832,106998464,693,38,44,36,32209,29925,1405,0.218,323,500,0,104.589,149.246,1
100000,102,Grid,3191.054,459784192,106210944,693,40,44,36,32211,29927,1406,0.231,323,500,0,44.080,274.654,1
100000,102,Grid,3191.307,459784192,109081956,693,42,44,36,32213,29928,1406,0.313,323,500,0,105.069,145.046,1
100000,102,before_idle,3193.131,477966336,105263732,728,32,45,36,32228,29943,1407,0.059,349,500,0,0.000,0.000,1
100000,102,after_idle,3213.146,456630272,106884336,721,28,44,34,32389,30104,1407,0.357,304,500,0,0.000,0.000,1
100000,103,Rows,3217.496,468353024,157446880,698,27,44,36,32419,30132,1409,0.560,1340,500,0,162.651,345.134,1
100000,103,Rows,3217.711,468611072,156746492,698,28,44,36,32420,30133,1409,0.254,1091,500,0,9.994,198.041,1
100000,103,Rows,3219.891,468557824,106718556,692,27,44,35,32437,30145,1411,0.230,319,500,0,1832.502,342.875,1
100000,103,Rows,3220.206,468934656,107225168,693,28,44,36,32439,30147,1411,0.336,313,500,0,101.990,209.575,1
100000,103,Rows,3220.475,469733376,109714068,694,30,44,36,32440,30148,1411,0.342,313,500,0,89.406,176.004,1
100000,103,Rows,3221.020,468750336,106726508,693,32,44,36,32443,30151,1412,0.592,313,500,0,107.210,433.798,1
100000,103,Rows,3221.284,469082112,109643104,693,34,44,36,32444,30152,1412,0.765,313,500,0,67.890,190.081,1
100000,103,Rows,3221.760,468529152,106842824,693,36,44,36,32447,30154,1413,0.424,313,500,0,100.570,372.048,1
100000,103,Rows,3222.064,468750336,107732724,693,38,44,36,32449,30156,1413,0.243,313,500,0,97.623,201.508,1
100000,103,Rows,3222.405,469078016,171777240,693,40,44,36,32451,30158,1414,0.250,313,500,0,59.253,278.266,1
100000,103,Grid,3222.826,468815872,109227932,693,44,44,36,32455,30160,1414,0.285,311,500,0,273.398,126.649,1
100000,103,Grid,3223.129,468733952,145219128,693,46,44,36,32458,30163,1415,0.222,311,500,0,81.469,217.588,1
100000,103,Grid,3223.351,469102592,110023432,693,28,44,36,32459,30164,1415,0.796,311,500,0,59.759,159.034,1
100000,103,Grid,3223.651,469102592,106332652,693,30,44,36,32462,30167,1416,0.511,311,500,0,81.238,214.245,1
100000,103,Grid,3223.970,469106688,108891512,693,32,44,36,32464,30168,1416,0.333,311,500,0,77.611,224.870,1
100000,103,Grid,3224.501,468578304,106759268,693,34,44,36,32467,30170,1417,0.338,311,500,0,111.855,414.590,1
100000,103,Grid,3224.853,468791296,107393936,693,36,44,36,32469,30172,1417,0.387,311,500,0,138.100,209.610,1
100000,103,Grid,3225.297,469069824,106830304,693,38,44,36,32471,30174,1418,0.228,311,500,0,106.034,334.016,1
100000,103,Grid,3225.552,469069824,109602280,693,40,44,36,32473,30175,1418,0.404,311,500,0,97.679,152.774,1
100000,103,Grid,3225.967,468455424,106848252,693,42,44,36,32476,30177,1419,0.351,311,500,0,117.906,290.931,1
100000,103,before_idle,3227.638,487653376,108176892,749,32,46,37,32490,30191,1420,0.055,337,500,0,0.000,0.000,1
100000,103,after_idle,3247.649,466378752,108896732,697,26,44,36,32651,30352,1420,0.165,326,500,0,0.000,0.000,1
100000,104,Rows,3252.175,479207424,166447240,701,27,44,37,32681,30379,1422,0.718,1362,500,0,151.798,458.701,1
100000,104,Rows,3252.458,480317440,261717536,701,28,44,37,32683,30381,1423,0.222,1144,500,0,8.970,270.034,1
100000,104,Rows,3254.360,479633408,158335944,695,30,44,36,32699,30397,1423,0.237,341,500,0,1737.274,160.372,1
100000,104,Rows,3254.610,480235520,161062740,696,30,44,37,32700,30398,1423,0.298,335,500,0,66.914,180.276,1
100000,104,Rows,3255.001,479956992,109002068,696,31,44,37,32703,30401,1424,0.291,335,500,0,100.589,285.825,1
100000,104,Rows,3255.290,480337920,110106120,696,32,44,37,32705,30403,1424,0.226,335,500,0,87.256,196.247,1
100000,104,Rows,3255.482,480772096,112494424,696,34,44,37,32706,30404,1424,0.257,335,500,0,52.734,136.606,1
100000,104,Rows,3255.770,480018432,158400572,696,36,44,37,32709,30407,1425,0.414,335,500,0,76.352,206.198,1
100000,104,Rows,3256.152,480370688,110050284,696,38,44,37,32711,30409,1425,0.267,335,500,0,153.748,205.047,1
100000,104,Rows,3256.386,480808960,112441536,696,40,44,37,32712,30410,1425,0.230,335,500,0,50.535,180.744,1
100000,104,Grid,3257.018,480272384,166228580,696,44,44,37,32717,30415,1426,0.239,333,500,0,316.354,294.518,1
100000,104,Grid,3257.384,476864512,109722292,696,46,44,37,32719,30417,1426,0.494,333,500,0,136.059,220.814,1
100000,104,Grid,3257.734,481792000,112393044,696,28,44,37,32720,30418,1426,0.225,333,500,0,83.217,261.661,1
100000,104,Grid,3258.108,481132544,132327216,696,30,44,37,32723,30421,1427,0.488,333,500,0,91.336,277.733,1
100000,104,Grid,3258.413,481386496,112799532,696,32,44,37,32724,30422,1427,0.222,333,500,0,120.717,166.087,1
100000,104,Grid,3258.740,480882688,127641644,696,34,44,37,32727,30424,1428,0.262,333,500,0,99.379,223.554,1
100000,104,Grid,3259.053,480862208,111615412,696,36,44,37,32729,30425,1428,0.533,333,500,0,132.254,163.132,1
100000,104,Grid,3259.377,481144832,119912732,696,38,44,37,32732,30428,1429,0.231,333,500,0,94.878,223.209,1
100000,104,Grid,3259.608,481497088,112494076,696,40,44,37,32733,30429,1429,0.230,333,500,0,70.169,145.474,1
100000,104,Grid,3260.044,480845824,129543040,696,42,44,37,32736,30431,1430,0.327,333,500,0,118.963,312.555,1
100000,104,before_idle,3262.015,499376128,110833948,731,30,45,37,32751,30444,1432,0.054,359,500,0,0.000,0.000,1
100000,104,after_idle,3282.090,478101504,112168892,703,26,44,36,32898,30591,1432,0.317,349,500,0,0.000,0.000,1
100000,105,Rows,3286.224,488022016,218435200,698,27,44,36,32929,30619,1435,0.398,1385,500,0,117.756,595.768,1
100000,105,Rows,3286.445,492490752,154717500,698,28,44,36,32930,30620,1435,0.297,1170,500,0,9.706,199.637,1
100000,105,Rows,3288.461,494002176,140416224,692,30,44,35,32946,30631,1436,0.496,364,500,0,1868.106,144.428,1
100000,105,Rows,3288.791,492482560,111481512,693,30,44,36,32948,30633,1437,0.636,358,500,0,10.439,311.053,1
100000,105,Rows,3289.124,492478464,113054352,693,31,44,36,32950,30635,1437,0.516,358,500,0,102.933,207.122,1
100000,105,Rows,3289.499,492482560,155732392,693,32,44,36,32952,30637,1438,0.447,358,500,0,90.974,275.276,1
100000,105,Rows,3289.808,492478464,114472204,693,34,44,36,32954,30638,1438,0.315,358,500,0,133.442,155.498,1
100000,105,Rows,3290.242,492478464,123454452,693,36,44,36,32957,30641,1439,0.427,358,500,0,94.946,334.396,1
100000,105,Rows,3290.506,492482560,114758628,693,38,44,36,32958,30642,1439,0.457,358,500,0,65.972,188.061,1
100000,105,Rows,3290.962,492478464,159383464,693,40,44,36,32961,30644,1440,0.445,358,500,0,140.699,308.461,1
100000,105,Grid,3291.464,492478464,112706900,693,44,44,36,32965,30646,1440,0.270,356,500,0,268.698,194.289,1
100000,105,Grid,3291.667,492482560,115168804,693,46,44,36,32966,30647,1440,0.282,356,500,0,50.416,148.815,1
100000,105,Grid,3292.045,492478464,112233804,693,28,44,36,32969,30649,1441,0.235,356,500,0,81.202,292.397,1
100000,105,Grid,3292.291,492478464,113763816,693,30,44,36,32971,30650,1441,0.315,356,500,0,84.546,157.842,1
100000,105,Grid,3292.623,492478464,140758128,693,32,44,36,32974,30653,1442,0.487,356,500,0,74.092,253.215,1
100000,105,Grid,3292.904,492482560,114714588,693,34,44,36,32975,30654,1442,0.226,356,500,0,97.832,162.302,1
100000,105,Grid,3293.269,492478464,191216056,693,36,44,36,32978,30656,1443,0.237,356,500,0,77.279,282.150,1
100000,105,Grid,3293.560,492482560,112886056,693,38,44,36,32980,30658,1443,0.223,356,500,0,127.156,149.393,1
100000,105,Grid,3293.840,492478464,111455832,693,40,44,36,32982,30660,1444,0.348,356,500,0,95.057,181.521,1
100000,105,Grid,3294.109,492470272,114812244,693,42,44,36,32984,30661,1444,0.512,356,500,0,81.155,165.805,1
100000,105,before_idle,3295.957,509128704,111048208,737,32,46,38,32999,30675,1445,0.042,382,500,0,0.000,0.000,1
100000,105,after_idle,3315.982,487084032,115013308,733,28,44,36,33158,30834,1445,0.123,372,500,0,0.000,0.000,1
100000,106,Rows,3320.344,497352704,165960384,705,27,44,38,33189,30863,1447,0.285,1408,500,0,112.876,310.911,1
100000,106,Rows,3320.638,498659328,261345520,705,28,44,38,33191,30865,1448,0.509,1134,500,0,14.105,275.670,1
100000,106,Rows,3322.718,500584448,162999256,700,30,44,37,33207,30879,1448,0.462,387,500,0,1847.778,225.826,1
100000,106,Rows,3323.174,501903360,195343116,701,30,44,38,33209,30881,1449,0.881,381,500,0,60.557,386.683,1
100000,106,Rows,3323.620,500940800,156105140,701,31,44,38,33212,30883,1450,0.290,381,500,0,160.412,277.872,1
100000,106,Rows,3323.895,501231616,114703144,701,32,44,38,33214,30885,1450,0.324,381,500,0,86.917,173.859,1
100000,106,Rows,3324.111,501882880,117156340,701,34,44,38,33215,30886,1450,0.244,381,500,0,62.871,147.393,1
100000,106,Rows,3324.421,500948992,160471680,701,36,44,38,33218,30888,1451,0.239,381,500,0,75.311,230.444,1
100000,106,Rows,3324.778,501272576,114708836,701,38,44,38,33220,30890,1451,0.236,381,500,0,133.075,200.237,1
100000,106,Rows,3325.063,501919744,117180412,701,40,44,38,33221,30891,1451,0.254,381,500,0,56.852,226.070,1
100000,106,Grid,3325.841,500903936,114534180,700,44,44,37,33226,30893,1452,0.543,379,500,0,269.405,483.863,1
100000,106,Grid,3326.204,501633024,114765220,701,46,44,38,33228,30895,1452,0.333,379,500,0,136.930,219.385,1
100000,106,Grid,3326.469,502013952,117390188,701,28,44,38,33229,30896,1452,0.227,379,500,0,61.014,199.530,1
100000,106,Grid,3326.910,501133312,166719664,701,30,44,38,33232,30898,1453,0.237,379,500,0,117.557,319.501,1
100000,106,Grid,3327.257,501477376,115250952,701,32,44,38,33234,30900,1453,0.483,379,500,0,102.670,231.163,1
100000,106,Grid,3327.600,501743616,214943532,701,34,44,38,33236,30902,1454,0.247,379,500,0,75.416,261.906,1
100000,106,Grid,3327.838,501145600,117295480,701,36,44,38,33238,30903,1454,0.256,379,500,0,98.993,134.782,1
100000,106,Grid,3328.131,501252096,163898740,701,38,44,38,33241,30905,1455,0.243,379,500,0,81.443,205.653,1
100000,106,Grid,3328.357,501522432,115003408,701,40,44,38,33243,30907,1455,0.238,379,500,0,76.782,138.092,1
100000,106,Grid,3328.582,501837824,117585664,701,42,44,38,33244,30908,1455,0.344,379,500,0,61.818,159.678,1
100000,106,before_idle,3330.272,520769536,113996028,735,30,45,38,33259,30922,1456,0.060,405,500,0,0.000,0.000,1
100000,106,after_idle,3350.355,499425280,114025620,728,28,44,36,33426,31089,1456,0.283,395,500,0,0.000,0.000,1
100000,107,Rows,3354.227,509386752,166696824,695,27,43,36,33456,31117,1458,0.386,1431,500,0,124.091,305.136,1
100000,107,Rows,3354.413,511164416,165953964,695,28,43,36,33457,31118,1458,0.274,1299,500,0,10.435,171.586,1
100000,107,Rows,3356.579,510418944,148130752,689,30,43,35,33474,31130,1460,0.343,410,500,0,1873.784,274.978,1
100000,107,Rows,3356.839,510496768,117862140,690,29,43,36,33476,31132,1460,0.544,404,500,0,94.256,162.063,1
100000,107,Rows,3357.056,510500864,120262852,691,30,43,36,33477,31133,1460,0.254,404,500,0,56.739,155.137,1
100000,107,Rows,3357.339,510496768,167361264,690,32,43,36,33480,31135,1461,0.277,404,500,0,73.925,205.830,1
100000,107,Rows,3357.629,510496768,117356704,690,34,43,36,33482,31137,1461,0.221,404,500,0,98.779,177.405,1
100000,107,Rows,3357.861,510500864,119806400,690,36,43,36,33483,31138,1461,0.222,404,500,0,52.433,176.391,1
100000,107,Rows,3358.273,510496768,157425500,690,38,43,36,33486,31140,1462,0.544,404,500,0,101.855,304.834,1
100000,107,Rows,3358.610,510496768,117319688,690,40,43,36,33488,31142,1462,0.231,404,500,0,110.316,216.124,1
100000,107,Grid,3359.118,510496768,204379724,690,44,43,36,33492,31145,1463,0.297,402,500,0,248.054,237.010,1
100000,107,Grid,3359.426,510783488,117843248,690,46,43,36,33494,31147,1463,0.305,402,500,0,135.378,163.766,1
100000,107,Grid,3359.734,510787584,120400080,690,28,43,36,33495,31148,1463,0.239,402,500,0,75.546,229.291,1
100000,107,Grid,3360.129,510783488,116604628,690,30,43,36,33498,31150,1464,0.428,402,500,0,114.632,275.265,1
100000,107,Grid,3360.468,510783488,117947212,690,32,43,36,33500,31152,1464,0.211,402,500,0,116.405,200.472,1
100000,107,Grid,3360.847,510783488,225108260,690,34,43,36,33502,31154,1465,0.446,402,500,0,141.301,234.809,1
100000,107,Grid,3361.103,510787584,120001848,690,36,43,36,33504,31155,1465,0.229,402,500,0,114.309,133.415,1
100000,107,Grid,3361.413,510783488,202567780,690,38,43,36,33507,31157,1466,0.246,402,500,0,77.570,227.954,1
100000,107,Grid,3361.688,510783488,117713848,690,40,43,36,33509,31159,1466,0.231,402,500,0,116.595,152.559,1
100000,107,Grid,3362.003,510783488,176870980,690,42,43,36,33511,31161,1467,0.254,402,500,0,62.072,248.926,1
100000,107,before_idle,3363.715,528752640,120294816,740,32,44,36,33525,31174,1468,0.042,428,500,0,0.000,0.000,1
100000,107,after_idle,3383.781,507502592,120051212,690,28,43,35,33683,31331,1468,0.279,397,500,0,0.000,0.000,1
100000,108,Rows,3388.122,516562944,174911060,696,29,44,36,33713,31359,1470,0.409,1433,500,0,147.242,340.123,1
100000,108,Rows,3388.375,517988352,300073700,696,28,44,36,33715,31361,1471,0.320,1227,500,0,15.183,233.730,1
100000,108,Rows,3390.478,517193728,168791376,691,29,44,35,33730,31373,1471,0.277,412,500,0,1934.402,163.745,1
100000,108,Rows,3390.869,519561216,221148876,692,29,44,36,33733,31376,1472,0.350,406,500,0,73.454,313.403,1
100000,108,Rows,3391.163,521367552,121419764,692,30,44,36,33734,31377,1472,0.307,406,500,0,99.828,186.799,1
100000,108,Rows,3391.588,520896512,164268956,692,32,44,36,33737,31379,1473,0.521,406,500,0,109.790,309.795,1
100000,108,Rows,3391.959,521154560,119346176,692,34,44,36,33739,31381,1473,0.332,406,500,0,168.704,177.302,1
100000,108,Rows,3392.205,521494528,121707564,692,36,44,36,33740,31382,1473,0.457,406,500,0,58.727,182.164,1
100000,108,Rows,3392.587,520949760,197227560,692,38,44,36,33743,31384,1474,0.431,406,500,0,89.276,285.953,1
100000,108,Rows,3392.965,521293824,119302880,692,40,44,36,33745,31386,1474,0.236,406,500,0,139.587,215.475,1
100000,108,Grid,3393.356,521138176,209026112,692,44,44,36,33749,31389,1475,0.241,404,500,0,174.643,195.561,1
100000,108,Grid,3393.610,521334784,119775396,692,46,44,36,33751,31391,1475,0.213,404,500,0,95.880,145.800,1
100000,108,Grid,3393.872,521625600,135142376,692,28,44,36,33753,31393,1476,0.247,404,500,0,75.157,182.825,1
100000,108,Grid,3394.094,521089024,121520868,692,30,44,36,33755,31394,1476,0.236,404,500,0,108.808,110.873,1
100000,108,Grid,3394.543,521072640,146552480,692,32,44,36,33758,31396,1477,0.501,404,500,0,104.258,339.750,1
100000,108,Grid,3394.931,521416704,119230684,692,34,44,36,33760,31398,1477,0.343,404,500,0,144.642,221.463,1
100000,108,Grid,3395.307,521666560,118214952,692,36,44,36,33762,31400,1478,0.297,404,500,0,70.293,302.382,1
100000,108,Grid,3395.615,521056256,121289688,692,38,44,36,33764,31401,1478,0.588,404,500,0,102.830,198.679,1
100000,108,Grid,3396.007,521240576,145980496,692,40,44,36,33767,31403,1479,0.257,404,500,0,137.916,247.274,1
100000,108,Grid,3396.346,521461760,118978116,692,42,44,36,33769,31405,1479,0.232,404,500,0,137.201,183.122,1
100000,108,before_idle,3398.038,539955200,122442436,727,32,45,36,33782,31417,1480,0.058,430,500,0,0.000,0.000,1
100000,108,after_idle,3418.043,518705152,123255744,721,26,44,35,33964,31599,1480,0.339,419,500,0,0.000,0.000,1
100000,109,Rows,3422.396,533241856,172609912,698,27,44,36,33996,31629,1483,0.491,1455,500,0,66.086,416.990,1
100000,109,Rows,3422.559,533245952,172889460,698,28,44,36,33997,31630,1483,0.378,1331,500,0,13.352,143.116,1
100000,109,Rows,3424.640,532783104,187969572,692,30,44,35,34013,31646,1484,0.249,434,500,0,1803.138,274.327,1
100000,109,Rows,3424.987,533180416,123311552,693,29,44,36,34015,31648,1484,0.365,428,500,0,124.874,189.178,1
100000,109,Rows,3425.347,534974464,286784232,693,30,44,36,34018,31651,1485,0.308,428,500,0,100.361,256.328,1
100000,109,Rows,3425.633,535560192,123749736,693,32,44,36,34019,31652,1485,0.375,428,500,0,99.067,172.881,1
100000,109,Rows,3425.964,534646784,230135672,693,34,44,36,34022,31654,1486,0.268,428,500,0,94.709,230.065,1
100000,109,Rows,3426.293,535035904,121544488,693,36,44,36,34024,31656,1486,0.221,428,500,0,99.615,216.158,1
100000,109,Rows,3426.505,535568384,123987108,693,38,44,36,34025,31657,1486,0.392,428,500,0,61.320,146.743,1
100000,109,Rows,3426.821,534650880,123826480,693,40,44,36,34028,31659,1487,0.486,428,500,0,104.114,204.843,1
100000,109,Grid,3427.350,534749184,121645364,693,44,44,36,34032,31661,1487,0.313,426,500,0,282.381,185.121,1
100000,109,Grid,3427.625,535601152,124084276,693,46,44,36,34033,31662,1487,0.421,426,500,0,52.083,219.597,1
100000,109,Grid,3428.054,534683648,198152064,693,28,44,36,34036,31664,1488,0.478,426,500,0,90.541,329.298,1
100000,109,Grid,3428.428,535007232,121797524,693,30,44,36,34038,31666,1488,0.237,426,500,0,116.061,244.606,1
100000,109,Grid,3428.727,535252992,167715376,693,32,44,36,34040,31668,1489,0.245,426,500,0,47.794,247.677,1
100000,109,Grid,3429.020,534679552,123793136,693,34,44,36,34042,31669,1489,0.224,426,500,0,110.377,172.914,1
100000,109,Grid,3429.318,534831104,225051996,693,36,44,36,34045,31671,1490,0.254,426,500,0,81.758,212.115,1
100000,109,Grid,3429.566,535048192,121557208,693,38,44,36,34047,31673,1490,0.307,426,500,0,90.410,143.195,1
100000,109,Grid,3429.754,535408640,124148492,693,40,44,36,34048,31674,1490,0.242,426,500,0,45.497,139.119,1
100000,109,Grid,3430.098,534765568,178913784,693,42,44,36,34051,31676,1491,0.296,426,500,0,92.396,247.268,1
100000,109,before_idle,3431.973,552243200,119507780,727,30,45,36,34067,31689,1493,0.119,452,500,0,0.000,0.000,1
100000,109,after_idle,3452.020,530407424,121515868,707,28,43,35,34222,31843,1493,0.152,442,500,0,0.000,0.000,1
100000,110,Rows,3455.768,538017792,176333764,695,27,43,36,34252,31871,1495,0.304,1478,500,0,115.712,345.039,1
100000,110,Rows,3455.971,541175808,181605212,695,28,43,36,34253,31872,1496,0.565,1402,500,0,17.130,180.895,1
100000,110,Rows,3458.351,537714688,222645024,689,30,43,35,34270,31886,1497,0.342,457,500,0,2092.534,265.201,1
100000,110,Rows,3459.062,337321984,126147448,690,30,43,36,34271,31887,1498,0.417,451,500,0,74.236,633.396,1
100000,110,Rows,3459.294,337776640,126193028,691,31,43,36,34273,31888,1498,0.263,451,500,0,83.955,143.908,1
100000,110,Rows,3459.595,338501632,126494880,690,32,43,36,34276,31891,1499,0.423,451,500,0,70.300,227.658,1
100000,110,Rows,3459.830,338649088,126506896,690,34,43,36,34277,31892,1499,0.476,451,500,0,81.496,148.073,1
100000,110,Rows,3460.195,338788352,124337296,690,36,43,36,34280,31894,1500,0.265,451,500,0,87.448,273.005,1
100000,110,Rows,3460.484,338788352,124578392,691,38,43,36,34282,31896,1500,0.510,451,500,0,124.724,161.030,1
100000,110,Rows,3460.901,338788352,123393840,690,40,43,36,34284,31898,1501,0.261,451,500,0,74.528,336.406,1
100000,110,Grid,3461.384,339210240,126092052,690,44,43,36,34288,31900,1501,0.409,449,500,0,271.168,195.012,1
100000,110,Grid,3461.778,339668992,123213616,690,46,43,36,34291,31903,1502,0.399,449,500,0,159.681,229.253,1
100000,110,Grid,3462.058,339668992,126900808,690,28,43,36,34292,31904,1502,0.245,449,500,0,52.519,207.789,1
100000,110,Grid,3462.335,339652608,123211360,690,30,43,36,34295,31906,1503,0.289,449,500,0,91.450,180.595,1
100000,110,Grid,3462.545,339652608,125697016,690,32,43,36,34297,31907,1503,0.267,449,500,0,73.520,131.159,1
100000,110,Grid,3462.898,339849216,123207140,690,34,43,36,34300,31910,1504,0.251,449,500,0,129.793,218.767,1
100000,110,Grid,3463.131,339853312,126557532,690,36,43,36,34301,31911,1504,0.322,449,500,0,90.934,137.870,1
100000,110,Grid,3463.457,339849216,123567400,690,38,43,36,34304,31913,1505,0.229,449,500,0,72.917,249.060,1
100000,110,Grid,3463.688,339849216,124865792,690,40,43,36,34306,31915,1505,0.234,449,500,0,67.762,159.951,1
100000,110,Grid,3464.018,340107264,123206372,690,42,43,36,34309,31918,1506,0.234,449,500,0,69.421,256.879,1
100000,110,before_idle,3465.690,360161280,126080152,725,30,44,36,34323,31930,1508,0.064,475,500,0,0.000,0.000,1
100000,110,after_idle,3485.711,339091456,127740356,691,28,43,35,34491,32096,1508,0.109,440,500,0,0.000,0.000,1
100000,111,Rows,3489.433,394428416,177396896,697,29,44,36,34520,32124,1509,0.390,1477,500,0,152.228,404.934,1
100000,111,Rows,3489.660,399052800,171490760,697,30,44,36,34522,32126,1510,0.374,1356,500,0,9.339,213.610,1
100000,111,Rows,3491.659,401252352,124726184,691,31,44,35,34538,32138,1511,5.677,456,500,0,1745.496,243.917,1
100000,111,Rows,3491.897,401637376,122030356,692,29,44,36,34541,32141,1512,0.246,450,500,0,72.803,162.101,1
100000,111,Rows,3492.110,401182720,127945948,692,30,44,36,34542,32141,1512,0.215,450,500,0,54.231,122.999,1
100000,111,Rows,3492.406,401174528,183609144,692,32,44,36,34545,32143,1513,0.243,450,500,0,85.154,205.803,1
100000,111,Rows,3492.811,401543168,125509492,692,34,44,36,34547,32145,1513,0.403,450,500,0,121.010,271.567,1
100000,111,Rows,3493.095,402128896,127966656,692,36,44,36,34548,32146,1513,0.217,450,500,0,64.103,215.104,1
100000,111,Rows,3493.498,401207296,124711292,692,38,44,36,34551,32148,1514,0.492,450,500,0,131.739,264.725,1
100000,111,Rows,3493.894,401551360,125467048,692,40,44,36,34553,32150,1514,0.263,450,500,0,143.985,243.803,1
100000,111,Grid,3494.415,401231872,136430912,692,44,44,36,34557,32153,1515,0.255,448,500,0,201.408,277.112,1
100000,111,Grid,3494.828,401510400,125978396,692,46,44,36,34559,32155,1515,0.380,448,500,0,117.920,286.629,1
100000,111,Grid,3495.039,401866752,128538876,692,28,44,36,34560,32156,1515,0.241,448,500,0,56.537,149.642,1
100000,111,Grid,3495.320,401121280,136147476,692,30,44,36,34563,32158,1516,0.509,448,500,0,71.103,203.769,1
100000,111,Grid,3495.530,401408000,126099324,692,32,44,36,34565,32160,1516,0.225,448,500,0,65.689,138.277,1
100000,111,Grid,3495.825,401698816,125212932,692,34,44,36,34567,32162,1517,0.432,448,500,0,69.647,221.060,1
100000,111,Grid,3496.036,401698816,127358876,692,36,44,36,34569,32163,1517,0.272,448,500,0,76.340,129.827,1
100000,111,Grid,3496.340,401121280,159192420,692,38,44,36,34572,32165,1518,0.347,448,500,0,78.548,221.604,1
100000,111,Grid,3496.638,401440768,125867548,692,40,44,36,34574,32167,1518,0.229,448,500,0,93.833,184.947,1
100000,111,Grid,3496.928,401735680,124706816,692,42,44,36,34576,32169,1519,0.510,448,500,0,49.454,237.131,1
100000,111,before_idle,3498.620,420020224,123964196,743,32,45,36,34592,32184,1520,0.051,474,500,0,0.000,0.000,1
100000,111,after_idle,3518.677,398356480,127030848,693,28,44,35,34764,32355,1520,0.353,464,500,0,0.000,0.000,1
100000,112,Rows,3522.133,422952960,184008988,697,29,44,35,34793,32383,1520,0.567,1500,500,0,172.661,409.461,1
100000,112,Rows,3522.412,423292928,173003216,697,30,44,36,34794,32384,1521,0.278,1296,500,0,10.159,264.458,1
100000,112,Rows,3524.304,425840640,179665420,691,32,44,35,34809,32396,1521,0.359,479,500,0,1743.876,145.046,1
100000,112,Rows,3524.709,426172416,138819452,692,29,44,36,34812,32398,1522,0.417,473,500,0,80.366,318.962,1
100000,112,Rows,3525.042,426455040,128338144,692,30,44,36,34814,32400,1522,0.344,473,500,0,135.899,185.931,1
100000,112,Rows,3525.262,426905600,130733800,692,32,44,36,34815,32401,1522,0.233,473,500,0,61.122,154.308,1
100000,112,Rows,3525.746,426127360,127281736,692,34,44,36,34818,32403,1523,0.506,473,500,0,113.645,365.884,1
100000,112,Rows,3526.020,426483712,128307220,692,36,44,36,34820,32405,1523,0.315,473,500,0,110.738,155.436,1
100000,112,Rows,3526.273,426938368,130725004,692,38,44,36,34821,32406,1523,0.321,473,500,0,70.491,178.229,1
100000,112,Rows,3526.696,426127360,127518464,692,40,44,36,34824,32408,1524,0.277,473,500,0,112.599,306.044,1
100000,112,Grid,3527.085,426229760,128402640,692,44,44,36,34828,32410,1524,0.274,471,500,0,239.553,130.286,1
100000,112,Grid,3527.269,426926080,130883492,692,46,44,36,34829,32411,1524,0.232,471,500,0,49.751,130.464,1
100000,112,Grid,3527.569,426139648,127290884,692,28,44,36,34832,32413,1525,0.235,471,500,0,70.606,225.094,1
100000,112,Grid,3527.782,426463232,128628416,692,30,44,36,34834,32415,1525,0.248,471,500,0,75.325,134.892,1
100000,112,Grid,3528.015,426737664,127275544,692,32,44,36,34836,32417,1526,0.249,471,500,0,65.588,163.394,1
100000,112,Grid,3528.246,426737664,130454976,692,34,44,36,34838,32419,1526,0.240,471,500,0,96.991,130.225,1
100000,112,Grid,3528.507,426737664,138110684,692,36,44,36,34841,32422,1527,0.369,471,500,0,74.024,182.898,1
100000,112,Grid,3528.844,426106880,130632900,692,38,44,36,34843,32423,1527,0.240,471,500,0,114.384,212.198,1
100000,112,Grid,3529.192,426369024,127281248,692,40,44,36,34846,32426,1528,0.363,471,500,0,105.445,237.566,1
100000,112,Grid,3529.451,426172416,130511788,692,42,44,36,34848,32427,1528,0.320,471,500,0,85.923,158.290,1
100000,112,before_idle,3531.202,445431808,126628564,727,32,45,36,34863,32439,1529,0.048,497,500,0,0.000,0.000,1
100000,112,after_idle,3551.299,424157184,129047476,733,28,43,36,35032,32608,1530,0.050,487,500,0,0.000,0.000,1
100000,113,Rows,3554.897,431316992,186460796,695,27,43,36,35060,32635,1530,0.438,1523,500,0,89.874,285.285,1
100000,113,Rows,3555.099,432111616,185688300,695,28,43,36,35061,32636,1530,0.289,1470,500,0,13.636,183.739,1
100000,113,Rows,3557.383,435683328,129945296,689,30,43,35,35078,32649,1532,0.241,502,500,0,1903.288,378.204,1
100000,113,Rows,3557.657,436264960,133638980,690,29,43,36,35079,32650,1532,0.480,496,500,0,69.661,198.457,1
100000,113,Rows,3558.007,436264960,145258448,691,30,43,36,35082,32653,1533,0.292,496,500,0,143.928,202.402,1
100000,113,Rows,3558.248,435691520,132742068,690,32,43,36,35084,32654,1533,0.235,496,500,0,100.125,130.379,1
100000,113,Rows,3558.530,435621888,129831712,690,34,43,36,35087,32656,1534,0.261,496,500,0,68.685,207.756,1
100000,113,Rows,3558.753,435998720,130771156,690,36,43,36,35089,32658,1534,0.226,496,500,0,77.690,140.983,1
100000,113,Rows,3558.956,436494336,133216812,690,38,43,36,35090,32659,1534,0.284,496,500,0,44.351,155.633,1
100000,113,Rows,3559.372,435613696,129836336,690,40,43,36,35093,32661,1535,0.499,496,500,0,133.223,276.728,1
100000,113,Grid,3559.860,435703808,130916248,690,44,43,36,35097,32663,1535,0.232,494,500,0,286.428,179.513,1
100000,113,Grid,3560.166,436523008,133307276,690,46,43,36,35098,32664,1535,0.430,494,500,0,88.685,213.050,1
100000,113,Grid,3560.584,435613696,136349484,690,28,43,36,35101,32666,1536,0.533,494,500,0,121.581,291.618,1
100000,113,Grid,3560.927,435953664,131038784,690,30,43,36,35103,32668,1536,0.235,494,500,0,108.387,224.064,1
100000,113,Grid,3561.271,436211712,146139296,690,32,43,36,35105,32670,1537,0.236,494,500,0,59.991,280.964,1
100000,113,Grid,3561.557,435634176,133102044,690,34,43,36,35107,32671,1537,0.497,494,500,0,110.923,169.979,1
100000,113,Grid,3561.906,435724288,129833636,690,36,43,36,35110,32673,1538,0.281,494,500,0,107.218,234.322,1
100000,113,Grid,3562.146,435990528,130807608,690,38,43,36,35112,32675,1538,0.248,494,500,0,80.161,156.245,1
100000,113,Grid,3562.316,436310016,133392856,690,40,43,36,35113,32676,1538,0.256,494,500,0,47.043,120.021,1
100000,113,Grid,3562.606,435720192,129829296,690,42,43,36,35116,32678,1539,0.284,494,500,0,76.352,209.553,1
100000,113,before_idle,3564.210,454930432,129305500,741,32,44,36,35131,32691,1540,0.198,520,500,0,0.000,0.000,1
100000,113,after_idle,3584.277,433221632,135578520,697,28,43,35,35295,32854,1540,0.153,510,500,0,0.000,0.000,1
100000,114,Rows,3587.859,445829120,191959572,701,29,43,35,35324,32883,1540,0.990,1546,500,0,138.940,480.124,1
100000,114,Rows,3588.215,446005248,198641392,696,30,43,36,35326,32885,1541,0.474,1461,500,0,15.634,336.295,1
100000,114,Rows,3590.127,444030976,184667832,691,32,43,36,35341,32900,1541,0.254,525,500,0,1758.406,148.348,1
100000,114,Rows,3590.475,444973056,146704964,691,29,43,36,35344,32903,1542,0.256,519,500,0,93.840,250.545,1
100000,114,Rows,3590.716,442236928,133373920,691,30,43,36,35346,32905,1542,0.223,519,500,0,79.147,152.696,1
100000,114,Rows,3590.902,446169088,135828096,691,32,43,36,35347,32906,1542,0.222,519,500,0,45.073,137.857,1
100000,114,Rows,3591.272,445837312,143945984,691,34,43,36,35350,32908,1543,0.244,519,500,0,106.873,259.489,1
100000,114,Rows,3591.530,446177280,133210136,691,36,43,36,35352,32910,1543,0.338,519,500,0,116.024,128.882,1
100000,114,Rows,3591.785,447090688,135679852,691,38,43,36,35353,32911,1543,0.205,519,500,0,67.191,182.763,1
100000,114,Rows,3592.175,446291968,132416952,691,40,43,36,35356,32913,1544,0.240,519,500,0,98.305,287.666,1
100000,114,Grid,3592.710,446603264,133333468,691,44,43,36,35360,32915,1544,0.254,517,500,0,270.847,227.071,1
100000,114,Grid,3593.034,447496192,135811228,691,46,43,36,35361,32916,1544,0.496,517,500,0,93.552,224.750,1
100000,114,Grid,3593.425,446955520,132421176,691,28,43,36,35364,32918,1545,0.463,517,500,0,98.030,284.785,1
100000,114,Grid,3593.777,447242240,133538436,691,30,43,36,35366,32920,1545,0.239,517,500,0,128.786,217.952,1
100000,114,Grid,3594.103,447492096,153633960,691,32,43,36,35368,32922,1546,0.291,517,500,0,67.753,255.032,1
100000,114,Grid,3594.350,446951424,135631116,691,34,43,36,35370,32923,1546,0.253,517,500,0,114.531,125.881,1
100000,114,Grid,3594.648,447049728,153643928,691,36,43,36,35373,32925,1547,0.255,517,500,0,98.392,192.436,1
100000,114,Grid,3594.927,447275008,133344520,691,38,43,36,35375,32927,1547,0.236,517,500,0,90.960,178.974,1
100000,114,Grid,3595.162,447610880,135955092,691,40,43,36,35376,32928,1547,0.330,517,500,0,77.050,154.642,1
100000,114,Grid,3595.568,446877696,132417844,691,42,43,36,35379,32930,1548,0.542,517,500,0,95.272,305.077,1
100000,114,before_idle,3597.190,466251776,136029692,741,32,44,36,35393,32943,1549,0.065,543,500,0,0.000,0.000,1
100000,114,after_idle,3617.240,445001728,137673848,691,28,43,35,35555,33104,1549,0.171,512,500,0,0.000,0.000,1
