products,cycle,phase,elapsed_s,private_bytes,managed_bytes,handles,gdi,user,threads,gc0,gc1,gc2,dispatcher_ms,pending_dispatcher,cache_entries,image_lookups,scan_ms,render_ms
100000,0,Rows,2.660,242163712,53849024,643,24,45,42,157,127,14,0.925,30,0,0,2228.317,188.116
100000,0,Rows,5.275,192905216,61422500,640,25,45,42,176,140,18,0.357,32,0,0,75.113,2534.046
100000,0,Rows,5.484,195915776,63819400,641,26,45,43,178,141,18,0.280,32,0,0,90.971,114.574
100000,0,Rows,5.681,196288512,63860804,641,28,45,43,180,142,18,0.693,30,0,0,58.188,133.982
100000,0,Rows,5.872,198221824,64735728,641,27,45,43,182,143,18,0.276,22,0,0,64.164,123.667
100000,0,Rows,6.077,197558272,65052392,641,28,45,43,184,144,18,1.616,23,0,0,64.390,125.534
100000,0,Rows,6.261,198193152,65888748,641,30,45,43,186,145,18,0.307,23,0,0,63.204,116.114
100000,0,Rows,6.453,198103040,66090380,641,32,45,43,188,146,18,0.422,23,0,0,65.880,121.913
100000,0,Rows,6.647,201457664,67044516,641,34,45,43,190,147,18,0.279,23,0,0,67.613,120.888
100000,0,Rows,6.837,199168000,67261768,641,36,45,43,192,148,18,0.473,23,0,0,62.601,124.341
100000,0,Grid,7.422,207515648,61260524,644,40,45,43,199,151,19,0.285,21,500,0,193.405,151.579
100000,0,Grid,7.603,204386304,63817284,644,42,45,43,200,152,19,0.415,21,500,0,36.338,140.469
100000,0,Grid,7.788,205598720,64807016,644,44,45,43,202,153,19,0.279,20,500,0,61.265,119.223
100000,0,Grid,7.979,206172160,65175148,644,26,45,43,204,154,19,0.522,21,500,0,63.868,122.693
100000,0,Grid,8.166,206086144,66107600,644,28,45,43,206,155,19,0.277,21,500,0,63.198,120.168
100000,0,Grid,8.374,207884288,66312968,644,30,45,43,208,157,19,0.580,21,500,0,62.779,139.839
100000,0,Grid,8.605,207306752,64664396,644,32,45,43,211,159,19,0.382,21,500,0,66.292,160.141
100000,0,Grid,8.844,207106048,62055568,644,34,45,43,213,161,20,0.463,21,500,0,46.710,187.504
100000,0,Grid,9.041,207970304,64299732,644,36,45,43,215,162,20,0.267,21,500,0,65.875,125.887
100000,0,Grid,9.246,205111296,64563192,644,38,45,43,217,163,20,0.689,21,500,0,69.812,130.842
100000,0,before_idle,11.951,227684352,62026432,705,30,46,43,231,175,21,0.382,17,500,0,0.000,0.000
100000,0,after_idle,31.983,207060992,64907624,699,26,44,43,333,277,21,0.045,3,500,0,0.000,0.000
100000,1,Rows,35.113,266215424,112724108,678,27,45,44,363,306,22,0.268,1055,500,0,140.232,325.763
100000,1,Rows,37.565,283336704,59977916,673,28,45,43,380,319,23,0.301,21,500,0,2206.613,240.054
100000,1,Rows,37.769,285253632,62601368,674,29,45,44,381,320,23,0.384,15,500,0,50.005,149.103
100000,1,Rows,38.032,283852800,60496808,675,30,45,44,384,322,24,0.237,15,500,0,69.200,189.555
100000,1,Rows,38.251,284311552,60140744,674,32,45,44,386,324,24,0.252,15,500,0,68.100,147.407
100000,1,Rows,38.436,284352512,62490440,674,34,45,44,387,325,24,0.469,15,500,0,37.665,142.654
100000,1,Rows,38.706,284602368,60179568,674,36,45,44,390,327,25,0.247,15,500,0,56.843,205.177
100000,1,Rows,38.921,271482880,59864932,674,38,45,44,392,329,25,0.395,15,500,0,68.955,142.238
100000,1,Rows,39.122,285868032,62271176,674,40,45,44,393,330,25,0.292,15,500,0,47.207,148.075
100000,1,Rows,39.385,275578880,60212176,674,42,45,44,396,332,26,0.253,15,500,0,65.906,192.220
100000,1,Grid,39.733,284880896,61911112,674,46,45,44,399,334,26,0.232,13,500,0,174.238,145.676
100000,1,Grid,40.017,273248256,60261620,674,28,45,44,402,336,27,0.280,13,500,0,72.339,206.734
100000,1,Grid,40.208,286167040,62332296,674,30,45,44,403,337,27,0.238,13,500,0,43.010,142.680
100000,1,Grid,40.482,273629184,60217408,674,32,45,44,406,339,28,0.260,13,500,0,71.269,198.134
100000,1,Grid,40.700,285839360,60897332,674,34,45,44,408,341,28,0.260,13,500,0,69.841,144.243
100000,1,Grid,40.954,274407424,59487128,674,36,45,44,411,343,29,0.744,13,500,0,74.375,174.681
100000,1,Grid,41.151,286871552,61580008,674,38,45,44,412,344,29,0.392,13,500,0,37.575,151.670
100000,1,Grid,41.413,273240064,60347972,674,40,45,44,415,346,30,0.286,13,500,0,69.581,188.125
100000,1,Grid,41.612,286175232,62451816,674,42,45,44,416,347,30,0.295,13,500,0,50.610,143.311
100000,1,Grid,41.867,285671424,60510452,674,44,45,44,419,349,31,0.681,13,500,0,61.184,189.831
100000,1,before_idle,44.383,295657472,57121692,708,30,47,41,433,363,32,0.635,17,500,0,0.000,0.000
100000,1,after_idle,64.394,274358272,62885984,700,26,43,38,531,459,32,0.211,1,500,0,0.000,0.000
100000,2,Rows,67.399,292126720,116412560,668,27,43,40,561,487,34,0.276,1042,500,0,88.551,306.733
100000,2,Rows,69.827,294739968,60502296,663,27,43,39,578,500,36,0.237,21,500,0,2224.718,198.836
100000,2,Rows,70.012,295534592,63389596,664,28,43,40,579,501,36,0.315,15,500,0,73.310,108.209
100000,2,Rows,70.273,295657472,60200784,659,30,42,39,582,504,37,0.237,15,500,0,68.855,187.739
100000,2,Rows,70.464,296099840,61678648,659,32,42,39,584,505,37,0.269,15,500,0,64.764,122.432
100000,2,Rows,70.722,295784448,60251248,658,34,42,39,587,507,38,0.234,15,500,0,66.339,183.422
100000,2,Rows,70.898,296284160,62174652,658,36,42,39,588,508,38,0.241,15,500,0,35.808,136.080
100000,2,Rows,71.149,295530496,60218580,658,38,42,39,591,510,39,0.233,15,500,0,65.127,182.552
100000,2,Rows,71.391,295845888,60329124,658,40,42,39,593,512,39,0.255,15,500,0,61.180,176.317
100000,2,Rows,71.584,296443904,62629832,658,42,42,39,594,513,39,0.246,15,500,0,47.842,140.993
100000,2,Grid,72.108,216936448,62351600,658,46,42,39,599,516,41,0.255,13,500,0,223.722,283.900
100000,2,Grid,72.308,216862720,62454772,658,28,42,39,601,517,41,0.245,13,500,0,66.347,129.661
100000,2,Grid,72.562,218013696,60409980,658,30,42,39,604,519,42,0.253,13,500,0,72.377,177.663
100000,2,Grid,72.772,218238976,60498648,658,32,42,39,606,521,42,0.298,13,500,0,69.001,136.392
100000,2,Grid,72.957,218427392,62946976,658,34,42,39,607,522,42,0.242,13,500,0,40.771,140.663
100000,2,Grid,73.213,218611712,60574360,658,36,42,39,610,524,43,0.266,13,500,0,70.719,180.465
100000,2,Grid,73.429,219054080,60774432,658,38,42,39,612,526,43,0.543,13,500,0,68.498,143.354
100000,2,Grid,73.647,219336704,60643260,658,40,42,39,614,528,44,0.323,13,500,0,36.039,174.949
100000,2,Grid,73.845,219615232,62010824,658,42,42,39,616,529,44,0.255,13,500,0,64.440,126.850
100000,2,Grid,74.087,219099136,60373228,658,44,42,39,619,531,45,0.483,13,500,0,64.983,172.730
100000,2,before_idle,76.666,238424064,57103216,695,30,44,39,634,545,46,0.346,17,500,0,0.000,0.000
100000,2,after_idle,96.673,220065792,61881640,691,28,42,37,732,641,46,0.047,1,500,0,0.000,0.000
100000,3,Rows,99.534,281321472,119079488,663,27,42,39,760,668,47,0.256,1042,500,0,116.382,276.157
100000,3,Rows,101.978,287293440,60158472,658,28,42,38,777,685,48,0.300,21,500,0,2202.685,236.698
100000,3,Rows,102.171,288591872,62825552,659,29,42,39,778,686,48,0.674,15,500,0,48.075,140.596
100000,3,Rows,102.435,287838208,60464296,660,30,42,39,781,689,49,0.389,15,500,0,56.974,198.025
100000,3,Rows,102.646,288182272,60448084,659,32,42,39,783,691,49,0.352,15,500,0,69.477,137.869
100000,3,Rows,102.834,288907264,62756964,659,34,42,39,784,692,49,0.455,15,500,0,47.933,135.828
100000,3,Rows,103.100,287789056,60151096,659,36,42,39,787,695,50,0.535,15,500,0,64.532,196.332
100000,3,Rows,103.323,288534528,60270276,659,38,42,39,789,697,50,0.243,15,500,0,75.942,140.803
100000,3,Rows,103.514,289234944,62619688,659,40,42,39,790,698,50,0.243,15,500,0,53.151,133.619
100000,3,Rows,103.780,277045248,60164600,659,42,42,39,793,701,51,0.263,15,500,0,62.682,199.524
100000,3,Grid,104.126,288059392,63028056,659,46,42,39,796,704,51,0.232,13,500,0,182.508,129.917
100000,3,Grid,104.388,288821248,60196408,659,28,42,39,799,707,52,0.237,13,500,0,66.777,190.819
100000,3,Grid,104.618,289083392,60944344,659,30,42,39,801,709,52,0.246,13,500,0,73.382,153.168
100000,3,Grid,104.889,290856960,59971104,659,32,42,39,804,712,53,0.261,13,500,0,35.749,231.010
100000,3,Grid,105.078,289312768,63403660,659,34,42,39,805,713,53,0.278,13,500,0,73.148,112.472
100000,3,Grid,105.342,288882688,59956400,659,36,42,39,808,716,54,0.250,13,500,0,62.192,196.455
100000,3,Grid,105.553,288854016,62017300,659,38,42,39,810,718,54,0.246,13,500,0,67.321,139.987
100000,3,Grid,105.814,289153024,60158204,659,40,42,39,813,721,55,0.283,13,500,0,71.749,184.416
100000,3,Grid,106.008,289562624,62657040,659,42,42,39,814,722,55,0.277,13,500,0,43.589,146.283
100000,3,Grid,106.282,288931840,60685196,659,44,42,39,817,725,56,0.259,13,500,0,72.472,198.162
100000,3,before_idle,108.765,305664000,57076328,696,30,44,39,832,740,57,2.819,17,500,0,0.000,0.000
100000,3,after_idle,128.796,286212096,61573560,679,26,40,35,930,838,57,0.043,3,500,0,0.000,0.000
100000,4,Rows,131.888,290447360,117862332,658,27,41,37,960,866,59,0.284,1042,500,0,77.134,272.555
100000,4,Rows,134.340,303104000,60303440,653,28,41,36,976,882,60,0.340,21,500,0,2182.062,266.168
100000,4,Rows,134.564,304394240,60492180,654,29,41,37,978,884,60,0.333,15,500,0,72.347,146.669
100000,4,Rows,134.747,305315840,62822172,655,30,41,37,979,885,60,0.246,15,500,0,40.437,132.948
100000,4,Rows,135.000,304435200,60342524,654,32,41,37,982,888,61,0.257,15,500,0,66.322,180.067
100000,4,Rows,135.199,304873472,62594860,654,34,41,37,983,889,61,0.719,15,500,0,46.665,144.660
100000,4,Rows,135.469,304263168,60252200,654,36,41,37,986,892,62,0.251,15,500,0,59.353,201.419
100000,4,Rows,135.696,304574464,60548368,654,38,41,37,988,894,62,0.237,15,500,0,73.328,150.306
100000,4,Rows,135.899,305037312,62837920,654,40,41,37,989,895,62,0.240,15,500,0,49.937,148.348
100000,4,Rows,136.184,304197632,60414348,654,42,41,37,992,898,63,0.335,15,500,0,69.681,207.800
100000,4,Grid,136.554,304279552,60384388,654,46,41,37,996,902,63,0.237,13,500,0,174.951,163.477
100000,4,Grid,136.748,305725440,63079340,654,28,41,37,997,903,63,0.772,13,500,0,48.142,141.669
100000,4,Grid,137.038,305156096,59934160,654,30,41,37,1000,906,64,1.040,13,500,0,58.018,223.677
100000,4,Grid,137.271,305627136,60598364,654,32,41,37,1002,908,64,0.254,13,500,0,74.843,151.986
100000,4,Grid,137.458,305786880,63046644,654,34,41,37,1003,909,64,0.235,13,500,0,43.625,137.490
100000,4,Grid,137.729,305000448,60336972,654,36,41,37,1006,912,65,0.257,13,500,0,70.636,196.529
100000,4,Grid,137.958,305565696,60721080,654,38,41,37,1008,914,65,0.290,13,500,0,74.074,151.487
100000,4,Grid,138.218,305860608,60523748,654,40,41,37,1010,916,66,0.288,13,500,0,43.543,210.620
100000,4,Grid,138.416,305238016,62524300,654,42,41,37,1012,918,66,0.343,13,500,0,67.465,127.068
100000,4,Grid,138.706,305405952,60021260,654,44,41,37,1015,921,67,0.253,13,500,0,75.369,205.502
100000,4,before_idle,140.839,314023936,57122348,691,30,43,37,1030,936,68,0.243,18,500,0,0.000,0.000
100000,4,after_idle,160.848,221663232,62048748,654,26,41,35,1127,1033,69,0.053,1,500,0,0.000,0.000
100000,5,Rows,163.871,281534464,100057840,658,27,41,37,1158,1062,71,0.280,1042,500,0,123.830,320.504
100000,5,Rows,164.011,280944640,102039768,658,28,41,37,1159,1063,71,0.211,823,500,0,7.930,128.187
100000,5,Rows,166.428,282034176,60592916,653,30,41,36,1176,1076,73,0.232,21,500,0,2198.112,215.518
100000,5,Rows,166.797,225824768,62340492,654,29,41,37,1178,1077,74,0.337,15,500,0,76.750,287.988
100000,5,Rows,166.992,225951744,62367260,655,30,41,37,1180,1079,74,0.251,15,500,0,72.829,118.481
100000,5,Rows,167.246,225976320,60532048,654,32,41,37,1183,1081,75,0.631,15,500,0,68.208,176.088
100000,5,Rows,167.465,226177024,60662664,654,34,41,37,1185,1083,75,0.239,15,500,0,66.546,148.676
100000,5,Rows,167.647,226541568,62999032,654,36,41,37,1186,1084,75,0.240,15,500,0,47.423,130.511
100000,5,Rows,167.924,225865728,60525288,654,38,41,37,1189,1086,76,0.250,15,500,0,76.509,196.332
100000,5,Rows,168.140,216846336,60664576,654,40,41,37,1191,1088,76,0.266,15,500,0,57.434,155.107
100000,5,Grid,168.546,225505280,60815808,654,44,41,37,1195,1091,77,0.247,13,500,0,178.163,189.742
100000,5,Grid,168.763,226295808,61162836,654,46,41,37,1197,1093,77,0.253,13,500,0,70.128,143.766
100000,5,Grid,168.996,226762752,59492348,654,28,41,37,1200,1095,78,0.275,13,500,0,68.250,159.950
100000,5,Grid,169.215,227885056,61725716,654,30,41,37,1201,1096,78,0.240,13,500,0,55.773,159.690
100000,5,Grid,169.458,226893824,60500708,654,32,41,37,1204,1098,79,0.297,13,500,0,60.433,178.722
100000,5,Grid,169.648,227205120,62933944,654,34,41,37,1205,1099,79,0.281,13,500,0,76.095,108.230
100000,5,Grid,169.895,226639872,60467752,654,36,41,37,1208,1101,80,0.242,13,500,0,67.306,174.786
100000,5,Grid,170.101,226840576,61571204,654,38,41,37,1210,1102,80,0.376,13,500,0,75.885,126.031
100000,5,Grid,170.353,226914304,60423500,654,40,41,37,1213,1104,81,0.283,13,500,0,70.556,176.386
100000,5,Grid,170.546,227250176,62821896,654,42,41,37,1214,1105,81,1.217,13,500,0,74.322,114.048
100000,5,before_idle,173.165,245776384,58174820,692,30,44,37,1231,1119,83,0.348,17,500,0,0.000,0.000
100000,5,after_idle,193.170,223997952,63614652,685,26,41,35,1335,1223,83,0.054,1,500,0,0.000,0.000
100000,6,Rows,195.988,284979200,110811928,657,27,41,37,1364,1251,84,0.307,1042,500,0,79.254,292.371
100000,6,Rows,198.574,288141312,60643116,652,28,41,36,1380,1267,85,0.291,21,500,0,2333.091,247.890
100000,6,Rows,198.820,286416896,60474432,653,29,41,37,1382,1269,85,0.319,15,500,0,79.060,163.581
100000,6,Rows,199.017,291225600,62805852,653,30,41,37,1383,1270,85,0.388,15,500,0,51.623,140.698
100000,6,Rows,199.293,290643968,60352284,653,32,41,37,1386,1272,86,0.254,15,500,0,81.465,189.769
100000,6,Rows,199.492,291065856,62290584,653,34,41,37,1387,1273,86,0.276,15,500,0,46.760,147.845
100000,6,Rows,199.753,290451456,60533344,653,36,41,37,1390,1275,87,0.276,15,500,0,64.220,193.661
100000,6,Rows,199.969,290684928,60354316,653,38,41,37,1392,1277,87,0.246,15,500,0,66.049,145.599
100000,6,Rows,200.161,291270656,62653832,653,40,41,37,1393,1278,87,0.234,15,500,0,50.579,137.271
100000,6,Rows,200.430,290430976,60247968,653,42,41,37,1396,1280,88,0.263,15,500,0,74.502,191.213
100000,6,Grid,200.793,290492416,60280024,653,46,41,37,1400,1282,88,0.279,13,500,0,180.501,153.635
100000,6,Grid,201.054,291549184,60675408,653,28,41,37,1402,1284,89,0.344,13,500,0,42.986,212.774
100000,6,Grid,201.334,290717696,60207216,653,30,41,37,1405,1286,90,1.006,13,500,0,78.517,196.965
100000,6,Grid,201.564,290947072,60364040,653,32,41,37,1407,1288,90,0.239,13,500,0,69.780,151.926
100000,6,Grid,201.746,291647488,62815664,653,34,41,37,1408,1289,90,0.236,13,500,0,44.116,134.272
100000,6,Grid,202.024,290906112,60139432,653,36,41,37,1411,1291,91,0.266,13,500,0,75.089,198.999
100000,6,Grid,202.244,291233792,60736516,653,38,41,37,1413,1293,91,0.258,13,500,0,72.679,143.273
100000,6,Grid,202.483,291483648,60564900,653,40,41,37,1415,1295,92,0.255,13,500,0,52.150,183.472
100000,6,Grid,202.686,291483648,61974684,653,42,41,37,1417,1296,92,0.263,13,500,0,70.010,129.377
100000,6,Grid,202.955,290996224,60483532,653,44,41,37,1420,1298,93,0.249,13,500,0,71.109,194.050
100000,6,before_idle,205.508,303009792,57101000,691,30,44,37,1435,1310,94,0.679,17,500,0,0.000,0.000
100000,6,after_idle,225.537,281427968,59737772,679,26,41,35,1536,1409,94,0.081,3,500,0,0.000,0.000
100000,7,Rows,228.467,300244992,117531960,656,27,41,37,1565,1437,95,0.293,1042,500,0,77.460,306.109
100000,7,Rows,230.971,300388352,60557340,651,27,41,36,1583,1451,98,0.225,21,500,0,2270.359,229.476
100000,7,Rows,231.215,300666880,61174012,652,28,41,37,1585,1453,98,0.333,15,500,0,73.047,167.262
100000,7,Rows,231.454,301113344,60656836,653,30,41,37,1587,1455,99,0.232,15,500,0,36.667,199.047
100000,7,Rows,231.667,301109248,61799924,652,32,41,37,1589,1456,99,0.313,15,500,0,72.944,136.722
100000,7,Rows,231.962,300802048,59898496,652,34,41,37,1592,1458,100,0.813,15,500,0,72.875,215.492
100000,7,Rows,232.173,301117440,62789576,652,36,41,37,1593,1459,100,0.807,15,500,0,82.984,121.878
100000,7,Rows,232.442,301469696,59961528,652,38,41,37,1596,1462,101,0.244,15,500,0,59.728,203.045
100000,7,Rows,232.657,301473792,61646012,652,40,41,37,1598,1463,101,0.238,15,500,0,70.112,141.539
100000,7,Rows,232.932,301121536,60257036,652,42,41,37,1601,1465,102,0.253,15,500,0,70.211,201.452
100000,7,Grid,233.274,300937216,61897116,652,46,41,37,1604,1467,102,0.234,13,500,0,184.310,141.670
100000,7,Grid,233.557,301617152,60269888,652,28,41,37,1607,1469,103,0.600,13,500,0,71.457,207.840
100000,7,Grid,233.755,302055424,62341188,652,30,41,37,1608,1470,103,0.291,13,500,0,47.601,141.960
100000,7,Grid,234.040,301543424,60119972,652,32,41,37,1611,1472,104,0.252,13,500,0,73.592,205.435
100000,7,Grid,234.274,301740032,60929556,652,34,41,37,1613,1474,104,0.262,13,500,0,75.597,154.224
100000,7,Grid,234.548,302170112,59499964,652,36,41,37,1616,1476,105,0.343,13,500,0,76.384,193.243
100000,7,Grid,234.743,303304704,61594892,652,38,41,37,1617,1477,105,0.246,13,500,0,45.851,142.432
100000,7,Grid,235.020,302309376,60344048,652,40,41,37,1620,1480,106,0.274,13,500,0,81.418,192.281
100000,7,Grid,235.213,302604288,62796476,652,42,41,37,1621,1481,106,0.245,13,500,0,43.558,145.349
100000,7,Grid,235.495,302059520,60340388,652,44,41,37,1624,1483,107,0.318,13,500,0,73.388,204.070
100000,7,before_idle,237.664,311828480,57100740,689,30,43,37,1638,1496,108,0.154,18,500,0,0.000,0.000
100000,7,after_idle,257.711,290537472,62568988,680,26,41,36,1736,1593,108,0.047,3,500,0,0.000,0.000
100000,8,Rows,260.475,303575040,120997388,659,27,42,37,1766,1621,110,0.293,1042,500,0,82.429,279.999
100000,8,Rows,263.167,302456832,60457408,654,27,42,36,1785,1635,113,0.287,21,500,0,2420.173,268.148
100000,8,Rows,263.425,303194112,60385268,655,28,42,37,1787,1637,113,0.329,15,500,0,83.005,170.467
100000,8,Rows,263.618,303996928,62727684,655,30,42,37,1788,1638,113,0.700,15,500,0,36.909,152.178
100000,8,Rows,263.897,303071232,60269096,655,32,42,37,1791,1640,114,0.273,15,500,0,72.885,197.156
100000,8,Rows,264.095,303538176,62211744,655,34,42,37,1792,1641,114,0.242,15,500,0,41.194,152.186
100000,8,Rows,264.389,303001600,60254912,655,36,42,37,1795,1643,115,0.501,15,500,0,76.360,213.446
100000,8,Rows,264.626,303128576,60317552,655,38,42,37,1797,1645,115,0.278,15,500,0,68.821,164.299
100000,8,Rows,264.818,304017408,62618100,655,40,42,37,1798,1646,115,0.278,15,500,0,38.574,148.639
100000,8,Rows,265.111,303308800,60347448,655,42,42,37,1801,1648,116,0.542,15,500,0,75.408,209.943
100000,8,Grid,265.489,303308800,60216856,655,46,42,37,1805,1650,116,0.287,13,500,0,192.230,168.165
100000,8,Grid,265.692,304586752,62578848,655,28,42,37,1806,1651,116,0.501,13,500,0,54.744,144.452
100000,8,Grid,265.989,303845376,60023696,655,30,42,37,1809,1653,117,0.341,13,500,0,76.828,214.585
100000,8,Grid,266.236,304070656,60178452,655,32,42,37,1811,1655,117,0.365,13,500,0,82.112,160.647
100000,8,Grid,266.430,304660480,62684000,655,34,42,37,1812,1656,117,0.250,13,500,0,38.698,150.949
100000,8,Grid,266.724,303960064,60464592,655,36,42,37,1815,1658,118,0.258,13,500,0,75.173,215.216
100000,8,Grid,266.973,304107520,60437228,655,38,42,37,1817,1660,118,0.269,13,500,0,63.706,181.339
100000,8,Grid,267.168,304476160,62884236,655,40,42,37,1818,1661,118,0.256,13,500,0,43.356,147.645
100000,8,Grid,267.460,304103424,60029936,655,42,42,37,1821,1663,119,0.476,13,500,0,77.758,209.803
100000,8,Grid,267.690,304381952,60776928,655,44,42,37,1823,1665,119,0.231,13,500,0,71.789,154.634
100000,8,before_idle,269.868,324227072,61719312,698,30,45,38,1836,1677,120,0.610,17,500,0,0.000,0.000
100000,8,after_idle,289.884,303452160,62921976,686,26,42,38,1934,1774,120,0.052,1,500,0,0.000,0.000
100000,9,Rows,292.894,308944896,109719388,663,27,42,40,1965,1802,123,0.837,1042,500,0,76.998,302.851
100000,9,Rows,295.359,306384896,60404092,658,27,42,39,1982,1815,125,0.233,21,500,0,2215.316,241.188
100000,9,Rows,295.580,307265536,62423904,661,28,43,40,1984,1816,125,0.330,15,500,0,76.021,141.902
100000,9,Rows,295.865,307441664,60260228,662,30,43,40,1987,1818,126,0.247,15,500,0,67.030,214.283
100000,9,Rows,296.105,307466240,59882268,661,32,43,40,1989,1820,126,0.235,15,500,0,84.179,152.428
100000,9,Rows,296.310,307769344,62271832,661,34,43,40,1990,1821,126,0.238,15,500,0,46.760,154.943
100000,9,Rows,296.586,307769344,60215136,661,36,43,40,1993,1823,127,0.329,15,500,0,76.412,195.589
100000,9,Rows,296.773,308613120,62204384,661,38,43,40,1994,1824,127,0.231,15,500,0,50.162,132.658
100000,9,Rows,297.060,308072448,59898232,661,40,43,40,1997,1826,128,0.651,15,500,0,67.240,215.397
100000,9,Rows,297.303,308207616,60303608,661,42,44,40,1999,1828,128,0.398,15,500,0,74.969,163.925
100000,9,Grid,297.743,308207616,60566132,661,46,43,40,2003,1831,129,0.194,13,500,0,202.405,203.328
100000,9,Grid,297.984,308629504,60717848,661,28,43,40,2005,1833,129,0.324,13,500,0,77.702,158.704
100000,9,Grid,298.183,308629504,63141264,661,30,43,40,2006,1834,129,0.499,13,500,0,53.576,139.033
100000,9,Grid,298.470,308629504,59952168,661,32,43,40,2009,1836,130,0.273,13,500,0,75.529,202.112
100000,9,Grid,298.697,308629504,60709108,661,34,43,40,2011,1838,130,0.286,13,500,0,76.073,147.018
100000,9,Grid,298.956,308772864,60711208,661,36,43,40,2013,1840,131,0.299,13,500,0,54.457,201.278
100000,9,Grid,299.182,308772864,61940904,661,38,43,40,2015,1841,131,0.250,13,500,0,75.641,144.643
100000,9,Grid,299.466,308772864,60195812,661,40,43,40,2018,1843,132,0.266,13,500,0,75.739,204.078
100000,9,Grid,299.703,308772864,60346904,661,42,43,40,2020,1845,132,0.414,13,500,0,74.023,153.858
100000,9,Grid,299.904,309190656,62807936,661,44,43,40,2021,1846,132,0.225,13,500,0,39.474,153.362
100000,9,before_idle,302.460,324214784,60045900,697,30,45,40,2037,1859,134,0.759,16,500,0,0.000,0.000
100000,9,after_idle,322.491,302948352,64597988,686,26,42,38,2135,1956,134,0.263,3,500,0,0.000,0.000
100000,10,Rows,325.406,308453376,113393168,663,27,42,40,2166,1984,137,0.295,1042,500,0,94.482,289.168
100000,10,Rows,328.095,305336320,60080784,652,27,41,38,2185,1998,140,0.235,21,500,0,2434.661,249.854
100000,10,Rows,328.348,305700864,60410832,653,28,41,39,2187,2000,140,0.348,15,500,0,85.196,164.457
100000,10,Rows,328.531,305995776,62775448,653,30,41,39,2188,2001,140,0.851,15,500,0,37.047,141.517
100000,10,Rows,328.816,305975296,60292788,653,32,41,39,2191,2004,141,0.248,15,500,0,78.917,196.651
100000,10,Rows,329.024,305983488,62546024,653,34,41,39,2192,2005,141,0.245,15,500,0,44.888,157.796
100000,10,Rows,329.312,305975296,60252880,653,36,41,39,2195,2007,142,0.288,15,500,0,77.000,207.624
100000,10,Rows,329.550,306118656,60402496,653,38,41,39,2197,2009,142,0.391,15,500,0,76.649,155.578
100000,10,Rows,329.758,306126848,62700216,653,40,41,39,2198,2010,142,0.248,15,500,0,39.870,159.813
100000,10,Rows,330.065,306118656,60279664,653,42,41,39,2201,2012,143,0.257,15,500,0,75.942,226.825
100000,10,Grid,330.446,306118656,60252708,653,46,41,39,2205,2014,143,0.314,13,500,0,180.401,171.933
100000,10,Grid,330.654,306688000,62599652,653,28,41,39,2206,2015,143,0.254,13,500,0,45.517,155.689
100000,10,Grid,330.958,306679808,60199976,653,30,41,39,2209,2017,144,0.488,13,500,0,83.750,212.786
100000,10,Grid,331.185,306405376,60192956,653,32,41,39,2211,2019,144,0.247,13,500,0,68.042,155.645
100000,10,Grid,331.400,306700288,62684748,653,34,41,39,2212,2020,144,0.234,13,500,0,58.436,152.393
100000,10,Grid,331.691,306692096,60249740,653,36,41,39,2215,2022,145,0.276,13,500,0,68.141,218.975
100000,10,Grid,331.928,306692096,60468500,653,38,41,39,2217,2024,145,0.246,13,500,0,68.576,164.648
100000,10,Grid,332.115,306700288,62914296,653,40,41,39,2218,2025,145,0.255,13,500,0,42.339,140.516
100000,10,Grid,332.418,306769920,60174228,658,42,41,40,2221,2027,146,0.646,13,500,0,75.148,220.589
100000,10,Grid,332.651,306769920,60821548,658,44,41,40,2223,2029,146,0.249,13,500,0,78.750,146.992
100000,10,before_idle,335.222,324796416,58897336,695,30,43,40,2238,2041,147,0.377,17,500,0,0.000,0.000
100000,10,after_idle,355.267,302313472,64429812,689,28,42,38,2336,2137,147,0.046,3,500,0,0.000,0.000
100000,11,Rows,358.355,306528256,109933652,661,27,42,40,2367,2165,150,0.699,1042,500,0,120.334,276.013
100000,11,Rows,360.891,306028544,59978808,656,27,42,39,2386,2179,153,0.228,21,500,0,2290.829,241.045
100000,11,Rows,361.093,306143232,62653012,657,28,42,40,2387,2180,153,0.604,15,500,0,49.143,148.728
100000,11,Rows,361.392,306094080,59971836,658,30,42,40,2390,2182,154,0.292,15,500,0,83.670,211.404
100000,11,Rows,361.623,306094080,60216732,657,32,42,40,2392,2184,154,0.392,15,500,0,69.160,156.084
100000,11,Rows,361.827,306262016,62549360,657,34,42,40,2393,2185,154,0.266,15,500,0,45.117,150.546
100000,11,Rows,362.115,306094080,59936160,657,36,42,40,2396,2187,155,0.255,15,500,0,75.075,209.127
100000,11,Rows,362.366,306094080,59976232,657,38,42,40,2398,2189,155,0.346,15,500,0,83.604,163.547
100000,11,Rows,362.567,306434048,62353412,657,40,42,40,2399,2190,155,0.236,15,500,0,45.745,147.829
100000,11,Rows,362.844,306094080,60498896,657,42,42,40,2402,2192,156,0.252,15,500,0,78.340,193.780
100000,11,Grid,363.211,306094080,62212200,657,46,42,40,2405,2194,156,0.252,13,500,0,183.677,153.058
100000,11,Grid,363.549,306094080,59869868,657,28,42,40,2408,2196,157,0.269,13,500,0,87.598,246.021
100000,11,Grid,363.799,306094080,59691600,657,30,42,40,2410,2198,157,0.243,13,500,0,80.356,166.513
100000,11,Grid,364.018,306610176,62266104,657,32,42,40,2411,2199,157,0.272,13,500,0,57.039,157.911
100000,11,Grid,364.300,306565120,60511864,657,34,42,40,2414,2202,158,0.255,13,500,0,69.854,202.451
100000,11,Grid,364.504,306565120,63201236,657,36,42,40,2415,2203,158,0.227,13,500,0,85.531,114.345
100000,11,Grid,364.795,306565120,60021836,657,38,42,40,2418,2205,159,0.263,13,500,0,76.534,210.948
100000,11,Grid,365.013,307138560,61955304,657,40,42,40,2420,2206,159,0.295,13,500,0,78.626,135.981
100000,11,Grid,365.311,306978816,60156132,657,42,42,40,2423,2208,160,0.271,13,500,0,80.004,214.213
100000,11,Grid,365.516,306987008,62280220,657,44,42,40,2424,2209,160,0.240,13,500,0,45.956,154.549
100000,11,before_idle,368.038,324923392,60115716,699,30,45,41,2439,2223,161,0.363,17,500,0,0.000,0.000
100000,11,after_idle,388.046,303513600,61289628,687,28,42,38,2537,2320,161,0.069,1,500,0,0.000,0.000
100000,12,Rows,391.174,308674560,112464988,664,27,42,39,2567,2347,164,0.299,1042,500,0,86.288,291.382
100000,12,Rows,391.347,308068352,99657744,664,28,42,39,2569,2349,165,1.987,813,500,0,24.588,141.807
100000,12,Rows,393.808,307023872,89467388,659,29,42,38,2585,2361,166,0.170,21,500,0,2327.884,127.537
100000,12,Rows,394.073,307101696,59909552,661,29,42,39,2588,2363,167,0.552,15,500,0,12.095,249.203
100000,12,Rows,394.286,307392512,62467892,660,30,42,39,2589,2364,167,0.349,13,500,0,56.181,151.922
100000,12,Rows,394.585,307388416,60108368,660,32,42,39,2592,2366,168,0.420,13,500,0,82.285,212.714
100000,12,Rows,394.824,307388416,60199200,660,34,42,39,2594,2368,168,0.299,12,500,0,70.681,162.570
100000,12,Rows,395.019,307392512,62638332,660,36,42,39,2595,2369,168,0.291,12,500,0,39.348,149.173
100000,12,Rows,395.324,307531776,60271216,660,38,42,39,2598,2371,169,0.263,12,500,0,83.348,218.254
100000,12,Rows,395.570,307531776,60210220,660,40,42,39,2600,2373,169,0.408,12,500,0,76.041,161.840
100000,12,Grid,395.996,307490816,60232440,660,44,42,39,2604,2376,170,0.283,10,500,0,193.190,204.648
100000,12,Grid,396.242,307777536,60744512,660,46,42,39,2606,2378,170,0.302,10,500,0,88.525,153.486
100000,12,Grid,396.440,307343360,63264316,660,28,42,39,2607,2379,170,0.262,10,500,0,51.220,140.374
100000,12,Grid,396.737,307625984,60067052,660,30,42,39,2610,2381,171,0.649,10,500,0,77.974,213.735
100000,12,Grid,396.976,307912704,61030712,660,32,42,39,2612,2383,171,0.278,10,500,0,77.297,154.425
100000,12,Grid,397.259,307912704,59575112,660,34,42,39,2615,2385,172,0.541,10,500,0,78.485,200.432
100000,12,Grid,397.469,307482624,61750180,660,36,42,39,2616,2386,172,0.301,10,500,0,49.015,156.189
100000,12,Grid,397.801,308039680,59799668,660,38,42,39,2619,2389,173,0.306,10,500,0,93.568,233.297
100000,12,Grid,398.051,308183040,59991796,660,40,42,39,2621,2391,173,0.301,10,500,0,80.475,163.754
100000,12,Grid,398.259,308330496,62641396,660,42,42,39,2622,2392,173,0.299,10,500,0,48.237,155.897
100000,12,before_idle,400.871,326111232,61350340,697,30,44,39,2636,2404,175,0.217,35,500,0,0.000,0.000
100000,12,after_idle,420.880,304779264,61409964,688,26,42,37,2740,2507,175,0.053,1,500,0,0.000,0.000
100000,13,Rows,423.939,310226944,111735504,665,27,42,39,2771,2535,178,0.299,1043,500,0,77.091,317.381
100000,13,Rows,426.375,313257984,59974508,654,28,41,37,2786,2550,179,0.311,21,500,0,2200.613,232.384
100000,13,Rows,426.597,313335808,62168368,655,29,41,38,2788,2552,179,0.330,15,500,0,68.271,148.250
100000,13,Rows,426.869,313335808,60055084,656,30,41,38,2791,2555,180,0.250,15,500,0,73.083,195.648
100000,13,Rows,427.054,313409536,62384812,655,32,41,38,2792,2556,180,0.251,15,500,0,42.521,138.184
100000,13,Rows,427.339,313405440,60219460,655,34,41,38,2795,2559,181,0.250,15,500,0,72.375,209.272
100000,13,Rows,427.566,313405440,60238220,655,36,41,38,2797,2561,181,0.230,15,500,0,66.479,157.077
100000,13,Rows,427.762,313528320,62559536,655,38,41,38,2798,2562,181,0.235,15,500,0,51.692,140.050
100000,13,Rows,428.056,307781632,60047184,655,40,41,38,2801,2565,182,0.249,15,500,0,66.766,223.402
100000,13,Rows,428.290,311869440,60136544,655,42,41,38,2803,2567,182,0.260,15,500,0,74.440,156.154
100000,13,Grid,428.742,311963648,60107356,655,46,41,38,2807,2571,183,0.267,13,500,0,187.135,230.149
100000,13,Grid,428.979,311971840,60361556,655,28,41,38,2809,2573,183,0.280,13,500,0,77.347,155.513
100000,13,Grid,429.188,312418304,62871448,655,30,41,38,2810,2574,183,0.337,13,500,0,51.335,153.842
100000,13,Grid,429.478,312414208,59894056,655,32,41,38,2813,2577,184,0.250,13,500,0,75.640,210.319
100000,13,Grid,429.718,312422400,60179064,655,34,41,38,2815,2579,184,0.258,13,500,0,75.018,161.645
100000,13,Grid,429.910,312426496,62678520,655,36,41,38,2816,2580,184,0.355,13,500,0,50.370,137.669
100000,13,Grid,430.214,312422400,60374904,655,38,41,38,2819,2583,185,0.376,13,500,0,74.161,225.297
100000,13,Grid,430.452,312422400,60035412,655,40,41,38,2821,2585,185,0.272,13,500,0,82.428,146.901
100000,13,Grid,430.647,312426496,62564628,655,42,41,38,2822,2586,185,0.332,13,500,0,43.744,147.562
100000,13,Grid,430.946,312422400,59592964,655,44,41,38,2825,2589,186,0.247,13,500,0,72.837,222.593
100000,13,before_idle,433.474,330571776,57046300,693,30,44,38,2840,2604,187,0.504,17,500,0,0.000,0.000
100000,13,after_idle,453.483,307400704,64034724,684,26,41,35,2939,2703,187,0.181,1,500,0,0.000,0.000
100000,14,Rows,456.584,311668736,111993412,656,27,41,37,2971,2732,190,0.287,1042,500,0,83.715,317.491
100000,14,Rows,459.138,308510720,59874680,651,28,41,36,2987,2748,191,0.382,21,500,0,2274.668,275.976
100000,14,Rows,459.371,309927936,60594776,652,29,41,37,2989,2750,191,0.311,15,500,0,75.226,152.787
100000,14,Rows,459.560,310550528,62880052,652,30,41,37,2990,2751,191,0.956,15,500,0,42.673,141.449
100000,14,Rows,459.856,310251520,60021252,652,32,41,37,2993,2754,192,0.286,15,500,0,83.058,208.566
100000,14,Rows,460.091,310521856,60129084,652,34,41,37,2995,2756,192,0.431,15,500,0,71.021,159.241
100000,14,Rows,460.296,311328768,62465416,652,36,41,37,2996,2757,192,0.235,15,500,0,42.991,156.458
100000,14,Rows,460.592,310398976,60269240,652,38,41,37,2999,2760,193,0.263,15,500,0,75.818,216.256
100000,14,Rows,460.792,310816768,62536192,652,40,41,37,3000,2761,193,0.262,15,500,0,46.649,149.123
100000,14,Rows,461.080,310198272,60109628,652,42,41,37,3003,2764,194,0.748,15,500,0,66.890,216.774
100000,14,Grid,461.453,310214656,60541296,652,46,41,37,3007,2768,194,0.251,13,500,0,198.184,157.644
100000,14,Grid,461.647,310992896,63154392,652,28,41,37,3008,2769,194,0.248,13,500,0,43.628,146.849
100000,14,Grid,461.952,310161408,60027836,652,30,41,37,3011,2772,195,0.258,13,500,0,70.336,229.053
100000,14,Grid,462.193,310493184,60608936,652,32,41,37,3013,2774,195,0.249,13,500,0,76.784,160.296
100000,14,Grid,462.389,311070720,63030696,652,34,41,37,3014,2775,195,0.256,13,500,0,40.128,152.165
100000,14,Grid,462.690,310571008,60154976,652,36,41,37,3017,2778,196,0.252,13,500,0,71.111,221.580
100000,14,Grid,462.930,310796288,60968192,652,38,41,37,3019,2780,196,0.256,13,500,0,76.975,158.459
100000,14,Grid,463.245,305397760,59432972,652,40,41,37,3022,2783,197,0.406,13,500,0,77.598,231.266
100000,14,Grid,463.441,310292480,62081296,652,42,41,37,3023,2784,197,0.356,13,500,0,46.484,145.081
100000,14,Grid,463.718,312205312,60254552,652,44,41,37,3026,2787,198,0.368,13,500,0,69.106,200.743
100000,14,before_idle,465.875,332132352,57034988,689,30,43,37,3039,2800,199,0.201,18,500,0,0.000,0.000
100000,14,after_idle,485.896,309256192,58805372,684,26,40,35,3138,2898,199,0.046,3,500,0,0.000,0.000
100000,15,Rows,488.997,313556992,114170092,658,27,41,37,3169,2926,202,0.299,1042,500,0,112.433,303.864
100000,15,Rows,491.568,312938496,60426584,652,27,41,36,3187,2940,204,0.233,21,500,0,2324.166,242.618
100000,15,Rows,491.767,313339904,63307596,653,28,41,37,3188,2941,204,0.321,15,500,0,77.544,117.269
100000,15,Rows,492.059,312782848,60051716,653,30,41,37,3191,2943,205,0.311,15,500,0,82.550,206.246
100000,15,Rows,492.288,312836096,61421940,653,32,41,37,3193,2944,205,0.238,15,500,0,80.858,143.536
100000,15,Rows,492.596,313114624,59652676,653,34,41,37,3196,2946,206,0.253,15,500,0,78.880,225.941
100000,15,Rows,492.801,313913344,61594872,653,36,41,37,3197,2947,206,0.393,15,500,0,39.688,161.113
100000,15,Rows,493.101,312975360,60200328,653,38,41,37,3200,2950,207,0.264,15,500,0,87.306,208.734
100000,15,Rows,493.296,313417728,62454636,653,40,41,37,3201,2951,207,0.235,15,500,0,41.842,147.967
100000,15,Rows,493.593,312770560,60023320,653,42,41,37,3204,2953,208,0.448,15,500,0,82.120,211.215
100000,15,Grid,493.965,312799232,60419740,653,46,41,37,3208,2955,208,0.240,13,500,0,188.189,153.455
100000,15,Grid,494.173,314281984,62781888,653,28,41,37,3209,2956,208,0.236,13,500,0,54.683,149.422
100000,15,Grid,494.470,313016320,59864472,653,30,41,37,3212,2958,209,0.285,13,500,0,78.358,215.009
100000,15,Grid,494.705,313532416,60497860,653,32,41,37,3214,2960,209,0.264,13,500,0,77.375,153.649
100000,15,Grid,494.896,313753600,62918596,653,34,41,37,3215,2961,209,0.248,13,500,0,44.582,142.413
100000,15,Grid,495.184,313368576,59978996,653,36,41,37,3218,2963,210,0.268,13,500,0,75.359,208.907
100000,15,Grid,495.426,313569280,60877536,653,38,41,37,3220,2965,210,0.287,13,500,0,78.020,159.483
100000,15,Grid,495.707,313876480,59418736,653,40,41,37,3223,2967,211,0.290,13,500,0,75.749,200.832
100000,15,Grid,495.908,314556416,61506300,653,42,41,37,3224,2968,211,0.266,13,500,0,43.863,153.268
100000,15,Grid,496.176,313569280,60240732,653,44,41,37,3227,2971,212,0.767,13,500,0,67.387,195.877
100000,15,before_idle,498.700,333291520,57043212,691,30,44,37,3241,2984,213,0.307,18,500,0,0.000,0.000
100000,15,after_idle,518.749,310460416,63934964,679,26,41,35,3339,3080,213,0.088,3,500,0,0.000,0.000
100000,16,Rows,521.814,316116992,120730116,656,27,42,37,3369,3107,215,0.304,1043,500,0,122.532,298.851
100000,16,Rows,524.567,315379712,60189488,652,27,41,37,3389,3122,219,0.270,22,500,0,2498.739,250.729
100000,16,Rows,524.745,314200064,61902740,653,28,41,37,3390,3123,219,0.743,14,500,0,19.988,152.116
100000,16,Rows,525.068,314003456,60146376,652,30,41,37,3393,3125,220,2.854,12,500,0,75.655,238.867
100000,16,Rows,525.344,314150912,59790136,652,32,41,37,3395,3127,220,0.234,12,500,0,95.118,173.458
100000,16,Rows,525.539,315039744,62183728,652,34,41,37,3396,3128,220,0.244,11,500,0,35.613,156.019
100000,16,Rows,525.841,314015744,60166692,652,36,41,37,3399,3131,221,0.252,11,500,0,74.258,224.603
100000,16,Rows,526.039,314568704,62495744,652,38,41,37,3400,3132,221,0.265,11,500,0,52.976,139.584
100000,16,Rows,526.356,314003456,59925488,652,40,41,37,3403,3134,222,0.268,11,500,0,82.389,225.898
100000,16,Rows,526.582,314089472,60328644,652,42,41,37,3405,3136,222,0.254,11,500,0,68.806,153.311
100000,16,Grid,527.019,314003456,60223348,652,46,41,37,3409,3139,223,0.253,10,500,0,186.308,220.595
100000,16,Grid,527.265,314064896,60747948,652,28,41,37,3411,3141,223,0.260,10,500,0,86.586,155.598
100000,16,Grid,527.462,314437632,63175864,652,30,41,37,3412,3142,223,0.387,10,500,0,36.697,156.271
100000,16,Grid,527.761,314003456,59742152,652,32,41,37,3415,3144,224,0.293,10,500,0,74.699,216.549
100000,16,Grid,527.994,314310656,60659736,652,34,41,37,3417,3146,224,0.329,10,500,0,76.607,152.310
100000,16,Grid,528.274,314605568,60360560,652,36,41,37,3419,3148,225,0.251,10,500,0,47.304,228.754
100000,16,Grid,528.490,314605568,61943616,652,38,41,37,3421,3149,225,0.231,10,500,0,74.207,137.628
100000,16,Grid,528.783,314290176,60221400,652,40,41,37,3424,3151,226,0.253,10,500,0,76.749,212.215
100000,16,Grid,529.031,314642432,60349600,652,42,41,37,3426,3153,226,0.247,10,500,0,79.660,164.684
100000,16,Grid,529.231,315195392,62807032,652,44,41,37,3427,3154,226,0.282,10,500,0,46.812,149.348
100000,16,before_idle,531.786,333119488,62169948,690,30,43,37,3442,3167,227,0.478,16,500,0,0.000,0.000
100000,16,after_idle,551.814,311193600,64640600,683,26,40,35,3540,3263,227,0.049,3,500,0,0.000,0.000
100000,17,Rows,554.918,317571072,112693664,657,27,41,37,3571,3292,229,0.296,1043,500,0,122.873,300.138
100000,17,Rows,557.640,316817408,60202192,652,27,41,36,3589,3305,232,0.254,21,500,0,2464.690,252.735
100000,17,Rows,557.875,316899328,60986404,653,28,41,37,3591,3306,232,0.375,15,500,0,67.566,163.116
100000,17,Rows,558.076,316899328,63172952,653,30,41,37,3592,3307,232,0.281,15,500,0,49.819,146.375
100000,17,Rows,558.368,316350464,59978712,653,32,41,37,3595,3309,233,1.112,15,500,0,74.718,212.589
100000,17,Rows,558.605,316350464,60575288,653,34,41,37,3597,3311,233,0.267,15,500,0,69.454,159.058
100000,17,Rows,558.791,316350464,62823376,653,36,41,37,3598,3312,233,0.240,15,500,0,44.159,138.644
100000,17,Rows,559.086,316350464,59887864,653,38,41,37,3601,3314,234,0.323,15,500,0,76.632,214.057
100000,17,Rows,559.313,316350464,60407436,653,40,41,37,3603,3316,234,0.244,15,500,0,72.236,150.675
100000,17,Rows,559.494,316350464,62689508,653,42,41,37,3604,3317,234,0.241,15,500,0,41.236,136.173
100000,17,Grid,560.080,235094016,62291264,653,46,41,37,3609,3320,236,0.253,13,500,0,242.759,306.462
100000,17,Grid,560.317,235524096,62394376,653,28,41,37,3611,3321,236,0.267,13,500,0,73.060,159.563
100000,17,Grid,560.583,236191744,60432232,653,30,41,37,3614,3323,237,0.716,13,500,0,73.381,187.182
100000,17,Grid,560.809,236531712,60421140,653,32,41,37,3616,3325,237,0.317,13,500,0,68.586,150.156
100000,17,Grid,560.995,236531712,62861112,653,34,41,37,3617,3326,237,0.343,13,500,0,43.019,138.796
100000,17,Grid,561.250,237125632,60248916,653,36,41,37,3620,3328,238,0.255,13,500,0,73.318,177.331
100000,17,Grid,561.472,237125632,60740764,653,38,41,37,3622,3330,238,0.253,13,500,0,71.732,146.087
100000,17,Grid,561.700,237412352,60611624,653,40,41,37,3624,3332,239,0.339,13,500,0,37.770,186.157
100000,17,Grid,561.911,237412352,61947352,653,42,41,37,3626,3333,239,0.253,13,500,0,71.119,130.691
100000,17,Grid,562.190,237842432,60083372,653,44,41,37,3629,3335,240,0.277,13,500,0,75.230,199.254
100000,17,before_idle,564.832,256040960,57024860,692,30,43,38,3645,3350,242,0.381,17,500,0,0.000,0.000
100000,17,after_idle,584.848,232128512,62033516,683,26,41,37,3743,3446,242,0.060,1,500,0,0.000,0.000
100000,18,Rows,587.764,293785600,118700720,660,27,41,39,3772,3474,243,0.263,1042,500,0,105.906,279.037
100000,18,Rows,590.216,298176512,60315148,655,28,41,38,3788,3490,244,0.298,21,500,0,2186.317,260.891
100000,18,Rows,590.452,299139072,60509616,656,29,41,39,3790,3492,244,0.329,15,500,0,72.805,159.123
100000,18,Rows,590.634,299798528,62814140,657,30,41,39,3791,3493,244,0.423,15,500,0,44.914,133.554
100000,18,Rows,590.919,298987520,59811140,656,32,41,39,3794,3496,245,0.271,15,500,0,73.557,207.966
100000,18,Rows,591.102,299208704,63257076,656,34,41,39,3795,3497,245,0.317,15,500,0,70.010,108.300
100000,18,Rows,591.371,298786816,60389884,656,36,41,39,3798,3500,246,0.239,15,500,0,71.964,191.498
100000,18,Rows,591.588,298786816,61713704,656,38,41,39,3800,3502,246,0.238,15,500,0,72.011,142.079
100000,18,Rows,591.876,299102208,59858052,656,40,41,39,3803,3505,247,0.256,15,500,0,74.431,209.077
100000,18,Rows,592.059,299782144,62252312,656,42,41,39,3804,3506,247,0.292,15,500,0,36.913,142.569
100000,18,Grid,592.509,298807296,60233324,656,46,41,39,3810,3512,249,0.251,13,500,0,226.833,204.076
100000,18,Grid,592.741,299794432,60309928,656,28,41,39,3812,3514,249,0.248,13,500,0,77.494,149.061
100000,18,Grid,592.928,300511232,62811128,656,30,41,39,3813,3515,249,0.978,13,500,0,36.200,146.064
100000,18,Grid,593.202,299679744,60453880,656,32,41,39,3816,3518,250,0.262,13,500,0,70.884,195.376
100000,18,Grid,593.444,300015616,59975852,656,34,41,39,3818,3520,250,0.263,13,500,0,80.835,155.979
100000,18,Grid,593.637,300756992,62515252,656,36,41,39,3819,3521,250,0.252,13,500,0,48.928,140.709
100000,18,Grid,593.906,299847680,60349104,656,38,41,39,3822,3524,251,0.249,13,500,0,66.755,197.742
100000,18,Grid,594.086,300154880,62865700,656,40,41,39,3823,3525,251,0.322,13,500,0,42.170,133.896
100000,18,Grid,594.357,299712512,60461232,656,42,41,39,3826,3528,252,0.257,13,500,0,72.286,195.282
100000,18,Grid,594.586,299778048,61684248,656,44,41,39,3828,3530,252,0.243,13,500,0,72.894,148.699
100000,18,before_idle,597.070,319102976,60309788,694,30,44,39,3843,3545,253,0.302,17,500,0,0.000,0.000
100000,18,after_idle,617.132,297840640,59645832,682,26,41,37,3942,3644,253,0.046,3,500,0,0.000,0.000
100000,19,Rows,620.164,308404224,116212428,661,27,42,39,3971,3671,255,0.302,1042,500,0,109.305,284.073
100000,19,Rows,622.617,310378496,60100624,656,27,42,38,3988,3685,257,0.229,21,500,0,2212.798,234.784
100000,19,Rows,622.831,297177088,61737772,657,28,42,39,3990,3686,257,0.507,15,500,0,66.247,143.003
100000,19,Rows,623.103,308740096,59814864,658,30,42,39,3993,3688,258,0.302,15,500,0,70.989,193.827
100000,19,Rows,623.294,309559296,61806080,657,32,42,39,3994,3689,258,0.242,15,500,0,42.464,142.489
100000,19,Rows,623.569,309133312,60006960,657,34,42,39,3997,3691,259,0.264,15,500,0,64.609,206.664
100000,19,Rows,623.794,309460992,59694032,657,36,42,39,3999,3693,259,0.243,15,500,0,67.115,150.285
100000,19,Rows,623.993,310366208,62093520,657,38,42,39,4000,3694,259,0.270,15,500,0,43.490,152.007
100000,19,Rows,624.255,309321728,60122356,657,40,42,39,4003,3696,260,0.242,15,500,0,68.128,190.471
100000,19,Rows,624.440,309862400,62110596,657,42,42,39,4004,3697,260,0.238,15,500,0,43.419,137.962
100000,19,Grid,624.875,309338112,59858308,657,46,42,39,4009,3700,261,0.265,13,500,0,191.994,206.009
100000,19,Grid,625.087,310169600,57140300,657,28,42,39,4011,3702,261,0.247,13,500,0,83.069,124.399
100000,19,Grid,625.351,308858880,59951692,657,30,42,39,4013,3703,262,0.286,13,500,0,43.380,191.520
100000,19,Grid,625.561,309354496,61501192,657,32,42,39,4015,3704,262,0.265,13,500,0,67.999,137.598
100000,19,Grid,625.834,309723136,60204172,657,34,42,39,4018,3707,263,0.297,13,500,0,78.009,190.862
100000,19,Grid,626.026,309637120,62626124,657,36,42,39,4019,3708,263,0.821,13,500,0,44.637,143.054
100000,19,Grid,626.294,309616640,60200428,657,38,42,39,4022,3710,264,0.245,13,500,0,68.006,194.557
100000,19,Grid,626.514,310370304,60865164,657,40,42,39,4024,3712,264,0.241,13,500,0,71.774,144.451
100000,19,Grid,626.783,310231040,59432912,657,42,42,39,4027,3714,265,0.257,13,500,0,75.863,189.749
100000,19,Grid,626.990,311504896,61521496,657,44,42,39,4028,3715,265,0.279,13,500,0,43.083,160.156
100000,19,before_idle,629.465,329523200,57944168,695,30,45,39,4043,3729,266,0.495,15,500,0,0.000,0.000
100000,19,after_idle,649.487,291098624,63292156,687,26,43,38,4143,3829,266,0.090,1,500,0,0.000,0.000
100000,20,Rows,652.602,310992896,110488340,664,27,43,39,4174,3857,269,0.327,1042,500,0,127.456,264.063
100000,20,Rows,655.105,307081216,60902664,655,27,42,36,4193,3869,272,0.238,21,500,0,2288.184,209.964
100000,20,Rows,655.369,307568640,60303428,656,28,42,37,4195,3871,272,0.342,15,500,0,96.085,164.437
100000,20,Rows,655.570,307924992,62648972,657,30,42,37,4196,3872,272,0.231,15,500,0,48.887,147.801
100000,20,Rows,655.851,307982336,60175924,656,32,42,37,4199,3875,273,0.255,15,500,0,68.844,208.721
100000,20,Rows,656.040,307982336,62446856,656,34,42,37,4200,3876,273,0.249,15,500,0,43.423,141.555
100000,20,Rows,656.317,308350976,59968372,656,36,42,37,4203,3878,274,0.278,15,500,0,77.638,195.499
100000,20,Rows,656.554,308350976,60290896,656,38,42,37,4205,3880,274,0.240,15,500,0,83.683,146.224
100000,20,Rows,656.748,308740096,62597912,656,40,42,37,4206,3881,274,0.255,15,500,0,52.516,137.507
100000,20,Rows,657.036,308740096,59958300,656,42,42,37,4209,3883,275,0.243,15,500,0,76.905,206.897
100000,20,Grid,657.401,309129216,60201564,656,46,42,37,4213,3885,275,0.996,13,500,0,174.113,161.532
100000,20,Grid,657.607,309956608,62538120,656,28,42,37,4214,3886,275,0.260,13,500,0,39.587,158.383
100000,20,Grid,657.892,309960704,60223552,656,30,42,37,4217,3888,276,0.311,13,500,0,76.528,204.874
100000,20,Grid,658.130,309960704,60120216,656,32,42,37,4219,3890,276,0.264,13,500,0,72.978,157.862
100000,20,Grid,658.323,309960704,62615284,656,34,42,37,4220,3891,276,0.246,13,500,0,43.046,146.423
100000,20,Grid,658.617,309960704,60274664,656,36,42,37,4223,3893,277,0.246,13,500,0,67.277,223.411
100000,20,Grid,658.848,309960704,60379588,656,38,42,37,4225,3895,277,0.289,13,500,0,73.349,154.219
100000,20,Grid,659.042,309960704,62836388,656,40,42,37,4226,3896,277,0.421,13,500,0,38.471,151.573
100000,20,Grid,659.331,309960704,59860948,656,42,42,37,4229,3898,278,0.289,13,500,0,72.512,211.775
100000,20,Grid,659.567,309968896,60709988,656,44,42,37,4231,3900,278,0.252,13,500,0,76.791,155.304
100000,20,before_idle,662.103,327979008,58762576,692,30,44,37,4246,3912,279,0.725,17,500,0,0.000,0.000
100000,20,after_idle,682.125,303235072,60949788,681,26,41,35,4344,4008,279,0.044,3,500,0,0.000,0.000
100000,21,Rows,685.122,306577408,110002216,658,27,41,37,4375,4036,282,0.293,1042,500,0,80.834,303.374
100000,21,Rows,687.500,310751232,60288680,653,27,41,36,4392,4050,284,0.231,21,500,0,2124.952,249.655
100000,21,Rows,687.750,310816768,60440036,654,28,41,37,4394,4052,284,0.362,15,500,0,76.246,170.088
100000,21,Rows,687.939,311115776,62752188,655,30,41,37,4395,4053,284,0.249,15,500,0,34.308,148.327
100000,21,Rows,688.192,311078912,60401848,654,32,41,37,4398,4056,285,0.253,15,500,0,79.378,169.233
100000,21,Rows,688.381,311078912,62667096,654,34,41,37,4399,4057,285,0.268,15,500,0,47.744,136.245
100000,21,Rows,688.661,311078912,59991080,654,36,41,37,4402,4059,286,0.473,15,500,0,75.502,199.164
100000,21,Rows,688.886,311078912,60609660,654,38,42,37,4404,4061,286,0.282,16,500,0,73.020,148.597
100000,21,Rows,689.077,311504896,62847848,654,40,41,37,4405,4062,286,0.172,16,500,0,40.874,145.826
100000,21,Rows,689.349,311504896,59850016,654,42,41,37,4408,4064,287,0.305,15,500,0,72.568,195.355
100000,21,Grid,689.721,311984128,60467272,654,46,41,37,4412,4066,287,0.245,13,500,0,198.195,144.059
100000,21,Grid,689.986,311984128,60263012,654,28,41,37,4414,4068,288,0.672,13,500,0,45.240,215.840
100000,21,Grid,690.196,311984128,61535892,654,30,41,37,4416,4069,288,0.281,13,500,0,60.023,144.034
100000,21,Grid,690.478,311984128,60273292,654,32,41,37,4419,4072,289,0.342,13,500,0,77.686,199.958
100000,21,Grid,690.668,311984128,62745932,654,34,41,37,4420,4073,289,0.267,13,500,0,46.191,138.024
100000,21,Grid,690.948,311984128,60069152,654,36,41,37,4423,4075,290,0.267,13,500,0,75.045,202.094
100000,21,Grid,691.175,311984128,61624256,654,38,41,37,4425,4076,290,0.339,13,500,0,73.311,148.886
100000,21,Grid,691.459,311984128,59923960,654,40,41,37,4428,4078,291,0.258,13,500,0,77.265,200.946
100000,21,Grid,691.650,312008704,62014476,654,42,41,37,4429,4079,291,0.814,13,500,0,43.874,142.352
100000,21,Grid,691.929,311984128,60110996,654,44,42,37,4432,4081,292,0.296,14,500,0,74.246,197.496
100000,21,before_idle,693.952,330317824,57027256,690,30,43,37,4447,4094,293,0.167,18,500,0,0.000,0.000
100000,21,after_idle,713.957,308330496,58535072,680,28,41,35,4545,4191,293,0.092,1,500,0,0.000,0.000
100000,22,Rows,716.972,311984128,116258628,657,27,41,37,4575,4219,295,0.276,1042,500,0,82.883,308.123
100000,22,Rows,719.642,313954304,59993088,652,28,41,36,4591,4235,296,0.288,21,500,0,2397.659,268.483
100000,22,Rows,719.846,315043840,63318932,653,29,41,37,4592,4236,296,0.346,15,500,0,79.325,120.654
100000,22,Rows,720.132,314499072,59981348,653,30,41,37,4595,4239,297,0.266,15,500,0,73.773,208.619
100000,22,Rows,720.337,314499072,61527656,653,32,41,37,4597,4241,297,0.245,15,500,0,59.567,141.557
100000,22,Rows,720.620,314826752,59717892,653,34,41,37,4600,4244,298,0.339,15,500,0,74.439,205.129
100000,22,Rows,720.819,315592704,62113300,653,36,41,37,4601,4245,298,0.279,15,500,0,44.037,147.083
100000,22,Rows,721.109,314667008,59987192,653,38,41,37,4604,4248,299,0.247,15,500,0,66.067,219.664
100000,22,Rows,721.329,314892288,59947908,653,40,41,37,4606,4250,299,0.253,15,500,0,67.380,149.224
100000,22,Rows,721.566,315944960,62328672,653,42,41,37,4607,4251,299,0.249,15,500,0,50.117,181.959
100000,22,Grid,721.997,314785792,59945840,653,46,41,37,4612,4256,300,0.300,13,500,0,192.243,219.949
100000,22,Grid,722.186,315551744,62563304,653,28,41,37,4613,4257,300,0.306,13,500,0,38.638,147.071
100000,22,Grid,722.473,314863616,60162012,653,30,41,37,4616,4260,301,0.274,13,500,0,82.870,200.201
100000,22,Grid,722.702,315330560,60576648,653,32,41,37,4618,4262,301,0.285,13,500,0,74.772,149.755
100000,22,Grid,722.884,315904000,62996532,653,34,41,37,4619,4263,301,0.270,13,500,0,42.537,135.596
100000,22,Grid,723.171,315109376,60010944,653,36,41,37,4622,4266,302,0.259,13,500,0,77.823,204.464
100000,22,Grid,723.397,315596800,60924456,653,38,41,37,4624,4268,302,0.408,13,500,0,72.050,150.354
100000,22,Grid,723.694,315875328,59425420,653,40,41,37,4627,4271,303,0.256,13,500,0,66.236,222.185
100000,22,Grid,723.889,316719104,62065460,653,42,41,37,4628,4272,303,0.237,13,500,0,48.622,142.695
100000,22,Grid,724.150,315707392,60235768,653,44,41,37,4631,4275,304,0.240,13,500,0,71.387,186.080
100000,22,before_idle,726.292,335683584,57022448,689,30,43,37,4644,4288,305,0.088,17,500,0,0.000,0.000
100000,22,after_idle,746.310,312758272,59823532,680,28,41,35,4743,4387,305,0.057,1,500,0,0.000,0.000
100000,23,Rows,749.269,318349312,116360744,657,27,41,37,4774,4415,308,0.293,1042,500,0,120.695,265.354
100000,23,Rows,752.091,313663488,60081964,652,27,41,36,4793,4429,311,0.224,21,500,0,2599.338,219.235
100000,23,Rows,752.295,314351616,62710900,653,28,41,37,4794,4430,311,0.409,15,500,0,48.044,152.215
100000,23,Rows,752.584,313602048,59931600,653,30,41,37,4797,4432,312,0.253,15,500,0,74.118,210.778
100000,23,Rows,752.841,313929728,60349748,653,32,41,37,4799,4434,312,0.260,15,500,0,76.620,176.820
100000,23,Rows,753.071,314474496,62627932,653,34,41,37,4800,4435,312,0.256,15,500,0,54.629,170.762
100000,23,Rows,753.363,313638912,59931816,653,36,41,37,4803,4437,313,0.568,15,500,0,71.758,215.375
100000,23,Rows,753.624,313974784,60112152,653,38,41,37,4805,4439,313,0.313,15,500,0,82.530,170.184
100000,23,Rows,753.833,314642432,62446440,653,40,41,37,4806,4440,313,1.205,15,500,0,50.204,151.550
100000,23,Rows,754.123,313794560,59834344,653,42,41,37,4809,4442,314,0.583,15,500,0,64.854,219.856
100000,23,Grid,754.488,313696256,60017372,653,46,41,37,4813,4444,314,0.386,13,500,0,176.417,171.016
100000,23,Grid,754.697,314818560,62381172,653,28,41,37,4814,4445,314,0.317,13,500,0,52.770,149.102
100000,23,Grid,754.998,313851904,59841552,653,30,41,37,4817,4447,315,0.253,13,500,0,78.128,216.858
100000,23,Grid,755.244,314105856,59498020,653,32,41,37,4819,4449,315,0.264,13,500,0,83.863,158.704
100000,23,Grid,755.441,315084800,62115696,653,34,41,37,4820,4450,315,0.311,13,500,0,44.630,148.678
100000,23,Grid,755.724,314028032,60171264,653,36,41,37,4823,4453,316,0.335,13,500,0,72.694,204.081
100000,23,Grid,755.924,314515456,62638564,653,38,41,37,4824,4454,316,0.249,13,500,0,44.945,149.652
100000,23,Grid,756.202,313978880,59919840,653,40,41,37,4827,4456,317,0.264,13,500,0,72.736,202.391
100000,23,Grid,756.432,314175488,60882844,653,42,41,37,4829,4458,317,0.250,13,500,0,75.173,150.500
100000,23,Grid,756.714,314773504,59416580,653,44,41,37,4832,4460,318,0.254,13,500,0,75.742,202.138
100000,23,before_idle,759.426,254435328,57027916,689,30,43,37,4847,4471,320,0.441,18,500,0,0.000,0.000
100000,23,after_idle,779.441,230842368,58237840,682,26,42,36,4946,4568,320,0.197,1,500,0,0.000,0.000
100000,24,Rows,782.369,292532224,118565720,659,27,42,37,4974,4595,321,0.271,1042,500,0,121.674,265.406
100000,24,Rows,782.545,292978688,99564708,659,28,42,37,4976,4597,322,0.336,816,500,0,14.577,157.248
100000,24,Rows,785.021,292892672,88935216,654,30,42,36,4993,4608,324,0.160,21,500,0,2335.507,135.341
100000,24,Rows,785.282,293036032,59917860,656,29,42,37,4996,4610,325,0.222,14,500,0,44.844,212.047
100000,24,Rows,785.480,293969920,62482752,655,30,42,37,4997,4611,325,0.794,12,500,0,56.191,138.349
100000,24,Rows,785.760,293040128,60212728,655,32,42,37,5000,4613,326,0.276,12,500,0,75.248,197.478
100000,24,Rows,786.008,293322752,60128228,655,34,42,37,5002,4615,326,0.362,12,500,0,80.256,162.916
100000,24,Rows,786.203,293974016,62572468,655,36,42,37,5003,4616,326,0.251,11,500,0,49.717,137.910
100000,24,Rows,786.488,293044224,60196004,655,38,42,37,5006,4618,327,0.265,11,500,0,80.259,201.239
100000,24,Rows,786.720,293326848,60123568,655,40,42,37,5008,4620,327,0.633,11,500,0,75.545,152.913
100000,24,Grid,787.143,293003264,60527404,655,44,42,37,5012,4623,328,0.267,10,500,0,183.401,205.337
100000,24,Grid,787.372,293277696,60663236,655,46,42,37,5014,4625,328,0.245,10,500,0,79.333,146.342
100000,24,Grid,787.566,293658624,63193496,655,28,42,37,5015,4626,328,0.370,10,500,0,47.238,141.730
100000,24,Grid,787.853,292909056,60237564,655,30,42,37,5018,4628,329,0.257,10,500,0,78.299,201.016
100000,24,Grid,788.075,293171200,60890600,655,32,42,37,5020,4630,329,0.246,10,500,0,78.899,139.514
100000,24,Grid,788.354,293478400,59518600,655,34,42,37,5023,4632,330,0.256,10,500,0,76.868,198.744
100000,24,Grid,788.554,294129664,61678940,655,36,42,37,5024,4633,330,1.325,10,500,0,41.267,153.452
100000,24,Grid,788.815,293470208,60495172,655,38,42,37,5027,4636,331,0.259,10,500,0,71.348,182.762
100000,24,Grid,789.033,293801984,63248804,655,40,42,37,5028,4637,331,0.261,10,500,0,85.926,124.414
100000,24,Grid,789.305,293224448,60101764,655,42,42,37,5031,4639,332,0.257,10,500,0,67.460,196.038
100000,24,before_idle,791.499,312102912,57091172,691,30,44,37,5045,4652,333,0.231,18,500,0,0.000,0.000
100000,24,after_idle,811.543,290406400,63043296,680,26,41,35,5147,4752,333,0.055,3,500,0,0.000,0.000
100000,25,Rows,814.429,310640640,119674548,657,27,41,37,5177,4780,335,0.287,1043,500,0,98.106,274.576
100000,25,Rows,816.843,311152640,60292604,652,27,41,36,5194,4794,337,0.238,21,500,0,2186.077,223.498
100000,25,Rows,817.061,311230464,61649388,653,28,41,37,5196,4795,337,0.332,15,500,0,69.928,143.229
100000,25,Rows,817.332,311541760,59762688,654,30,41,37,5199,4797,338,0.294,15,500,0,71.871,195.514
100000,25,Rows,817.530,312299520,61751328,653,32,41,37,5200,4798,338,0.304,15,500,0,42.336,151.496
100000,25,Rows,817.828,311398400,59851432,653,34,41,37,5203,4800,339,0.261,15,500,0,74.164,218.493
100000,25,Rows,818.000,299155456,62938948,653,36,41,37,5204,4801,339,0.243,15,500,0,66.953,102.007
100000,25,Rows,818.276,308776960,60067108,653,38,41,37,5207,4804,340,0.261,15,500,0,70.244,202.129
100000,25,Rows,818.482,308834304,61757712,653,40,41,37,5209,4805,340,0.255,15,500,0,70.152,132.160
100000,25,Rows,818.769,309145600,59858484,653,42,41,37,5212,4807,341,0.302,15,500,0,77.512,205.299
100000,25,Grid,819.106,309489664,62489064,653,46,41,37,5215,4809,341,0.239,13,500,0,176.252,128.770
100000,25,Grid,819.379,309833728,60112080,653,28,41,37,5218,4811,342,0.263,13,500,0,66.473,203.094
100000,25,Grid,819.604,310116352,60534416,653,30,41,37,5220,4813,342,0.250,13,500,0,77.043,143.641
100000,25,Grid,819.847,310411264,60520404,653,32,41,37,5222,4815,343,0.261,13,500,0,42.961,195.838
100000,25,Grid,820.055,310411264,61828344,653,34,41,37,5224,4816,343,0.240,13,500,0,66.944,138.246
100000,25,Grid,820.326,309964800,60179728,653,36,41,37,5227,4818,344,0.337,13,500,0,72.011,195.114
100000,25,Grid,820.547,310169600,60206220,653,38,41,37,5229,4820,344,0.311,13,500,0,72.915,143.748
100000,25,Grid,820.742,311074816,62677836,653,40,41,37,5230,4821,344,0.292,13,500,0,44.737,146.780
100000,25,Grid,821.002,310280192,60062332,653,42,41,37,5233,4823,345,0.288,13,500,0,60.179,195.713
100000,25,Grid,821.231,310595584,60573376,653,44,41,37,5235,4825,345,0.333,13,500,0,74.137,150.682
100000,25,before_idle,823.414,330498048,61458612,689,30,43,37,5248,4837,346,0.216,17,500,0,0.000,0.000
100000,25,after_idle,843.475,309235712,59745320,678,26,40,35,5347,4935,346,0.045,3,500,0,0.000,0.000
100000,26,Rows,846.506,310116352,109343212,657,27,41,37,5377,4962,349,0.278,1042,500,0,89.018,301.601
100000,26,Rows,849.010,302604288,59545012,652,27,41,36,5396,4974,352,0.221,21,500,0,2237.075,262.605
100000,26,Rows,849.207,303611904,62231516,653,28,41,37,5397,4975,352,0.389,15,500,0,45.120,148.878
100000,26,Rows,849.497,303828992,59843676,654,30,41,37,5400,4977,353,0.486,15,500,0,66.373,219.160
100000,26,Rows,849.699,304222208,62943852,653,32,41,37,5401,4978,353,0.242,15,500,0,79.821,115.367
100000,26,Rows,849.978,304357376,59833724,653,34,41,37,5404,4981,354,0.253,15,500,0,74.671,197.981
100000,26,Rows,850.190,304357376,61642408,653,36,41,37,5406,4982,354,0.260,15,500,0,73.960,134.157
100000,26,Rows,850.461,304766976,60238100,653,38,41,37,5409,4985,355,0.303,15,500,0,76.469,190.886
100000,26,Rows,850.664,304766976,62485728,653,40,41,37,5410,4986,355,0.241,15,500,0,52.094,146.998
100000,26,Rows,850.945,304824320,60181720,653,42,41,37,5413,4988,356,0.448,15,500,0,77.170,199.840
100000,26,Grid,851.338,304824320,60438776,653,46,41,37,5417,4990,356,0.449,13,500,0,200.487,159.688
100000,26,Grid,851.602,305250304,60019244,653,28,41,37,5419,4992,357,0.259,13,500,0,37.594,218.944
100000,26,Grid,851.814,305770496,61511768,653,30,41,37,5421,4993,357,0.243,13,500,0,65.910,142.323
100000,26,Grid,852.092,305770496,60257024,653,32,41,37,5424,4996,358,0.256,13,500,0,75.948,198.508
100000,26,Grid,852.275,305770496,62702632,653,34,41,37,5425,4997,358,0.268,13,500,0,35.788,142.846
100000,26,Grid,852.563,305770496,60250944,653,36,41,37,5428,4999,359,0.259,13,500,0,78.929,204.996
100000,26,Grid,852.784,305770496,61099172,653,38,41,37,5430,5001,359,0.411,13,500,0,65.308,152.056
100000,26,Grid,853.057,305770496,59569768,653,40,41,37,5433,5003,360,0.269,13,500,0,73.634,192.641
100000,26,Grid,853.263,305770496,61679788,653,42,41,37,5434,5004,360,0.253,13,500,0,47.862,154.224
100000,26,Grid,853.560,305770496,59854016,653,44,41,37,5437,5006,361,0.258,13,500,0,76.858,217.101
100000,26,before_idle,856.094,323825664,57031788,689,30,43,37,5452,5021,362,0.804,18,500,0,0.000,0.000
100000,26,after_idle,876.152,299601920,58912208,682,26,40,35,5551,5119,362,0.047,3,500,0,0.000,0.000
100000,27,Rows,879.033,309776384,119813672,656,27,41,37,5581,5147,364,0.285,1042,500,0,105.611,270.257
100000,27,Rows,881.582,310730752,60046096,651,27,41,36,5600,5161,367,0.225,21,500,0,2293.860,250.928
100000,27,Rows,881.825,311103488,60187332,652,28,41,37,5602,5163,367,1.691,15,500,0,86.387,150.733
100000,27,Rows,882.025,311996416,62554728,652,30,41,37,5603,5164,367,0.307,15,500,0,36.563,157.384
100000,27,Rows,882.282,310964224,60016360,652,32,41,37,5606,5167,368,0.410,15,500,0,64.334,187.986
100000,27,Rows,882.479,311545856,62313132,652,34,41,37,5607,5168,368,0.277,15,500,0,42.397,147.935
100000,27,Rows,882.762,310706176,60124996,652,36,41,37,5610,5170,369,0.284,15,500,0,67.032,212.228
100000,27,Rows,883.017,311033856,60038924,652,38,41,37,5612,5172,369,0.244,15,500,0,75.515,174.353
100000,27,Rows,883.207,311746560,62386648,652,40,41,37,5613,5173,369,0.244,15,500,0,37.460,149.072
100000,27,Rows,883.487,310865920,59876872,652,42,41,37,5616,5175,370,0.248,15,500,0,73.137,203.259
100000,27,Grid,883.844,310743040,62695688,652,46,41,37,5619,5177,370,0.253,13,500,0,188.020,126.599
100000,27,Grid,884.056,310751232,62635832,652,28,41,37,5621,5178,370,0.262,13,500,0,67.232,141.601
100000,27,Grid,884.333,310784000,60000360,652,30,41,37,5624,5180,371,0.273,13,500,0,71.397,202.694
100000,27,Grid,884.558,311083008,60283524,652,32,41,37,5626,5182,371,0.259,13,500,0,69.318,150.951
100000,27,Grid,884.756,311427072,62748388,652,34,41,37,5627,5183,371,0.243,13,500,0,45.269,149.247
100000,27,Grid,885.032,310657024,60376296,652,36,41,37,5630,5185,372,0.424,13,500,0,65.088,206.905
100000,27,Grid,885.275,310972416,60548528,652,38,41,37,5632,5187,372,1.222,13,500,0,83.684,153.183
100000,27,Grid,885.532,311234560,60445572,652,40,41,37,5634,5189,373,0.250,13,500,0,39.614,211.428
100000,27,Grid,885.748,311234560,61792768,652,42,41,37,5636,5190,373,0.398,13,500,0,76.038,136.414
100000,27,Grid,886.044,310829056,60170836,652,44,41,37,5639,5192,374,0.251,13,500,0,73.081,216.571
100000,27,before_idle,888.539,329535488,57021124,689,30,43,37,5654,5204,375,0.235,18,500,0,0.000,0.000
100000,27,after_idle,908.557,307855360,61551476,678,26,40,35,5752,5301,375,0.043,3,500,0,0.000,0.000
100000,28,Rows,911.546,311627776,116743120,657,27,41,37,5782,5329,377,0.267,1042,500,0,75.249,312.742
100000,28,Rows,914.083,312315904,59869080,653,28,41,37,5798,5345,378,0.347,21,500,0,2263.170,271.008
100000,28,Rows,914.341,309723136,60338456,653,29,41,37,5800,5347,378,0.318,15,500,0,73.646,179.816
100000,28,Rows,914.542,314159104,62694504,654,30,41,37,5801,5348,378,0.339,15,500,0,44.138,152.680
100000,28,Rows,914.807,313483264,60215048,653,32,41,37,5804,5350,379,0.231,15,500,0,59.031,201.192
100000,28,Rows,915.022,313929728,62162200,653,34,41,37,5805,5351,379,0.332,15,500,0,48.224,163.341
100000,28,Rows,915.304,313204736,60031808,653,36,41,37,5808,5353,380,0.490,15,500,0,65.833,210.223
100000,28,Rows,915.541,313511936,60283760,653,38,41,37,5810,5355,380,0.264,15,500,0,76.410,155.856
100000,28,Rows,915.737,314089472,62577612,653,40,41,37,5811,5356,380,0.264,15,500,0,43.834,148.367
100000,28,Rows,916.055,313245696,60353820,653,42,41,37,5814,5358,381,0.264,15,500,0,79.444,234.212
100000,28,Grid,916.435,313298944,60171328,653,46,41,37,5818,5360,381,1.072,13,500,0,180.106,162.332
100000,28,Grid,916.636,314294272,62525220,653,28,41,37,5819,5361,381,0.424,13,500,0,49.140,148.022
100000,28,Grid,916.926,313425920,60102088,653,30,41,37,5822,5363,382,0.263,13,500,0,74.234,210.878
100000,28,Grid,917.150,313602048,60118472,653,32,41,37,5824,5365,382,0.249,13,500,0,77.551,143.140
100000,28,Grid,917.347,314105856,62609852,653,34,41,37,5825,5366,382,0.272,13,500,0,52.749,140.371
100000,28,Grid,917.630,313262080,60013500,653,36,41,37,5828,5368,383,0.255,13,500,0,73.340,204.574
100000,28,Grid,917.849,313548800,60421256,653,38,41,37,5830,5370,383,0.249,13,500,0,71.576,143.814
100000,28,Grid,918.048,313880576,62859056,653,40,41,37,5831,5371,383,0.250,13,500,0,45.667,148.386
100000,28,Grid,918.345,313282560,60339316,653,42,41,37,5834,5373,384,0.274,13,500,0,72.460,220.366
100000,28,Grid,918.565,313495552,60709648,653,44,41,37,5836,5375,384,0.692,13,500,0,77.135,139.393
100000,28,before_idle,921.114,333148160,58751324,691,30,44,37,5851,5387,385,0.266,17,500,0,0.000,0.000
100000,28,after_idle,941.120,310697984,60920156,685,26,41,35,5949,5483,385,0.077,1,500,0,0.000,0.000
100000,29,Rows,944.147,315219968,109674988,657,27,41,37,5980,5511,388,0.282,1042,500,0,113.075,274.721
100000,29,Rows,944.297,314032128,108934852,657,28,41,37,5981,5512,388,0.476,870,500,0,14.194,130.567
100000,29,Rows,946.790,312860672,59865708,652,27,41,36,5999,5525,391,0.233,21,500,0,2244.564,244.619
100000,29,Rows,947.048,312938496,60283532,653,28,41,37,6001,5527,391,0.329,15,500,0,82.719,171.834
100000,29,Rows,947.250,313380864,62736964,654,30,41,37,6002,5528,391,0.241,15,500,0,46.912,150.931
100000,29,Rows,947.543,312938496,60247148,653,32,41,37,6005,5531,392,0.269,15,500,0,71.762,218.329
100000,29,Rows,947.737,312938496,62594712,653,34,41,37,6006,5532,392,0.280,15,500,0,41.053,148.479
100000,29,Rows,948.034,312938496,59851696,653,36,41,37,6009,5534,393,0.265,15,500,0,79.612,213.285
100000,29,Rows,948.278,312938496,60661028,653,38,41,37,6011,5536,393,0.241,15,500,0,79.731,161.329
100000,29,Rows,948.476,312938496,62983896,653,40,41,37,6012,5537,393,0.392,15,500,0,54.913,138.667
100000,29,Grid,949.061,231669760,62274112,653,44,41,37,6017,5540,395,0.266,13,500,0,252.747,300.743
100000,29,Grid,949.256,232239104,62390200,653,46,41,37,6019,5541,395,0.249,13,500,0,72.638,118.471
100000,29,Grid,949.451,232239104,62311252,653,28,41,37,6021,5542,395,0.930,13,500,0,62.398,128.290
100000,29,Grid,949.718,232566784,60415580,653,30,42,37,6024,5544,396,0.227,14,500,0,76.398,185.926
100000,29,Grid,949.936,233050112,60435248,653,32,41,37,6026,5546,396,0.254,14,500,0,76.645,138.007
100000,29,Grid,950.176,233050112,60535324,653,34,41,37,6028,5548,397,0.928,13,500,0,58.767,175.993
100000,29,Grid,950.375,233050112,61875832,653,36,41,37,6030,5549,397,0.790,13,500,0,69.396,124.880
100000,29,Grid,950.622,233050112,60440720,653,38,41,37,6033,5551,398,0.293,13,500,0,65.104,177.272
100000,29,Grid,950.831,233050112,60420980,653,40,41,37,6035,5553,398,0.373,13,500,0,68.726,135.722
100000,29,Grid,951.053,233050112,61062440,653,42,41,37,6037,5555,399,0.245,13,500,0,44.810,172.483
100000,29,before_idle,953.616,251588608,57903552,689,30,43,37,6051,5567,401,0.559,36,500,0,0.000,0.000
100000,29,after_idle,973.633,230772736,64140584,685,28,41,35,6154,5669,401,0.203,1,500,0,0.000,0.000
100000,30,Rows,976.576,291201024,108241532,657,27,41,37,6183,5697,402,0.279,1056,500,0,138.313,309.472
100000,30,Rows,979.055,290762752,60545108,652,27,41,36,6201,5709,405,0.230,21,500,0,2254.989,219.505
100000,30,Rows,979.269,290840576,62331632,653,28,41,37,6203,5710,405,0.717,15,500,0,70.586,139.326
100000,30,Rows,979.540,290791424,60099760,654,30,42,37,6206,5712,406,0.222,16,500,0,65.721,200.449
100000,30,Rows,979.760,290992128,59804180,654,32,41,37,6208,5714,406,0.185,16,500,0,72.282,145.043
100000,30,Rows,979.956,291840000,62193504,653,34,41,37,6209,5715,406,0.220,14,500,0,43.715,147.575
100000,30,Rows,980.216,290828288,60162908,653,36,41,37,6212,5717,407,0.313,15,500,0,69.575,187.096
100000,30,Rows,980.405,291336192,62148208,653,38,41,37,6213,5718,407,0.247,15,500,0,42.315,143.361
100000,30,Rows,980.674,290562048,60300352,653,40,41,37,6216,5720,408,0.238,15,500,0,73.240,192.091
100000,30,Rows,980.901,290877440,60226244,653,42,41,37,6218,5722,408,0.369,15,500,0,74.743,147.550
100000,30,Grid,981.304,290668544,60456784,653,46,41,37,6222,5725,409,0.259,13,500,0,183.148,190.283
100000,30,Grid,981.529,291463168,60636156,653,28,41,37,6224,5727,409,0.252,13,500,0,76.536,143.748
100000,30,Grid,981.721,292298752,63054456,653,30,41,37,6225,5728,409,0.236,13,500,0,57.539,131.190
100000,30,Grid,982.003,291565568,60352492,653,32,41,37,6228,5730,410,0.963,13,500,0,69.060,208.236
100000,30,Grid,982.222,291848192,60572208,653,34,41,37,6230,5732,410,0.265,13,500,0,66.679,145.683
100000,30,Grid,982.466,292143104,60450436,653,36,41,37,6232,5734,411,0.265,13,500,0,51.613,189.040
100000,30,Grid,982.669,292220928,61841980,658,38,41,38,6234,5735,411,0.259,13,500,0,70.644,128.392
100000,30,Grid,982.930,291770368,60386104,658,40,41,38,6237,5737,412,0.255,13,500,0,64.510,192.786
100000,30,Grid,983.150,292003840,60231236,658,42,41,38,6239,5739,412,0.260,13,500,0,73.656,142.385
100000,30,Grid,983.340,292724736,62696212,658,44,41,38,6240,5740,412,0.241,13,500,0,36.556,143.607
100000,30,before_idle,985.886,310534144,59863908,696,30,44,38,6256,5753,414,0.287,17,500,0,0.000,0.000
100000,30,after_idle,1005.914,289193984,61032592,682,26,40,35,6354,5850,414,0.090,3,500,0,0.000,0.000
100000,31,Rows,1008.830,304787456,113371868,656,27,41,37,6384,5878,416,0.286,1042,500,0,78.402,295.999
100000,31,Rows,1011.294,300298240,60477524,651,27,41,36,6402,5891,419,0.221,21,500,0,2228.679,232.210
100000,31,Rows,1011.533,300670976,60708288,652,28,41,37,6404,5893,419,0.316,15,500,0,74.979,160.363
100000,31,Rows,1011.722,301199360,62955692,653,30,41,37,6405,5894,419,0.229,15,500,0,40.878,144.077
100000,31,Rows,1011.990,299986944,60090604,652,32,41,37,6408,5896,420,0.250,15,500,0,71.535,193.007
100000,31,Rows,1012.223,300277760,60037316,652,34,41,37,6410,5898,420,0.284,15,500,0,80.556,148.101
100000,31,Rows,1012.416,301006848,62373208,652,36,41,37,6411,5899,420,0.239,15,500,0,45.751,140.475
100000,31,Rows,1012.683,300130304,60119444,652,38,41,37,6414,5901,421,0.267,15,500,0,63.603,200.102
100000,31,Rows,1012.916,300351488,59755780,652,40,41,37,6416,5903,421,0.248,15,500,0,72.161,155.756
100000,31,Rows,1013.101,301219840,62156164,652,42,41,37,6417,5904,421,0.233,15,500,0,43.059,138.218
100000,31,Grid,1013.607,235094016,62261876,652,46,41,37,6422,5907,423,0.258,13,500,0,217.247,259.769
100000,31,Grid,1013.795,235094016,62312308,652,28,41,37,6424,5908,423,0.246,13,500,0,59.916,121.176
100000,31,Grid,1014.043,235249664,60260996,652,30,41,37,6427,5910,424,0.319,13,500,0,65.330,178.649
100000,31,Grid,1014.254,235429888,60145012,652,32,41,37,6429,5912,424,0.274,13,500,0,60.921,146.158
100000,31,Grid,1014.423,235913216,62635784,652,34,41,37,6430,5913,424,0.542,13,500,0,41.128,124.862
100000,31,Grid,1014.665,235073536,60368248,652,36,41,37,6433,5915,425,0.242,13,500,0,65.950,171.229
100000,31,Grid,1014.868,235380736,60410532,652,38,41,37,6435,5917,425,0.655,13,500,0,63.331,135.369
100000,31,Grid,1015.041,235716608,62853340,652,40,41,37,6436,5918,425,0.259,13,500,0,37.704,131.024
100000,31,Grid,1015.271,235106304,60319664,652,42,41,37,6439,5920,426,0.272,13,500,0,61.052,164.454
100000,31,Grid,1015.473,235327488,60714700,652,44,41,37,6441,5922,426,0.242,13,500,0,66.720,131.636
100000,31,before_idle,1017.922,254984192,58863464,691,30,44,37,6456,5934,427,0.234,15,500,0,0.000,0.000
100000,31,after_idle,1037.926,232726528,60930940,682,28,42,36,6554,6030,427,0.066,1,500,0,0.000,0.000
100000,32,Rows,1040.848,292462592,117790128,659,27,42,37,6583,6058,428,0.450,1042,500,0,122.482,263.167
100000,32,Rows,1040.994,292700160,117035508,659,28,42,37,6584,6059,428,0.212,825,500,0,9.173,129.811
100000,32,Rows,1043.462,291975168,60513356,654,27,42,36,6604,6071,432,0.262,21,500,0,2248.240,215.610
100000,32,Rows,1043.660,292786176,63506516,655,28,42,37,6605,6072,432,0.328,15,500,0,77.151,116.352
100000,32,Rows,1043.926,292810752,60317932,656,30,42,37,6608,6075,433,0.249,15,500,0,76.054,186.647
100000,32,Rows,1044.137,292831232,61910772,655,32,42,37,6610,6076,433,0.321,15,500,0,73.408,133.541
100000,32,Rows,1044.428,292564992,60240476,655,34,42,37,6613,6078,434,0.268,15,500,0,76.991,210.045
100000,32,Rows,1044.668,293007360,60011404,655,36,42,37,6615,6080,434,0.242,15,500,0,75.885,160.575
100000,32,Rows,1044.866,294019072,62463848,655,38,42,37,6616,6081,434,0.324,15,500,0,45.306,148.647
100000,32,Rows,1045.152,293146624,60305684,655,40,42,37,6619,6083,435,0.305,15,500,0,74.596,207.213
100000,32,Grid,1045.510,293392384,60168136,655,44,42,37,6623,6085,435,0.297,13,500,0,177.184,164.008
100000,32,Grid,1045.766,294658048,60042552,655,46,42,37,6625,6087,436,0.614,13,500,0,50.562,201.076
100000,32,Grid,1046.002,294801408,61348052,655,28,43,37,6627,6088,436,1.871,14,500,0,68.095,160.049
100000,32,Grid,1046.261,294055936,60201428,655,30,42,37,6630,6090,437,0.873,14,500,0,63.821,189.351
100000,32,Grid,1046.456,294334464,62399124,655,32,42,37,6631,6091,437,0.264,12,500,0,47.878,140.091
100000,32,Grid,1046.735,293740544,60044044,655,34,42,37,6634,6093,438,0.902,13,500,0,81.056,194.060
100000,32,Grid,1046.962,294133760,61279752,655,36,42,37,6636,6094,438,0.254,13,500,0,66.114,153.659
100000,32,Grid,1047.238,294072320,60123352,655,38,42,37,6639,6096,439,0.266,13,500,0,77.684,194.158
100000,32,Grid,1047.442,294346752,62270776,655,40,42,37,6640,6097,439,0.464,13,500,0,50.751,145.583
100000,32,Grid,1047.716,293822464,60177588,655,42,42,37,6643,6099,440,0.301,13,500,0,78.102,187.962
100000,32,before_idle,1050.295,314167296,57037436,691,30,44,37,6658,6113,441,0.289,18,500,0,0.000,0.000
100000,32,after_idle,1070.302,292270080,60951368,680,28,41,35,6759,6213,441,0.171,1,500,0,0.000,0.000
100000,33,Rows,1073.257,309018624,116992320,657,27,41,37,6789,6241,443,0.337,1042,500,0,82.218,298.863
100000,33,Rows,1075.732,308273152,60429652,652,27,41,36,6806,6254,445,0.229,21,500,0,2238.494,233.181
100000,33,Rows,1075.955,309215232,60844784,653,28,41,37,6808,6256,445,0.467,15,500,0,68.655,149.771
100000,33,Rows,1076.153,309821440,63066316,654,30,41,37,6809,6257,445,0.236,15,500,0,55.818,135.580
100000,33,Rows,1076.414,309129216,60320624,653,32,41,37,6812,6259,446,0.266,15,500,0,62.258,195.429
100000,33,Rows,1076.629,309456896,60202160,653,34,41,37,6814,6261,446,0.238,15,500,0,64.568,145.867
100000,33,Rows,1076.812,310099968,62511064,653,36,41,37,6815,6262,446,0.264,15,500,0,44.139,135.819
100000,33,Rows,1077.081,309243904,60132000,653,38,41,37,6818,6264,447,0.446,15,500,0,66.263,198.064
100000,33,Rows,1077.301,309534720,59931144,653,40,41,37,6820,6266,447,0.248,15,500,0,71.985,144.707
100000,33,Rows,1077.482,310714368,62297436,653,42,41,37,6821,6267,447,0.248,15,500,0,46.462,131.635
100000,33,Grid,1078.001,234119168,62257868,653,46,41,37,6826,6270,449,0.690,13,500,0,226.632,258.591
100000,33,Grid,1078.181,234127360,62330936,653,28,41,37,6828,6271,449,0.268,13,500,0,60.370,114.505
100000,33,Grid,1078.416,234082304,60445984,653,30,41,37,6831,6273,450,0.268,13,500,0,62.635,167.272
100000,33,Grid,1078.612,234819584,60937888,653,32,41,37,6833,6275,450,0.251,13,500,0,63.748,128.230
100000,33,Grid,1078.832,235196416,59456980,653,34,41,37,6836,6277,451,0.252,13,500,0,61.999,154.086
100000,33,Grid,1078.998,235905024,61546792,653,36,41,37,6837,6278,451,0.307,13,500,0,42.431,119.813
100000,33,Grid,1079.258,234938368,60302660,653,38,41,37,6840,6280,452,0.291,13,500,0,74.068,181.209
100000,33,Grid,1079.436,235241472,62462364,653,40,41,37,6841,6281,452,0.263,13,500,0,36.533,135.829
100000,33,Grid,1079.684,234700800,60326200,653,42,41,37,6844,6283,453,0.270,13,500,0,67.768,177.079
100000,33,Grid,1079.887,234782720,61581980,653,44,41,37,6846,6284,453,0.238,13,500,0,62.027,136.829
100000,33,before_idle,1082.385,255090688,60172376,689,30,43,37,6861,6296,454,0.575,17,500,0,0.000,0.000
100000,33,after_idle,1102.427,234225664,64716348,678,26,40,35,6959,6393,454,0.048,3,500,0,0.000,0.000
100000,34,Rows,1105.334,292716544,120013424,657,27,41,37,6988,6421,455,0.265,1042,500,0,89.556,274.934
100000,34,Rows,1107.942,294789120,60829524,652,27,41,36,7007,6434,458,0.242,21,500,0,2410.929,193.516
100000,34,Rows,1108.187,295178240,60253724,653,28,41,37,7009,6436,458,0.329,15,500,0,79.002,160.635
100000,34,Rows,1108.366,295952384,62615228,653,30,41,37,7010,6437,458,0.303,15,500,0,36.170,138.809
100000,34,Rows,1108.632,294961152,60152800,653,32,41,37,7013,6439,459,0.362,15,500,0,75.266,187.645
100000,34,Rows,1108.819,295444480,62092340,653,34,41,37,7014,6440,459,2.296,15,500,0,35.446,145.523
100000,34,Rows,1109.084,294658048,60082248,653,36,42,37,7017,6442,460,0.282,16,500,0,63.697,193.529
100000,34,Rows,1109.303,295047168,60172736,653,38,41,37,7019,6444,460,0.182,16,500,0,69.482,145.455
100000,34,Rows,1109.482,295624704,62487160,653,40,41,37,7020,6445,460,0.196,15,500,0,41.487,134.086
100000,34,Rows,1109.752,294768640,60309388,653,42,41,37,7023,6447,461,0.279,15,500,0,64.605,202.543
100000,34,Grid,1110.105,294752256,60073516,653,46,41,37,7027,6449,461,0.243,13,500,0,177.733,158.377
100000,34,Grid,1110.306,295837696,62431048,653,28,41,37,7028,6450,461,0.265,13,500,0,46.711,150.682
100000,34,Grid,1110.596,294895616,60196436,653,30,41,37,7031,6452,462,0.311,13,500,0,69.242,216.508
100000,34,Grid,1110.830,295112704,59773972,653,32,41,37,7033,6454,462,0.253,13,500,0,75.811,154.456
100000,34,Grid,1111.021,295813120,62335304,653,34,41,37,7034,6455,462,0.248,13,500,0,36.710,150.701
100000,34,Grid,1111.300,294891520,60200920,653,36,41,37,7037,6457,463,0.264,13,500,0,70.420,204.676
100000,34,Grid,1111.523,295084032,59929256,653,38,41,37,7039,6459,463,0.259,13,500,0,74.883,144.037
100000,34,Grid,1111.723,295702528,62455444,653,40,41,37,7040,6460,463,0.262,13,500,0,44.236,152.201
100000,34,Grid,1111.991,294854656,60449412,653,42,41,37,7043,6462,464,0.269,13,500,0,65.622,198.623
100000,34,Grid,1112.226,295047168,60138020,653,44,41,37,7045,6464,464,0.269,13,500,0,82.420,148.351
100000,34,before_idle,1114.399,314089472,60876196,689,30,43,37,7058,6476,465,0.237,15,500,0,0.000,0.000
100000,34,after_idle,1134.446,292831232,65349684,677,26,40,35,7156,6573,465,0.046,3,500,0,0.000,0.000
100000,35,Rows,1137.430,306708480,114104168,656,27,41,37,7187,6601,467,0.486,1042,500,0,95.640,303.340
100000,35,Rows,1139.955,309817344,59631556,651,27,41,36,7206,6615,470,0.226,21,500,0,2291.616,227.772
100000,35,Rows,1140.147,310964224,62295080,652,28,41,37,7207,6616,470,0.447,15,500,0,50.481,137.977
100000,35,Rows,1140.409,310042624,60142836,653,30,41,37,7210,6618,471,0.247,15,500,0,67.994,190.261
100000,35,Rows,1140.626,310267904,59726356,652,32,41,37,7212,6620,471,0.260,15,500,0,70.859,142.443
100000,35,Rows,1140.802,311156736,62130604,652,34,41,37,7213,6621,471,0.262,15,500,0,40.759,130.884
100000,35,Rows,1141.052,310099968,60104968,652,36,41,37,7216,6623,472,1.377,15,500,0,65.920,180.097
100000,35,Rows,1141.225,310652928,62085932,652,38,41,37,7217,6624,472,0.236,15,500,0,42.177,126.146
100000,35,Rows,1141.479,309817344,60056348,652,40,41,37,7220,6626,473,0.257,15,500,0,60.779,189.486
100000,35,Rows,1141.684,310145024,60153768,652,42,41,37,7222,6628,473,0.249,15,500,0,62.071,139.707
100000,35,Grid,1142.055,309911552,60467444,652,46,41,37,7226,6631,474,0.278,13,500,0,160.729,193.314
100000,35,Grid,1142.278,310161408,60559096,652,28,41,37,7228,6633,474,0.321,13,500,0,72.577,145.847
100000,35,Grid,1142.467,310902784,63001516,652,30,41,37,7229,6634,474,0.259,13,500,0,44.100,141.753
100000,35,Grid,1142.739,310104064,60315348,652,32,41,37,7232,6636,475,0.332,13,500,0,69.667,198.247
100000,35,Grid,1142.951,310403072,60496724,652,34,41,37,7234,6638,475,0.273,13,500,0,65.512,141.592
100000,35,Grid,1143.146,311152640,62920504,652,36,41,37,7235,6639,475,0.249,13,500,0,52.683,138.822
100000,35,Grid,1143.424,310624256,60256712,652,38,41,37,7238,6641,476,0.536,13,500,0,72.671,201.413
100000,35,Grid,1143.643,310947840,60823404,652,40,41,37,7240,6643,476,0.254,13,500,0,75.081,139.600
100000,35,Grid,1143.919,311410688,59370864,652,42,41,37,7243,6645,477,0.259,13,500,0,81.842,190.062
100000,35,Grid,1144.114,312430592,61466432,652,44,41,37,7244,6646,477,1.677,13,500,0,48.978,141.177
100000,35,before_idle,1146.625,329097216,61861172,689,30,43,37,7259,6660,478,0.232,17,500,0,0.000,0.000
100000,35,after_idle,1166.644,307920896,63085044,683,26,42,36,7357,6757,478,0.174,1,500,0,0.000,0.000
100000,36,Rows,1169.637,314355712,112825188,660,27,42,37,7388,6785,481,0.278,1042,500,0,97.514,278.454
100000,36,Rows,1172.474,309817344,59872412,655,27,42,36,7408,6800,485,0.228,21,500,0,2575.911,257.735
100000,36,Rows,1172.712,309895168,60132568,656,28,42,37,7410,6802,485,0.338,15,500,0,75.330,158.569
100000,36,Rows,1172.913,309895168,62509644,656,30,42,37,7411,6803,485,0.275,15,500,0,43.816,150.170
100000,36,Rows,1173.197,309895168,60000012,656,32,42,37,7414,6806,486,0.322,15,500,0,80.500,198.671
100000,36,Rows,1173.399,309882880,62307784,656,34,42,37,7415,6807,486,0.251,15,500,0,54.061,143.925
100000,36,Rows,1173.685,309882880,60096468,656,36,42,37,7418,6809,487,0.251,15,500,0,71.125,210.863
100000,36,Rows,1173.918,309882880,60037888,656,38,42,37,7420,6811,487,0.240,15,500,0,75.285,153.569
100000,36,Rows,1174.112,309882880,62386328,656,40,42,37,7421,6812,487,0.465,15,500,0,45.223,144.419
100000,36,Rows,1174.409,309882880,59903208,656,42,42,37,7424,6814,488,0.263,15,500,0,69.898,219.042
100000,36,Grid,1174.750,310169600,62686920,656,46,42,37,7427,6816,488,0.260,13,500,0,175.749,137.528
100000,36,Grid,1175.033,310169600,60156156,656,28,42,37,7430,6818,489,0.279,13,500,0,74.477,204.565
100000,36,Grid,1175.270,310456320,60714708,656,30,42,37,7432,6820,489,0.260,13,500,0,75.260,157.529
100000,36,Grid,1175.574,310456320,59845084,656,32,42,37,7435,6823,490,0.277,13,500,0,48.297,251.849
100000,36,Grid,1175.814,310599680,60328528,656,34,42,37,7437,6825,490,0.274,13,500,0,42.533,193.664
100000,36,Grid,1176.069,310599680,60465968,656,36,42,37,7439,6827,491,1.284,13,500,0,46.784,203.619
100000,36,Grid,1176.285,310599680,61893916,656,38,42,37,7441,6828,491,0.283,13,500,0,74.903,133.947
100000,36,Grid,1176.563,310599680,60122800,656,40,42,37,7444,6830,492,0.286,13,500,0,66.476,207.740
100000,36,Grid,1176.799,310743040,60232032,656,42,42,37,7446,6832,492,0.269,13,500,0,76.188,155.247
100000,36,Grid,1177.007,310743040,62692804,656,44,42,37,7447,6833,492,0.244,13,500,0,44.004,160.720
100000,36,before_idle,1179.624,325591040,59910872,692,30,44,37,7463,6846,494,0.219,17,500,0,0.000,0.000
100000,36,after_idle,1199.637,304332800,64464516,681,26,41,35,7561,6943,494,0.041,3,500,0,0.000,0.000
100000,37,Rows,1202.598,309624832,113806512,658,27,41,37,7592,6971,497,0.278,1042,500,0,82.131,265.359
100000,37,Rows,1204.979,311566336,60311468,653,27,41,36,7611,6985,500,0.287,21,500,0,2176.321,200.758
100000,37,Rows,1205.201,311644160,62995228,654,28,41,37,7612,6986,500,0.326,15,500,0,61.749,156.847
100000,37,Rows,1205.466,311644160,60147088,655,30,41,37,7615,6988,501,0.253,15,500,0,70.328,190.408
100000,37,Rows,1205.681,311631872,60641292,654,32,41,37,7617,6990,501,0.239,15,500,0,70.726,141.261
100000,37,Rows,1205.873,311631872,62863160,654,34,41,37,7618,6991,501,0.234,15,500,0,48.640,138.146
100000,37,Rows,1206.170,311631872,59958836,654,36,41,37,7621,6993,502,0.268,15,500,0,74.813,218.986
100000,37,Rows,1206.424,311631872,60437864,654,38,41,37,7623,6995,502,0.254,15,500,0,90.579,159.908
100000,37,Rows,1206.629,311631872,62716636,654,40,41,37,7624,6996,502,0.257,15,500,0,58.785,142.471
100000,37,Rows,1206.925,311631872,60168224,654,42,41,37,7627,6998,503,0.254,15,500,0,84.439,208.237
100000,37,Grid,1207.327,311631872,60295332,654,46,41,37,7631,7000,503,0.259,13,500,0,212.192,159.779
100000,37,Grid,1207.608,311631872,60554980,654,28,41,37,7633,7002,504,0.303,13,500,0,47.135,230.178
100000,37,Grid,1207.912,305852416,60328760,654,30,41,37,7636,7004,505,0.257,13,500,0,78.328,221.927
100000,37,Grid,1208.152,310276096,60393740,654,32,41,37,7638,7006,505,0.284,13,500,0,74.526,161.843
100000,37,Grid,1208.350,310358016,62827624,654,34,41,37,7639,7007,505,0.246,13,500,0,55.535,138.591
100000,37,Grid,1208.625,310358016,60192796,654,36,41,37,7642,7009,506,0.264,13,500,0,69.711,200.975
100000,37,Grid,1208.852,310358016,60767368,654,38,41,37,7644,7011,506,0.266,13,500,0,72.585,151.438
100000,37,Grid,1209.091,310358016,56724076,654,40,41,37,7647,7013,507,0.250,13,500,0,44.643,189.971
100000,37,Grid,1209.307,310509568,61967772,654,42,41,37,7648,7014,507,0.266,13,500,0,44.806,138.371
100000,37,Grid,1209.593,310587392,60012664,654,44,41,37,7651,7016,508,0.264,13,500,0,69.920,207.635
100000,37,before_idle,1211.728,328740864,57032824,690,30,43,37,7666,7029,509,0.237,18,500,0,0.000,0.000
100000,37,after_idle,1231.739,306081792,58505032,680,26,41,36,7764,7126,509,0.057,1,500,0,0.000,0.000
100000,38,Rows,1234.710,312406016,119256140,657,27,41,38,7793,7153,511,0.282,1042,500,0,132.461,265.657
100000,38,Rows,1237.327,308256768,59889192,652,27,41,37,7812,7166,514,0.256,21,500,0,2369.738,243.579
100000,38,Rows,1237.540,309506048,62540068,653,28,41,38,7813,7167,514,0.418,15,500,0,47.464,161.381
100000,38,Rows,1237.830,308736000,60116480,653,30,41,38,7816,7169,515,0.258,15,500,0,84.146,202.015
100000,38,Rows,1238.064,309014528,60113460,653,32,41,38,7818,7171,515,0.261,15,500,0,78.134,152.534
100000,38,Rows,1238.267,309694464,62435008,653,34,41,38,7819,7172,515,0.251,15,500,0,37.867,155.694
100000,38,Rows,1238.573,309321728,59838392,653,36,41,38,7822,7174,516,0.250,15,500,0,76.121,225.245
100000,38,Rows,1238.803,309542912,59846028,653,38,41,38,7824,7176,516,0.248,15,500,0,69.475,156.051
100000,38,Rows,1239.009,310366208,62229556,653,40,41,38,7825,7177,516,0.900,15,500,0,54.109,148.469
100000,38,Rows,1239.300,309387264,60299964,653,42,41,38,7828,7179,517,0.238,15,500,0,90.980,194.603
100000,38,Grid,1239.663,309252096,62011000,653,46,41,38,7831,7181,517,0.248,13,500,0,188.300,145.419
100000,38,Grid,1239.944,309420032,60300128,653,28,41,38,7834,7184,518,0.258,13,500,0,79.473,197.336
100000,38,Grid,1240.153,309723136,62797648,653,30,41,38,7835,7185,518,0.289,13,500,0,60.087,145.395
100000,38,Grid,1240.452,309264384,59873848,653,32,41,38,7838,7187,519,0.257,13,500,0,82.982,210.709
100000,38,Grid,1240.682,309407744,61659040,653,34,41,38,7840,7188,519,0.262,13,500,0,78.254,147.376
100000,38,Grid,1240.963,309637120,59943700,653,36,41,38,7843,7190,520,0.244,13,500,0,71.693,205.038
100000,38,Grid,1241.177,310398976,62036584,653,38,41,38,7844,7191,520,0.238,13,500,0,55.777,154.276
100000,38,Grid,1241.466,309694464,60299652,653,40,41,38,7847,7193,521,0.578,13,500,0,71.751,213.639
100000,38,Grid,1241.693,310161408,60441572,653,42,41,38,7849,7195,521,0.254,13,500,0,76.171,146.048
100000,38,Grid,1241.891,310472704,62863528,653,44,41,38,7850,7196,521,0.243,13,500,0,44.957,149.615
100000,38,before_idle,1244.346,328839168,60181536,697,30,44,39,7865,7210,522,0.424,17,500,0,0.000,0.000
100000,38,after_idle,1264.379,307630080,64722736,690,28,41,37,7963,7307,522,0.047,3,500,0,0.000,0.000
100000,39,Rows,1267.173,313184256,112758420,664,27,42,39,7994,7336,524,0.368,1042,500,0,84.958,272.762
100000,39,Rows,1269.607,315981824,59635836,659,27,42,38,8011,7350,526,0.242,21,500,0,2164.377,263.036
100000,39,Rows,1269.815,316059648,63425776,660,28,42,39,8012,7351,526,0.321,15,500,0,79.601,124.721
100000,39,Rows,1270.104,316059648,59984396,661,30,42,39,8015,7354,527,0.254,15,500,0,71.401,213.943
100000,39,Rows,1270.333,316067840,61720692,660,32,42,39,8017,7355,527,0.411,15,500,0,73.218,151.789
100000,39,Rows,1270.605,316387328,60348220,660,34,42,39,8020,7358,528,0.240,15,500,0,75.349,191.774
100000,39,Rows,1270.788,316395520,62587864,660,36,42,39,8021,7359,528,0.270,15,500,0,50.626,129.278
100000,39,Rows,1271.080,316387328,59852932,660,38,42,39,8024,7361,529,0.265,15,500,0,81.137,206.551
100000,39,Rows,1271.317,316387328,60545292,660,40,42,39,8026,7363,529,0.444,15,500,0,74.855,158.689
100000,39,Rows,1271.521,316395520,62794632,660,42,42,39,8027,7364,529,0.247,15,500,0,49.898,150.313
100000,39,Grid,1272.076,236883968,62267224,660,46,42,39,8032,7367,531,0.320,13,500,0,235.874,302.215
100000,39,Grid,1272.271,236892160,62339736,660,28,42,39,8034,7368,531,0.251,13,500,0,61.432,129.173
100000,39,Grid,1272.526,237080576,60412524,660,30,42,39,8037,7370,532,0.251,13,500,0,73.021,179.252
100000,39,Grid,1272.745,237277184,60356592,660,32,42,39,8039,7372,532,0.234,13,500,0,72.585,142.291
100000,39,Grid,1272.942,237248512,62803356,660,34,42,39,8040,7373,532,0.300,13,500,0,49.696,144.249
100000,39,Grid,1273.196,237834240,60446124,660,36,42,39,8043,7375,533,0.253,13,500,0,61.093,180.852
100000,39,Grid,1273.408,237834240,60618956,660,38,42,39,8045,7377,533,0.242,13,500,0,58.186,150.626
100000,39,Grid,1273.640,237834240,60543948,660,40,42,39,8047,7379,534,0.280,13,500,0,48.971,178.574
100000,39,Grid,1273.843,237834240,61847988,660,42,42,39,8049,7380,534,1.021,13,500,0,75.755,123.016
100000,39,Grid,1274.099,237834240,60364704,660,44,42,39,8052,7382,535,0.244,13,500,0,65.758,184.697
100000,39,before_idle,1276.650,256442368,57023400,699,30,45,39,8067,7394,536,0.291,17,500,0,0.000,0.000
100000,39,after_idle,1296.664,233431040,61548012,688,28,42,37,8165,7490,536,0.097,1,500,0,0.000,0.000
100000,40,Rows,1299.582,294379520,117246892,665,27,42,39,8194,7518,537,0.284,1042,500,0,114.817,266.629
100000,40,Rows,1302.119,295677952,60699180,654,27,41,37,8212,7531,540,0.234,21,500,0,2307.986,223.318
100000,40,Rows,1302.343,295763968,61933692,655,28,41,38,8214,7532,540,0.324,15,500,0,71.799,148.511
100000,40,Rows,1302.623,296005632,59998024,656,30,41,38,8217,7534,541,0.241,15,500,0,79.196,197.026
100000,40,Rows,1302.817,296628224,61980684,655,32,41,38,8218,7535,541,0.256,15,500,0,45.611,144.749
100000,40,Rows,1303.099,295747584,60024416,655,34,41,38,8221,7537,542,0.249,15,500,0,73.971,204.904
100000,40,Rows,1303.323,296046592,60016908,655,36,41,38,8223,7539,542,0.291,15,500,0,66.491,154.094
100000,40,Rows,1303.523,296779776,62359232,655,38,41,38,8224,7540,542,0.238,15,500,0,42.759,151.536
100000,40,Rows,1303.788,295907328,60020856,655,40,41,38,8227,7542,543,0.278,15,500,0,59.419,202.088
100000,40,Rows,1304.031,296124416,59798400,655,42,41,38,8229,7544,543,0.251,15,500,0,75.696,163.902
100000,40,Grid,1304.438,295776256,60440048,655,46,41,38,8233,7547,544,0.457,13,500,0,179.729,197.593
100000,40,Grid,1304.667,296103936,60131280,655,28,41,38,8235,7549,544,0.331,13,500,0,80.273,142.087
100000,40,Grid,1304.870,296808448,62642704,655,30,41,38,8236,7550,544,0.290,13,500,0,49.290,147.702
100000,40,Grid,1305.119,296001536,60565128,655,32,41,38,8239,7553,545,0.272,13,500,0,65.352,179.867
100000,40,Grid,1305.321,296235008,63230100,655,34,41,38,8240,7554,545,0.240,13,500,0,84.001,113.414
100000,40,Grid,1305.583,296235008,57028716,655,36,41,38,8244,7557,546,0.351,13,500,0,58.893,199.628
100000,40,Grid,1305.797,296243200,62056200,655,38,41,38,8245,7558,546,0.242,13,500,0,33.466,139.538
100000,40,Grid,1306.082,295776256,60163228,655,40,41,38,8248,7560,547,0.274,13,500,0,84.036,197.932
100000,40,Grid,1306.314,296054784,60400732,655,42,41,38,8250,7562,547,0.284,13,500,0,80.711,145.795
100000,40,Grid,1306.503,296398848,62831520,655,44,41,38,8251,7563,547,0.243,13,500,0,49.553,135.377
100000,40,before_idle,1309.054,314662912,60121800,697,30,44,39,8266,7577,548,0.359,17,500,0,0.000,0.000
100000,40,after_idle,1329.061,293244928,61269868,691,26,42,36,8364,7674,548,0.057,1,500,0,0.000,0.000
100000,41,Rows,1331.848,308563968,112536784,663,27,42,38,8394,7702,550,0.330,1042,500,0,84.752,296.463
100000,41,Rows,1334.393,310804480,60311524,659,27,42,38,8411,7715,552,0.231,21,500,0,2316.386,222.141
100000,41,Rows,1334.666,312840192,60177408,659,28,42,38,8413,7717,552,0.311,15,500,0,50.136,219.280
100000,41,Rows,1334.854,311427072,63295240,660,30,42,38,8414,7718,552,0.317,15,500,0,37.161,147.786
100000,41,Rows,1335.135,310644736,59939624,659,32,42,38,8417,7720,553,0.266,15,500,0,69.021,206.237
100000,41,Rows,1335.370,310968320,60225336,659,34,42,38,8419,7722,553,0.248,15,500,0,75.438,156.231
100000,41,Rows,1335.561,311599104,62537996,659,36,42,38,8420,7723,553,0.243,15,500,0,38.952,147.765
100000,41,Rows,1335.854,310743040,59849376,659,38,42,38,8423,7725,554,0.257,15,500,0,74.962,215.177
100000,41,Rows,1336.083,311037952,60015816,659,40,42,38,8425,7727,554,0.245,15,500,0,70.752,153.430
100000,41,Rows,1336.272,311754752,62359092,659,42,42,38,8426,7728,554,0.237,15,500,0,46.600,138.009
100000,41,Grid,1336.823,237920256,62262072,659,46,42,38,8431,7731,556,0.281,13,500,0,232.176,285.410
100000,41,Grid,1337.035,237920256,62332468,659,28,42,38,8433,7732,556,0.254,13,500,0,66.160,141.068
100000,41,Grid,1337.309,238166016,60421716,659,30,42,38,8436,7734,557,0.305,13,500,0,65.263,204.750
100000,41,Grid,1337.520,238354432,60975808,659,32,42,38,8438,7736,557,0.263,13,500,0,68.899,138.426
100000,41,Grid,1337.765,238735360,59483768,659,34,42,38,8441,7738,558,0.249,13,500,0,71.845,170.431
100000,41,Grid,1337.962,239452160,61589620,659,36,42,38,8442,7739,558,0.263,13,500,0,46.419,146.165
100000,41,Grid,1338.215,238227456,60335532,659,38,42,38,8445,7742,559,0.268,13,500,0,70.242,179.328
100000,41,Grid,1338.399,238968832,62839320,659,40,42,38,8446,7743,559,0.254,13,500,0,51.536,128.687
100000,41,Grid,1338.648,238407680,60044612,659,42,42,38,8449,7745,560,0.252,13,500,0,76.713,169.026
100000,41,Grid,1338.857,238800896,61263296,659,44,42,38,8451,7746,560,0.240,13,500,0,66.932,138.911
100000,41,before_idle,1341.382,257138688,60284588,695,30,44,38,8466,7758,561,0.271,16,500,0,0.000,0.000
100000,41,after_idle,1361.431,235933696,59611828,688,26,41,36,8565,7856,561,0.045,3,500,0,0.000,0.000
100000,42,Rows,1364.307,295223296,116309232,662,27,42,38,8594,7884,562,0.256,1042,500,0,95.876,291.961
100000,42,Rows,1366.818,300630016,60293164,651,28,41,36,8610,7899,563,0.317,21,500,0,2254.160,253.483
100000,42,Rows,1367.049,301301760,60419136,652,29,41,37,8612,7901,563,0.342,15,500,0,69.341,157.455
100000,42,Rows,1367.234,302043136,62762376,653,30,41,37,8613,7902,563,0.344,15,500,0,42.337,138.567
100000,42,Rows,1367.512,301162496,60421464,652,32,41,37,8616,7905,564,0.258,15,500,0,73.985,200.986
100000,42,Rows,1367.697,301486080,62686520,652,34,41,37,8617,7906,564,0.262,15,500,0,50.686,130.206
100000,42,Rows,1367.967,300945408,60459436,652,36,41,37,8620,7909,565,0.244,15,500,0,77.306,186.971
100000,42,Rows,1368.188,301260800,60619884,652,38,41,37,8622,7911,565,0.264,15,500,0,65.025,152.506
100000,42,Rows,1368.377,301617152,62872380,652,40,41,37,8623,7912,565,0.246,15,500,0,44.110,139.589
100000,42,Rows,1368.663,300892160,60525100,652,42,41,37,8626,7915,566,0.253,15,500,0,74.776,207.372
100000,42,Grid,1369.027,300986368,60412596,652,46,41,37,8630,7919,566,0.244,13,500,0,193.866,143.268
100000,42,Grid,1369.223,301817856,63060708,652,28,41,37,8631,7920,566,0.265,13,500,0,51.667,140.567
100000,42,Grid,1369.489,300969984,60014268,652,30,41,37,8634,7923,567,0.388,13,500,0,62.885,199.861
100000,42,Grid,1369.721,301240320,60541652,652,32,41,37,8636,7925,567,0.259,13,500,0,76.139,149.981
100000,42,Grid,1369.900,301588480,62973128,652,34,41,37,8637,7926,567,0.272,13,500,0,42.236,132.861
100000,42,Grid,1370.191,301035520,60313880,657,36,41,38,8640,7929,568,0.269,13,500,0,72.495,214.978
100000,42,Grid,1370.413,301256704,60739088,657,38,41,38,8642,7931,568,0.266,13,500,0,74.872,143.446
100000,42,Grid,1370.662,301572096,60502160,657,40,41,38,8644,7933,569,0.265,13,500,0,54.107,190.779
100000,42,Grid,1370.862,301572096,62536248,657,42,41,38,8646,7935,569,0.332,13,500,0,68.306,128.324
100000,42,Grid,1371.143,301051904,60382440,657,44,41,38,8649,7938,570,0.317,13,500,0,67.334,209.198
100000,42,before_idle,1373.464,319721472,57049248,696,30,44,38,8664,7953,571,0.166,17,500,0,0.000,0.000
100000,42,after_idle,1393.469,297971712,61842912,690,26,41,35,8762,8051,571,0.053,1,500,0,0.000,0.000
100000,43,Rows,1396.385,310358016,122237700,657,27,41,37,8792,8079,573,0.292,1042,500,0,76.941,288.978
100000,43,Rows,1396.582,314163200,99458016,657,28,41,37,8795,8082,574,0.294,780,500,0,30.246,162.315
100000,43,Rows,1399.142,308703232,60521716,652,29,41,36,8812,8095,576,0.309,21,500,0,2344.991,206.556
100000,43,Rows,1399.451,309002240,59930756,653,29,41,37,8815,8097,577,0.486,15,500,0,91.004,212.940
100000,43,Rows,1399.652,309555200,61919444,653,30,41,37,8816,8098,577,0.612,15,500,0,57.125,135.736
100000,43,Rows,1399.946,308666368,60139568,653,32,41,37,8819,8100,578,0.248,15,500,0,79.804,209.734
100000,43,Rows,1400.188,308981760,60179384,653,34,41,37,8821,8102,578,0.257,15,500,0,79.257,159.158
100000,43,Rows,1400.383,309555200,62582592,653,36,41,37,8822,8103,578,0.254,15,500,0,49.622,142.145
100000,43,Rows,1400.687,308666368,60048680,653,38,41,37,8825,8105,579,0.249,15,500,0,83.519,215.563
100000,43,Rows,1400.918,309010432,60261112,653,40,41,37,8827,8107,579,0.256,15,500,0,78.905,148.759
100000,43,Grid,1401.358,308727808,60402660,653,44,41,37,8831,8110,580,0.645,13,500,0,200.035,204.781
100000,43,Grid,1401.590,308957184,60815092,653,46,41,37,8833,8112,580,0.252,13,500,0,72.931,152.010
100000,43,Grid,1401.842,309215232,60449364,653,28,41,37,8835,8114,581,0.369,13,500,0,54.854,193.713
100000,43,Grid,1402.056,309215232,61947008,653,30,41,37,8837,8115,581,0.254,13,500,0,74.522,134.875
100000,43,Grid,1402.353,308695040,59991228,653,32,41,37,8840,8117,582,0.261,13,500,0,77.580,215.762
100000,43,Grid,1402.585,308912128,60495796,653,34,41,37,8842,8119,582,0.252,13,500,0,81.577,146.969
100000,43,Grid,1402.844,309202944,60721996,653,36,41,37,8844,8121,583,0.632,13,500,0,57.831,196.651
100000,43,Grid,1403.049,309202944,61904500,653,38,41,37,8846,8122,583,0.241,13,500,0,69.464,130.432
100000,43,Grid,1403.337,308641792,60372036,653,40,41,37,8849,8124,584,0.250,13,500,0,92.247,192.262
100000,43,Grid,1403.568,308916224,60469508,653,42,41,37,8851,8126,584,0.742,13,500,0,77.237,149.658
100000,43,before_idle,1405.823,328646656,58521628,689,30,43,37,8866,8139,586,0.142,17,500,0,0.000,0.000
100000,43,after_idle,1425.879,306085888,64225440,669,26,41,37,8967,8239,586,0.046,3,500,0,0.000,0.000
100000,44,Rows,1428.945,313536512,113950164,657,27,41,37,8998,8266,589,0.283,1042,500,0,82.499,325.968
100000,44,Rows,1431.418,314273792,60589580,652,28,41,36,9014,8282,590,0.312,21,500,0,2238.238,231.509
100000,44,Rows,1431.633,318193664,63512604,653,29,41,37,9015,8283,590,0.457,15,500,0,79.203,132.278
100000,44,Rows,1431.910,317775872,60109200,654,30,41,37,9018,8285,591,0.251,15,500,0,70.364,202.546
100000,44,Rows,1432.134,317988864,61200024,653,32,41,37,9020,8286,591,0.253,15,500,0,78.764,141.366
100000,44,Rows,1432.421,318132224,59824224,653,34,41,37,9023,8288,592,0.249,15,500,0,73.935,208.397
100000,44,Rows,1432.620,319229952,61757236,653,36,41,37,9024,8289,592,0.306,15,500,0,51.544,144.205
100000,44,Rows,1432.918,318402560,59902980,653,38,41,37,9027,8291,593,0.293,15,500,0,72.212,222.695
100000,44,Rows,1433.145,318599168,59819684,653,40,41,37,9029,8293,593,0.256,15,500,0,68.961,152.958
100000,44,Rows,1433.355,319913984,62192668,653,42,41,37,9030,8294,593,0.248,15,500,0,52.754,153.399
100000,44,Grid,1433.921,235388928,62252360,652,46,41,36,9035,8297,595,0.323,13,500,0,238.406,299.138
100000,44,Grid,1434.125,235470848,62312528,653,28,41,37,9037,8298,595,0.253,13,500,0,54.769,138.516
100000,44,Grid,1434.377,235446272,60440988,653,30,41,37,9040,8300,596,0.273,13,500,0,67.196,181.660
100000,44,Grid,1434.591,235655168,60897384,653,32,41,37,9042,8302,596,0.259,13,500,0,55.906,153.700
100000,44,Grid,1434.829,235982848,59390276,653,34,41,37,9045,8304,597,0.255,13,500,0,59.862,174.499
100000,44,Grid,1435.018,236859392,61477800,653,36,41,37,9046,8305,597,0.257,13,500,0,44.650,141.184
100000,44,Grid,1435.265,235851776,60254668,653,38,41,37,9049,8307,598,0.271,13,500,0,61.419,181.727
100000,44,Grid,1435.455,236142592,62366700,653,40,41,37,9050,8308,598,0.245,13,500,0,37.196,141.995
100000,44,Grid,1435.707,235589632,60434768,653,42,41,37,9053,8310,599,0.248,13,500,0,71.139,177.822
100000,44,Grid,1435.909,235761664,61337512,653,44,41,37,9055,8311,599,0.268,13,500,0,61.893,135.777
100000,44,before_idle,1438.409,255832064,60033852,689,30,43,37,9069,8325,600,1.154,15,500,0,0.000,0.000
100000,44,after_idle,1458.425,235106304,64474004,679,26,41,35,9167,8422,600,0.125,1,500,0,0.000,0.000
100000,45,Rows,1461.390,295292928,120684884,656,27,41,37,9196,8450,601,0.264,1042,500,0,118.628,269.982
100000,45,Rows,1461.559,295956480,99539412,656,28,41,37,9198,8452,602,0.289,794,500,0,10.867,155.073
100000,45,Rows,1464.124,295903232,60365552,651,29,41,36,9217,8463,605,0.237,21,500,0,2330.451,231.155
100000,45,Rows,1464.397,296271872,59759872,652,29,41,37,9220,8465,606,0.334,15,500,0,83.995,185.585
100000,45,Rows,1464.598,296910848,61815204,652,30,41,37,9221,8466,606,0.248,15,500,0,48.256,149.041
100000,45,Rows,1464.883,295968768,60350832,652,32,41,37,9224,8468,607,0.247,15,500,0,75.423,205.581
100000,45,Rows,1465.117,296230912,59969100,652,34,41,37,9226,8470,607,0.590,15,500,0,79.030,151.460
100000,45,Rows,1465.329,296923136,62404572,652,36,41,37,9227,8471,607,0.254,15,500,0,62.165,145.483
100000,45,Rows,1465.600,296001536,60148732,652,38,41,37,9230,8473,608,0.271,15,500,0,70.361,196.619
100000,45,Rows,1465.841,296267776,60003388,652,40,41,37,9232,8475,608,1.765,15,500,0,77.806,158.014
100000,45,Grid,1466.252,295936000,60446184,652,44,41,37,9236,8478,609,0.259,13,500,0,189.024,204.623
100000,45,Grid,1466.494,296284160,60533944,652,46,41,37,9238,8480,609,0.274,13,500,0,79.838,158.317
100000,45,Grid,1466.692,296632320,63069012,652,28,41,37,9239,8481,609,0.267,13,500,0,47.646,146.824
100000,45,Grid,1466.984,295841792,60290676,652,30,41,37,9242,8483,610,0.683,13,500,0,75.574,211.528
100000,45,Grid,1467.212,296124416,60707312,652,32,41,37,9244,8485,610,0.273,13,500,0,71.218,152.476
100000,45,Grid,1467.476,296443904,59374136,652,34,41,37,9247,8487,611,0.261,13,500,0,78.546,182.048
100000,45,Grid,1467.690,297115648,61533988,652,36,41,37,9248,8488,611,0.246,13,500,0,60.213,149.586
100000,45,Grid,1467.952,296452096,60342356,652,38,41,37,9251,8491,612,0.245,13,500,0,71.864,186.587
100000,45,Grid,1468.141,296800256,63076260,652,40,41,37,9252,8492,612,0.251,13,500,0,76.541,109.261
100000,45,Grid,1468.431,296206336,60132988,652,42,41,37,9255,8494,613,0.252,13,500,0,87.586,198.529
100000,45,before_idle,1470.637,314728448,57024588,689,30,43,37,9269,8507,614,0.191,18,500,0,0.000,0.000
100000,45,after_idle,1490.644,292945920,62123556,680,26,41,35,9371,8607,614,0.163,1,500,0,0.000,0.000
100000,46,Rows,1493.655,310665216,118443976,657,27,41,37,9401,8635,616,0.600,1042,500,0,76.395,323.128
100000,46,Rows,1496.192,309391360,59927396,652,27,41,36,9419,8648,618,0.493,21,500,0,2303.356,225.234
100000,46,Rows,1496.393,310071296,62565820,653,28,41,37,9420,8649,618,0.487,15,500,0,48.216,148.910
100000,46,Rows,1496.684,309190656,60251660,654,30,41,37,9423,8651,619,0.259,15,500,0,69.978,217.077
100000,46,Rows,1496.904,309547008,60092676,653,32,41,37,9425,8653,619,0.242,15,500,0,62.147,154.135
100000,46,Rows,1497.101,310235136,62418320,653,34,41,37,9426,8654,619,1.224,15,500,0,55.017,136.565
100000,46,Rows,1497.395,309387264,60124732,653,36,41,37,9429,8656,620,0.263,15,500,0,72.496,216.949
100000,46,Rows,1497.636,309604352,59789388,653,38,41,37,9431,8658,620,0.242,15,500,0,78.926,158.854
100000,46,Rows,1497.837,310452224,62183756,653,40,41,37,9432,8659,620,0.245,15,500,0,43.697,153.704
100000,46,Rows,1498.110,309428224,60126008,653,42,41,37,9435,8661,621,0.298,15,500,0,72.994,196.793
100000,46,Grid,1498.471,309256192,61825444,653,46,41,37,9438,8663,621,0.263,13,500,0,195.381,130.265
100000,46,Grid,1498.793,309473280,60134188,653,28,41,37,9441,8665,622,0.267,13,500,0,102.948,215.876
100000,46,Grid,1498.989,309800960,62200028,653,30,41,37,9442,8666,622,0.244,13,500,0,47.173,145.203
100000,46,Grid,1499.272,309280768,60177364,653,32,41,37,9445,8668,623,0.256,13,500,0,71.361,204.958
100000,46,Grid,1499.507,309407744,60719008,653,34,41,37,9447,8670,623,0.255,13,500,0,82.315,148.912
100000,46,Grid,1499.803,311246848,59835304,653,36,41,37,9450,8673,624,0.501,13,500,0,54.428,236.558
100000,46,Grid,1500.008,309739520,63240260,653,38,41,37,9451,8674,624,0.276,13,500,0,54.395,146.488
100000,46,Grid,1500.282,309739520,60180312,653,40,41,37,9454,8677,625,0.340,13,500,0,61.868,208.315
100000,46,Grid,1500.534,310026240,61881744,653,42,41,37,9456,8678,625,0.408,13,500,0,82.213,161.328
100000,46,Grid,1500.802,309608448,60394812,653,44,41,37,9459,8680,626,0.252,13,500,0,58.073,206.557
100000,46,before_idle,1502.988,303718400,57017044,689,30,43,37,9475,8691,628,0.325,17,500,0,0.000,0.000
100000,46,after_idle,1523.036,282927104,61452808,679,26,40,35,9573,8789,628,0.046,3,500,0,0.000,0.000
100000,47,Rows,1526.064,312631296,116736080,658,27,41,37,9604,8818,630,0.324,1042,500,0,100.190,303.080
100000,47,Rows,1528.571,317833216,59910756,652,28,41,36,9620,8834,631,0.311,21,500,0,2239.064,263.215
100000,47,Rows,1528.812,315019264,60407868,653,29,41,37,9622,8836,631,0.313,15,500,0,73.555,163.953
100000,47,Rows,1529.021,319369216,62734116,654,30,41,37,9623,8837,631,0.258,15,500,0,51.597,154.150
100000,47,Rows,1529.285,318726144,60275288,653,32,41,37,9626,8839,632,0.245,15,500,0,70.627,189.506
100000,47,Rows,1529.481,319135744,62223012,653,34,41,37,9627,8840,632,0.242,15,500,0,54.838,138.215
100000,47,Rows,1529.764,318578688,60287228,653,36,41,37,9630,8842,633,0.575,15,500,0,75.116,204.258
100000,47,Rows,1530.009,318763008,60325260,653,38,41,37,9632,8844,633,1.830,15,500,0,74.694,160.138
100000,47,Rows,1530.226,319315968,62611624,653,40,41,37,9633,8845,633,0.296,15,500,0,51.901,159.567
100000,47,Rows,1530.529,318484480,60387428,653,42,41,37,9636,8847,634,0.389,15,500,0,76.458,220.654
100000,47,Grid,1530.909,318558208,60211276,653,46,41,37,9640,8849,634,0.406,13,500,0,181.206,170.422
100000,47,Grid,1531.110,320090112,62555052,653,28,41,37,9641,8850,634,0.248,13,500,0,40.851,152.149
100000,47,Grid,1531.400,319242240,60295840,653,30,41,37,9644,8852,635,0.273,13,500,0,68.278,218.222
100000,47,Grid,1531.642,319418368,60128072,653,32,41,37,9646,8854,635,0.242,13,500,0,84.066,152.730
100000,47,Grid,1531.833,319918080,62617996,653,34,41,37,9647,8855,635,0.260,13,500,0,46.198,141.510
100000,47,Grid,1532.123,319074304,60440768,653,36,41,37,9650,8857,636,0.257,13,500,0,85.843,200.566
100000,47,Grid,1532.363,319373312,60366896,653,38,41,37,9652,8859,636,0.500,13,500,0,83.914,151.372
100000,47,Grid,1532.561,319737856,62814052,653,40,41,37,9653,8860,636,0.262,13,500,0,36.331,153.891
100000,47,Grid,1532.843,319025152,60103948,653,42,41,37,9656,8862,637,0.268,13,500,0,66.393,211.269
100000,47,Grid,1533.076,319352832,60685468,653,44,41,37,9658,8864,637,0.252,13,500,0,66.092,163.796
100000,47,before_idle,1535.582,339013632,59720172,689,30,43,37,9673,8878,639,0.300,17,500,0,0.000,0.000
100000,47,after_idle,1555.647,317915136,63540344,653,26,41,37,9775,8978,639,0.045,3,500,0,0.000,0.000
100000,48,Rows,1558.673,321085440,116150972,657,27,41,37,9807,9007,642,0.274,1042,500,0,71.811,313.179
100000,48,Rows,1561.187,312164352,60100240,652,27,41,36,9824,9021,644,0.794,21,500,0,2268.810,241.889
100000,48,Rows,1561.425,313352192,62168468,653,28,41,37,9826,9022,644,0.464,15,500,0,74.116,155.441
100000,48,Rows,1561.730,313483264,59835780,654,30,41,37,9829,9024,645,0.271,15,500,0,71.880,226.974
100000,48,Rows,1561.929,313483264,62508040,653,32,41,37,9830,9025,645,0.566,15,500,0,43.699,151.873
100000,48,Rows,1562.213,313483264,59661148,653,34,41,37,9833,9027,646,0.250,15,500,0,58.844,218.026
100000,48,Rows,1562.451,313483264,60488952,653,36,41,37,9835,9029,646,0.267,15,500,0,77.110,157.328
100000,48,Rows,1562.637,313487360,62732044,653,38,41,37,9836,9030,646,0.314,15,500,0,37.771,144.034
100000,48,Rows,1562.923,313491456,60313592,653,40,41,37,9839,9032,647,0.258,15,500,0,73.398,204.378
100000,48,Rows,1563.162,313507840,60288864,653,42,41,37,9841,9034,647,0.500,15,500,0,81.671,153.421
100000,48,Grid,1563.601,313507840,60418180,653,46,41,37,9845,9037,648,0.261,13,500,0,200.850,216.415
100000,48,Grid,1563.830,313933824,60668256,653,28,41,37,9847,9039,648,0.267,13,500,0,63.428,161.707
100000,48,Grid,1564.033,314359808,63081752,653,30,41,37,9848,9040,648,0.235,13,500,0,54.098,143.116
100000,48,Grid,1564.314,314359808,60027340,653,32,41,37,9851,9042,649,0.247,13,500,0,67.725,210.014
100000,48,Grid,1564.557,314359808,60651584,653,34,41,37,9853,9044,649,0.250,13,500,0,74.518,165.422
100000,48,Grid,1564.797,314359808,60433076,653,36,41,37,9855,9046,650,0.351,13,500,0,47.750,188.540
100000,48,Grid,1565.018,314359808,61883192,653,38,41,37,9857,9047,650,1.253,13,500,0,67.908,143.243
100000,48,Grid,1565.310,314359808,60154020,653,40,41,37,9860,9049,651,0.267,13,500,0,63.867,219.738
100000,48,Grid,1565.535,314359808,60287244,653,42,41,37,9862,9051,651,0.268,13,500,0,61.673,159.295
100000,48,Grid,1565.725,314359808,62733636,653,44,41,37,9863,9052,651,0.621,13,500,0,50.102,135.501
100000,48,before_idle,1568.208,331087872,59958572,689,30,43,37,9878,9066,652,0.226,17,500,0,0.000,0.000
100000,48,after_idle,1588.225,309829632,61115404,680,28,41,35,9976,9163,652,0.059,1,500,0,0.000,0.000
100000,49,Rows,1591.295,314863616,113541624,657,27,41,37,10006,9191,654,0.841,1042,500,0,85.896,317.466
100000,49,Rows,1591.430,314863616,112814832,657,28,41,37,10007,9192,654,0.218,816,500,0,7.904,123.769
100000,49,Rows,1593.965,315351040,60084972,652,29,41,36,10025,9206,657,0.687,21,500,0,2314.923,215.753
100000,49,Rows,1594.166,315428864,62815928,653,30,41,37,10026,9207,657,0.605,15,500,0,42.900,149.309
100000,49,Rows,1594.460,315428864,59824728,653,31,41,37,10029,9209,658,0.262,15,500,0,75.915,211.731
100000,49,Rows,1594.704,315441152,60584476,653,32,41,37,10031,9211,658,0.255,15,500,0,88.738,150.215
100000,49,Rows,1594.905,315441152,62923784,653,34,41,37,10032,9212,658,0.240,15,500,0,53.810,142.952
100000,49,Rows,1595.204,315441152,59859468,653,36,41,37,10035,9214,659,0.274,15,500,0,80.786,213.056
100000,49,Rows,1595.449,315441152,60640056,653,38,41,37,10037,9216,659,0.251,15,500,0,88.317,153.180
100000,49,Rows,1595.658,315441152,62967084,653,40,41,37,10038,9217,659,0.247,15,500,0,53.293,152.026
100000,49,Grid,1596.243,235872256,62274868,653,44,41,37,10043,9220,661,0.248,13,500,0,247.993,319.926
100000,49,Grid,1596.446,235872256,62407752,653,46,41,37,10045,9221,661,0.267,13,500,0,75.549,122.982
100000,49,Grid,1596.721,236056576,60292236,653,28,41,37,10048,9223,662,0.245,13,500,0,77.990,193.304
100000,49,Grid,1596.950,236318720,60617956,653,30,41,37,10050,9225,662,0.265,13,500,0,76.399,149.445
100000,49,Grid,1597.184,236605440,60566512,653,32,41,37,10052,9227,663,0.300,13,500,0,38.212,192.605
100000,49,Grid,1597.376,236605440,61971696,653,34,41,37,10054,9228,663,0.353,13,500,0,66.284,121.216
100000,49,Grid,1597.657,236605440,60295984,653,36,41,37,10057,9230,664,0.271,13,500,0,75.336,199.743
100000,49,Grid,1597.870,236605440,60551976,653,38,41,37,10059,9232,664,0.249,13,500,0,73.172,135.968
100000,49,Grid,1598.113,236605440,60637456,653,40,41,37,10061,9234,665,0.252,13,500,0,60.374,179.214
100000,49,Grid,1598.328,236605440,61970684,653,42,41,37,10063,9235,665,0.320,13,500,0,66.961,138.413
100000,49,before_idle,1600.526,255307776,62856556,689,30,43,37,10077,9246,666,0.295,16,500,0,0.000,0.000
100000,49,after_idle,1620.538,234704896,60907528,680,26,41,35,10179,9346,666,0.068,1,500,0,0.000,0.000
100000,50,Rows,1623.604,294457344,116261604,657,27,41,37,10208,9374,667,0.262,1042,500,0,98.419,298.797
100000,50,Rows,1626.163,296046592,60947680,652,27,41,36,10226,9386,670,0.232,21,500,0,2305.977,248.535
100000,50,Rows,1626.399,296480768,62079880,653,28,41,37,10228,9387,670,0.331,15,500,0,72.266,158.950
100000,50,Rows,1626.672,296726528,60114924,653,30,41,37,10231,9389,671,0.242,15,500,0,60.560,208.942
100000,50,Rows,1626.864,297279488,62096672,653,32,41,37,10232,9390,671,0.237,15,500,0,50.047,138.412
100000,50,Rows,1627.129,296460288,60180468,653,34,41,37,10235,9392,672,0.266,15,500,0,64.969,196.273
100000,50,Rows,1627.359,296787968,60148448,653,36,41,37,10237,9394,672,0.260,15,500,0,76.476,145.735
100000,50,Rows,1627.549,297435136,62455104,653,38,41,37,10238,9395,672,0.249,15,500,0,47.120,138.922
100000,50,Rows,1627.816,296587264,60172600,653,40,41,37,10241,9397,673,0.678,15,500,0,73.972,189.297
100000,50,Rows,1628.058,296878080,59915224,653,42,41,37,10243,9399,673,0.241,15,500,0,92.146,142.214
100000,50,Grid,1628.473,296562688,60199844,653,46,41,37,10247,9402,674,0.276,13,500,0,184.241,200.996
100000,50,Grid,1628.701,296873984,60290332,653,28,41,37,10249,9404,674,0.521,13,500,0,80.309,143.885
100000,50,Grid,1628.895,297914368,62773092,653,30,41,37,10250,9405,674,0.361,13,500,0,37.674,146.655
100000,50,Grid,1629.165,297091072,60284616,653,32,41,37,10253,9407,675,0.566,13,500,0,69.094,196.120
100000,50,Grid,1629.390,297259008,60199008,653,34,41,37,10255,9409,675,0.267,13,500,0,67.231,153.070
100000,50,Grid,1629.575,297705472,62673916,653,36,41,37,10256,9410,675,0.399,13,500,0,43.568,138.493
100000,50,Grid,1629.857,296878080,60440100,653,38,41,37,10259,9412,676,0.321,13,500,0,69.880,206.529
100000,50,Grid,1630.083,297209856,60447076,653,40,41,37,10261,9414,676,0.242,13,500,0,70.263,149.176
100000,50,Grid,1630.260,297811968,62879184,653,42,41,37,10262,9415,676,0.258,13,500,0,40.560,133.123
100000,50,Grid,1630.525,297287680,60439956,653,44,41,37,10265,9417,677,0.249,13,500,0,70.433,190.171
100000,50,before_idle,1632.671,315961344,57026752,689,30,43,37,10279,9431,678,0.169,17,500,0,0.000,0.000
100000,50,after_idle,1652.715,294400000,63378976,678,26,40,35,10377,9528,678,0.044,3,500,0,0.000,0.000
100000,51,Rows,1655.730,310362112,117197732,657,27,41,37,10408,9557,680,0.284,1042,500,0,101.550,292.934
100000,51,Rows,1658.325,307568640,60395108,652,27,41,36,10426,9570,683,0.498,21,500,0,2348.161,243.601
100000,51,Rows,1658.548,308830208,61977628,653,28,41,37,10428,9571,683,0.346,15,500,0,76.734,141.813
100000,51,Rows,1658.829,309035008,60053348,653,30,41,37,10431,9573,684,0.239,15,500,0,77.377,199.748
100000,51,Rows,1659.029,309624832,62035460,653,32,41,37,10432,9574,684,0.241,15,500,0,42.614,153.871
100000,51,Rows,1659.313,308768768,60179684,653,34,41,37,10435,9576,685,0.250,15,500,0,74.760,206.411
100000,51,Rows,1659.556,309088256,60053256,653,36,41,37,10437,9578,685,0.281,15,500,0,77.229,161.327
100000,51,Rows,1659.755,309813248,62379456,653,38,41,37,10438,9579,685,0.240,15,500,0,35.423,160.572
100000,51,Rows,1660.039,308965376,60109144,653,40,41,37,10441,9581,686,0.248,15,500,0,67.127,211.972
100000,51,Rows,1660.273,309182464,59826792,653,42,41,37,10443,9583,686,0.248,15,500,0,74.774,155.735
100000,51,Grid,1660.697,308846592,60225748,653,46,41,37,10447,9586,687,0.254,13,500,0,187.338,207.456
100000,51,Grid,1660.933,309592064,60177108,653,28,41,37,10449,9588,687,0.264,13,500,0,75.542,157.690
100000,51,Grid,1661.140,310689792,62694868,653,30,41,37,10450,9589,687,0.248,13,500,0,38.820,164.009
100000,51,Grid,1661.437,309850112,59899460,653,32,41,37,10453,9591,688,0.262,13,500,0,66.555,225.234
100000,51,Grid,1661.669,310038528,59746968,653,34,41,37,10455,9593,688,0.249,13,500,0,80.339,148.536
100000,51,Grid,1661.870,310771712,62309400,653,36,41,37,10456,9594,688,0.263,13,500,0,46.089,151.676
100000,51,Grid,1662.150,309841920,59979672,653,38,41,37,10459,9596,689,0.248,13,500,0,58.460,217.699
100000,51,Grid,1662.405,310046720,59858324,653,40,41,37,10461,9598,689,0.240,13,500,0,89.771,160.135
100000,51,Grid,1662.599,310702080,62398720,653,42,41,37,10462,9599,689,0.255,13,500,0,40.013,150.814
100000,51,Grid,1662.888,309825536,60188920,653,44,41,37,10465,9601,690,0.327,13,500,0,83.443,201.487
100000,51,before_idle,1665.468,313212928,57042780,691,30,44,37,10481,9613,692,0.190,18,500,0,0.000,0.000
100000,51,after_idle,1685.473,291033088,62499020,679,26,41,35,10579,9710,692,0.050,1,500,0,0.000,0.000
100000,52,Rows,1688.502,311943168,120438588,656,27,41,37,10608,9737,694,0.401,1042,500,0,109.430,294.097
100000,52,Rows,1691.040,311234560,59873712,651,27,41,36,10627,9750,697,0.224,21,500,0,2302.180,231.790
100000,52,Rows,1691.248,312041472,62553528,652,28,41,37,10628,9751,697,0.394,15,500,0,58.567,145.345
100000,52,Rows,1691.530,311312384,60265560,653,30,41,37,10631,9753,698,0.549,15,500,0,73.551,203.846
100000,52,Rows,1691.757,311922688,60051172,652,32,41,37,10633,9755,698,0.232,15,500,0,75.998,147.028
100000,52,Rows,1691.961,312631296,62385848,652,34,41,37,10634,9756,698,0.261,15,500,0,43.932,156.440
100000,52,Rows,1692.250,311746560,59956744,652,36,41,37,10637,9758,699,0.714,15,500,0,70.347,214.672
100000,52,Rows,1692.481,311959552,59785812,652,38,41,37,10639,9760,699,0.261,15,500,0,76.608,148.694
100000,52,Rows,1692.684,312807424,62187092,652,40,41,37,10640,9761,699,0.273,15,500,0,54.203,145.937
100000,52,Rows,1692.953,312221696,60089344,652,42,41,37,10643,9764,700,0.239,15,500,0,65.847,199.507
100000,52,Grid,1693.289,312152064,62109756,652,46,41,37,10646,9766,700,0.289,13,500,0,180.355,137.807
100000,52,Grid,1693.571,312254464,60105796,652,28,41,37,10649,9768,701,0.255,13,500,0,74.821,203.224
100000,52,Grid,1693.755,312647680,62232244,652,30,41,37,10650,9769,701,0.314,13,500,0,38.507,141.564
100000,52,Grid,1694.065,312152064,59894392,652,32,41,37,10653,9771,702,0.259,13,500,0,80.927,225.351
100000,52,Grid,1694.297,312201216,60714992,652,34,41,37,10655,9773,702,0.242,13,500,0,78.827,148.047
100000,52,Grid,1694.585,313974784,59856604,652,36,41,37,10658,9776,703,0.432,13,500,0,44.536,238.722
100000,52,Grid,1694.775,312549376,63318764,652,38,41,37,10659,9777,703,0.270,13,500,0,75.629,109.726
100000,52,Grid,1695.051,312152064,60100796,652,40,41,37,10662,9779,704,0.274,13,500,0,75.669,196.310
100000,52,Grid,1695.256,312283136,61339792,652,42,41,37,10664,9780,704,0.259,13,500,0,67.235,133.273
100000,52,Grid,1695.528,312283136,60044316,652,44,41,37,10667,9783,705,0.229,13,500,0,73.668,195.714
100000,52,before_idle,1697.678,331677696,57031848,691,30,44,37,10680,9796,706,0.265,17,500,0,0.000,0.000
100000,52,after_idle,1717.685,309055488,61320696,685,26,41,35,10778,9893,706,0.073,1,500,0,0.000,0.000
100000,53,Rows,1720.686,313507840,118367440,657,27,41,37,10808,9921,708,0.281,1042,500,0,86.364,314.280
100000,53,Rows,1723.222,311115776,60283612,652,27,41,36,10825,9934,710,0.224,21,500,0,2302.243,229.454
100000,53,Rows,1723.457,311455744,60885916,653,28,41,37,10827,9936,710,0.321,15,500,0,79.375,152.747
100000,53,Rows,1723.643,311848960,63105752,654,30,41,37,10828,9937,710,0.302,15,500,0,37.980,144.296
100000,53,Rows,1723.935,311205888,59867060,653,32,41,37,10831,9939,711,0.326,15,500,0,68.024,220.698
100000,53,Rows,1724.160,311443456,60305880,653,34,41,37,10833,9941,711,0.251,15,500,0,68.774,151.573
100000,53,Rows,1724.353,312029184,62596196,653,36,41,37,10834,9942,711,0.625,15,500,0,44.327,145.028
100000,53,Rows,1724.642,311185408,60124376,653,38,41,37,10837,9944,712,0.303,15,500,0,78.300,204.087
100000,53,Rows,1724.873,311513088,60068556,653,40,41,37,10839,9946,712,1.952,15,500,0,66.668,157.882
100000,53,Rows,1725.062,312209408,62405984,653,42,41,37,10840,9947,712,0.377,15,500,0,35.576,148.273
100000,53,Grid,1725.633,234635264,62263636,653,46,41,37,10845,9950,714,0.348,13,500,0,240.600,295.520
100000,53,Grid,1725.832,234635264,62333068,653,28,41,37,10847,9951,714,0.263,13,500,0,66.202,124.715
100000,53,Grid,1726.085,234766336,60447972,653,30,41,37,10850,9953,715,0.267,13,500,0,64.065,181.095
100000,53,Grid,1726.311,235450368,60316920,653,32,41,37,10852,9955,715,0.623,13,500,0,78.144,142.430
100000,53,Grid,1726.497,236126208,62775676,653,34,41,37,10853,9956,715,0.258,13,500,0,44.388,138.003
100000,53,Grid,1726.769,235909120,60755456,653,36,41,37,10856,9958,716,0.250,13,500,0,77.436,190.463
100000,53,Grid,1726.981,236224512,60551176,653,38,41,37,10858,9960,716,0.297,13,500,0,68.522,139.561
100000,53,Grid,1727.213,236486656,60694652,653,40,41,37,10860,9962,717,0.252,13,500,0,45.216,182.442
100000,53,Grid,1727.419,236486656,61780192,653,42,41,37,10862,9963,717,0.277,13,500,0,69.626,132.134
100000,53,Grid,1727.679,236101632,60447532,653,44,41,37,10865,9965,718,0.256,13,500,0,69.003,186.010
100000,53,before_idle,1729.853,255492096,56929116,689,30,43,37,10880,9976,719,0.189,17,500,0,0.000,0.000
100000,53,after_idle,1749.864,233533440,64251412,685,26,41,35,10977,10073,719,0.057,1,500,0,0.000,0.000
100000,54,Rows,1752.904,294944768,118044412,657,27,41,37,11007,10101,720,0.302,1042,500,0,96.566,293.746
100000,54,Rows,1755.351,300978176,60328740,652,28,41,36,11023,10117,721,0.372,21,500,0,2199.844,241.069
100000,54,Rows,1755.572,301588480,60641304,653,29,41,37,11025,10119,721,0.316,15,500,0,56.986,160.368
100000,54,Rows,1755.757,302174208,62936096,654,30,41,37,11026,10120,721,0.235,15,500,0,44.394,137.024
100000,54,Rows,1756.019,301338624,60379428,653,32,41,37,11029,10123,722,0.493,15,500,0,71.940,186.306
100000,54,Rows,1756.240,301670400,60116844,653,34,41,37,11031,10125,722,0.251,15,500,0,73.468,141.120
100000,54,Rows,1756.422,302387200,62453656,653,36,41,37,11032,10126,722,0.294,15,500,0,42.780,135.388
100000,54,Rows,1756.662,301481984,60501444,653,38,41,37,11035,10129,723,0.671,15,500,0,65.413,170.406
100000,54,Rows,1756.847,302149632,62947508,653,40,41,37,11036,10130,723,0.264,15,500,0,68.630,108.339
100000,54,Rows,1757.098,301596672,60295568,653,42,41,37,11039,10133,724,0.324,15,500,0,61.953,185.562
100000,54,Grid,1757.452,301608960,60782072,653,46,41,37,11043,10137,724,0.250,13,500,0,191.667,132.657
100000,54,Grid,1757.629,302141440,63383112,653,28,41,37,11044,10138,724,0.262,13,500,0,45.016,128.057
100000,54,Grid,1757.893,301641728,60454868,653,30,41,37,11047,10141,725,0.268,13,500,0,65.171,192.785
100000,54,Grid,1758.101,301813760,60892612,653,32,41,37,11049,10143,725,0.254,13,500,0,63.650,139.619
100000,54,Grid,1758.372,298020864,59385900,653,34,41,37,11052,10146,726,0.256,13,500,0,63.353,204.464
100000,54,Grid,1758.567,303005696,62050692,653,36,41,37,11053,10147,726,0.266,13,500,0,45.187,145.053
100000,54,Grid,1758.824,302231552,60228312,653,38,41,37,11056,10149,727,0.240,13,500,0,70.720,182.339
100000,54,Grid,1759.006,302567424,62379152,653,40,41,37,11057,10150,727,0.313,13,500,0,51.290,126.294
100000,54,Grid,1759.272,302010368,60255716,653,42,41,37,11060,10152,728,0.274,13,500,0,71.487,191.334
100000,54,Grid,1759.478,302161920,61008128,653,44,41,37,11062,10154,728,0.252,13,500,0,62.491,138.785
100000,54,before_idle,1761.966,321695744,60447684,689,30,43,37,11077,10169,729,0.237,15,500,0,0.000,0.000
100000,54,after_idle,1781.994,300421120,59671824,683,26,40,35,11176,10267,729,0.341,3,500,0,0.000,0.000
100000,55,Rows,1784.968,311410688,113034844,657,27,41,37,11206,10295,731,0.282,1042,500,0,102.034,311.156
100000,55,Rows,1787.479,311504896,60451960,652,27,41,36,11224,10308,734,0.226,21,500,0,2265.658,241.734
100000,55,Rows,1787.710,311586816,60546296,653,28,41,37,11226,10310,734,0.349,15,500,0,77.242,150.052
100000,55,Rows,1787.904,311586816,62834604,654,30,41,37,11227,10311,734,0.256,15,500,0,52.533,134.045
100000,55,Rows,1788.180,311586816,60160744,653,32,41,37,11230,10313,735,0.258,15,500,0,72.514,200.785
100000,55,Rows,1788.429,311586816,59856304,653,34,41,37,11232,10315,735,1.213,15,500,0,82.155,159.797
100000,55,Rows,1788.629,311586816,62225108,653,36,41,37,11233,10316,735,0.257,15,500,0,38.834,152.154
100000,55,Rows,1788.885,311586816,60278324,653,38,41,37,11236,10318,736,0.261,15,500,0,64.657,187.277
100000,55,Rows,1789.070,311586816,62275748,653,40,41,37,11237,10319,736,0.255,15,500,0,50.140,130.609
100000,55,Rows,1789.349,311574528,59772304,653,42,41,37,11240,10321,737,0.695,15,500,0,76.779,198.273
100000,55,Grid,1789.734,311574528,60431128,653,46,41,37,11244,10323,737,0.268,13,500,0,199.940,146.252
100000,55,Grid,1789.935,312565760,62784660,653,28,41,37,11245,10324,737,0.264,13,500,0,43.164,153.964
100000,55,Grid,1790.204,312565760,60275520,653,30,41,37,11248,10326,738,0.261,13,500,0,76.109,188.628
100000,55,Grid,1790.438,312565760,60512932,653,32,41,37,11250,10328,738,0.253,13,500,0,75.717,153.999
100000,55,Grid,1790.629,312709120,62932544,653,34,41,37,11251,10329,738,1.317,13,500,0,44.723,141.955
100000,55,Grid,1790.903,312852480,60145940,653,36,41,37,11254,10331,739,0.283,13,500,0,69.653,199.591
100000,55,Grid,1791.128,312852480,60850156,653,38,41,37,11256,10333,739,0.277,13,500,0,74.110,146.667
100000,55,Grid,1791.419,312995840,59413052,653,40,41,37,11259,10335,740,0.264,13,500,0,86.791,199.343
100000,55,Grid,1791.612,313139200,61497112,653,42,41,37,11260,10336,740,0.257,13,500,0,36.224,152.728
100000,55,Grid,1791.890,313282560,60245300,653,44,41,37,11263,10339,741,0.239,13,500,0,77.342,195.998
100000,55,before_idle,1794.400,323002368,57046592,689,30,43,37,11277,10352,742,0.519,18,500,0,0.000,0.000
100000,55,after_idle,1814.457,299896832,63917884,680,28,41,36,11375,10448,742,0.046,3,500,0,0.000,0.000
100000,56,Rows,1817.572,313118720,116755752,657,27,41,37,11406,10476,744,0.295,1042,500,0,76.885,301.138
100000,56,Rows,1820.148,313454592,60060368,652,27,41,36,11424,10488,747,0.221,21,500,0,2342.758,228.674
100000,56,Rows,1820.354,313532416,62304992,655,28,42,37,11426,10489,747,0.910,15,500,0,71.038,130.539
100000,56,Rows,1820.633,313532416,59891664,655,30,42,37,11429,10491,748,0.243,15,500,0,72.948,202.177
100000,56,Rows,1820.850,313696256,59790136,655,32,42,37,11431,10493,748,0.533,15,500,0,66.249,147.093
100000,56,Rows,1821.040,310988800,62183008,655,34,42,37,11432,10494,748,0.231,15,500,0,41.129,144.511
100000,56,Rows,1821.306,310333440,60130424,655,36,42,37,11435,10496,749,0.464,15,500,0,66.200,196.435
100000,56,Rows,1821.498,310870016,62114652,655,38,42,37,11436,10497,749,0.246,15,500,0,43.345,144.395
100000,56,Rows,1821.768,310726656,60015240,655,40,42,37,11439,10499,750,0.248,15,500,0,69.660,197.274
100000,56,Rows,1821.995,310792192,60225260,655,42,42,37,11441,10501,750,0.268,15,500,0,73.409,149.825
100000,56,Grid,1822.408,310800384,60338188,655,46,42,37,11445,10504,751,0.326,13,500,0,180.436,197.594
100000,56,Grid,1822.640,311734272,60659452,655,28,42,37,11447,10506,751,0.357,13,500,0,76.115,150.875
100000,56,Grid,1822.821,312598528,63073548,655,30,42,37,11448,10507,751,0.245,13,500,0,41.620,135.199
100000,56,Grid,1823.085,312135680,59869240,655,32,42,37,11451,10509,752,0.361,13,500,0,68.764,191.767
100000,56,Grid,1823.313,312152064,60616760,655,34,42,37,11453,10511,752,0.241,13,500,0,73.836,150.672
100000,56,Grid,1823.559,312934400,60451608,655,36,42,37,11455,10513,753,0.263,13,500,0,44.106,198.599
100000,56,Grid,1823.756,312934400,61875828,655,38,42,37,11457,10514,753,0.250,13,500,0,70.274,122.254
100000,56,Grid,1824.048,313098240,60071316,655,40,42,37,11460,10516,754,0.288,13,500,0,83.618,203.873
100000,56,Grid,1824.277,313167872,60278152,655,42,42,37,11462,10518,754,0.302,13,500,0,68.842,156.355
100000,56,Grid,1824.475,313585664,62731256,655,44,42,37,11463,10519,754,0.375,13,500,0,43.502,149.702
100000,56,before_idle,1827.044,331710464,59956208,691,30,44,37,11479,10532,756,0.457,17,500,0,0.000,0.000
100000,56,after_idle,1847.051,310439936,61125888,679,26,41,35,11577,10629,756,0.781,1,500,0,0.000,0.000
100000,57,Rows,1850.078,315006976,112677556,656,27,41,37,11608,10657,759,0.283,1042,500,0,80.239,306.436
100000,57,Rows,1852.561,312807424,60770640,651,27,41,36,11625,10670,761,0.214,21,500,0,2254.391,224.827
100000,57,Rows,1852.799,314355712,60192148,652,28,41,37,11627,10672,761,0.328,15,500,0,70.892,163.839
100000,57,Rows,1852.977,314404864,62571388,653,30,41,37,11628,10673,761,0.306,15,500,0,37.767,136.417
100000,57,Rows,1853.262,314458112,60080988,652,32,41,37,11631,10675,762,0.247,15,500,0,69.716,209.102
100000,57,Rows,1853.442,314470400,62031192,652,34,41,37,11632,10676,762,0.247,15,500,0,35.742,140.569
100000,57,Rows,1853.720,314478592,60200640,652,36,41,37,11635,10678,763,0.240,15,500,0,73.926,200.334
100000,57,Rows,1853.947,314478592,60077476,652,38,41,37,11637,10680,763,0.238,15,500,0,73.058,150.013
100000,57,Rows,1854.144,314486784,62404540,652,40,41,37,11638,10681,763,0.242,15,500,0,41.994,150.709
100000,57,Rows,1854.427,314486784,59986552,652,42,41,37,11641,10683,764,0.245,15,500,0,73.631,205.974
100000,57,Grid,1854.801,314486784,60027384,652,46,41,37,11645,10685,764,0.430,13,500,0,186.874,157.595
100000,57,Grid,1855.062,314941440,60100896,652,28,41,37,11647,10687,765,0.261,13,500,0,49.788,206.022
100000,57,Grid,1855.356,314941440,59752448,652,30,41,37,11650,10690,766,0.271,13,500,0,73.095,216.244
100000,57,Grid,1855.541,314953728,63252988,652,32,41,37,11651,10691,766,0.244,13,500,0,80.155,101.054
100000,57,Grid,1855.815,314953728,60170544,652,34,41,37,11654,10693,767,0.260,13,500,0,80.893,188.937
100000,57,Grid,1856.037,314953728,61513084,652,36,41,37,11656,10694,767,0.484,13,500,0,70.725,145.124
100000,57,Grid,1856.303,315150336,60197296,652,38,41,37,11659,10697,768,0.243,13,500,0,64.891,197.073
100000,57,Grid,1856.487,315150336,62619612,652,40,41,37,11660,10698,768,0.271,13,500,0,45.673,134.832
100000,57,Grid,1856.766,315150336,60201476,652,42,41,37,11663,10700,769,0.305,13,500,0,73.696,201.219
100000,57,Grid,1856.986,315150336,60892644,652,44,41,37,11665,10702,769,0.276,13,500,0,74.899,140.577
100000,57,before_idle,1859.544,333193216,60893380,689,30,43,37,11679,10713,770,0.295,15,500,0,0.000,0.000
100000,57,after_idle,1879.558,312000512,61275496,681,26,41,36,11781,10814,770,0.056,1,500,0,0.000,0.000
100000,58,Rows,1882.491,317325312,119898672,658,27,41,38,11811,10842,772,0.281,1042,500,0,107.952,270.095
100000,58,Rows,1884.880,319873024,59803056,653,28,41,37,11828,10858,773,0.307,21,500,0,2128.093,256.644
100000,58,Rows,1885.063,322523136,62464416,654,29,41,38,11829,10859,773,0.483,15,500,0,42.485,136.988
100000,58,Rows,1885.342,321642496,60129380,655,30,41,38,11832,10861,774,0.251,15,500,0,77.640,197.441
100000,58,Rows,1885.563,321945600,59965992,654,32,41,38,11834,10863,774,0.242,15,500,0,68.614,148.384
100000,58,Rows,1885.755,322699264,62322280,654,34,41,38,11835,10864,774,0.264,15,500,0,49.553,135.867
100000,58,Rows,1886.028,321781760,59906260,654,36,41,38,11838,10866,775,0.808,15,500,0,63.913,205.075
100000,58,Rows,1886.259,322011136,59630936,654,38,41,38,11840,10868,775,0.483,15,500,0,67.101,156.099
100000,58,Rows,1886.451,322936832,62058676,654,40,41,38,11841,10869,775,0.283,15,500,0,44.085,144.016
100000,58,Rows,1886.721,321830912,60035860,654,42,41,38,11844,10871,776,0.242,15,500,0,69.166,197.101
100000,58,Grid,1887.086,321630208,61740336,654,46,41,38,11847,10873,776,1.473,13,500,0,180.142,154.920
100000,58,Grid,1887.352,321863680,60038076,654,28,42,38,11850,10876,777,0.210,13,500,0,71.881,188.573
100000,58,Grid,1887.545,322265088,62491372,654,30,41,38,11851,10877,777,0.183,13,500,0,45.900,143.887
100000,58,Grid,1887.812,321536000,59966464,654,32,41,38,11854,10879,778,0.279,13,500,0,64.560,198.788
100000,58,Grid,1888.028,321863680,60677808,654,34,41,38,11856,10881,778,0.261,13,500,0,71.628,140.695
100000,58,Grid,1888.269,322117632,60431356,654,36,41,38,11858,10883,779,0.267,13,500,0,43.557,193.323
100000,58,Grid,1888.477,322117632,61891712,654,38,41,38,11860,10884,779,0.263,13,500,0,66.625,138.021
100000,58,Grid,1888.757,321613824,60222768,654,40,41,38,11863,10886,780,0.281,13,500,0,79.170,196.539
100000,58,Grid,1888.975,321859584,60294212,654,42,41,38,11865,10888,780,0.691,13,500,0,66.054,148.056
100000,58,Grid,1889.163,322252800,62745828,654,44,41,38,11866,10889,780,0.240,13,500,0,42.889,139.497
100000,58,before_idle,1891.673,340226048,59954100,692,30,43,38,11881,10903,781,0.243,17,500,0,0.000,0.000
100000,58,after_idle,1911.684,318959616,61127548,683,26,41,36,11979,11000,781,0.061,3,500,0,0.000,0.000
100000,59,Rows,1914.771,323608576,109634048,660,27,41,38,12010,11028,784,0.564,1042,500,0,151.008,346.558
100000,59,Rows,1917.230,319336448,59941664,655,28,41,37,12028,11042,786,0.250,21,500,0,2196.087,258.838
100000,59,Rows,1917.475,319414272,60317600,656,29,41,38,12030,11044,786,1.274,15,500,0,74.856,165.563
100000,59,Rows,1917.673,319414272,62660852,657,30,41,38,12031,11045,786,0.242,15,500,0,39.595,151.063
100000,59,Rows,1917.959,319401984,60175892,656,32,41,38,12034,11048,787,0.233,15,500,0,74.066,206.724
100000,59,Rows,1918.158,319401984,62442808,656,34,41,38,12035,11049,787,0.250,15,500,0,44.336,151.867
100000,59,Rows,1918.439,319401984,59996400,656,36,41,38,12038,11051,788,0.327,15,500,0,72.260,205.304
100000,59,Rows,1918.674,319401984,60302936,656,38,41,38,12040,11053,788,0.237,15,500,0,74.655,155.224
100000,59,Rows,1918.877,319401984,62599440,656,40,41,38,12041,11054,788,0.258,15,500,0,46.851,152.385
100000,59,Rows,1919.170,319401984,60105052,656,42,41,38,12044,11056,789,0.263,15,500,0,73.038,217.072
100000,59,Grid,1919.541,319401984,60177052,656,46,41,38,12048,11058,789,0.256,13,500,0,187.911,165.468
100000,59,Grid,1919.739,319401984,62522844,656,28,41,38,12049,11059,789,0.256,13,500,0,40.609,154.072
100000,59,Grid,1920.022,319401984,59836528,656,30,41,38,12052,11061,790,0.256,13,500,0,75.864,203.653
100000,59,Grid,1920.255,319401984,60162948,656,32,41,38,12054,11063,790,0.253,13,500,0,71.516,152.346
100000,59,Grid,1920.448,319401984,62641968,656,34,41,38,12055,11064,790,0.255,13,500,0,43.172,146.194
100000,59,Grid,1920.730,319401984,60061328,656,36,41,38,12058,11066,791,0.253,13,500,0,66.480,211.991
100000,59,Grid,1920.957,319401984,60465072,656,38,41,38,12060,11068,791,0.266,13,500,0,70.805,147.268
100000,59,Grid,1921.152,319401984,62894992,656,40,41,38,12061,11069,791,0.252,13,500,0,48.671,142.557
100000,59,Grid,1921.437,319401984,60085368,656,42,41,38,12064,11071,792,0.246,13,500,0,70.498,211.721
100000,59,Grid,1921.669,319401984,60800744,656,44,41,38,12066,11073,792,0.252,13,500,0,68.301,157.916
100000,59,before_idle,1924.218,337362944,58910752,692,30,43,38,12081,11085,793,0.319,16,500,0,0.000,0.000
100000,59,after_idle,1944.253,315199488,61055812,682,26,41,37,12179,11181,793,0.047,3,500,0,0.000,0.000
100000,60,Rows,1947.196,319942656,111841788,661,27,42,38,12210,11209,796,0.297,1042,500,0,108.578,283.529
100000,60,Rows,1949.741,318365696,59936948,656,27,42,37,12229,11222,799,0.216,21,500,0,2268.358,269.888
100000,60,Rows,1949.979,318443520,60176336,657,28,42,38,12231,11224,799,0.337,15,500,0,77.852,156.872
100000,60,Rows,1950.178,318820352,62547052,657,30,42,38,12232,11225,799,0.240,15,500,0,36.306,154.188
100000,60,Rows,1950.461,318443520,60053876,657,32,42,38,12235,11228,800,0.267,15,500,0,73.798,205.227
100000,60,Rows,1950.647,318443520,62342988,657,34,42,38,12236,11229,800,0.231,15,500,0,43.485,139.200
100000,60,Rows,1950.938,318443520,59718020,657,36,42,38,12239,11231,801,0.264,15,500,0,75.067,212.400
100000,60,Rows,1951.179,318443520,60077976,657,38,42,38,12241,11233,801,0.412,15,500,0,80.854,155.686
100000,60,Rows,1951.431,318533632,62423312,657,40,42,38,12242,11234,801,0.315,15,500,0,85.956,156.201
100000,60,Rows,1951.724,318431232,60013832,657,42,42,38,12245,11236,802,0.252,15,500,0,74.632,212.883
100000,60,Grid,1952.071,318431232,62702324,657,46,42,38,12248,11238,802,0.401,13,500,0,179.255,143.650
100000,60,Grid,1952.303,318431232,62684712,657,28,42,38,12250,11239,802,0.269,13,500,0,83.783,138.938
100000,60,Grid,1952.589,318431232,59925640,657,30,42,38,12253,11242,803,0.252,13,500,0,74.023,208.277
100000,60,Grid,1952.803,318431232,61869056,657,32,42,38,12255,11243,803,0.325,13,500,0,67.555,143.372
100000,60,Grid,1953.143,318431232,59566552,657,34,42,38,12258,11245,804,0.253,13,500,0,83.122,248.846
100000,60,Grid,1953.382,318431232,60061096,657,36,42,38,12260,11247,804,0.243,13,500,0,78.753,156.286
100000,60,Grid,1953.595,319004672,62553472,657,38,42,38,12261,11248,804,0.245,13,500,0,48.705,159.870
100000,60,Grid,1953.881,319004672,60127632,657,40,42,38,12264,11250,805,0.260,13,500,0,74.614,208.165
100000,60,Grid,1954.127,319004672,60408036,657,42,42,38,12266,11252,805,0.562,13,500,0,76.053,166.596
100000,60,Grid,1954.354,319004672,62852404,657,44,42,38,12267,11253,805,0.605,13,500,0,54.485,165.139
100000,60,before_idle,1956.897,336912384,60165596,699,30,45,39,12282,11267,806,0.271,15,500,0,0.000,0.000
100000,60,after_idle,1976.911,315641856,61239872,687,26,42,37,12380,11364,806,0.529,3,500,0,0.000,0.000
100000,61,Rows,1979.937,320266240,111097516,664,27,42,39,12411,11392,809,0.509,1042,500,0,114.455,276.101
100000,61,Rows,1982.347,319844352,60312684,659,28,42,38,12427,11406,810,0.305,21,500,0,2151.924,253.572
100000,61,Rows,1982.589,319922176,60908728,660,29,42,39,12429,11408,810,0.315,15,500,0,77.371,161.141
100000,61,Rows,1982.775,319930368,63115508,661,30,42,39,12430,11409,810,0.241,15,500,0,44.123,138.270
100000,61,Rows,1983.083,319922176,59945756,660,32,42,39,12433,11411,811,0.489,15,500,0,73.766,230.113
100000,61,Rows,1983.306,319922176,60339048,660,34,42,39,12435,11413,811,0.269,15,500,0,70.901,147.195
100000,61,Rows,1983.501,319930368,62622892,660,36,42,39,12436,11414,811,0.256,15,500,0,40.301,148.736
100000,61,Rows,1983.796,319922176,59852488,660,38,42,39,12439,11416,812,0.252,15,500,0,77.962,213.958
100000,61,Rows,1984.028,319922176,60146308,660,40,42,39,12441,11418,812,0.236,15,500,0,71.549,156.341
100000,61,Rows,1984.214,319930368,62464800,660,42,42,39,12442,11419,812,0.240,15,500,0,36.178,146.820
100000,61,Grid,1984.764,236978176,62272972,660,46,42,39,12447,11422,814,0.259,13,500,0,235.535,298.068
100000,61,Grid,1984.956,236986368,62316396,660,28,42,39,12449,11423,814,0.267,13,500,0,68.130,120.438
100000,61,Grid,1985.206,237424640,60302524,660,30,42,39,12452,11425,815,0.249,13,500,0,68.971,177.521
100000,61,Grid,1985.402,237432832,61813688,660,32,42,39,12454,11426,815,0.233,13,500,0,61.492,131.156
100000,61,Grid,1985.649,237424640,60285132,660,34,42,39,12457,11428,816,0.306,13,500,0,61.373,181.969
100000,61,Grid,1985.882,237424640,60091996,660,36,42,39,12459,11430,816,0.252,13,500,0,73.462,154.996
100000,61,Grid,1986.054,237432832,62581504,660,38,42,39,12460,11431,816,0.325,13,500,0,35.844,132.939
100000,61,Grid,1986.299,237621248,60266252,660,40,42,39,12463,11433,817,0.254,13,500,0,59.582,181.099
100000,61,Grid,1986.514,237621248,60417932,660,42,42,39,12465,11435,817,0.400,13,500,0,71.585,139.572
100000,61,Grid,1986.706,237629440,62856380,660,44,42,39,12466,11436,817,0.244,13,500,0,51.675,134.808
100000,61,before_idle,1989.185,255590400,60076984,697,30,44,39,12481,11450,818,0.406,17,500,0,0.000,0.000
100000,61,after_idle,2009.191,234377216,61716384,687,26,42,36,12580,11548,818,0.069,1,500,0,0.000,0.000
100000,62,Rows,2011.995,294957056,118303340,664,27,42,38,12609,11576,819,0.256,1042,500,0,107.214,262.646
100000,62,Rows,2014.459,297799680,60544768,653,27,41,36,12626,11590,821,0.235,21,500,0,2246.652,213.828
100000,62,Rows,2014.685,298139648,60976208,654,28,41,37,12628,11592,821,0.327,15,500,0,71.312,151.472
100000,62,Rows,2014.875,298455040,63172880,655,30,41,37,12629,11593,821,0.472,15,500,0,37.246,144.196
100000,62,Rows,2015.150,297885696,60479816,654,32,41,37,12632,11595,822,0.299,15,500,0,74.018,195.151
100000,62,Rows,2015.360,298102784,60362400,654,34,41,37,12634,11597,822,0.249,15,500,0,63.932,141.852
100000,62,Rows,2015.551,298668032,62639444,654,36,41,37,12635,11598,822,0.248,15,500,0,49.498,138.323
100000,62,Rows,2015.809,297836544,60016696,654,38,41,37,12638,11600,823,0.248,15,500,0,68.123,185.329
100000,62,Rows,2016.047,298176512,60135800,654,40,41,37,12640,11602,823,0.241,15,500,0,77.410,154.784
100000,62,Rows,2016.227,298844160,62457640,654,42,41,37,12641,11603,823,0.342,15,500,0,41.316,135.585
100000,62,Grid,2016.757,237932544,62272504,655,46,41,37,12646,11606,825,0.258,13,500,0,220.649,272.525
100000,62,Grid,2016.949,237932544,62324156,654,28,41,37,12648,11607,825,0.243,13,500,0,63.843,121.873
100000,62,Grid,2017.201,237846528,60465228,654,30,41,37,12651,11609,826,0.264,13,500,0,66.103,181.056
100000,62,Grid,2017.411,238120960,60309172,654,32,41,37,12653,11611,826,1.035,13,500,0,63.484,141.502
100000,62,Grid,2017.593,238518272,62766816,654,34,42,37,12654,11612,826,0.252,14,500,0,44.043,131.390
100000,62,Grid,2017.847,237854720,60363440,654,36,41,37,12657,11614,827,0.189,14,500,0,59.174,191.604
100000,62,Grid,2018.059,238071808,60590024,654,38,41,37,12659,11616,827,0.252,13,500,0,60.547,147.959
100000,62,Grid,2018.279,229076992,60654208,654,40,41,37,12661,11618,828,0.268,13,500,0,35.676,180.380
100000,62,Grid,2018.468,237387776,61805968,654,42,41,37,12663,11619,828,0.295,13,500,0,59.998,125.739
100000,62,Grid,2018.714,236978176,60329328,654,44,41,37,12666,11621,829,0.254,13,500,0,66.958,173.575
100000,62,before_idle,2021.059,256028672,57029268,690,30,43,37,12681,11633,830,0.626,18,500,0,0.000,0.000
100000,62,after_idle,2041.066,234221568,62455264,681,26,41,35,12781,11732,830,0.086,1,500,0,0.000,0.000
100000,63,Rows,2043.999,295284736,118527652,658,27,41,37,12810,11760,831,0.345,1042,500,0,117.607,269.814
100000,63,Rows,2046.416,298663936,60476788,653,28,41,36,12826,11776,832,0.308,21,500,0,2159.026,252.343
100000,63,Rows,2046.632,300183552,60814904,654,29,41,37,12828,11778,832,0.372,15,500,0,64.787,147.485
100000,63,Rows,2046.820,300691456,63043168,655,30,41,37,12829,11779,832,0.266,15,500,0,34.479,148.806
100000,63,Rows,2047.079,299982848,60462876,654,32,41,37,12832,11782,833,0.243,15,500,0,60.548,194.670
100000,63,Rows,2047.308,300322816,60217916,654,34,41,37,12834,11784,833,0.227,15,500,0,79.765,145.655
100000,63,Rows,2047.489,301010944,62533436,654,36,41,37,12835,11785,833,0.309,15,500,0,42.982,134.837
100000,63,Rows,2047.769,300183552,60275372,654,38,41,37,12838,11788,834,0.337,15,500,0,72.085,202.751
100000,63,Rows,2047.997,300503040,60098144,654,40,41,37,12840,11790,834,0.464,15,500,0,72.501,151.959
100000,63,Rows,2048.185,301309952,62447488,654,42,41,37,12841,11791,834,0.263,15,500,0,39.557,141.259
100000,63,Grid,2048.599,300625920,60187064,654,46,41,37,12846,11796,835,0.512,13,500,0,193.930,190.736
100000,63,Grid,2048.808,301256704,62792396,654,28,41,37,12847,11797,835,0.732,13,500,0,37.293,164.308
100000,63,Grid,2049.077,300900352,60311656,654,30,41,37,12850,11800,836,0.278,13,500,0,80.110,182.757
100000,63,Grid,2049.306,301154304,60863132,654,32,41,37,12852,11802,836,0.279,13,500,0,73.382,150.405
100000,63,Grid,2049.578,301445120,59369868,654,34,41,37,12855,11805,837,0.270,13,500,0,64.636,203.770
100000,63,Grid,2049.772,302170112,62058104,654,36,41,37,12856,11806,837,0.259,13,500,0,44.072,146.547
100000,63,Grid,2050.034,301113344,60209144,654,38,41,37,12859,11809,838,0.243,13,500,0,66.075,193.007
100000,63,Grid,2050.226,301731840,62672324,654,40,41,37,12860,11810,838,2.225,13,500,0,44.271,141.000
100000,63,Grid,2050.500,301191168,60238416,654,42,42,37,12863,11813,839,0.359,14,500,0,74.620,193.962
100000,63,Grid,2050.719,301387776,60974640,654,44,41,37,12865,11815,839,0.349,14,500,0,68.781,144.572
100000,63,before_idle,2052.906,321052672,61977776,690,30,43,37,12879,11829,840,0.160,15,500,0,0.000,0.000
100000,63,after_idle,2072.911,299810816,65076672,682,26,42,36,12979,11929,840,0.066,1,500,0,0.000,0.000
100000,64,Rows,2075.833,315191296,118155732,659,27,42,37,13009,11957,842,0.542,1042,500,0,75.894,302.139
100000,64,Rows,2078.224,317558784,60253612,654,28,42,36,13025,11973,843,0.335,21,500,0,2134.074,252.628
100000,64,Rows,2078.438,322957312,62364628,655,29,42,37,13027,11973,843,0.312,15,500,0,57.022,152.354
100000,64,Rows,2078.702,320286720,59700664,656,30,42,37,13030,11975,844,0.322,15,500,0,76.666,184.117
100000,64,Rows,2078.901,321069056,61712588,655,32,42,37,13031,11976,844,0.235,15,500,0,43.043,152.048
100000,64,Rows,2079.146,320151552,60457640,655,34,42,37,13034,11978,845,0.247,15,500,0,57.743,182.814
100000,64,Rows,2079.328,320483328,62480968,655,36,42,37,13035,11979,845,0.230,15,500,0,39.816,138.197
100000,64,Rows,2079.606,319959040,59917700,655,38,42,37,13038,11981,846,0.277,15,500,0,75.010,199.973
100000,64,Rows,2079.827,320159744,60647784,655,40,42,37,13040,11983,846,0.239,15,500,0,64.846,152.215
100000,64,Rows,2080.018,320512000,62863264,655,42,42,37,13041,11984,846,0.248,15,500,0,41.268,146.774
100000,64,Grid,2080.586,243535872,62262112,655,46,42,37,13046,11987,848,0.936,13,500,0,251.482,287.248
100000,64,Grid,2080.786,243523584,62308612,655,28,42,37,13048,11988,848,0.471,13,500,0,60.482,131.293
100000,64,Grid,2081.036,243515392,60453900,655,30,42,37,13051,11990,849,0.269,13,500,0,66.853,179.379
100000,64,Grid,2081.250,243802112,60309936,655,32,42,37,13053,11992,849,0.310,13,500,0,71.941,138.391
100000,64,Grid,2081.457,244199424,62765568,655,34,42,37,13054,11993,849,0.327,13,500,0,65.408,136.994
100000,64,Grid,2081.721,243441664,60456968,655,36,42,37,13057,11995,850,0.261,13,500,0,71.970,186.257
100000,64,Grid,2081.933,243761152,60566396,655,38,42,37,13059,11997,850,0.247,13,500,0,66.370,142.158
100000,64,Grid,2082.162,244023296,60905300,655,40,42,37,13061,11999,851,0.260,13,500,0,49.550,176.003
100000,64,Grid,2082.360,244023296,61764396,655,42,42,37,13063,12000,851,0.254,13,500,0,55.492,138.720
100000,64,Grid,2082.617,243650560,60250152,655,44,42,37,13066,12002,852,0.252,13,500,0,76.670,176.860
100000,64,before_idle,2084.723,256757760,56965616,691,30,44,37,13081,12013,853,0.248,17,500,0,0.000,0.000
100000,64,after_idle,2104.733,234987520,64272184,686,26,41,35,13178,12110,853,0.111,1,500,0,0.000,0.000
100000,65,Rows,2107.621,295411712,117309000,658,27,41,37,13208,12138,854,0.275,1042,500,0,116.363,267.871
100000,65,Rows,2110.056,297336832,60820152,652,27,41,36,13225,12151,856,0.226,21,500,0,2218.269,212.680
100000,65,Rows,2110.286,297594880,60386056,653,28,41,37,13227,12153,856,0.355,15,500,0,76.390,149.874
100000,65,Rows,2110.482,298340352,62714172,654,30,41,37,13228,12154,856,0.238,15,500,0,48.742,143.174
100000,65,Rows,2110.744,297443328,60254632,653,32,41,37,13231,12156,857,0.312,15,500,0,64.211,193.706
100000,65,Rows,2110.934,297857024,62197980,653,34,41,37,13232,12157,857,0.234,15,500,0,45.625,139.354
100000,65,Rows,2111.213,297246720,60087980,653,36,41,37,13235,12159,858,0.333,15,500,0,72.877,201.732
100000,65,Rows,2111.441,297467904,60318324,653,38,41,37,13237,12161,858,0.400,15,500,0,66.036,157.346
100000,65,Rows,2111.640,298020864,62604036,653,40,41,37,13238,12162,858,0.275,15,500,0,50.420,144.167
100000,65,Rows,2111.913,297185280,60422764,653,42,41,37,13241,12164,859,0.282,15,500,0,69.736,200.076
100000,65,Grid,2112.268,297267200,60206252,653,46,41,37,13245,12166,859,0.255,13,500,0,175.415,162.679
100000,65,Grid,2112.458,298229760,62553148,653,28,41,37,13246,12167,859,0.249,13,500,0,42.759,143.797
100000,65,Grid,2112.737,297373696,60280452,653,30,41,37,13249,12169,860,0.316,13,500,0,74.460,200.186
100000,65,Grid,2112.957,297549824,60127300,653,32,41,37,13251,12171,860,0.289,13,500,0,75.442,138.299
100000,65,Grid,2113.150,298332160,62620304,653,34,41,37,13252,12172,860,0.274,13,500,0,47.642,139.217
100000,65,Grid,2113.430,297488384,60255048,653,36,41,37,13255,12174,861,1.901,13,500,0,75.383,199.488
100000,65,Grid,2113.657,297791488,60406324,653,38,41,37,13257,12176,861,0.478,13,500,0,71.122,151.365
100000,65,Grid,2113.836,298127360,62842824,653,40,41,37,13258,12177,861,0.272,13,500,0,37.395,134.541
100000,65,Grid,2114.109,297521152,60306300,653,42,41,37,13261,12179,862,0.255,13,500,0,74.959,193.464
100000,65,Grid,2114.336,297734144,60708296,653,44,41,37,13263,12181,862,0.749,13,500,0,76.265,146.950
100000,65,before_idle,2116.844,317399040,58750112,690,30,43,37,13278,12193,863,0.258,17,500,0,0.000,0.000
100000,65,after_idle,2136.860,294944768,64275864,684,28,40,35,13376,12289,863,0.045,3,500,0,0.000,0.000
100000,66,Rows,2139.700,308277248,113137940,658,27,41,37,13406,12317,865,0.280,1042,500,0,74.591,297.674
100000,66,Rows,2142.190,311566336,60311576,653,27,41,36,13424,12330,868,0.231,21,500,0,2246.375,239.666
100000,66,Rows,2142.439,311971840,60802028,654,28,41,37,13426,12332,868,0.332,15,500,0,76.519,168.585
100000,66,Rows,2142.623,312389632,63027900,655,30,41,37,13427,12333,868,0.241,15,500,0,37.564,144.085
100000,66,Rows,2142.898,311586816,60133168,654,32,41,37,13430,12335,869,0.249,15,500,0,64.862,205.839
100000,66,Rows,2143.121,311922688,60155480,654,34,41,37,13432,12337,869,0.236,15,500,0,71.201,148.275
100000,66,Rows,2143.311,312602624,62476832,654,36,41,37,13433,12338,869,0.236,15,500,0,44.764,137.323
100000,66,Rows,2143.586,311746560,60095192,654,38,41,37,13436,12340,870,0.312,15,500,0,67.022,204.526
100000,66,Rows,2143.820,312004608,59891040,654,40,41,37,13438,12342,870,0.282,15,500,0,78.268,149.982
100000,66,Rows,2144.016,312803328,62266152,654,42,41,37,13439,12343,870,0.259,15,500,0,49.062,143.963
100000,66,Grid,2144.569,236793856,62265864,654,46,41,37,13444,12346,872,0.269,13,500,0,227.001,294.938
100000,66,Grid,2144.757,236793856,62330736,654,28,41,37,13446,12347,872,0.241,13,500,0,65.277,118.687
100000,66,Grid,2145.012,236761088,60455512,654,30,41,37,13449,12349,873,0.252,13,500,0,68.523,182.722
100000,66,Grid,2145.235,236949504,60927648,654,32,41,37,13451,12351,873,0.426,13,500,0,72.599,146.245
100000,66,Grid,2145.472,237256704,59435804,654,34,41,37,13454,12353,874,0.267,13,500,0,64.997,166.704
100000,66,Grid,2145.674,238137344,61523472,654,36,41,37,13455,12354,874,0.239,13,500,0,48.054,145.442
100000,66,Grid,2145.931,237150208,60315120,654,38,41,37,13458,12356,875,0.248,13,500,0,63.303,189.793
100000,66,Grid,2146.106,237592576,62470236,654,40,41,37,13459,12357,875,0.240,13,500,0,39.883,131.979
100000,66,Grid,2146.360,237162496,60247456,654,42,41,37,13462,12359,876,0.299,13,500,0,76.481,174.115
100000,66,Grid,2146.563,237228032,61614556,654,44,41,37,13464,12360,876,0.539,13,500,0,63.907,134.569
100000,66,before_idle,2149.038,257155072,60442932,690,30,43,37,13480,12372,878,0.294,15,500,0,0.000,0.000
100000,66,after_idle,2169.063,236249088,61523372,683,26,40,35,13578,12469,878,0.052,3,500,0,0.000,0.000
100000,67,Rows,2171.948,295829504,116514156,657,27,41,37,13607,12497,879,0.271,1042,500,0,87.442,293.194
100000,67,Rows,2174.402,297984000,60478468,653,27,41,37,13624,12510,881,0.270,21,500,0,2219.412,230.702
100000,67,Rows,2174.654,298348544,60367288,653,28,41,37,13626,12512,881,0.339,15,500,0,80.356,167.372
100000,67,Rows,2174.856,299122688,62723472,654,30,41,37,13627,12513,881,0.228,15,500,0,46.006,152.858
100000,67,Rows,2175.113,298205184,60304816,653,32,41,37,13630,12515,882,0.262,15,500,0,66.875,186.914
100000,67,Rows,2175.308,298590208,62243620,653,34,41,37,13631,12516,882,0.271,15,500,0,47.793,143.981
100000,67,Rows,2175.578,298053632,60248584,653,36,41,37,13634,12518,883,0.256,15,500,0,65.306,200.313
100000,67,Rows,2175.795,298229760,60364452,653,38,41,37,13636,12520,883,0.554,15,500,0,66.838,146.010
100000,67,Rows,2175.986,298762240,62647348,653,40,41,37,13637,12521,883,0.255,15,500,0,36.185,147.534
100000,67,Rows,2176.248,297938944,60376128,653,42,41,37,13640,12523,884,0.245,15,500,0,65.120,193.259
100000,67,Grid,2176.611,298033152,60261932,653,46,41,37,13644,12525,884,0.266,13,500,0,188.916,146.771
100000,67,Grid,2176.868,298958848,60598864,653,28,41,37,13646,12527,885,0.385,13,500,0,43.150,210.293
100000,67,Grid,2177.145,297992192,60452724,653,30,41,37,13649,12529,886,0.260,13,500,0,72.287,200.196
100000,67,Grid,2177.366,298262528,60314020,653,32,41,37,13651,12531,886,0.239,13,500,0,73.835,143.491
100000,67,Grid,2177.575,298639360,62761100,653,34,41,37,13652,12532,886,0.607,13,500,0,43.122,161.889
100000,67,Grid,2177.860,297926656,60402440,653,36,41,37,13655,12534,887,0.254,13,500,0,75.901,201.670
100000,67,Grid,2178.092,298225664,60645552,653,38,41,37,13657,12536,887,0.254,13,500,0,69.309,159.150
100000,67,Grid,2178.335,298504192,60448760,653,40,41,37,13659,12538,888,0.336,13,500,0,47.231,191.694
100000,67,Grid,2178.553,298504192,61881736,653,42,41,37,13661,12539,888,0.273,13,500,0,72.203,142.288
100000,67,Grid,2178.823,298024960,60030640,653,44,41,37,13664,12541,889,0.275,13,500,0,64.257,202.262
100000,67,before_idle,2181.345,314499072,57032416,689,30,43,37,13679,12553,890,0.306,18,500,0,0.000,0.000
100000,67,after_idle,2201.382,292900864,59265640,680,26,41,35,13779,12651,890,0.047,3,500,0,0.000,0.000
100000,68,Rows,2204.306,310063104,116639864,657,27,41,37,13809,12679,892,0.274,1042,500,0,75.979,319.309
100000,68,Rows,2206.807,312979456,60532132,652,27,41,36,13826,12692,894,0.243,21,500,0,2259.147,238.208
100000,68,Rows,2207.030,313196544,60768308,653,28,41,37,13828,12694,894,0.310,15,500,0,73.689,145.226
100000,68,Rows,2207.214,313688064,63032680,654,30,41,37,13829,12695,894,0.228,15,500,0,44.230,136.907
100000,68,Rows,2207.496,312877056,60284700,653,32,41,37,13832,12697,895,0.255,15,500,0,69.244,208.337
100000,68,Rows,2207.719,313217024,60138512,653,34,41,37,13834,12699,895,0.416,15,500,0,66.110,153.726
100000,68,Rows,2207.914,313892864,62464528,653,36,41,37,13835,12700,895,0.252,15,500,0,42.645,149.020
100000,68,Rows,2208.198,313032704,60051752,653,38,41,37,13838,12702,896,0.257,15,500,0,71.074,208.771
100000,68,Rows,2208.446,313294848,59891012,653,40,41,37,13840,12704,896,0.497,15,500,0,81.623,162.816
100000,68,Rows,2208.653,314089472,62256624,653,42,41,37,13841,12705,896,0.345,15,500,0,54.452,146.774
100000,68,Grid,2209.186,235847680,62253724,653,46,41,37,13846,12708,898,0.251,13,500,0,229.510,269.624
100000,68,Grid,2209.389,235847680,62313780,653,28,41,37,13848,12709,898,0.273,13,500,0,65.722,133.164
100000,68,Grid,2209.629,236011520,60337516,653,30,41,37,13851,12711,899,0.257,13,500,0,66.726,170.160
100000,68,Grid,2209.839,236392448,60933668,653,32,41,37,13853,12713,899,0.236,13,500,0,66.492,139.556
100000,68,Grid,2210.061,236777472,59416800,653,34,41,37,13856,12715,900,0.250,13,500,0,63.419,154.596
100000,68,Grid,2210.246,237502464,61518452,653,36,41,37,13857,12716,900,0.255,13,500,0,42.794,139.593
100000,68,Grid,2210.487,236515328,60276188,653,38,41,37,13860,12719,901,0.254,13,500,0,66.398,169.654
100000,68,Grid,2210.657,236957696,62754036,653,40,41,37,13861,12720,901,0.259,13,500,0,40.088,126.472
100000,68,Grid,2210.899,236679168,60387904,653,42,41,37,13864,12722,902,0.258,13,500,0,64.208,172.243
100000,68,Grid,2211.094,236851200,61543684,653,44,41,37,13866,12723,902,0.617,13,500,0,59.979,130.739
100000,68,before_idle,2213.188,257105920,61019800,691,30,44,37,13880,12734,903,0.341,15,500,0,0.000,0.000
100000,68,after_idle,2233.202,236294144,62100928,685,26,40,35,13978,12831,903,0.043,3,500,0,0.000,0.000
100000,69,Rows,2236.093,297058304,117084900,659,27,41,37,14007,12859,904,0.262,1042,500,0,84.405,292.564
100000,69,Rows,2238.483,300154880,60678896,653,28,41,36,14023,12875,905,0.306,21,500,0,2180.132,204.835
100000,69,Rows,2238.732,303529984,60076444,654,29,41,37,14025,12877,905,0.439,15,500,0,76.711,168.891
100000,69,Rows,2238.923,304533504,62500792,655,30,41,37,14026,12878,905,0.238,15,500,0,46.094,139.333
100000,69,Rows,2239.188,303493120,60032424,654,32,41,37,14029,12880,906,0.263,15,500,0,62.406,198.704
100000,69,Rows,2239.378,304054272,61973144,654,34,41,37,14030,12881,906,0.245,15,500,0,41.558,143.295
100000,69,Rows,2239.639,303214592,60429368,654,36,41,37,14033,12883,907,0.232,15,500,0,63.339,193.610
100000,69,Rows,2239.856,303923200,59962036,654,38,41,37,14035,12885,907,0.277,15,500,0,62.866,151.437
100000,69,Rows,2240.037,304672768,62319268,654,40,41,37,14036,12886,907,0.580,15,500,0,42.265,134.110
100000,69,Rows,2240.320,303783936,60041456,654,42,41,37,14039,12888,908,0.253,15,500,0,65.935,208.280
100000,69,Grid,2240.642,303652864,62660480,654,46,41,37,14042,12890,908,0.259,13,500,0,175.950,124.740
100000,69,Grid,2240.915,303624192,60351848,654,28,41,37,14045,12892,909,0.269,13,500,0,71.947,196.854
100000,69,Grid,2241.132,303820800,60650980,654,30,41,37,14047,12894,909,0.757,13,500,0,70.845,142.424
100000,69,Grid,2241.380,304128000,60443444,654,32,41,37,14049,12896,910,0.469,13,500,0,43.984,193.518
100000,69,Grid,2241.587,304128000,61930096,654,34,41,37,14051,12897,910,0.264,13,500,0,64.972,137.074
100000,69,Grid,2241.851,303599616,60056584,654,36,41,37,14054,12899,911,0.264,13,500,0,67.556,193.215
100000,69,Grid,2242.072,304144384,60366428,654,38,41,37,14056,12901,911,0.251,13,500,0,70.329,146.508
100000,69,Grid,2242.256,304791552,62803368,654,40,41,37,14057,12902,911,0.256,13,500,0,35.584,144.554
100000,69,Grid,2242.513,304185344,60443636,654,42,41,37,14060,12904,912,0.313,13,500,0,66.623,186.576
100000,69,Grid,2242.724,304410624,60693192,654,44,41,37,14062,12906,912,0.248,13,500,0,67.658,140.138
100000,69,before_idle,2245.103,324120576,58831596,692,30,44,37,14077,12918,913,0.205,15,500,0,0.000,0.000
100000,69,after_idle,2265.135,301744128,62356124,680,26,41,35,14178,13017,913,0.051,3,500,0,0.000,0.000
100000,70,Rows,2268.059,310497280,113201416,657,27,41,37,14208,13045,915,0.287,1042,500,0,69.230,303.951
100000,70,Rows,2270.560,307736576,60468856,652,27,41,36,14226,13058,918,0.295,21,500,0,2254.772,242.301
100000,70,Rows,2270.789,308690944,60774292,653,28,41,37,14228,13060,918,0.375,15,500,0,72.411,152.029
100000,70,Rows,2270.986,308690944,63014276,654,30,41,37,14229,13061,918,0.255,15,500,0,38.131,151.041
100000,70,Rows,2271.256,308736000,59933556,653,32,41,37,14232,13063,919,0.417,15,500,0,70.573,195.671
100000,70,Rows,2271.488,308744192,60162664,653,34,41,37,14234,13065,919,0.236,15,500,0,65.831,160.116
100000,70,Rows,2271.677,309276672,62481740,653,36,41,37,14235,13066,919,0.231,15,500,0,38.488,146.988
100000,70,Rows,2271.974,309161984,60297824,653,38,41,37,14238,13068,920,0.379,15,500,0,66.958,226.679
100000,70,Rows,2272.202,309207040,59871892,653,40,41,37,14240,13070,920,0.309,15,500,0,69.746,154.211
100000,70,Rows,2272.390,309551104,62243092,653,42,41,37,14241,13071,920,0.252,15,500,0,35.271,149.281
100000,70,Grid,2272.938,234139648,62264064,653,46,41,37,14246,13074,922,0.248,13,500,0,232.493,285.525
100000,70,Grid,2273.128,234147840,62329084,653,28,41,37,14248,13075,922,0.554,13,500,0,63.485,122.977
100000,70,Grid,2273.365,234463232,60459652,653,30,41,37,14251,13077,923,0.252,13,500,0,58.212,172.053
100000,70,Grid,2273.577,234659840,60923216,653,32,41,37,14253,13079,923,0.349,13,500,0,64.746,143.489
100000,70,Grid,2273.807,234713088,59419640,653,34,41,37,14256,13081,924,0.265,13,500,0,61.768,163.155
100000,70,Grid,2273.988,235098112,61518756,653,36,41,37,14257,13082,924,0.250,13,500,0,42.916,134.510
100000,70,Grid,2274.225,235204608,60291828,653,38,41,37,14260,13084,925,0.263,13,500,0,63.596,168.801
100000,70,Grid,2274.391,235704320,62434816,653,40,41,37,14261,13085,925,0.280,13,500,0,40.323,122.375
100000,70,Grid,2274.623,235704320,60333520,653,42,41,37,14264,13087,926,0.284,13,500,0,62.992,164.990
100000,70,Grid,2274.814,235704320,61560636,653,44,41,37,14266,13088,926,0.239,13,500,0,64.503,123.292
100000,70,before_idle,2276.909,255270912,61087300,691,30,44,37,14280,13099,927,0.591,15,500,0,0.000,0.000
100000,70,after_idle,2296.937,234463232,64068560,680,26,41,35,14382,13200,927,0.046,3,500,0,0.000,0.000
100000,71,Rows,2299.855,295456768,118942444,657,27,41,37,14411,13228,928,0.265,1042,500,0,120.912,264.031
100000,71,Rows,2302.425,302469120,60461328,652,28,41,36,14427,13244,929,0.406,21,500,0,2324.510,242.391
100000,71,Rows,2302.655,300023808,60572012,653,29,41,37,14429,13246,929,0.446,15,500,0,66.418,158.954
100000,71,Rows,2302.855,303968256,62857064,653,30,41,37,14430,13247,929,0.275,15,500,0,47.319,147.877
100000,71,Rows,2303.134,303411200,60240120,653,32,41,37,14433,13249,930,0.293,15,500,0,68.875,204.206
100000,71,Rows,2303.357,303689728,59839952,653,34,41,37,14435,13251,930,0.245,15,500,0,71.866,146.321
100000,71,Rows,2303.553,304467968,62211640,653,36,41,37,14436,13252,930,0.230,15,500,0,44.218,146.959
100000,71,Rows,2303.818,303484928,60342404,653,38,41,37,14439,13254,931,0.437,15,500,0,72.491,188.922
100000,71,Rows,2304.010,303837184,62329060,653,40,41,37,14440,13255,931,0.254,15,500,0,41.947,144.146
100000,71,Rows,2304.286,303304704,60372160,653,42,41,37,14443,13257,932,1.057,15,500,0,71.234,200.449
100000,71,Grid,2304.643,303607808,60505872,653,46,41,37,14447,13259,932,0.264,13,500,0,183.345,138.353
100000,71,Grid,2304.897,304398336,60591512,653,28,41,37,14449,13261,933,0.271,13,500,0,51.136,198.022
100000,71,Grid,2305.107,304685056,61586180,653,30,41,37,14451,13262,933,0.244,13,500,0,68.038,138.332
100000,71,Grid,2305.359,304209920,60340436,653,32,41,37,14454,13265,934,0.261,13,500,0,70.229,177.608
100000,71,Grid,2305.546,304525312,62849464,653,34,41,37,14455,13266,934,0.243,13,500,0,52.166,130.535
100000,71,Grid,2305.795,303923200,59945476,653,36,41,37,14458,13268,935,0.536,13,500,0,69.486,175.494
100000,71,Grid,2306.014,303923200,61716920,653,38,41,37,14460,13269,935,0.253,13,500,0,73.876,139.731
100000,71,Grid,2306.275,304271360,59987868,653,40,41,37,14463,13271,936,0.497,13,500,0,70.323,186.590
100000,71,Grid,2306.464,304869376,62084596,653,42,41,37,14464,13272,936,0.320,13,500,0,50.064,134.949
100000,71,Grid,2306.722,304074752,60440224,653,44,41,37,14467,13274,937,0.260,13,500,0,65.994,187.511
100000,71,before_idle,2309.220,321282048,57025972,689,30,43,37,14482,13288,938,0.387,17,500,0,0.000,0.000
100000,71,after_idle,2329.251,299982848,59170092,679,26,41,36,14581,13386,938,0.063,3,500,0,0.000,0.000
100000,72,Rows,2332.160,312180736,120692964,656,27,41,37,14610,13413,940,0.284,1042,500,0,102.043,279.418
100000,72,Rows,2334.647,311775232,60131368,651,27,41,36,14629,13428,943,0.311,21,500,0,2259.412,223.364
100000,72,Rows,2334.845,312434688,62758428,652,28,41,37,14630,13429,943,0.398,15,500,0,39.293,154.157
100000,72,Rows,2335.116,311791616,59925864,653,30,41,37,14633,13431,944,0.250,15,500,0,61.606,205.057
100000,72,Rows,2335.339,312037376,60400088,652,32,41,37,14635,13433,944,0.242,15,500,0,67.483,152.386
100000,72,Rows,2335.523,312553472,62674624,652,34,41,37,14636,13434,944,0.264,15,500,0,38.073,142.397
100000,72,Rows,2335.816,311721984,59850460,652,36,41,37,14639,13436,945,0.358,15,500,0,74.626,213.915
100000,72,Rows,2336.025,312078336,60188992,652,38,41,37,14641,13438,945,0.249,15,500,0,64.337,138.756
100000,72,Rows,2336.215,312709120,62510424,652,40,41,37,14642,13439,945,0.296,15,500,0,43.694,142.089
100000,72,Rows,2336.482,311848960,60096112,652,42,41,37,14645,13441,946,0.258,15,500,0,70.207,191.717
100000,72,Grid,2336.838,311808000,60062736,652,46,41,37,14649,13443,946,0.372,13,500,0,166.164,155.423
100000,72,Grid,2337.089,312901632,60376944,652,28,41,37,14651,13445,947,1.016,13,500,0,45.372,200.299
100000,72,Grid,2337.364,311943168,59701756,652,30,41,37,14654,13448,948,0.257,13,500,0,67.509,201.045
100000,72,Grid,2337.544,312201216,63251352,652,32,41,37,14655,13449,948,0.274,13,500,0,72.526,103.424
100000,72,Grid,2337.784,311885824,59864440,652,34,41,37,14658,13451,949,0.252,13,500,0,61.259,175.367
100000,72,Grid,2337.983,312020992,61473960,652,36,41,37,14660,13452,949,0.312,13,500,0,65.191,129.930
100000,72,Grid,2338.237,312295424,60185160,652,38,41,37,14663,13455,950,0.246,13,500,0,65.491,181.319
100000,72,Grid,2338.418,312737792,62615484,652,40,41,37,14664,13456,950,0.374,13,500,0,48.252,129.780
100000,72,Grid,2338.673,312217600,60028208,652,42,41,37,14667,13458,951,0.258,13,500,0,63.292,187.735
100000,72,Grid,2338.887,312418304,60893760,652,44,41,37,14669,13460,951,0.240,13,500,0,66.136,143.616
100000,72,before_idle,2341.426,332009472,58992892,691,30,44,37,14684,13472,952,0.420,17,500,0,0.000,0.000
100000,72,after_idle,2361.459,309886976,59173708,680,28,41,35,14785,13571,952,0.062,1,500,0,0.000,0.000
100000,73,Rows,2364.505,313212928,106387824,657,27,41,37,14816,13599,955,0.278,1042,500,0,78.789,302.609
100000,73,Rows,2364.637,316366848,111668296,657,28,41,37,14816,13599,955,0.297,858,500,0,12.761,116.022
100000,73,Rows,2367.222,312791040,59898968,652,27,41,36,14835,13613,958,0.242,21,500,0,2349.923,229.465
100000,73,Rows,2367.431,312868864,62642116,653,28,41,37,14836,13614,958,0.615,15,500,0,51.756,148.689
100000,73,Rows,2367.730,312868864,60186984,653,30,41,37,14839,13616,959,0.256,15,500,0,69.737,219.967
100000,73,Rows,2367.960,312868864,60365904,653,32,41,37,14841,13618,959,0.253,15,500,0,79.542,146.696
100000,73,Rows,2368.159,312868864,62748624,653,34,41,37,14842,13619,959,0.572,15,500,0,47.095,147.390
100000,73,Rows,2368.445,312868864,60100816,653,36,41,37,14845,13621,960,0.289,15,500,0,67.692,213.138
100000,73,Rows,2368.680,312868864,60393604,653,38,41,37,14847,13623,960,0.247,15,500,0,77.477,153.324
100000,73,Rows,2368.872,312868864,62774728,653,40,41,37,14848,13624,960,0.251,15,500,0,38.459,150.613
100000,73,Grid,2369.442,236945408,62282468,653,44,41,37,14853,13627,962,0.260,13,500,0,238.327,301.541
100000,73,Grid,2369.636,236945408,62460128,653,46,41,37,14855,13628,962,0.248,13,500,0,64.326,125.709
100000,73,Grid,2369.896,237285376,60469000,653,28,41,37,14858,13630,963,0.252,13,500,0,72.197,184.682
100000,73,Grid,2370.110,237547520,60643368,653,30,41,37,14860,13632,963,0.251,13,500,0,65.361,144.637
100000,73,Grid,2370.327,237547520,60709804,653,32,41,37,14862,13634,964,0.269,13,500,0,46.041,167.917
100000,73,Grid,2370.536,237547520,61984304,653,34,41,37,14864,13635,964,0.252,13,500,0,71.092,129.480
100000,73,Grid,2370.802,237690880,60376872,653,36,41,37,14867,13637,965,0.289,13,500,0,72.665,189.374
100000,73,Grid,2371.016,237678592,60567248,653,38,41,37,14869,13639,965,0.710,13,500,0,67.987,142.059
100000,73,Grid,2371.248,238252032,60612280,653,40,41,37,14871,13641,966,0.522,13,500,0,54.246,173.035
100000,73,Grid,2371.450,237674496,61983656,653,42,41,37,14873,13642,966,0.662,13,500,0,58.895,136.393
100000,73,before_idle,2374.079,255762432,61243476,689,30,43,37,14890,13653,968,0.145,16,500,0,0.000,0.000
100000,73,after_idle,2394.085,235479040,62037144,679,26,41,35,14992,13754,968,0.094,1,500,0,0.000,0.000
100000,74,Rows,2396.980,296087552,118586384,656,27,41,37,15021,13782,969,0.265,1042,500,0,108.905,285.365
100000,74,Rows,2399.346,301674496,60329988,651,28,41,36,15037,13798,970,0.311,21,500,0,2144.415,217.900
100000,74,Rows,2399.557,301752320,61781884,652,29,41,37,15039,13800,970,0.443,15,500,0,65.973,140.681
100000,74,Rows,2399.814,302342144,59779768,653,30,41,37,15042,13803,971,0.582,15,500,0,65.481,187.550
100000,74,Rows,2399.988,303099904,62191044,652,32,41,37,15043,13804,971,0.264,15,500,0,38.416,128.360
100000,74,Rows,2400.577,302194688,60066320,652,34,41,37,15046,13807,972,0.229,15,500,0,68.924,199.649
100000,74,Rows,2400.789,302415872,60042560,652,36,41,37,15048,13809,972,0.217,15,500,0,62.123,146.358
100000,74,Rows,2400.964,303415296,62401296,652,38,41,37,15049,13810,972,0.545,15,500,0,39.040,132.162
100000,74,Rows,2401.222,302563328,60157248,652,40,41,37,15052,13813,973,0.215,15,500,0,71.022,182.061
100000,74,Rows,2401.399,303042560,62438152,652,42,41,37,15053,13814,973,0.279,15,500,0,43.336,130.265
100000,74,Grid,2401.781,302850048,60508544,652,46,41,37,15058,13819,974,0.217,13,500,0,183.134,162.748
100000,74,Grid,2401.984,303607808,63423012,652,28,41,37,15059,13820,974,0.196,13,500,0,86.497,112.782
100000,74,Grid,2402.242,302931968,60285988,652,30,41,37,15062,13823,975,0.216,13,500,0,66.601,187.943
100000,74,Grid,2402.450,303185920,62015328,652,32,41,37,15064,13825,975,0.233,13,500,0,74.129,130.079
100000,74,Grid,2402.713,303480832,60138292,652,34,41,37,15067,13828,976,0.222,13,500,0,76.037,183.247
100000,74,Grid,2402.903,303853568,62622776,652,36,41,37,15068,13829,976,0.240,13,500,0,42.237,142.167
100000,74,Grid,2403.161,303296512,60432660,652,38,41,37,15071,13832,977,0.237,13,500,0,63.089,192.261
100000,74,Grid,2403.397,298905600,60835712,652,40,41,37,15073,13834,977,0.212,13,500,0,71.415,159.901
100000,74,Grid,2403.649,300109824,56680580,652,42,41,37,15076,13837,978,0.228,13,500,0,52.495,195.429
100000,74,Grid,2403.854,299520000,62585488,652,44,41,37,15077,13838,978,0.285,13,500,0,44.506,127.679
100000,74,before_idle,2405.901,318701568,62724784,689,30,43,37,15091,13852,979,0.240,15,500,0,0.000,0.000
100000,74,after_idle,2425.916,297414656,64839616,680,26,41,35,15189,13950,979,0.061,1,500,0,0.000,0.000
100000,75,Rows,2428.939,314875904,119645700,657,27,41,37,15219,13978,981,1.759,1042,500,0,110.619,275.004
100000,75,Rows,2431.491,315416576,60358244,652,28,41,36,15235,13994,982,0.305,21,500,0,2291.291,255.205
100000,75,Rows,2431.719,318877696,60535500,653,29,41,37,15237,13996,982,0.319,15,500,0,78.339,146.459
100000,75,Rows,2431.913,319614976,62850708,653,30,41,37,15238,13997,982,0.437,15,500,0,60.693,129.563
100000,75,Rows,2432.190,318939136,60135956,653,32,41,37,15241,13999,983,0.257,15,500,0,63.185,209.052
100000,75,Rows,2432.410,319160320,59831896,653,34,41,37,15243,14001,983,0.238,15,500,0,68.293,148.427
100000,75,Rows,2432.598,320421888,62213528,653,36,41,37,15244,14002,983,0.244,15,500,0,50.355,133.516
100000,75,Rows,2432.868,319430656,60225204,653,38,41,37,15247,14004,984,0.497,15,500,0,70.226,196.401
100000,75,Rows,2433.056,319881216,62222296,653,40,41,37,15248,14005,984,0.259,15,500,0,42.932,140.107
100000,75,Rows,2433.331,319270912,60445736,653,42,41,37,15251,14007,985,0.248,15,500,0,66.299,206.042
100000,75,Grid,2433.696,319283200,60343520,653,46,41,37,15255,14009,985,0.232,13,500,0,186.493,151.190
100000,75,Grid,2433.945,320483328,60266340,653,28,41,37,15257,14011,986,0.266,13,500,0,37.801,207.706
100000,75,Grid,2434.152,320933888,61441052,653,30,41,37,15259,14012,986,0.267,13,500,0,65.189,138.144
100000,75,Grid,2434.419,320352256,60208464,653,32,41,37,15262,14014,987,0.308,13,500,0,71.619,191.950
100000,75,Grid,2434.602,320634880,62276100,653,34,41,37,15263,14015,987,0.251,13,500,0,38.031,135.623
100000,75,Grid,2434.885,320143360,59952684,653,36,41,37,15266,14017,988,0.254,13,500,0,70.671,207.856
100000,75,Grid,2435.101,320143360,60964672,653,38,41,37,15268,14019,988,0.249,13,500,0,73.525,138.727
100000,75,Grid,2435.364,320557056,59474600,653,40,41,37,15271,14021,989,0.257,13,500,0,66.961,192.143
100000,75,Grid,2435.562,321921024,61577828,653,42,41,37,15272,14022,989,0.247,13,500,0,45.333,149.564
100000,75,Grid,2435.828,320966656,60328552,653,44,41,37,15275,14025,990,0.338,13,500,0,65.269,196.841
100000,75,before_idle,2438.371,327909376,57046364,697,30,45,38,15289,14038,991,0.300,18,500,0,0.000,0.000
100000,75,after_idle,2458.379,305098752,60591972,687,28,43,37,15387,14134,991,0.113,1,500,0,0.000,0.000
100000,76,Rows,2461.334,316588032,119694324,664,27,43,38,15417,14162,993,0.276,1042,500,0,108.790,269.195
100000,76,Rows,2463.702,318685184,60154840,659,27,43,37,15434,14176,995,0.216,21,500,0,2145.935,217.889
100000,76,Rows,2463.915,318771200,61634464,660,28,43,38,15436,14177,995,0.419,15,500,0,61.917,147.649
100000,76,Rows,2464.172,318857216,59724636,661,30,43,38,15439,14179,996,0.437,15,500,0,69.133,182.027
100000,76,Rows,2464.358,319631360,61743068,660,32,43,38,15440,14180,996,0.294,15,500,0,38.984,141.910
100000,76,Rows,2464.631,318816256,59830552,660,34,43,38,15443,14182,997,0.566,15,500,0,64.472,204.048
100000,76,Rows,2464.849,319012864,59487308,660,36,43,38,15445,14184,997,0.246,15,500,0,64.921,149.113
100000,76,Rows,2465.041,319959040,61925732,660,38,43,38,15446,14185,997,0.801,15,500,0,44.438,143.570
100000,76,Rows,2465.305,318816256,59946752,660,40,43,38,15449,14187,998,0.249,15,500,0,63.800,196.265
100000,76,Rows,2465.503,319459328,61937552,660,42,43,38,15450,14188,998,0.249,15,500,0,47.864,146.567
100000,76,Grid,2465.920,318816256,59946860,660,46,43,38,15455,14191,999,0.482,13,500,0,179.100,209.922
100000,76,Grid,2466.148,318959616,59909256,660,28,43,38,15457,14193,999,0.312,13,500,0,76.205,147.417
100000,76,Grid,2466.345,319778816,62473732,660,30,43,38,15458,14194,999,0.246,13,500,0,48.215,141.847
100000,76,Grid,2466.617,318816256,60253056,660,32,43,38,15461,14196,1000,0.269,13,500,0,74.219,194.527
100000,76,Grid,2466.803,319078400,62378272,660,34,43,38,15462,14197,1000,0.302,13,500,0,43.255,139.065
100000,76,Grid,2467.080,318816256,59960728,660,36,43,38,15465,14199,1001,0.270,13,500,0,73.211,199.315
100000,76,Grid,2467.298,318816256,61522080,660,38,43,38,15467,14200,1001,0.255,13,500,0,72.332,140.841
100000,76,Grid,2467.586,318857216,59898432,660,40,43,38,15470,14202,1002,0.302,13,500,0,79.532,205.072
100000,76,Grid,2467.780,319361024,61984432,660,42,43,38,15471,14203,1002,0.245,13,500,0,43.423,146.018
100000,76,Grid,2468.065,318816256,60080944,660,44,43,38,15474,14205,1003,0.257,13,500,0,72.810,207.903
100000,76,before_idle,2470.602,334462976,57022208,697,30,45,38,15489,14219,1004,0.230,18,500,0,0.000,0.000
100000,76,after_idle,2490.651,312434688,59035988,686,26,42,36,15588,14316,1004,0.051,3,500,0,0.000,0.000
100000,77,Rows,2493.570,317915136,121175756,663,27,42,38,15617,14343,1006,0.462,1042,500,0,103.992,285.365
100000,77,Rows,2496.180,310185984,60468648,658,27,42,37,15637,14357,1010,0.249,21,500,0,2369.631,231.951
100000,77,Rows,2496.426,310550528,60746880,659,28,42,38,15639,14359,1010,0.365,15,500,0,75.961,165.111
100000,77,Rows,2496.617,311062528,63011552,659,30,42,38,15640,14360,1010,0.286,15,500,0,36.038,149.835
100000,77,Rows,2496.892,310149120,60364432,653,32,41,37,15643,14362,1011,0.250,15,500,0,74.914,196.355
100000,77,Rows,2497.131,310493184,60109732,653,34,41,37,15645,14364,1011,0.242,15,500,0,76.067,159.370
100000,77,Rows,2497.330,311193600,62430108,653,36,41,37,15646,14365,1011,0.316,15,500,0,42.534,153.077
100000,77,Rows,2497.600,310341632,59948080,653,38,41,37,15649,14367,1012,0.548,15,500,0,59.145,206.796
100000,77,Rows,2497.867,310571008,59853656,653,40,41,37,15651,14369,1012,0.248,15,500,0,89.053,173.013
100000,77,Rows,2498.056,311386112,62234656,653,42,41,37,15652,14370,1012,0.297,15,500,0,36.906,148.734
100000,77,Grid,2498.599,235810816,62255848,653,46,41,37,15657,14373,1014,0.250,13,500,0,234.889,288.392
100000,77,Grid,2498.808,235810816,62315928,653,28,41,37,15659,14374,1014,0.637,13,500,0,73.013,132.311
100000,77,Grid,2499.056,236515328,60401968,653,30,41,37,15662,14376,1015,0.249,13,500,0,60.561,183.496
100000,77,Grid,2499.272,236974080,60910744,653,32,41,37,15664,14378,1015,0.289,13,500,0,68.202,144.152
100000,77,Grid,2499.517,237297664,59399268,653,34,41,37,15667,14380,1016,0.270,13,500,0,65.991,174.160
100000,77,Grid,2499.708,238030848,61491436,653,36,41,37,15668,14381,1016,0.258,13,500,0,38.547,148.175
100000,77,Grid,2499.970,237027328,60277168,653,38,41,37,15671,14383,1017,0.291,13,500,0,82.418,175.827
100000,77,Grid,2500.152,237322240,62402996,653,40,41,37,15672,14384,1017,0.346,13,500,0,45.780,132.003
100000,77,Grid,2500.417,236773376,60123508,653,42,41,37,15675,14386,1018,0.546,13,500,0,71.254,190.134
100000,77,Grid,2500.631,236838912,61546640,653,44,41,37,15677,14387,1018,0.268,13,500,0,69.641,138.641
100000,77,before_idle,2502.796,257146880,61072740,689,30,43,37,15691,14398,1019,0.153,15,500,0,0.000,0.000
100000,77,after_idle,2522.801,236281856,62150120,679,26,41,35,15789,14495,1019,0.067,1,500,0,0.000,0.000
100000,78,Rows,2525.658,296976384,120657496,656,27,41,37,15817,14522,1020,0.262,1042,500,0,98.865,261.220
100000,78,Rows,2527.952,291356672,60627236,651,27,41,36,15837,14536,1024,0.250,21,500,0,2064.333,225.897
100000,78,Rows,2528.154,292872192,57357456,652,28,41,37,15839,14538,1024,0.332,15,500,0,81.176,116.832
100000,78,Rows,2528.413,292536320,60266872,653,30,41,37,15841,14539,1025,0.257,15,500,0,39.691,185.987
100000,78,Rows,2528.621,292753408,61216092,652,32,41,37,15843,14540,1025,0.319,15,500,0,66.287,138.142
100000,78,Rows,2528.880,292876288,59863788,652,34,41,37,15846,14542,1026,0.250,15,500,0,64.805,189.690
100000,78,Rows,2529.065,293863424,61792492,652,36,41,37,15847,14543,1026,0.241,15,500,0,45.374,134.707
100000,78,Rows,2529.352,293027840,60168196,652,38,41,37,15850,14545,1027,0.429,15,500,0,77.623,204.840
100000,78,Rows,2529.574,293240832,59805516,652,40,41,37,15852,14547,1027,0.249,15,500,0,67.254,150.279
100000,78,Rows,2529.762,294076416,62185724,652,42,41,37,15853,14548,1027,0.268,15,500,0,41.412,143.049
100000,78,Grid,2530.305,236810240,62261480,652,46,41,37,15858,14551,1029,0.251,13,500,0,237.020,271.759
100000,78,Grid,2530.506,237158400,62324120,652,28,41,37,15860,14552,1029,0.336,13,500,0,63.254,133.969
100000,78,Grid,2530.753,237133824,60452616,652,30,41,37,15863,14554,1030,0.337,13,500,0,63.708,177.816
100000,78,Grid,2530.968,237338624,60906628,652,32,41,37,15865,14556,1030,0.367,13,500,0,74.782,135.637
100000,78,Grid,2531.203,238002176,59411100,652,34,41,37,15868,14558,1031,0.255,13,500,0,66.493,163.694
100000,78,Grid,2531.396,238723072,61499136,652,36,41,37,15869,14559,1031,0.241,13,500,0,44.431,144.353
100000,78,Grid,2531.644,237727744,60272308,652,38,41,37,15872,14561,1032,0.266,13,500,0,61.797,182.828
100000,78,Grid,2531.829,238018560,62392336,652,40,41,37,15873,14562,1032,0.339,13,500,0,37.026,143.986
100000,78,Grid,2532.077,237465600,60455536,652,42,41,37,15876,14564,1033,0.306,13,500,0,65.615,174.360
100000,78,Grid,2532.282,237629440,61453180,652,44,41,37,15878,14565,1033,0.259,13,500,0,63.414,136.576
100000,78,before_idle,2534.833,255643648,62248164,689,30,43,37,15893,14578,1035,0.661,17,500,0,0.000,0.000
100000,78,after_idle,2554.858,234516480,64454404,683,26,40,35,15991,14674,1035,0.045,3,500,0,0.000,0.000
100000,79,Rows,2557.793,293793792,109007912,657,27,41,37,16020,14702,1036,0.364,1057,500,0,149.846,309.248
100000,79,Rows,2560.374,294948864,60703428,652,27,41,36,16038,14715,1039,0.233,21,500,0,2356.334,220.502
100000,79,Rows,2560.605,295313408,60783068,653,28,41,37,16040,14717,1039,0.930,15,500,0,75.020,152.071
100000,79,Rows,2560.796,295813120,63017968,653,30,41,37,16041,14718,1039,0.256,15,500,0,38.549,143.977
100000,79,Rows,2561.070,295030784,60470100,653,32,41,37,16044,14720,1040,0.257,15,500,0,70.795,198.602
100000,79,Rows,2561.299,295374848,60111744,653,34,41,37,16046,14722,1040,0.298,15,500,0,66.285,159.150
100000,79,Rows,2561.477,296071168,62432988,653,36,41,37,16047,14723,1040,0.727,15,500,0,35.554,138.276
100000,79,Rows,2561.768,295223296,60414392,653,38,41,37,16050,14725,1041,2.063,15,500,0,78.660,206.635
100000,79,Rows,2561.996,295464960,59793796,653,40,41,37,16052,14727,1041,0.255,15,500,0,65.758,156.241
100000,79,Rows,2562.192,296312832,62186788,653,42,41,37,16053,14728,1041,0.240,15,500,0,44.892,147.870
100000,79,Grid,2562.746,238964736,62263728,653,46,41,37,16058,14731,1043,0.404,13,500,0,239.379,285.511
100000,79,Grid,2562.938,238964736,62315304,653,28,41,37,16060,14732,1043,0.262,13,500,0,62.088,123.330
100000,79,Grid,2563.195,238956544,60452060,653,30,41,37,16063,14734,1044,0.254,13,500,0,68.073,183.082
100000,79,Grid,2563.405,239165440,60892848,653,32,41,37,16065,14736,1044,2.394,13,500,0,67.869,136.415
100000,79,Grid,2563.651,239505408,59399532,653,34,41,37,16068,14738,1045,0.259,13,500,0,72.938,168.045
100000,79,Grid,2563.845,240680960,61499472,653,36,41,37,16069,14739,1045,0.257,13,500,0,46.739,143.295
100000,79,Grid,2564.088,239681536,60275780,653,38,41,37,16072,14741,1046,0.303,13,500,0,54.055,184.198
100000,79,Grid,2564.275,239972352,62394684,653,40,41,37,16073,14742,1046,0.545,13,500,0,46.428,136.034
100000,79,Grid,2564.550,239415296,60454528,653,42,41,37,16076,14744,1047,0.480,13,500,0,79.128,188.924
100000,79,Grid,2564.751,239591424,61358032,653,44,41,37,16078,14745,1047,0.239,13,500,0,60.327,131.762
100000,79,before_idle,2567.256,255266816,59927668,689,30,43,37,16092,14759,1048,0.306,16,500,0,0.000,0.000
100000,79,after_idle,2587.283,234201088,64473392,677,26,40,35,16190,14856,1048,0.048,3,500,0,0.000,0.000
100000,80,Rows,2589.996,296759296,117958876,656,27,41,37,16219,14884,1049,0.245,1042,500,0,103.538,249.948
100000,80,Rows,2592.520,297766912,59798096,651,27,41,36,16238,14897,1052,0.231,21,500,0,2280.513,240.377
100000,80,Rows,2592.711,298807296,62454464,652,28,41,37,16239,14898,1052,0.416,15,500,0,47.848,139.619
100000,80,Rows,2593.000,297914368,60538516,653,30,41,37,16242,14900,1053,0.276,15,500,0,71.160,211.483
100000,80,Rows,2593.225,298225664,59900324,652,32,41,37,16244,14902,1053,0.458,15,500,0,73.054,148.079
100000,80,Rows,2593.425,299020288,62269792,652,34,41,37,16245,14903,1053,1.083,15,500,0,41.959,153.268
100000,80,Rows,2593.679,298061824,60436504,652,36,41,37,16248,14905,1054,0.256,15,500,0,60.774,186.580
100000,80,Rows,2593.887,298442752,62514932,652,38,41,37,16249,14906,1054,0.224,15,500,0,46.269,153.690
100000,80,Rows,2594.194,297828352,60365400,652,40,41,37,16252,14908,1055,0.265,15,500,0,71.130,232.403
100000,80,Rows,2594.435,298061824,60583324,652,42,41,37,16254,14910,1055,0.237,15,500,0,83.001,152.615
100000,80,Grid,2594.845,297902080,60463460,652,46,41,37,16258,14913,1056,0.364,13,500,0,185.152,194.767
100000,80,Grid,2595.068,298102784,60988696,652,28,41,37,16260,14915,1056,0.247,13,500,0,64.230,152.853
100000,80,Grid,2595.315,298369024,60539836,652,30,41,37,16262,14917,1057,0.295,13,500,0,42.290,200.275
100000,80,Grid,2595.517,298369024,61992040,652,32,41,37,16264,14918,1057,0.262,13,500,0,56.763,141.585
100000,80,Grid,2595.794,297865216,60457832,652,34,41,37,16267,14920,1058,0.350,13,500,0,74.322,198.357
100000,80,Grid,2596.001,298135552,60312904,652,36,41,37,16269,14922,1058,0.250,13,500,0,63.394,139.779
100000,80,Grid,2596.193,298528768,62765408,652,38,41,37,16270,14923,1058,0.355,13,500,0,52.658,136.537
100000,80,Grid,2596.473,297881600,60139620,652,40,41,37,16273,14925,1059,0.526,13,500,0,74.325,200.475
100000,80,Grid,2596.696,298106880,60684548,652,42,41,37,16275,14927,1059,0.243,13,500,0,80.428,137.241
100000,80,Grid,2596.937,298389504,60449420,652,44,41,37,16277,14929,1060,0.246,13,500,0,55.869,181.232
100000,80,before_idle,2599.397,256483328,57032456,695,30,44,38,16292,14943,1062,0.239,17,500,0,0.000,0.000
100000,80,after_idle,2619.406,234790912,63771000,687,26,40,36,16392,15042,1062,0.198,3,500,0,0.000,0.000
100000,81,Rows,2622.309,296026112,116657040,661,27,41,38,16422,15071,1063,0.267,1042,500,0,89.563,311.992
100000,81,Rows,2624.913,294309888,59448084,657,27,41,38,16441,15085,1066,0.422,21,500,0,2345.838,253.812
100000,81,Rows,2625.113,295809024,62658084,657,28,41,38,16442,15086,1066,0.500,15,500,0,46.568,146.553
100000,81,Rows,2625.384,295120896,60183164,657,30,41,38,16445,15088,1067,0.261,15,500,0,68.200,199.178
100000,81,Rows,2625.610,295514112,60234912,657,32,41,38,16447,15090,1067,0.247,15,500,0,64.539,156.397
100000,81,Rows,2625.803,296153088,62535332,657,34,41,38,16448,15091,1067,0.236,15,500,0,45.326,144.941
100000,81,Rows,2626.075,295444480,60227320,657,36,41,38,16451,15093,1068,0.245,15,500,0,72.785,195.483
100000,81,Rows,2626.317,295747584,59941944,657,38,41,38,16453,15095,1068,0.262,15,500,0,80.962,156.863
100000,81,Rows,2626.503,296640512,62317016,657,40,41,38,16454,15096,1068,0.269,15,500,0,37.065,145.615
100000,81,Rows,2626.778,295710720,59997064,657,42,41,38,16457,15098,1069,0.240,15,500,0,64.107,206.929
100000,81,Grid,2627.111,296124416,62436176,657,46,41,38,16460,15100,1069,0.274,13,500,0,166.705,135.675
100000,81,Grid,2627.391,296493056,60390640,657,28,41,38,16463,15102,1070,0.286,13,500,0,80.829,196.176
100000,81,Grid,2627.611,297209856,60346116,657,30,41,38,16465,15104,1070,0.269,13,500,0,65.577,150.013
100000,81,Grid,2627.814,297578496,62794668,657,32,41,38,16466,15105,1070,0.449,13,500,0,50.929,148.317
100000,81,Grid,2628.081,296960000,60412176,657,34,41,38,16469,15107,1071,0.349,13,500,0,60.518,202.426
100000,81,Grid,2628.312,297185280,60690440,657,36,41,38,16471,15109,1071,0.252,13,500,0,67.857,155.127
100000,81,Grid,2628.547,297472000,60467656,657,38,41,38,16473,15111,1072,0.611,13,500,0,43.513,187.847
100000,81,Grid,2628.743,297472000,61925376,657,40,41,38,16475,15112,1072,0.306,13,500,0,55.346,132.644
100000,81,Grid,2629.025,296960000,60519352,657,42,41,38,16478,15114,1073,0.263,13,500,0,66.675,207.796
100000,81,Grid,2629.258,297222144,60289912,657,44,41,38,16480,15116,1073,0.643,13,500,0,81.678,146.762
100000,81,before_idle,2631.781,317095936,59203728,693,30,43,38,16495,15130,1075,0.575,17,500,0,0.000,0.000
100000,81,after_idle,2651.790,295116800,62608052,677,28,41,37,16593,15227,1075,0.366,1,500,0,0.000,0.000
100000,82,Rows,2654.520,311885824,116655796,660,27,41,38,16623,15255,1077,0.322,1042,500,0,81.749,294.000
100000,82,Rows,2656.935,311885824,60375696,655,28,41,37,16639,15271,1078,0.375,21,500,0,2207.686,203.752
100000,82,Rows,2657.144,312983552,63195964,656,29,41,38,16640,15272,1078,0.322,15,500,0,81.695,123.779
100000,82,Rows,2657.418,312983552,60192676,657,30,41,38,16643,15275,1079,0.255,15,500,0,56.703,213.155
100000,82,Rows,2657.617,312430592,62104152,656,32,41,38,16645,15277,1079,0.359,15,500,0,71.680,123.220
100000,82,Rows,2657.889,312647680,60107116,656,34,41,38,16648,15280,1080,0.247,15,500,0,66.178,198.407
100000,82,Rows,2658.079,313106432,62423920,652,36,41,37,16649,15281,1080,0.316,15,500,0,43.171,142.260
100000,82,Rows,2658.360,312295424,60112744,652,38,41,37,16652,15284,1081,0.276,15,500,0,72.787,202.144
100000,82,Rows,2658.588,312647680,60297272,652,40,41,37,16654,15286,1081,0.463,15,500,0,70.663,152.707
100000,82,Rows,2658.781,313257984,62608788,652,42,41,37,16655,15287,1081,0.244,15,500,0,48.466,140.329
100000,82,Grid,2659.241,312365056,60115996,652,46,41,37,16661,15293,1083,0.387,13,500,0,223.981,219.149
100000,82,Grid,2659.475,312725504,60288852,652,28,41,37,16663,15295,1083,0.264,13,500,0,71.325,157.315
100000,82,Grid,2659.664,313368576,62805108,652,30,41,37,16664,15296,1083,0.277,13,500,0,39.979,144.782
100000,82,Grid,2659.963,312532992,59854956,652,32,41,37,16667,15299,1084,0.254,13,500,0,86.795,206.700
100000,82,Grid,2660.196,312709120,60045888,652,34,41,37,16669,15301,1084,0.280,13,500,0,84.148,145.354
100000,82,Grid,2660.398,313413632,62564648,652,36,41,37,16670,15302,1084,0.246,13,500,0,51.321,146.777
100000,82,Grid,2660.655,312545280,60487876,652,38,41,37,16673,15305,1085,0.403,13,500,0,59.615,193.182
100000,82,Grid,2660.849,312885248,63160656,652,40,41,37,16674,15306,1085,0.247,13,500,0,74.757,114.979
100000,82,Grid,2661.122,312311808,60073912,652,42,41,37,16677,15309,1086,0.288,13,500,0,63.041,206.116
100000,82,Grid,2661.340,312283136,61979876,652,44,41,37,16679,15311,1086,0.233,13,500,0,60.704,147.211
100000,82,before_idle,2663.832,331620352,60763408,691,30,44,37,16694,15326,1087,0.383,15,500,0,0.000,0.000
100000,82,after_idle,2683.847,310333440,59528716,685,26,41,35,16792,15424,1087,0.079,1,500,0,0.000,0.000
100000,83,Rows,2686.890,317575168,117143680,657,27,41,37,16821,15451,1089,0.275,1042,500,0,127.218,283.776
100000,83,Rows,2687.067,315523072,99584724,657,28,41,37,16823,15453,1090,0.301,821,500,0,26.187,147.527
100000,83,Rows,2689.506,315731968,86160268,652,29,41,36,16840,15465,1091,0.206,21,500,0,2255.379,179.807
100000,83,Rows,2689.723,316293120,89030836,653,30,41,37,16841,15466,1091,0.400,15,500,0,61.063,150.914
100000,83,Rows,2690.032,313131008,59833680,654,31,41,37,16844,15468,1092,0.249,15,500,0,68.834,236.463
100000,83,Rows,2690.268,313335808,60631536,653,32,41,37,16846,15470,1092,0.277,15,500,0,74.981,154.883
100000,83,Rows,2690.475,313683968,62968368,653,34,41,37,16847,15471,1092,0.258,15,500,0,54.272,148.956
100000,83,Rows,2690.761,313139200,60227840,653,36,41,37,16850,15473,1093,0.253,15,500,0,73.189,208.903
100000,83,Rows,2691.004,313327616,60681356,653,38,41,37,16852,15475,1093,0.266,15,500,0,75.744,160.198
100000,83,Rows,2691.205,313643008,62995324,653,40,41,37,16853,15476,1093,0.253,15,500,0,49.076,148.731
100000,83,Grid,2691.771,241971200,62276088,653,44,41,37,16858,15479,1095,0.255,13,500,0,239.635,296.454
100000,83,Grid,2691.989,242446336,62403080,653,46,41,37,16860,15480,1095,0.261,13,500,0,73.962,140.796
100000,83,Grid,2692.265,242376704,60412524,653,28,41,37,16863,15482,1096,0.253,13,500,0,77.678,194.170
100000,83,Grid,2692.489,242704384,60591496,653,30,41,37,16865,15484,1096,0.251,13,500,0,72.405,147.833
100000,83,Grid,2692.729,242974720,60420272,653,32,41,37,16867,15486,1097,0.258,13,500,0,40.054,195.851
100000,83,Grid,2692.940,242974720,61972816,653,34,41,37,16869,15487,1097,0.320,13,500,0,66.315,141.135
100000,83,Grid,2693.212,242372608,60068416,653,36,41,37,16872,15489,1098,0.254,13,500,0,74.820,191.427
100000,83,Grid,2693.472,242663424,60594248,653,38,41,37,16874,15491,1098,0.254,13,500,0,78.096,177.831
100000,83,Grid,2693.766,243003392,60735028,653,40,41,37,16876,15493,1099,0.521,13,500,0,74.304,214.990
100000,83,Grid,2693.983,243003392,61993548,653,42,41,37,16878,15494,1099,0.245,13,500,0,76.210,135.816
100000,83,before_idle,2696.554,257777664,61930244,689,30,43,37,16892,15505,1101,1.434,34,500,0,0.000,0.000
100000,83,after_idle,2716.609,237035520,65148636,679,26,41,37,16996,15608,1101,0.045,3,500,0,0.000,0.000
100000,84,Rows,2719.503,296325120,118554952,658,27,42,38,17025,15636,1102,0.520,1042,500,0,116.208,283.440
100000,84,Rows,2721.940,302428160,60495456,653,28,42,37,17041,15652,1103,0.314,21,500,0,2195.828,235.060
100000,84,Rows,2722.164,302505984,61746624,654,29,42,38,17043,15654,1103,0.755,15,500,0,68.400,152.027
100000,84,Rows,2722.439,303083520,59789816,655,30,42,38,17046,15657,1104,0.266,15,500,0,68.795,201.908
100000,84,Rows,2722.624,303833088,62214344,654,32,42,38,17047,15658,1104,0.260,15,500,0,34.807,146.564
100000,84,Rows,2722.901,302923776,60092152,654,34,42,38,17050,15661,1105,0.254,15,500,0,56.882,216.484
100000,84,Rows,2723.132,303144960,60051216,654,36,42,38,17052,15663,1105,0.240,15,500,0,72.297,154.405
100000,84,Rows,2723.323,304009216,62413804,654,38,42,38,17053,15664,1105,0.248,15,500,0,36.264,151.279
100000,84,Rows,2723.583,303009792,60143000,654,40,42,38,17056,15667,1106,0.480,15,500,0,62.898,193.272
100000,84,Rows,2723.785,303517696,62418892,654,42,42,38,17057,15668,1106,0.247,15,500,0,45.793,149.864
100000,84,Grid,2724.170,302800896,60500236,654,46,42,38,17062,15673,1107,0.235,13,500,0,190.284,178.898
100000,84,Grid,2724.365,303464448,63423592,654,28,42,38,17063,15674,1107,0.480,13,500,0,76.675,114.284
100000,84,Grid,2724.628,302878720,60197476,654,30,42,38,17066,15677,1108,0.286,13,500,0,68.494,190.609
100000,84,Grid,2724.841,302854144,61995444,654,32,42,38,17068,15679,1108,0.261,13,500,0,72.580,136.113
100000,84,Grid,2725.117,303157248,60144272,654,34,42,38,17071,15682,1109,0.541,13,500,0,70.684,201.517
100000,84,Grid,2725.308,303538176,62632620,654,36,42,38,17072,15683,1109,0.305,13,500,0,45.738,140.948
100000,84,Grid,2725.586,302931968,60469288,654,38,42,38,17075,15686,1110,0.391,13,500,0,73.921,198.721
100000,84,Grid,2725.808,303140864,60823996,654,40,42,38,17077,15688,1110,0.976,13,500,0,71.614,145.239
100000,84,Grid,2726.045,303464448,60536248,654,42,42,38,17079,15690,1111,0.246,13,500,0,42.404,189.741
100000,84,Grid,2726.260,302780416,62579276,654,44,42,38,17081,15692,1111,0.260,13,500,0,77.140,134.126
100000,84,before_idle,2728.479,321712128,62631568,693,30,44,38,17095,15706,1112,0.195,17,500,0,0.000,0.000
100000,84,after_idle,2748.494,300384256,64880952,682,26,41,36,17193,15804,1112,0.072,1,500,0,0.000,0.000
100000,85,Rows,2751.587,312356864,113040280,659,27,41,38,17224,15833,1114,0.279,1042,500,0,106.697,286.304
100000,85,Rows,2751.736,308588544,112370356,659,28,41,38,17225,15834,1114,0.260,649,500,0,13.182,118.347
100000,85,Rows,2754.214,307978240,60678668,654,27,41,37,17242,15847,1117,0.251,21,500,0,2264.994,203.407
100000,85,Rows,2754.459,308121600,61757816,655,28,41,38,17244,15848,1117,0.348,15,500,0,89.824,150.673
100000,85,Rows,2754.743,308396032,59831592,656,30,41,38,17247,15850,1118,0.312,15,500,0,76.450,203.407
100000,85,Rows,2754.953,309043200,61893860,655,32,41,38,17248,15851,1118,0.228,15,500,0,49.246,156.402
100000,85,Rows,2755.243,308105216,59889708,655,34,41,38,17251,15853,1119,0.278,15,500,0,78.183,208.720
100000,85,Rows,2755.484,308363264,60092196,655,36,41,38,17253,15855,1119,0.249,15,500,0,79.533,156.997
100000,85,Rows,2755.689,308994048,62519196,655,38,41,38,17254,15856,1119,0.252,15,500,0,54.272,146.860
100000,85,Rows,2755.988,308068352,60261020,655,40,41,38,17257,15858,1120,0.529,15,500,0,81.993,213.102
100000,85,Grid,2756.380,308076544,60246168,655,44,41,38,17261,15860,1120,0.262,13,500,0,188.589,180.883
100000,85,Grid,2756.659,308998144,60600628,655,46,41,38,17263,15862,1121,0.259,13,500,0,42.280,232.310
100000,85,Grid,2756.953,307982336,60025476,655,28,41,38,17266,15864,1122,0.269,13,500,0,85.899,203.990
100000,85,Grid,2757.199,308277248,60625672,655,30,41,38,17268,15866,1122,0.537,13,500,0,82.115,160.395
100000,85,Grid,2757.454,308600832,56707224,655,32,41,38,17271,15868,1123,0.260,13,500,0,43.339,204.107
100000,85,Grid,2757.671,308600832,62035400,655,34,41,38,17272,15869,1123,0.256,13,500,0,54.618,133.892
100000,85,Grid,2757.962,307982336,59994856,655,36,41,38,17275,15871,1124,0.709,13,500,0,79.777,207.126
100000,85,Grid,2758.215,308310016,60702920,655,38,41,38,17277,15873,1124,0.243,13,500,0,88.559,155.296
100000,85,Grid,2758.494,308568064,59394676,655,40,41,38,17280,15875,1125,0.255,13,500,0,80.879,194.133
100000,85,Grid,2758.702,309256192,61550000,655,42,41,38,17281,15876,1125,0.332,13,500,0,57.476,147.743
100000,85,before_idle,2760.998,327213056,62063532,691,30,43,38,17295,15888,1126,0.191,17,500,0,0.000,0.000
100000,85,after_idle,2781.058,305946624,60857396,680,28,40,36,17398,15989,1126,0.205,3,500,0,0.000,0.000
100000,86,Rows,2784.077,311877632,117698428,659,27,41,38,17427,16016,1128,0.649,1042,500,0,91.547,297.794
100000,86,Rows,2786.816,314789888,60205036,654,27,41,37,17446,16029,1131,0.298,21,500,0,2485.663,245.600
100000,86,Rows,2787.076,314867712,60504592,655,28,41,38,17448,16031,1131,0.328,15,500,0,87.520,165.747
100000,86,Rows,2787.284,314875904,62808956,655,30,41,38,17449,16032,1131,0.241,15,500,0,58.913,144.419
100000,86,Rows,2787.592,314867712,59873368,655,32,41,38,17452,16034,1132,0.366,15,500,0,75.308,229.029
100000,86,Rows,2787.775,314867712,62997040,655,34,41,38,17453,16035,1132,0.251,15,500,0,71.275,108.066
100000,86,Rows,2788.058,314867712,60030476,655,36,41,38,17456,16037,1133,0.275,15,500,0,66.353,212.505
100000,86,Rows,2788.277,314875904,61169700,655,38,41,38,17458,16038,1133,0.248,15,500,0,75.746,139.545
100000,86,Rows,2788.560,314867712,59883860,655,40,41,38,17461,16040,1134,0.313,15,500,0,71.653,208.252
100000,86,Rows,2788.750,314875904,61803504,655,42,41,38,17462,16041,1134,0.271,15,500,0,43.490,142.538
100000,86,Grid,2789.317,239489024,62273172,655,46,41,38,17467,16044,1136,0.253,13,500,0,228.959,302.188
100000,86,Grid,2789.520,239497216,62276852,655,28,41,38,17469,16045,1136,0.442,13,500,0,77.033,121.471
100000,86,Grid,2789.779,239554560,60469608,655,30,41,38,17472,16047,1137,0.242,13,500,0,70.086,185.275
100000,86,Grid,2789.992,239816704,60283852,655,32,41,38,17474,16049,1137,0.252,13,500,0,58.909,150.570
100000,86,Grid,2790.173,239812608,62750400,655,34,41,38,17475,16050,1137,0.943,13,500,0,41.077,136.259
100000,86,Grid,2790.446,240398336,60239528,655,36,41,38,17478,16052,1138,0.354,13,500,0,66.360,198.290
100000,86,Grid,2790.663,240398336,60580956,655,38,41,38,17480,16054,1138,0.242,13,500,0,71.605,140.255
100000,86,Grid,2790.891,240398336,60776236,655,40,41,38,17482,16056,1139,0.559,13,500,0,51.608,172.190
100000,86,Grid,2791.099,240398336,61795676,655,42,41,38,17484,16057,1139,0.641,13,500,0,67.542,135.458
100000,86,Grid,2791.374,240398336,60781664,655,44,41,38,17487,16059,1140,0.311,13,500,0,71.212,199.134
100000,86,before_idle,2793.807,258035712,57045448,698,30,44,39,17502,16071,1141,0.256,18,500,0,0.000,0.000
100000,86,after_idle,2813.820,234192896,60512104,687,28,42,36,17603,16171,1141,0.057,1,500,0,0.000,0.000
100000,87,Rows,2816.748,296255488,119990420,664,27,42,38,17631,16198,1142,0.269,1042,500,0,106.543,282.057
100000,87,Rows,2819.451,298389504,59959048,659,27,42,37,17650,16212,1145,0.300,21,500,0,2475.632,224.294
100000,87,Rows,2819.661,299208704,62603632,660,28,42,38,17651,16213,1145,0.392,15,500,0,56.468,149.109
100000,87,Rows,2819.941,298348544,60298556,660,30,42,38,17654,16215,1146,0.273,15,500,0,80.018,196.748
100000,87,Rows,2820.161,298717184,60140528,660,32,42,38,17656,16217,1146,0.229,15,500,0,70.542,145.287
100000,87,Rows,2820.357,299384832,62466408,660,34,42,38,17657,16218,1146,0.241,15,500,0,44.663,148.478
100000,87,Rows,2820.642,298532864,60179756,660,36,42,38,17660,16220,1147,0.235,15,500,0,63.110,218.274
100000,87,Rows,2820.881,298770432,59849944,660,38,42,38,17662,16222,1147,0.244,15,500,0,78.299,157.085
100000,87,Rows,2821.067,299597824,62236036,660,40,42,38,17663,16223,1147,0.256,15,500,0,37.780,143.759
100000,87,Rows,2821.369,298606592,60283720,660,42,42,38,17666,16225,1148,0.247,15,500,0,74.079,217.831
100000,87,Grid,2821.707,298442752,61997040,660,46,42,38,17669,16227,1148,0.257,13,500,0,181.835,128.433
100000,87,Grid,2821.969,298889216,60271640,660,28,42,38,17672,16230,1149,0.239,13,500,0,73.779,183.172
100000,87,Grid,2822.162,299188224,62725812,660,30,42,38,17673,16231,1149,0.246,13,500,0,50.289,139.358
100000,87,Grid,2822.440,298651648,60412580,660,32,42,38,17676,16233,1150,0.258,13,500,0,73.967,200.839
100000,87,Grid,2822.662,298823680,61007116,660,34,42,38,17678,16235,1150,0.245,13,500,0,73.370,144.855
100000,87,Grid,2822.929,299094016,59477468,660,36,42,38,17681,16237,1151,0.266,13,500,0,75.453,188.616
100000,87,Grid,2823.138,299831296,61584628,660,38,42,38,17682,16238,1151,0.249,13,500,0,51.120,151.917
100000,87,Grid,2823.412,298876928,60333328,660,40,42,38,17685,16241,1152,0.244,13,500,0,76.191,192.940
100000,87,Grid,2823.617,299331584,62844404,660,42,42,38,17686,16242,1152,0.238,13,500,0,50.095,151.572
100000,87,Grid,2823.893,298766336,60290628,660,44,42,38,17689,16244,1153,0.517,13,500,0,72.281,199.740
100000,87,before_idle,2826.390,317988864,57038204,696,30,44,38,17705,16257,1155,0.764,18,500,0,0.000,0.000
100000,87,after_idle,2846.427,295989248,62041940,687,26,42,37,17803,16354,1155,0.048,3,500,0,0.000,0.000
100000,88,Rows,2849.506,312942592,122077712,666,27,43,38,17832,16381,1157,0.341,1042,500,0,90.600,263.151
100000,88,Rows,2852.172,302911488,60509644,655,27,42,36,17852,16396,1161,0.638,21,500,0,2427.745,233.468
100000,88,Rows,2852.394,303886336,61703380,656,28,42,37,17854,16397,1161,0.341,15,500,0,63.688,150.870
100000,88,Rows,2852.666,304226304,59796532,656,30,42,37,17857,16399,1162,0.244,15,500,0,73.546,194.396
100000,88,Rows,2852.859,305401856,61780300,656,32,42,37,17858,16400,1162,0.244,15,500,0,57.020,132.832
100000,88,Rows,2853.149,304529408,59845576,656,34,42,37,17861,16402,1163,0.258,15,500,0,64.808,221.346
100000,88,Rows,2853.413,304734208,59525748,657,36,42,37,17863,16404,1163,0.247,15,500,0,78.613,181.832
100000,88,Rows,2853.650,305741824,61951404,657,38,42,37,17864,16405,1163,0.283,15,500,0,51.139,176.762
100000,88,Rows,2853.938,304599040,59980796,656,40,42,37,17867,16407,1164,0.252,15,500,0,80.481,201.386
100000,88,Rows,2854.134,305238016,61962816,656,42,42,37,17868,16408,1164,0.246,15,500,0,40.814,151.455
100000,88,Grid,2854.554,304877568,60547356,656,46,42,37,17873,16411,1165,0.261,13,500,0,210.451,177.302
100000,88,Grid,2854.769,305500160,63253288,656,28,42,37,17874,16412,1165,1.208,13,500,0,82.665,121.813
100000,88,Grid,2855.056,305278976,60301812,656,30,42,37,17877,16414,1166,0.263,13,500,0,74.943,208.630
100000,88,Grid,2855.279,305242112,61886540,656,32,42,37,17879,16415,1166,0.248,13,500,0,78.319,140.282
100000,88,Grid,2855.571,305676288,60079948,656,34,42,37,17882,16417,1167,0.290,13,500,0,76.944,210.622
100000,88,Grid,2855.767,306094080,62198376,656,36,42,37,17883,16418,1167,0.263,13,500,0,36.277,155.213
100000,88,Grid,2856.096,305438720,60219328,656,38,42,37,17886,16420,1168,1.054,13,500,0,65.447,259.317
100000,88,Grid,2856.365,305631232,60639672,656,40,42,37,17888,16422,1168,0.415,13,500,0,87.285,174.238
100000,88,Grid,2856.641,305942528,60453728,656,42,42,37,17890,16424,1169,0.257,13,500,0,58.406,210.045
100000,88,Grid,2856.852,305942528,61930660,656,44,42,37,17892,16425,1169,0.243,13,500,0,71.941,135.640
100000,88,before_idle,2859.417,324284416,60621208,692,30,44,37,17908,16439,1170,1.294,17,500,0,0.000,0.000
100000,88,after_idle,2879.483,303083520,59955396,680,26,41,35,18007,16537,1170,0.047,3,500,0,0.000,0.000
100000,89,Rows,2882.554,314126336,114501620,657,27,41,37,18037,16565,1172,0.294,1042,500,0,83.107,312.079
100000,89,Rows,2885.132,313884672,59755928,652,27,41,36,18055,16577,1174,0.232,21,500,0,2310.187,264.336
100000,89,Rows,2885.330,315396096,62416684,653,28,41,37,18056,16578,1174,0.393,15,500,0,46.297,148.666
100000,89,Rows,2885.616,315482112,60165136,653,30,41,37,18059,16580,1175,0.259,15,500,0,74.800,206.922
100000,89,Rows,2885.857,315506688,59921116,653,32,41,37,18061,16582,1175,0.247,15,500,0,74.551,162.749
100000,89,Rows,2886.058,315535360,62282932,653,34,41,37,18062,16583,1175,0.326,15,500,0,44.565,153.553
100000,89,Rows,2886.324,315543552,60431864,653,36,41,37,18065,16585,1176,0.247,15,500,0,72.374,189.332
100000,89,Rows,2886.565,315543552,59656848,653,38,41,37,18067,16587,1176,0.250,15,500,0,52.482,180.502
100000,89,Rows,2886.770,315543552,62787956,653,40,41,37,18068,16588,1176,0.817,15,500,0,45.601,155.752
100000,89,Rows,2887.045,315543552,59914444,653,42,41,37,18071,16590,1177,0.328,15,500,0,59.815,211.422
100000,89,Grid,2887.422,315559936,60449476,653,46,41,37,18075,16592,1177,0.545,13,500,0,202.782,146.055
100000,89,Grid,2887.618,316530688,62713976,653,28,41,37,18076,16593,1177,0.276,13,500,0,42.138,149.609
100000,89,Grid,2887.904,316518400,60092088,653,30,41,37,18079,16595,1178,0.262,13,500,0,78.483,203.691
100000,89,Grid,2888.132,316518400,60372512,653,32,41,37,18081,16597,1178,0.326,13,500,0,77.948,145.610
100000,89,Grid,2888.321,316661760,62825044,653,34,41,37,18082,16598,1178,0.245,13,500,0,45.730,138.602
100000,89,Grid,2888.602,316661760,60201696,653,36,41,37,18085,16600,1179,0.270,13,500,0,72.386,205.471
100000,89,Grid,2888.819,316661760,60690336,653,38,41,37,18087,16602,1179,0.313,13,500,0,72.020,141.312
100000,89,Grid,2889.070,316661760,60469424,653,40,41,37,18089,16604,1180,0.273,13,500,0,49.165,197.656
100000,89,Grid,2889.277,316948480,61911340,653,42,41,37,18091,16605,1180,0.261,13,500,0,68.833,133.237
100000,89,Grid,2889.558,316948480,60020872,653,44,41,37,18094,16607,1181,0.262,13,500,0,64.552,212.218
100000,89,before_idle,2892.111,335118336,57043456,698,30,45,38,18110,16622,1183,0.242,17,500,0,0.000,0.000
100000,89,after_idle,2912.115,311746560,61878364,686,26,42,36,18208,16718,1183,0.071,1,500,0,0.000,0.000
100000,90,Rows,2915.210,318431232,118511804,663,27,42,38,18238,16745,1186,0.277,1042,500,0,74.783,300.253
100000,90,Rows,2917.856,313159680,60277700,658,27,42,37,18257,16759,1189,0.570,21,500,0,2383.929,257.850
100000,90,Rows,2918.098,313389056,60506104,659,28,42,38,18259,16761,1189,0.327,15,500,0,76.021,160.112
100000,90,Rows,2918.293,314081280,62830280,659,30,42,38,18260,16762,1189,0.252,15,500,0,40.261,149.915
100000,90,Rows,2918.563,313249792,59871144,659,32,42,38,18263,16764,1190,0.262,15,500,0,58.817,207.392
100000,90,Rows,2918.810,313438208,59696848,659,34,42,38,18265,16766,1190,0.319,15,500,0,84.354,159.089
100000,90,Rows,2919.021,314376192,62099500,659,36,42,38,18266,16767,1190,0.270,15,500,0,51.270,155.457
100000,90,Rows,2919.302,313298944,60064188,659,38,42,38,18269,16769,1191,0.263,15,500,0,78.068,198.567
100000,90,Rows,2919.511,313884672,62061020,659,40,42,38,18270,16770,1191,0.256,15,500,0,55.811,148.850
100000,90,Rows,2919.792,313020416,60084380,659,42,42,38,18273,16772,1192,0.264,15,500,0,66.017,211.897
100000,90,Grid,2920.162,313106432,60245988,659,46,42,38,18277,16774,1192,0.360,13,500,0,192.869,148.267
100000,90,Grid,2920.368,314036224,62557816,659,28,42,38,18278,16775,1192,0.252,13,500,0,46.768,153.413
100000,90,Grid,2920.644,313176064,59954868,659,30,42,38,18281,16777,1193,1.657,13,500,0,73.099,197.397
100000,90,Grid,2920.891,313380864,60259592,659,32,42,38,18283,16779,1193,0.245,13,500,0,86.767,155.867
100000,90,Grid,2921.098,313962496,62726308,659,34,42,38,18284,16780,1193,0.428,13,500,0,53.774,148.974
100000,90,Grid,2921.373,313155584,59928308,659,36,42,38,18287,16782,1194,0.255,13,500,0,67.343,202.512
100000,90,Grid,2921.616,313769984,60582328,659,38,42,38,18289,16784,1194,0.240,13,500,0,72.352,166.845
100000,90,Grid,2921.875,314019840,60457588,659,40,42,38,18291,16786,1195,0.250,13,500,0,57.323,197.471
100000,90,Grid,2922.087,314019840,61827768,659,42,42,38,18293,16787,1195,0.268,13,500,0,75.175,133.570
100000,90,Grid,2922.374,313585664,60070632,659,44,42,38,18296,16789,1196,0.318,13,500,0,78.099,205.188
100000,90,before_idle,2924.922,332210176,57037820,695,30,44,38,18311,16801,1197,0.238,18,500,0,0.000,0.000
100000,90,after_idle,2944.965,310616064,58632568,688,26,41,36,18410,16898,1197,0.046,3,500,0,0.000,0.000
100000,91,Rows,2948.126,315916288,118630704,662,27,42,38,18439,16925,1199,0.373,1042,500,0,137.196,273.146
100000,91,Rows,2950.699,320401408,59959356,651,28,41,36,18455,16941,1200,0.861,21,500,0,2324.546,244.476
100000,91,Rows,2950.950,317915136,60647680,652,29,41,37,18457,16943,1200,0.323,15,500,0,76.788,166.483
100000,91,Rows,2951.140,321748992,62918504,652,30,41,37,18458,16944,1200,0.264,15,500,0,40.105,146.421
100000,91,Rows,2951.426,321179648,60110444,652,32,41,37,18461,16946,1201,0.246,15,500,0,72.287,209.173
100000,91,Rows,2951.648,321441792,59961416,652,34,41,37,18463,16948,1201,0.248,15,500,0,64.499,153.180
100000,91,Rows,2951.862,322228224,62313064,652,36,41,37,18464,16949,1201,0.479,15,500,0,50.888,159.225
100000,91,Rows,2952.168,321302528,59920332,652,38,41,37,18467,16951,1202,0.255,15,500,0,70.894,225.846
100000,91,Rows,2952.406,321548288,59573172,652,40,41,37,18469,16953,1202,0.261,15,500,0,81.029,152.899
100000,91,Rows,2952.617,322519040,62010072,652,42,41,37,18470,16954,1202,0.255,15,500,0,52.001,153.573
100000,91,Grid,2953.198,238055424,62271396,652,46,41,37,18475,16957,1204,0.265,13,500,0,257.901,290.485
100000,91,Grid,2953.395,241209344,62584480,652,48,41,37,18477,16957,1204,0.449,13,500,0,64.221,125.679
100000,91,Grid,2953.648,238243840,60339568,652,30,41,37,18480,16959,1205,0.317,13,500,0,70.725,176.102
100000,91,Grid,2953.873,238424064,60073588,652,32,41,37,18482,16961,1205,0.249,13,500,0,65.082,149.933
100000,91,Grid,2954.049,238956544,62574500,652,34,41,37,18483,16962,1205,0.254,13,500,0,35.277,137.047
100000,91,Grid,2954.295,238301184,60460992,652,36,41,37,18486,16964,1206,0.276,13,500,0,73.546,169.368
100000,91,Grid,2954.501,238583808,60312916,652,38,41,37,18488,16966,1206,0.350,13,500,0,57.238,142.054
100000,91,Grid,2954.683,238985216,62770788,652,40,41,37,18489,16967,1206,0.260,13,500,0,45.826,131.788
100000,91,Grid,2954.927,238415872,60391268,652,42,41,37,18492,16969,1207,0.270,13,500,0,67.151,172.227
100000,91,Grid,2955.138,238735360,60571812,652,44,41,37,18494,16971,1207,0.306,13,500,0,69.037,138.089
100000,91,before_idle,2957.597,258904064,59534516,689,30,43,37,18508,16984,1208,0.343,17,500,0,0.000,0.000
100000,91,after_idle,2977.637,237420544,62899764,678,26,40,35,18609,17084,1208,0.052,3,500,0,0.000,0.000
100000,92,Rows,2980.659,294785024,116382060,657,27,41,37,18637,17112,1209,0.276,1042,500,0,69.075,308.313
100000,92,Rows,2983.294,296751104,60483636,652,27,41,36,18655,17125,1212,0.236,21,500,0,2411.261,220.276
100000,92,Rows,2983.508,296828928,61725988,653,28,41,37,18657,17126,1212,0.339,15,500,0,66.480,143.605
100000,92,Rows,2983.756,297152512,59784668,653,30,41,37,18660,17128,1213,0.281,15,500,0,75.126,167.610
100000,92,Rows,2983.958,297869312,61800936,653,32,41,37,18661,17129,1213,0.236,15,500,0,44.173,151.881
100000,92,Rows,2984.226,297000960,60001524,653,34,41,37,18664,17131,1214,0.258,15,500,0,72.341,192.059
100000,92,Rows,2984.457,297185280,59678092,653,36,41,37,18666,17133,1214,0.245,15,500,0,79.166,147.464
100000,92,Rows,2984.659,298106880,62075476,653,38,41,37,18667,17134,1214,0.287,15,500,0,43.239,155.168
100000,92,Rows,2984.929,297050112,60112940,653,40,41,37,18670,17136,1215,0.262,15,500,0,58.289,208.079
100000,92,Rows,2985.117,297594880,62093852,653,42,41,37,18671,17137,1215,0.242,15,500,0,44.990,139.372
100000,92,Grid,2985.663,239263744,62266728,653,46,41,37,18676,17140,1217,0.264,13,500,0,238.583,278.373
100000,92,Grid,2985.853,239263744,62330132,653,28,41,37,18678,17141,1217,0.267,13,500,0,65.152,121.267
100000,92,Grid,2986.049,239263744,62171656,653,30,41,37,18680,17142,1217,0.396,13,500,0,65.056,127.750
100000,92,Grid,2986.309,239493120,60439164,653,32,41,37,18683,17144,1218,0.349,13,500,0,65.684,188.395
100000,92,Grid,2986.516,239620096,60119336,653,34,41,37,18685,17146,1218,0.357,13,500,0,65.336,136.688
100000,92,Grid,2986.705,240128000,62602212,653,36,41,37,18686,17147,1218,0.236,13,500,0,55.836,126.289
100000,92,Grid,2986.950,239292416,60316260,653,38,41,37,18689,17149,1219,1.111,13,500,0,64.432,176.066
100000,92,Grid,2987.164,239603712,60433776,653,40,41,37,18691,17151,1219,0.248,13,500,0,68.838,141.286
100000,92,Grid,2987.343,239931392,62870628,653,42,41,37,18692,17152,1219,0.243,13,500,0,42.337,132.677
100000,92,Grid,2987.596,239345664,60461260,653,44,41,37,18695,17154,1220,0.254,13,500,0,79.247,170.164
100000,92,before_idle,2990.061,258035712,57023208,691,30,44,37,18710,17168,1221,0.262,17,500,0,0.000,0.000
100000,92,after_idle,3010.069,236449792,64374808,685,28,41,35,18807,17265,1221,0.061,1,500,0,0.000,0.000
100000,93,Rows,3013.156,297058304,117596636,657,27,41,37,18836,17293,1222,0.247,1042,500,0,88.972,303.363
100000,93,Rows,3015.556,302858240,60340148,652,28,41,36,18852,17309,1223,0.372,21,500,0,2170.098,225.870
100000,93,Rows,3015.792,300265472,60354448,653,29,41,37,18854,17311,1223,0.314,15,500,0,72.593,158.554
100000,93,Rows,3015.979,304697344,62722852,654,30,41,37,18855,17312,1223,0.268,15,500,0,44.966,138.004
100000,93,Rows,3016.234,304033792,60263520,653,32,41,37,18858,17314,1224,0.242,15,500,0,70.828,179.780
100000,93,Rows,3016.413,304455680,62202700,653,34,41,37,18859,17315,1224,0.251,15,500,0,44.032,131.027
100000,93,Rows,3016.672,303763456,60387480,653,36,41,37,18862,17317,1225,0.523,15,500,0,62.419,192.967
100000,93,Rows,3016.887,304070656,60273012,653,38,41,37,18864,17319,1225,0.245,15,500,0,69.083,141.876
100000,93,Rows,3017.078,304652288,62569596,653,40,41,37,18865,17320,1225,0.254,15,500,0,42.676,144.322
100000,93,Rows,3017.336,303812608,60422396,653,42,41,37,18868,17322,1226,0.291,15,500,0,66.585,187.848
100000,93,Grid,3017.703,303857664,60149320,653,46,41,37,18872,17324,1226,0.252,13,500,0,168.586,159.791
100000,93,Grid,3017.953,304869376,60482064,653,28,41,37,18874,17326,1227,0.267,13,500,0,43.442,202.759
100000,93,Grid,3018.210,303886336,60352328,653,30,41,37,18877,17328,1228,0.269,13,500,0,70.852,182.738
100000,93,Grid,3018.429,304103424,60208008,653,32,41,37,18879,17330,1228,0.242,13,500,0,72.718,141.099
100000,93,Grid,3018.624,304558080,62674352,653,34,41,37,18880,17331,1228,0.555,13,500,0,52.150,137.800
100000,93,Grid,3018.890,303763456,60378724,653,36,41,37,18883,17333,1229,0.695,13,500,0,81.015,180.512
100000,93,Grid,3019.104,304082944,60538284,653,38,41,37,18885,17335,1229,0.280,13,500,0,63.618,142.491
100000,93,Grid,3019.298,304353280,62947196,653,40,41,37,18886,17336,1229,0.250,13,500,0,51.609,136.307
100000,93,Grid,3019.556,303857664,60291724,653,42,41,37,18889,17338,1230,0.290,13,500,0,67.292,187.108
100000,93,Grid,3019.785,304025600,60845868,653,44,41,37,18891,17340,1230,0.253,13,500,0,68.855,153.782
100000,93,before_idle,3022.295,323690496,59066112,689,30,43,37,18906,17352,1231,0.263,15,500,0,0.000,0.000
100000,93,after_idle,3042.326,289161216,61079480,683,26,40,35,19004,17448,1231,0.047,3,500,0,0.000,0.000
100000,94,Rows,3045.359,310181888,114084636,657,27,41,37,19034,17476,1233,0.282,1042,500,0,109.284,315.111
100000,94,Rows,3047.891,312033280,60257816,652,27,41,36,19051,17490,1235,0.229,21,500,0,2276.877,251.740
100000,94,Rows,3048.129,312594432,60316716,653,28,41,37,19053,17492,1235,0.329,15,500,0,75.326,158.584
100000,94,Rows,3048.328,312733696,62665384,654,30,41,37,19054,17493,1235,0.441,15,500,0,53.494,141.293
100000,94,Rows,3048.602,312684544,60220068,653,32,41,37,19057,17495,1236,0.271,15,500,0,63.837,202.801
100000,94,Rows,3048.783,312725504,62169500,653,34,41,37,19058,17496,1236,0.279,15,500,0,35.579,141.167
100000,94,Rows,3049.049,313143296,60088460,653,36,41,37,19061,17498,1237,0.272,15,500,0,69.500,193.375
100000,94,Rows,3049.279,313151488,60283148,653,38,41,37,19063,17500,1237,0.259,15,500,0,75.655,150.245
100000,94,Rows,3049.467,313151488,62574700,653,40,41,37,19064,17501,1237,0.246,15,500,0,39.478,143.040
100000,94,Rows,3049.733,313151488,60276772,653,42,41,37,19067,17503,1238,0.376,15,500,0,68.353,193.122
100000,94,Grid,3050.095,313593856,60203968,653,46,41,37,19071,17505,1238,0.253,13,500,0,167.090,167.717
100000,94,Grid,3050.367,314040320,60259312,653,28,41,37,19073,17507,1239,0.265,13,500,0,49.215,219.133
100000,94,Grid,3050.574,314040320,61215136,653,30,41,37,19075,17508,1239,0.256,13,500,0,64.832,137.656
100000,94,Grid,3050.846,314040320,59996356,653,32,41,37,19078,17510,1240,0.250,13,500,0,69.381,197.816
100000,94,Grid,3051.041,314040320,62062648,653,34,41,37,19079,17511,1240,0.377,13,500,0,41.638,144.232
100000,94,Grid,3051.313,314040320,59992208,653,36,41,37,19082,17513,1241,0.255,13,500,0,73.814,193.706
100000,94,Grid,3051.541,314515456,60547776,653,38,41,37,19084,17515,1241,0.248,13,500,0,75.900,149.131
100000,94,Grid,3051.784,314515456,60507404,653,40,41,37,19086,17517,1242,0.274,13,500,0,42.150,196.924
100000,94,Grid,3051.992,314515456,61855640,653,42,41,37,19088,17518,1242,0.538,13,500,0,65.064,138.269
100000,94,Grid,3052.265,314515456,59761748,653,44,41,37,19091,17520,1243,0.692,13,500,0,64.073,204.119
100000,94,before_idle,3054.761,322310144,57036056,695,30,44,38,19106,17532,1244,0.248,18,500,0,0.000,0.000
100000,94,after_idle,3074.790,300421120,61589680,685,26,42,36,19204,17628,1244,0.091,3,500,0,0.000,0.000
100000,95,Rows,3077.804,313405440,116506976,662,27,42,38,19234,17656,1246,0.280,1042,500,0,71.330,318.421
100000,95,Rows,3080.304,309997568,60446924,657,27,42,37,19251,17669,1248,0.223,21,500,0,2268.827,227.737
100000,95,Rows,3080.539,310337536,61055784,658,28,42,38,19253,17671,1248,0.321,15,500,0,73.923,158.173
100000,95,Rows,3080.736,310607872,63240156,659,30,42,38,19254,17672,1248,0.248,15,500,0,42.904,149.323
100000,95,Rows,3080.995,310120448,60168200,658,32,42,38,19257,17674,1249,0.263,15,500,0,59.057,195.981
100000,95,Rows,3081.224,310292480,60465832,658,34,42,38,19259,17676,1249,0.552,15,500,0,71.412,152.512
100000,95,Rows,3081.415,310800384,62729864,658,36,42,38,19260,17677,1249,0.243,15,500,0,42.350,140.377
100000,95,Rows,3081.702,310013952,60050164,658,38,42,38,19263,17679,1250,0.269,15,500,0,76.507,207.103
100000,95,Rows,3081.916,310349824,60249580,658,40,42,38,19265,17681,1250,2.032,15,500,0,61.577,146.684
100000,95,Rows,3082.105,310951936,62557648,658,42,42,38,19266,17682,1250,0.249,15,500,0,42.250,141.567
100000,95,Grid,3082.643,236654592,62272100,658,46,42,38,19271,17685,1252,0.249,13,500,0,237.857,275.853
100000,95,Grid,3082.841,236654592,62297704,658,28,42,38,19273,17686,1252,0.867,13,500,0,65.399,127.655
100000,95,Grid,3083.099,236670976,60458516,658,30,42,38,19276,17688,1253,0.252,13,500,0,67.239,186.899
100000,95,Grid,3083.314,236998656,60272604,658,32,42,38,19278,17690,1253,0.283,13,500,0,70.803,139.743
100000,95,Grid,3083.497,237420544,62736992,658,34,42,38,19279,17691,1253,0.232,13,500,0,40.001,138.406
100000,95,Grid,3083.745,237228032,60461012,658,36,42,38,19282,17693,1254,0.251,13,500,0,69.027,175.599
100000,95,Grid,3083.955,237551616,60527412,658,38,42,38,19284,17695,1254,0.265,13,500,0,62.147,143.889
100000,95,Grid,3084.133,237821952,62945160,658,40,42,38,19285,17696,1254,0.253,13,500,0,42.968,131.530
100000,95,Grid,3084.384,237449216,60356652,658,42,42,38,19288,17698,1255,0.272,13,500,0,68.632,179.374
100000,95,Grid,3084.618,237637632,60832628,658,44,42,38,19290,17700,1255,0.233,13,500,0,70.084,160.143
100000,95,before_idle,3087.008,257626112,58945520,695,30,44,38,19305,17712,1256,0.189,17,500,0,0.000,0.000
100000,95,after_idle,3107.027,235802624,61080188,686,28,42,37,19403,17808,1256,0.096,1,500,0,0.000,0.000
100000,96,Rows,3109.961,295993344,118904416,663,27,42,38,19432,17836,1257,0.374,1042,500,0,121.075,278.169
100000,96,Rows,3110.122,296726528,99575900,663,28,42,38,19434,17838,1258,0.297,802,500,0,9.980,147.602
100000,96,Rows,3112.541,295940096,88344728,652,29,41,36,19450,17851,1259,0.459,21,500,0,2287.070,128.205
100000,96,Rows,3112.863,295968768,60151032,653,29,41,37,19453,17853,1260,0.337,12,500,0,86.073,229.585
100000,96,Rows,3113.095,296267776,60322828,654,30,41,37,19455,17855,1260,0.246,12,500,0,80.435,148.315
100000,96,Rows,3113.297,296775680,62702024,653,32,41,37,19456,17856,1260,0.244,12,500,0,48.225,149.777
100000,96,Rows,3113.575,295944192,60469912,653,34,41,37,19459,17858,1261,0.256,12,500,0,76.991,197.073
100000,96,Rows,3113.808,296304640,60353088,653,36,41,37,19461,17860,1261,0.240,12,500,0,80.307,147.813
100000,96,Rows,3114.005,296792064,62741628,653,38,41,37,19462,17861,1261,0.290,12,500,0,46.061,142.454
100000,96,Rows,3114.289,295931904,60459236,653,40,41,37,19465,17863,1262,0.249,12,500,0,76.415,201.479
100000,96,Grid,3114.686,296026112,60393180,653,44,41,37,19469,17865,1262,0.274,10,500,0,202.216,161.334
100000,96,Grid,3114.938,296796160,60297300,653,46,41,37,19471,17867,1263,0.278,10,500,0,40.312,208.084
100000,96,Grid,3115.162,296939520,61581184,653,28,41,37,19473,17868,1263,0.240,10,500,0,74.409,144.058
100000,96,Grid,3115.418,296341504,60396964,653,30,41,37,19476,17871,1264,0.325,10,500,0,69.976,181.493
100000,96,Grid,3115.612,296620032,63096288,653,32,41,37,19477,17872,1264,0.564,10,500,0,77.514,108.791
100000,96,Grid,3115.889,296099840,60282816,653,34,41,37,19480,17874,1265,0.262,10,500,0,74.173,197.167
100000,96,Grid,3116.107,296296448,61530228,653,36,41,37,19482,17875,1265,0.274,10,500,0,72.889,141.417
100000,96,Grid,3116.379,296366080,60292700,653,38,41,37,19485,17878,1266,0.508,10,500,0,79.043,189.230
100000,96,Grid,3116.572,296677376,62921824,653,40,41,37,19486,17879,1266,0.256,10,500,0,47.380,138.272
100000,96,Grid,3116.835,296054784,60470280,653,42,41,37,19489,17881,1267,0.275,10,500,0,73.502,185.458
100000,96,before_idle,3119.038,315154432,57036388,689,30,43,37,19504,17896,1268,0.277,18,500,0,0.000,0.000
100000,96,after_idle,3139.062,293216256,60329256,680,26,41,35,19608,17999,1268,0.062,3,500,0,0.000,0.000
100000,97,Rows,3141.949,312135680,118047076,657,27,41,37,19637,18027,1269,0.286,1042,500,0,92.398,287.928
100000,97,Rows,3144.350,313339904,60251464,652,27,41,36,19655,18039,1272,0.235,21,500,0,2158.833,238.557
100000,97,Rows,3144.603,313573376,60492744,653,28,41,37,19657,18041,1272,0.320,15,500,0,69.707,179.917
100000,97,Rows,3144.785,314245120,62802756,654,30,41,37,19658,18042,1272,0.286,15,500,0,36.506,142.185
100000,97,Rows,3145.074,313413632,59822084,653,32,41,37,19661,18044,1273,0.300,15,500,0,71.778,212.856
100000,97,Rows,3145.262,313630720,56838720,653,34,41,37,19663,18046,1273,0.255,15,500,0,74.635,109.661
100000,97,Rows,3145.533,313221120,60206148,653,36,41,37,19665,18047,1274,0.248,15,500,0,42.412,202.215
100000,97,Rows,3145.743,313417728,61177332,653,38,41,37,19667,18048,1274,0.261,15,500,0,69.326,136.088
100000,97,Rows,3146.016,313532416,59828104,653,40,41,37,19670,18050,1275,0.384,15,500,0,71.340,197.658
100000,97,Rows,3146.209,314220544,61765036,653,42,41,37,19671,18051,1275,0.548,15,500,0,47.155,141.080
100000,97,Grid,3146.639,313384960,59923908,653,46,41,37,19676,18053,1276,0.709,13,500,0,191.790,202.083
100000,97,Grid,3146.868,313606144,59760352,653,28,41,37,19678,18055,1276,0.262,13,500,0,77.171,145.114
100000,97,Grid,3147.056,314310656,62307332,653,30,41,37,19679,18056,1276,0.244,13,500,0,42.099,142.097
100000,97,Grid,3147.348,313409536,60034936,653,32,41,37,19682,18058,1277,0.268,13,500,0,82.753,206.031
100000,97,Grid,3147.571,313585664,60073412,653,34,41,37,19684,18060,1277,0.264,13,500,0,65.933,152.800
100000,97,Grid,3147.762,314122240,62573940,653,36,41,37,19685,18061,1277,0.243,13,500,0,43.174,144.056
100000,97,Grid,3148.038,313270272,60253008,653,38,41,37,19688,18063,1278,0.361,13,500,0,71.666,201.417
100000,97,Grid,3148.258,313540608,60322280,653,40,41,37,19690,18065,1278,0.265,13,500,0,68.075,142.994
100000,97,Grid,3148.448,313917440,62776848,653,42,41,37,19691,18066,1278,0.263,13,500,0,48.145,137.274
100000,97,Grid,3148.726,313290752,60220532,653,44,41,37,19694,18068,1279,0.246,13,500,0,71.197,203.326
100000,97,before_idle,3151.299,331968512,57877080,692,30,44,37,19707,18081,1280,0.371,35,500,0,0.000,0.000
100000,97,after_idle,3171.317,310390784,64619320,681,28,41,36,19807,18180,1280,0.599,1,500,0,0.000,0.000
100000,98,Rows,3174.343,314540032,107002444,658,27,41,38,19839,18209,1283,0.279,1042,500,0,110.872,293.789
100000,98,Rows,3176.912,311767040,59944224,652,27,41,37,19856,18222,1285,0.235,21,500,0,2318.208,247.462
100000,98,Rows,3177.150,311582720,60420192,653,28,41,38,19858,18224,1285,0.434,15,500,0,68.545,164.947
100000,98,Rows,3177.347,312188928,62736132,653,30,41,38,19859,18225,1285,0.235,15,500,0,48.776,141.520
100000,98,Rows,3177.667,311255040,60388888,653,32,41,38,19862,18228,1286,0.270,15,500,0,69.430,247.037
100000,98,Rows,3177.852,311320576,62634092,653,34,41,38,19863,18229,1286,0.243,15,500,0,39.475,141.875
100000,98,Rows,3178.143,311255040,60035652,653,36,41,38,19866,18231,1287,0.321,15,500,0,78.814,208.686
100000,98,Rows,3178.368,311263232,60576384,653,38,41,38,19868,18233,1287,0.268,15,500,0,75.636,145.071
100000,98,Rows,3178.559,311451648,62830532,653,40,41,38,19869,18234,1287,0.239,15,500,0,43.123,143.589
100000,98,Rows,3178.838,311263232,60025632,653,42,41,38,19872,18236,1288,0.253,15,500,0,73.773,201.695
100000,98,Grid,3179.205,311263232,60434316,653,46,41,38,19876,18238,1288,0.249,13,500,0,197.103,152.470
100000,98,Grid,3179.468,311603200,60347016,653,28,41,38,19878,18240,1289,0.269,13,500,0,44.980,214.886
100000,98,Grid,3179.684,311603200,61472016,653,30,41,38,19880,18241,1289,0.251,13,500,0,74.581,137.366
100000,98,Grid,3179.967,311263232,60238012,653,32,41,38,19883,18243,1290,0.256,13,500,0,74.332,204.509
100000,98,Grid,3180.170,311328768,62328624,653,34,41,38,19884,18244,1290,0.235,13,500,0,45.419,154.373
100000,98,Grid,3180.447,311263232,59948980,653,36,41,38,19887,18246,1291,0.683,13,500,0,71.469,201.894
100000,98,Grid,3180.660,311263232,61486084,653,38,41,38,19889,18247,1291,0.280,13,500,0,71.168,135.679
100000,98,Grid,3180.940,311263232,59877412,653,40,41,38,19892,18249,1292,0.250,13,500,0,69.920,203.485
100000,98,Grid,3181.142,311635968,61951272,653,42,41,38,19893,18250,1292,0.260,13,500,0,47.299,145.976
100000,98,Grid,3181.437,311263232,60159436,653,44,41,38,19896,18252,1293,0.312,13,500,0,73.086,217.470
100000,98,before_idle,3183.654,329875456,57030348,691,30,43,38,19911,18266,1294,0.183,18,500,0,0.000,0.000
100000,98,after_idle,3203.701,307855360,58997940,680,26,40,36,20010,18363,1294,0.052,3,500,0,0.000,0.000
100000,99,Rows,3206.584,314650624,118998516,659,27,41,38,20040,18391,1296,0.290,1042,500,0,95.136,295.809
100000,99,Rows,3209.019,319303680,60033992,654,28,41,37,20056,18407,1297,0.336,21,500,0,2188.809,241.996
100000,99,Rows,3209.235,319971328,60810604,655,29,41,38,20058,18409,1297,0.315,15,500,0,70.105,142.179
100000,99,Rows,3209.424,320401408,63036280,656,30,41,38,20059,18410,1297,0.264,15,500,0,44.898,140.591
100000,99,Rows,3209.688,319606784,60113488,655,32,41,38,20062,18413,1298,0.249,15,500,0,69.329,191.285
100000,99,Rows,3209.915,319938560,60269648,655,34,41,38,20064,18415,1298,0.241,15,500,0,63.227,153.582
100000,99,Rows,3210.094,320598016,62581224,655,36,41,38,20065,18416,1298,0.274,15,500,0,37.053,138.447
100000,99,Rows,3210.387,319733760,60088552,655,38,41,38,20068,18419,1299,0.263,15,500,0,75.843,214.028
100000,99,Rows,3210.612,320016384,60152964,655,40,41,38,20070,18421,1299,0.609,15,500,0,75.468,144.880
100000,99,Rows,3210.805,320786432,62487852,655,42,41,38,20071,18422,1299,0.238,15,500,0,48.291,138.813
100000,99,Grid,3211.196,319672320,60432300,655,46,41,38,20076,18427,1300,0.259,13,500,0,178.755,183.045
100000,99,Grid,3211.386,320204800,63297848,655,28,41,38,20077,18428,1300,0.252,13,500,0,75.775,110.253
100000,99,Grid,3211.657,319635456,60178704,655,30,41,38,20080,18431,1301,0.282,13,500,0,64.634,203.235
100000,99,Grid,3211.872,319623168,61900988,655,32,41,38,20082,18433,1301,2.993,13,500,0,69.817,137.744
100000,99,Grid,3212.134,319909888,60046092,655,34,41,38,20085,18436,1302,0.281,13,500,0,57.869,200.424
100000,99,Grid,3212.331,320348160,62535688,655,36,41,38,20086,18437,1302,0.313,13,500,0,45.381,147.554
100000,99,Grid,3212.604,319594496,60057800,655,38,41,38,20089,18440,1303,0.296,13,500,0,63.401,204.466
100000,99,Grid,3212.831,319922176,60763512,655,40,41,38,20091,18442,1303,0.243,13,500,0,85.007,137.727
100000,99,Grid,3213.081,320172032,60617820,655,42,41,38,20093,18444,1304,0.258,13,500,0,47.370,199.026
100000,99,Grid,3213.286,319545344,62501060,655,44,41,38,20095,18446,1304,0.249,13,500,0,72.379,128.794
100000,99,before_idle,3215.583,338501632,60631576,692,30,43,38,20111,18462,1305,0.411,17,500,0,0.000,0.000
100000,99,after_idle,3235.603,317239296,62947480,682,26,41,37,20209,18560,1305,0.176,1,500,0,0.000,0.000
100000,100,Rows,3238.637,325775360,111612628,661,27,42,38,20239,18587,1308,0.289,1042,500,0,92.083,300.750
100000,100,Rows,3241.415,319004672,59982504,656,27,42,37,20258,18602,1311,0.235,21,500,0,2521.670,247.513
100000,100,Rows,3241.614,320020480,62610228,657,28,42,38,20259,18603,1311,0.403,15,500,0,41.077,153.804
100000,100,Rows,3241.886,319176704,59872464,657,30,42,38,20262,18605,1312,0.405,15,500,0,59.914,208.741
100000,100,Rows,3242.133,319537152,60210496,657,32,42,38,20264,18607,1312,0.261,15,500,0,86.354,155.313
100000,100,Rows,3242.327,320180224,62529892,657,34,42,38,20265,18608,1312,0.228,15,500,0,37.275,153.915
100000,100,Rows,3242.626,319344640,59936316,657,36,42,38,20268,18610,1313,0.258,15,500,0,77.237,218.067
100000,100,Rows,3242.852,319639552,59960848,657,38,42,38,20270,18612,1313,0.269,15,500,0,71.688,150.858
100000,100,Rows,3243.064,320401408,62327296,657,40,42,38,20271,18613,1313,0.241,15,500,0,43.435,164.382
100000,100,Rows,3243.362,319475712,59746932,657,42,42,38,20274,18615,1314,0.418,15,500,0,67.913,224.920
100000,100,Grid,3243.699,319754240,62491084,657,46,42,38,20277,18617,1314,0.279,13,500,0,194.718,125.042
100000,100,Grid,3243.990,319664128,59861156,657,28,42,38,20280,18619,1315,0.320,13,500,0,78.357,208.719
100000,100,Grid,3244.226,319959040,60476580,657,30,42,38,20282,18621,1315,0.246,13,500,0,76.607,155.241
100000,100,Grid,3244.429,320262144,62895300,657,32,42,38,20283,18622,1315,0.398,13,500,0,54.665,144.756
100000,100,Grid,3244.723,319762432,60338708,657,34,42,38,20286,18624,1316,0.263,13,500,0,80.078,207.949
100000,100,Grid,3244.956,319930368,60841656,657,36,42,38,20288,18626,1316,0.262,13,500,0,74.466,154.577
100000,100,Grid,3245.241,320229376,59408512,657,38,42,38,20291,18628,1317,0.291,13,500,0,79.384,201.060
100000,100,Grid,3245.452,320958464,61497776,657,40,42,38,20292,18629,1317,0.260,13,500,0,46.738,160.391
100000,100,Grid,3245.733,320385024,60258016,657,42,42,38,20295,18632,1318,0.249,13,500,0,66.574,211.107
100000,100,Grid,3245.933,320675840,62697260,657,44,42,38,20296,18633,1318,0.362,13,500,0,50.182,145.917
100000,100,before_idle,3248.240,336224256,57997784,694,30,44,38,20312,18647,1320,0.446,16,500,0,0.000,0.000
100000,100,after_idle,3268.284,315166720,58178492,671,26,41,36,20410,18744,1320,0.043,3,500,0,0.000,0.000
100000,101,Rows,3271.241,320389120,118497348,659,27,41,37,20440,18771,1323,0.317,1042,500,0,116.941,276.847
100000,101,Rows,3273.895,315219968,59859792,653,27,41,36,20459,18784,1326,0.246,21,500,0,2413.530,236.566
100000,101,Rows,3274.099,317050880,62488004,654,28,41,37,20460,18785,1326,0.628,15,500,0,49.207,147.483
100000,101,Rows,3274.386,316207104,60033984,654,30,41,37,20463,18787,1327,0.282,15,500,0,72.798,209.652
100000,101,Rows,3274.624,316997632,60059648,654,32,41,37,20465,18789,1327,0.830,15,500,0,80.076,152.411
100000,101,Rows,3274.834,317706240,62400816,654,34,41,37,20466,18790,1327,0.244,15,500,0,51.520,152.118
100000,101,Rows,3275.121,316833792,59916768,654,36,41,37,20469,18792,1328,0.269,15,500,0,67.112,216.354
100000,101,Rows,3275.360,317120512,59798888,654,38,41,37,20471,18794,1328,0.287,15,500,0,79.862,155.189
100000,101,Rows,3275.551,317902848,62197356,654,40,41,37,20472,18795,1328,0.262,15,500,0,42.741,145.430
100000,101,Rows,3275.833,316899328,60141772,654,42,41,37,20475,18797,1329,0.287,15,500,0,76.137,201.915
100000,101,Grid,3276.176,317169664,61836460,654,46,41,37,20478,18799,1329,0.343,13,500,0,181.184,132.511
100000,101,Grid,3276.464,317390848,60167172,654,28,41,37,20481,18801,1330,0.257,13,500,0,78.905,204.671
100000,101,Grid,3276.660,317702144,62233544,654,30,41,37,20482,18802,1330,0.263,13,500,0,55.145,137.012
100000,101,Grid,3276.938,317165568,59902820,654,32,41,37,20485,18804,1331,0.261,13,500,0,66.292,208.328
100000,101,Grid,3277.172,317853696,60787576,654,34,41,37,20487,18806,1331,0.252,13,500,0,84.490,144.934
100000,101,Grid,3277.456,318103552,59386332,654,36,41,37,20490,18808,1332,0.245,13,500,0,79.280,201.018
100000,101,Grid,3277.660,318869504,61475192,654,38,41,37,20491,18809,1332,0.237,13,500,0,51.389,149.073
100000,101,Grid,3277.947,317857792,60226140,654,40,41,37,20494,18812,1333,0.256,13,500,0,72.934,211.079
100000,101,Grid,3278.140,318144512,62661748,654,42,41,37,20495,18813,1333,0.258,13,500,0,46.536,142.339
100000,101,Grid,3278.426,317632512,60028136,654,44,41,37,20498,18815,1334,0.267,13,500,0,74.661,206.199
100000,101,before_idle,3280.773,336429056,85414004,690,30,43,37,20512,18829,1335,0.247,18,500,0,0.000,0.000
100000,101,after_idle,3300.799,314875904,61678732,680,28,41,35,20610,18926,1335,0.052,3,500,0,0.000,0.000
100000,102,Rows,3303.863,320000000,121019148,657,27,41,37,20639,18953,1337,0.305,1042,500,0,85.872,301.262
100000,102,Rows,3306.516,316731392,60094816,652,27,41,36,20658,18967,1340,0.376,21,500,0,2402.377,246.171
100000,102,Rows,3306.751,317181952,60441844,653,28,41,37,20660,18969,1340,0.316,15,500,0,82.688,148.687
100000,102,Rows,3306.952,317890560,62759320,653,30,41,37,20661,18970,1340,0.228,15,500,0,51.273,144.339
100000,102,Rows,3307.237,317026304,59389600,653,32,41,37,20664,18973,1341,0.332,15,500,0,76.806,204.835
100000,102,Rows,3307.436,317345792,62617064,653,34,41,37,20665,18974,1341,1.838,15,500,0,50.117,142.624
100000,102,Rows,3307.726,316850176,59863036,653,36,41,37,20668,18976,1342,0.260,15,500,0,76.427,207.399
100000,102,Rows,3307.961,317063168,60540864,653,38,41,37,20670,18978,1342,0.269,15,500,0,77.399,153.525
100000,102,Rows,3308.142,317501440,62803184,653,40,41,37,20671,18979,1342,0.243,15,500,0,38.507,138.693
100000,102,Rows,3308.435,316751872,59963116,653,42,41,37,20674,18981,1343,3.076,15,500,0,76.033,210.645
100000,102,Grid,3308.809,316846080,60398000,653,46,41,37,20678,18983,1343,0.245,13,500,0,203.785,140.662
100000,102,Grid,3309.014,317788160,62759372,653,28,41,37,20679,18984,1343,0.236,13,500,0,53.977,146.387
100000,102,Grid,3309.304,317087744,60225316,653,30,41,37,20682,18986,1344,0.471,13,500,0,82.368,203.295
100000,102,Grid,3309.540,317386752,60403060,653,32,41,37,20684,18988,1344,0.246,13,500,0,72.730,155.512
100000,102,Grid,3309.734,317730816,62849004,653,34,41,37,20685,18989,1344,0.267,13,500,0,45.291,145.549
100000,102,Grid,3310.016,317038592,60000656,653,36,41,37,20688,18991,1345,0.689,13,500,0,71.493,205.429
100000,102,Grid,3310.251,317370368,60739788,653,38,41,37,20690,18993,1345,0.256,13,500,0,77.281,152.384
100000,102,Grid,3310.505,317644800,56714208,653,40,41,37,20693,18995,1346,0.267,13,500,0,50.717,198.814
100000,102,Grid,3310.716,317644800,61967216,653,42,41,37,20694,18996,1346,0.251,13,500,0,46.388,130.358
100000,102,Grid,3310.998,317071360,60269048,653,44,41,37,20697,18998,1347,0.250,13,500,0,68.203,210.041
100000,102,before_idle,3313.540,336216064,57037672,691,30,44,37,20712,19012,1348,0.394,18,500,0,0.000,0.000
100000,102,after_idle,3333.567,314220544,59004608,679,26,41,35,20811,19109,1348,0.103,3,500,0,0.000,0.000
100000,103,Rows,3336.483,319541248,119089108,656,27,41,37,20840,19136,1350,0.448,1042,500,0,114.224,272.968
100000,103,Rows,3338.868,317730816,60440096,651,27,41,36,20857,19150,1352,0.233,21,500,0,2151.195,230.404
100000,103,Rows,3339.103,318107648,60705636,652,28,41,37,20859,19152,1352,0.383,15,500,0,72.384,158.737
100000,103,Rows,3339.293,318631936,62957812,653,30,41,37,20860,19153,1352,0.264,15,500,0,54.278,131.679
100000,103,Rows,3339.583,317816832,60319396,652,32,41,37,20863,19155,1353,0.273,15,500,0,72.799,213.003
100000,103,Rows,3339.816,318119936,60007808,652,34,41,37,20865,19157,1353,0.376,15,500,0,75.400,153.694
100000,103,Rows,3340.014,318865408,62357368,652,36,41,37,20866,19158,1353,0.363,15,500,0,47.167,144.336
100000,103,Rows,3340.302,317980672,59914148,652,38,41,37,20869,19160,1354,0.268,15,500,0,72.668,206.671
100000,103,Rows,3340.540,318259200,59763560,652,40,41,37,20871,19162,1354,0.367,15,500,0,76.590,157.856
100000,103,Rows,3340.739,319057920,62154224,652,42,41,37,20872,19163,1354,0.239,15,500,0,53.071,139.742
100000,103,Grid,3341.297,237244416,62259432,652,46,41,37,20877,19166,1356,0.243,13,500,0,233.067,293.857
100000,103,Grid,3341.500,237244416,62308676,652,28,41,37,20879,19167,1356,0.279,13,500,0,68.062,130.839
100000,103,Grid,3341.753,237506560,60451092,652,30,41,37,20882,19169,1357,0.304,13,500,0,67.567,181.188
100000,103,Grid,3341.985,237907968,60882208,652,32,41,37,20884,19171,1357,0.244,13,500,0,75.157,151.251
100000,103,Grid,3342.241,238292992,59388036,652,34,41,37,20887,19173,1358,0.293,13,500,0,77.706,174.247
100000,103,Grid,3342.428,239001600,61475520,652,36,41,37,20888,19174,1358,0.285,13,500,0,37.613,145.875
100000,103,Grid,3342.692,237993984,60296928,652,38,41,37,20891,19176,1359,0.244,13,500,0,73.975,186.007
100000,103,Grid,3342.874,238280704,62439660,652,40,41,37,20892,19177,1359,0.242,13,500,0,45.629,133.362
100000,103,Grid,3343.120,237727744,60355132,652,42,41,37,20895,19179,1360,0.260,13,500,0,67.463,175.131
100000,103,Grid,3343.324,237834240,61550876,652,44,41,37,20897,19180,1360,0.247,13,500,0,64.723,135.485
100000,103,before_idle,3345.767,257822720,59275060,691,30,44,37,20912,19191,1361,0.451,15,500,0,0.000,0.000
100000,103,after_idle,3365.787,236847104,60144084,681,26,41,35,21010,19289,1361,0.059,1,500,0,0.000,0.000
100000,104,Rows,3368.673,296386560,119881268,658,27,41,37,21038,19316,1362,0.274,1042,500,0,100.136,275.699
100000,104,Rows,3371.386,298266624,60216164,653,27,41,36,21057,19330,1365,0.227,21,500,0,2495.090,213.709
100000,104,Rows,3371.579,298835968,62842076,654,28,41,37,21058,19331,1365,0.391,15,500,0,48.634,140.972
100000,104,Rows,3371.847,298295296,60060352,654,30,41,37,21061,19333,1366,0.237,15,500,0,78.200,185.464
100000,104,Rows,3372.075,298500096,60496528,654,32,41,37,21063,19335,1366,0.249,15,500,0,71.022,153.955
100000,104,Rows,3372.272,298962944,62760200,654,34,41,37,21064,19336,1366,0.247,15,500,0,46.527,146.643
100000,104,Rows,3372.544,298196992,60372828,654,36,41,37,21067,19338,1367,0.251,15,500,0,64.941,203.298
100000,104,Rows,3372.774,298549248,60227124,654,38,41,37,21069,19340,1367,0.319,15,500,0,79.248,147.454
100000,104,Rows,3372.960,299163648,62540736,654,40,41,37,21070,19341,1367,0.241,15,500,0,36.636,145.603
100000,104,Rows,3373.242,298299392,60182676,654,42,41,37,21073,19343,1368,0.250,15,500,0,71.060,206.867
100000,104,Grid,3373.613,298291200,60095856,654,46,41,37,21077,19345,1368,0.858,13,500,0,178.529,175.892
100000,104,Grid,3373.794,299356160,62460188,654,28,41,37,21078,19346,1368,0.250,13,500,0,36.933,140.940
100000,104,Grid,3374.062,298430464,60162304,654,30,41,37,21081,19348,1369,0.272,13,500,0,68.417,195.636
100000,104,Grid,3374.299,298627072,59925252,654,32,41,37,21083,19350,1369,0.250,13,500,0,83.533,150.291
100000,104,Grid,3374.492,299245568,62452936,654,34,41,37,21084,19351,1369,0.239,13,500,0,45.329,144.073
100000,104,Grid,3374.765,298393600,60099980,654,36,41,37,21087,19353,1370,0.504,13,500,0,67.320,201.595
100000,104,Grid,3374.996,298577920,60187884,654,38,41,37,21089,19355,1370,0.245,13,500,0,72.783,151.972
100000,104,Grid,3375.194,299048960,62668100,654,40,41,37,21090,19356,1370,0.259,13,500,0,46.866,147.067
100000,104,Grid,3375.461,298213376,60273240,654,42,41,37,21093,19358,1371,0.285,13,500,0,74.092,189.721
100000,104,Grid,3375.696,298516480,60464500,654,44,41,37,21095,19360,1371,0.244,13,500,0,77.099,153.514
100000,104,before_idle,3378.169,318308352,59369508,690,30,43,37,21110,19374,1373,0.510,16,500,0,0.000,0.000
100000,104,after_idle,3398.176,296566784,62272788,675,26,41,36,21207,19470,1373,0.059,1,500,0,0.000,0.000
100000,105,Rows,3401.095,312365056,116834160,658,27,41,37,21237,19498,1375,0.280,1042,500,0,77.862,306.684
100000,105,Rows,3403.499,314404864,60405048,653,27,41,36,21254,19511,1377,0.266,21,500,0,2161.672,238.513
100000,105,Rows,3403.742,314761216,60412464,654,28,41,37,21256,19513,1377,0.321,15,500,0,77.097,160.936
100000,105,Rows,3403.928,315490304,62742188,655,30,41,37,21257,19514,1377,0.253,15,500,0,44.397,138.327
100000,105,Rows,3404.199,314605568,60293180,654,32,41,37,21260,19516,1378,0.391,15,500,0,71.833,194.074
100000,105,Rows,3404.386,315006976,62232008,654,34,41,37,21261,19517,1378,0.234,15,500,0,44.006,139.191
100000,105,Rows,3404.677,314343424,60240496,654,36,41,37,21264,19519,1379,0.358,15,500,0,71.650,215.135
100000,105,Rows,3404.907,314638336,60337752,654,38,41,37,21266,19521,1379,0.267,15,500,0,66.209,151.069
100000,105,Rows,3405.098,315183104,62625880,654,40,41,37,21267,19522,1379,0.312,15,500,0,52.032,135.189
100000,105,Rows,3405.400,314347520,59855080,654,42,41,37,21270,19524,1380,0.236,15,500,0,72.704,223.016
100000,105,Grid,3405.768,314437632,60328120,654,46,41,37,21274,19526,1380,0.332,13,500,0,189.832,149.565
100000,105,Grid,3405.978,315334656,62633616,654,28,41,37,21275,19527,1380,0.268,13,500,0,54.356,152.586
100000,105,Grid,3406.256,314478592,60251040,654,30,41,37,21278,19529,1381,0.254,13,500,0,67.613,206.282
100000,105,Grid,3406.485,314777600,60252120,654,32,41,37,21280,19531,1381,0.245,13,500,0,73.864,151.118
100000,105,Grid,3406.684,315142144,62724920,654,34,41,37,21281,19532,1381,0.256,13,500,0,45.843,149.276
100000,105,Grid,3406.945,314343424,60103172,654,36,41,37,21284,19534,1382,0.253,13,500,0,64.113,193.505
100000,105,Grid,3407.163,314658816,60559176,654,38,41,37,21286,19536,1382,0.250,13,500,0,64.226,149.795
100000,105,Grid,3407.400,314920960,60451684,654,40,41,37,21288,19538,1383,0.288,13,500,0,41.977,190.800
100000,105,Grid,3407.589,314920960,61804348,654,42,41,37,21290,19539,1383,0.252,13,500,0,60.183,124.848
100000,105,Grid,3407.847,314515456,59938748,654,44,41,37,21293,19541,1384,0.244,13,500,0,67.839,186.060
100000,105,before_idle,3410.319,308637696,57033788,690,30,43,37,21308,19553,1385,0.286,18,500,0,0.000,0.000
100000,105,after_idle,3430.346,287019008,61546724,683,28,40,35,21406,19649,1385,0.047,3,500,0,0.000,0.000
100000,106,Rows,3433.253,314486784,118661272,657,27,41,37,21435,19677,1386,0.300,1042,500,0,118.258,273.119
100000,106,Rows,3435.726,319565824,59859284,652,28,41,36,21452,19694,1387,0.430,21,500,0,2211.189,252.195
100000,106,Rows,3435.917,320868352,62561856,653,29,41,37,21453,19695,1387,0.445,15,500,0,47.049,140.182
100000,106,Rows,3436.204,320000000,60390848,654,30,41,37,21456,19698,1388,0.285,15,500,0,68.200,214.221
100000,106,Rows,3436.438,320307200,60138364,653,32,41,37,21458,19700,1388,0.242,15,500,0,71.812,158.949
100000,106,Rows,3436.635,321064960,62477540,653,34,41,37,21459,19701,1388,0.233,15,500,0,43.839,149.315
100000,106,Rows,3436.880,320151552,60485992,653,36,41,37,21462,19704,1389,0.260,15,500,0,64.467,177.627
100000,106,Rows,3437.117,322121728,59988528,653,38,41,37,21464,19706,1389,0.270,15,500,0,46.349,184.069
100000,106,Rows,3437.316,320921600,63059136,653,40,41,37,21465,19707,1389,0.998,15,500,0,45.751,148.714
100000,106,Rows,3437.599,320204800,59966712,653,42,41,37,21468,19710,1390,0.273,15,500,0,71.857,207.330
100000,106,Grid,3437.975,320266240,60457244,653,46,41,37,21472,19714,1390,0.253,13,500,0,198.520,148.696
100000,106,Grid,3438.162,321093632,63076876,653,28,41,37,21473,19715,1390,0.254,13,500,0,44.947,138.498
100000,106,Grid,3438.451,320237568,60271792,653,30,41,37,21476,19718,1391,0.275,13,500,0,75.645,209.899
100000,106,Grid,3438.680,320536576,60528784,653,32,41,37,21478,19720,1391,0.313,13,500,0,78.363,144.655
100000,106,Grid,3438.863,309923840,62960008,653,34,41,37,21479,19721,1391,0.268,13,500,0,38.047,137.502
100000,106,Grid,3439.144,318140416,59866500,653,36,41,37,21482,19724,1392,0.278,13,500,0,74.527,202.723
100000,106,Grid,3439.369,318525440,60785460,653,38,41,37,21484,19726,1392,0.437,13,500,0,66.224,152.165
100000,106,Grid,3439.613,318779392,60425288,653,40,41,37,21486,19728,1393,0.265,13,500,0,43.483,192.553
100000,106,Grid,3439.816,318779392,62557620,653,42,41,37,21488,19730,1393,0.274,13,500,0,68.545,128.647
100000,106,Grid,3440.100,318308352,60178336,653,44,41,37,21491,19733,1394,2.320,13,500,0,72.647,205.885
100000,106,before_idle,3442.661,337289216,57041172,690,30,43,37,21506,19748,1395,0.275,18,500,0,0.000,0.000
100000,106,after_idle,3462.674,315666432,61920008,683,28,40,35,21604,19846,1395,0.046,3,500,0,0.000,0.000
100000,107,Rows,3465.648,322650112,117314040,657,27,41,37,21634,19873,1398,0.281,1042,500,0,97.795,267.845
100000,107,Rows,3468.280,316260352,60077852,651,27,41,36,21653,19887,1401,0.237,21,500,0,2354.522,273.804
100000,107,Rows,3468.534,317485056,60102352,652,28,41,37,21655,19889,1401,0.318,15,500,0,84.095,166.678
100000,107,Rows,3468.736,318464000,62491592,652,30,41,37,21656,19890,1401,0.249,15,500,0,38.840,158.123
100000,107,Rows,3469.019,317366272,59984616,652,32,41,37,21659,19892,1402,0.272,15,500,0,75.246,204.886
100000,107,Rows,3469.204,317968384,61933384,652,34,41,37,21660,19893,1402,0.247,15,500,0,45.477,135.523
100000,107,Rows,3469.506,317132800,60201868,652,36,41,37,21663,19895,1403,0.288,15,500,0,81.664,216.411
100000,107,Rows,3469.735,317411328,59935132,652,38,41,37,21665,19897,1403,0.248,15,500,0,73.702,148.690
100000,107,Rows,3469.922,318177280,62298768,652,40,41,37,21666,19898,1403,0.313,15,500,0,42.136,141.524
100000,107,Rows,3470.195,317272064,59852212,652,42,41,37,21669,19900,1404,0.256,15,500,0,65.829,202.697
100000,107,Grid,3470.516,317136896,62642172,652,46,41,37,21672,19902,1404,0.250,13,500,0,170.295,119.725
100000,107,Grid,3470.786,317132800,59850896,652,28,41,37,21675,19904,1405,0.680,13,500,0,70.317,195.013
100000,107,Grid,3470.996,317304832,60661484,652,30,41,37,21677,19906,1405,0.242,13,500,0,69.058,135.902
100000,107,Grid,3471.233,317620224,60449956,652,32,41,37,21679,19908,1406,0.260,13,500,0,47.361,185.431
100000,107,Grid,3471.426,317620224,61939952,652,34,41,37,21681,19909,1406,0.268,13,500,0,69.619,120.704
100000,107,Grid,3471.699,317095936,60117588,652,36,41,37,21684,19911,1407,0.486,13,500,0,69.724,198.810
100000,107,Grid,3471.910,317759488,60367544,652,38,41,37,21686,19913,1407,0.240,13,500,0,67.666,138.741
100000,107,Grid,3472.095,318119936,62809448,652,40,41,37,21687,19914,1407,0.248,13,500,0,44.847,136.353
100000,107,Grid,3472.358,317448192,60011228,652,42,41,37,21690,19916,1408,0.258,13,500,0,66.743,192.932
100000,107,Grid,3472.567,317775872,60757400,652,44,41,37,21692,19918,1408,0.230,13,500,0,72.010,133.349
100000,107,before_idle,3475.113,337473536,58831188,689,30,43,37,21707,19930,1409,0.699,17,500,0,0.000,0.000
100000,107,after_idle,3495.174,315215872,61000084,680,28,41,36,21805,20026,1409,0.047,3,500,0,0.000,0.000
100000,108,Rows,3498.186,320487424,112097396,657,27,41,37,21835,20053,1412,0.361,1042,500,0,113.177,289.905
100000,108,Rows,3500.728,316493824,59979412,652,27,41,36,21854,20069,1415,0.216,21,500,0,2269.580,268.565
100000,108,Rows,3500.966,317837312,60453200,653,28,41,37,21856,20071,1415,0.365,15,500,0,76.207,157.846
100000,108,Rows,3501.171,318148608,62758704,653,30,41,37,21857,20072,1415,0.233,15,500,0,44.463,156.791
100000,108,Rows,3501.473,317927424,59872776,653,32,41,37,21860,20075,1416,0.260,15,500,0,82.233,216.676
100000,108,Rows,3501.672,317927424,62946576,653,34,41,37,21861,20076,1416,0.250,15,500,0,77.441,117.354
100000,108,Rows,3501.988,317939712,59914964,653,36,41,37,21864,20078,1417,0.541,15,500,0,76.622,235.042
100000,108,Rows,3502.218,317939712,60781852,653,38,41,37,21866,20080,1417,0.252,15,500,0,68.387,154.105
100000,108,Rows,3502.469,317939712,60260888,653,40,41,37,21868,20082,1418,0.271,15,500,0,44.815,202.912
100000,108,Rows,3502.696,317964288,61697808,653,42,41,37,21870,20083,1418,0.240,15,500,0,73.880,149.279
100000,108,Grid,3503.232,236335104,62273568,652,46,41,37,21875,20086,1420,0.387,13,500,0,227.353,293.058
100000,108,Grid,3503.426,236802048,62295432,653,28,41,37,21877,20087,1420,0.253,13,500,0,60.419,129.385
100000,108,Grid,3503.681,236998656,60201088,653,30,41,37,21880,20089,1421,0.251,13,500,0,72.461,178.247
100000,108,Grid,3503.908,237195264,61000068,653,32,41,37,21882,20091,1421,0.261,13,500,0,74.652,148.123
100000,108,Grid,3504.144,237326336,59476776,653,34,41,37,21885,20093,1422,0.284,13,500,0,70.036,162.595
100000,108,Grid,3504.336,237658112,61591104,653,36,41,37,21886,20094,1422,0.241,13,500,0,38.412,144.564
100000,108,Grid,3504.591,237658112,60332132,653,38,41,37,21889,20097,1423,0.253,13,500,0,72.959,178.667
100000,108,Grid,3504.770,237682688,62816900,653,40,41,37,21890,20098,1423,0.245,13,500,0,50.912,125.113
100000,108,Grid,3505.028,237682688,60471356,653,42,41,37,21893,20100,1424,1.497,13,500,0,73.388,179.180
100000,108,Grid,3505.243,237682688,61629608,653,44,41,37,21895,20101,1424,0.247,13,500,0,65.126,143.524
100000,108,before_idle,3507.805,257560576,59216888,689,30,43,37,21911,20112,1426,0.340,16,500,0,0.000,0.000
