utc,awake_s,desktop_matches,session_active,own_foreground,visible,ac_line,battery_percent,suspended,session_interrupted,dpi_x,dpi_y,input_desktop_observed,thread_desktop_observed,desktop_access_error
2026-09-29T02:13:25.8083042+00:00,0.570,1,1,1,1,1,255,0,0,96,96,1,1,0
2026-09-29T02:13:25.8953546+00:00,0.658,1,1,1,1,1,255,0,0,96,96,1,1,0
2026-09-29T02:13:25.9683501+00:00,0.732,1,1,1,1,1,255,0,0,96,96,1,1,0
2026-09-29T02:13:26.0603574+00:00,0.823,1,1,1,1,1,255,0,0,96,96,1,1,0
2026-09-29T02:13:26.1313472+00:00,0.894,1,1,1,1,1,255,0,0,96,96,1,1,0
2026-09-29T02:13:26.2053511+00:00,0.968,1,1,1,1,1,255,0,0,96,96,1,1,0
2026-09-29T02:13:26.2923657+00:00,1.055,1,1,1,1,1,255,0,0,96,96,1,1,0
2026-09-29T02:13:26.3543548+00:00,1.117,1,1,1,1,1,255,0,0,96,96,1,1,0
2026-09-29T02:13:26.4443613+00:00,1.207,1,1,1,1,1,255,0,0,96,96,1,1,0
2026-09-29T02:13:26.5283665+00:00,1.291,1,1,1,1,1,255,0,0,96,96,1,1,0
2026-09-29T02:13:26.6950459+00:00,1.457,1,1,1,1,1,255,0,0,96,96,1,1,0
2026-09-29T02:13:26.7816416+00:00,1.544,1,1,1,1,1,255,0,0,96,96,1,1,0
2026-09-29T02:13:26.8688432+00:00,1.631,1,1,1,1,1,255,0,0,96,96,1,1,0
2026-09-29T02:13:26.9412452+00:00,1.703,1,1,1,1,1,255,0,0,96,96,1,1,0
2026-09-29T02:13:27.0132528+00:00,1.775,1,1,1,1,1,255,0,0,96,96,1,1,0
2026-09-29T02:13:27.0872455+00:00,1.849,1,1,1,1,1,255,0,0,96,96,1,1,0
2026-09-29T02:13:27.1602532+00:00,1.922,1,1,1,1,1,255,0,0,96,96,1,1,0
2026-09-29T02:13:27.2282503+00:00,1.990,1,1,1,1,1,255,0,0,96,96,1,1,0
2026-09-29T02:13:27.3062551+00:00,2.068,1,1,1,1,1,255,0,0,96,96,1,1,0
2026-09-29T02:13:27.3892549+00:00,2.151,1,1,1,1,1,255,0,0,96,96,1,1,0
2026-09-29T02:13:28.2444926+00:00,3.007,1,1,1,1,1,255,0,0,96,96,1,1,0
2026-09-29T02:13:29.2476652+00:00,4.010,1,1,1,1,1,255,0,0,96,96,1,1,0
2026-09-29T02:13:30.2497798+00:00,5.012,1,1,1,1,1,255,0,0,96,96,1,1,0
2026-09-29T02:13:31.2523302+00:00,6.014,1,1,1,1,1,255,0,0,96,96,1,1,0
2026-09-29T02:13:32.2540000+00:00,7.016,1,1,1,1,1,255,0,0,96,96,1,1,0
2026-09-29T02:13:33.2552910+00:00,8.017,1,1,1,1,1,255,0,0,96,96,1,1,0
2026-09-29T02:13:34.2565153+00:00,9.020,1,1,1,1,1,255,0,0,96,96,1,1,0
2026-09-29T02:13:35.2590947+00:00,10.021,1,1,1,1,1,255,0,0,96,96,1,1,0
2026-09-29T02:13:36.2712391+00:00,11.033,1,1,1,1,1,255,0,0,96,96,1,1,0
2026-09-29T02:13:37.2853427+00:00,12.047,1,1,1,1,1,255,0,0,96,96,1,1,0
2026-09-29T02:13:38.3018848+00:00,13.064,1,1,1,1,1,255,0,0,96,96,1,1,0
2026-09-29T02:13:39.3033763+00:00,14.065,1,1,1,1,1,255,0,0,96,96,1,1,0
2026-09-29T02:13:40.3040478+00:00,15.067,1,1,1,1,1,255,0,0,96,96,1,1,0
2026-09-29T02:13:41.3058149+00:00,16.068,1,1,1,1,1,255,0,0,96,96,1,1,0
2026-09-29T02:13:42.3073635+00:00,17.069,1,1,1,1,1,255,0,0,96,96,1,1,0
2026-09-29T02:13:43.3094598+00:00,18.071,1,1,1,1,1,255,0,0,96,96,1,1,0
2026-09-29T02:13:44.3111356+00:00,19.073,1,1,1,1,1,255,0,0,96,96,1,1,0
2026-09-29T02:13:45.3125066+00:00,20.075,1,1,1,1,1,255,0,0,96,96,1,1,0
2026-09-29T02:13:46.3140929+00:00,21.076,1,1,1,1,1,255,0,0,96,96,1,1,0
2026-09-29T02:13:47.3172453+00:00,22.079,1,1,1,1,1,255,0,0,96,96,1,1,0
2026-09-29T02:13:48.3333000+00:00,23.095,1,1,1,1,1,255,0,0,96,96,1,1,0
2026-09-29T02:13:48.4428694+00:00,23.205,1,1,1,1,1,255,0,0,96,96,1,1,0
2026-09-29T02:13:48.5208611+00:00,23.283,1,1,1,1,1,255,0,0,96,96,1,1,0
2026-09-29T02:13:48.5978652+00:00,23.360,1,1,1,1,1,255,0,0,96,96,1,1,0
2026-09-29T02:13:48.6778844+00:00,23.440,1,1,1,1,1,255,0,0,96,96,1,1,0
2026-09-29T02:13:48.7509927+00:00,23.513,1,1,1,1,1,255,0,0,96,96,1,1,0
2026-09-29T02:13:48.8189879+00:00,23.581,1,1,1,1,1,255,0,0,96,96,1,1,0
2026-09-29T02:13:48.8975607+00:00,23.660,1,1,1,1,1,255,0,0,96,96,1,1,0
2026-09-29T02:13:48.9751858+00:00,23.737,1,1,1,1,1,255,0,0,96,96,1,1,0
2026-09-29T02:13:49.0541886+00:00,23.816,1,1,1,1,1,255,0,0,96,96,1,1,0
2026-09-29T02:13:49.1201878+00:00,23.882,1,1,1,1,1,255,0,0,96,96,1,1,0
2026-09-29T02:13:49.2021935+00:00,23.964,1,1,1,1,1,255,0,0,96,96,1,1,0
2026-09-29T02:13:49.2801941+00:00,24.042,1,1,1,1,1,255,0,0,96,96,1,1,0
2026-09-29T02:13:49.3481857+00:00,24.110,1,1,1,1,1,255,0,0,96,96,1,1,0
2026-09-29T02:13:49.4211960+00:00,24.183,1,1,1,1,1,255,0,0,96,96,1,1,0
2026-09-29T02:13:49.4901843+00:00,24.252,1,1,1,1,1,255,0,0,96,96,1,1,0
2026-09-29T02:13:49.5667565+00:00,24.329,1,1,1,1,1,255,0,0,96,96,1,1,0
2026-09-29T02:13:49.6447648+00:00,24.407,1,1,1,1,1,255,0,0,96,96,1,1,0
2026-09-29T02:13:49.7267639+00:00,24.489,1,1,1,1,1,255,0,0,96,96,1,1,0
2026-09-29T02:13:49.8047542+00:00,24.567,1,1,1,1,1,255,0,0,96,96,1,1,0
2026-09-29T02:13:49.8841446+00:00,24.646,1,1,1,1,1,255,0,0,96,96,1,1,0
2026-09-29T02:13:50.6830505+00:00,25.445,1,1,1,1,1,255,0,0,96,96,1,1,0
2026-09-29T02:13:51.6859306+00:00,26.448,1,1,1,1,1,255,0,0,96,96,1,1,0
2026-09-29T02:13:52.6874727+00:00,27.449,1,1,1,1,1,255,0,0,96,96,1,1,0
2026-09-29T02:13:53.6891412+00:00,28.451,1,1,1,1,1,255,0,0,96,96,1,1,0
2026-09-29T02:13:54.6913180+00:00,29.453,1,1,1,1,1,255,0,0,96,96,1,1,0
2026-09-29T02:13:55.6925686+00:00,30.455,1,1,1,1,1,255,0,0,96,96,1,1,0
2026-09-29T02:13:56.6937451+00:00,31.456,1,1,1,1,1,255,0,0,96,96,1,1,0
2026-09-29T02:13:57.6960035+00:00,32.458,1,1,1,1,1,255,0,0,96,96,1,1,0
2026-09-29T02:13:58.6962590+00:00,33.458,1,1,1,1,1,255,0,0,96,96,1,1,0
2026-09-29T02:13:59.7079477+00:00,34.470,1,1,1,1,1,255,0,0,96,96,1,1,0
2026-09-29T02:14:00.7228891+00:00,35.485,1,1,1,1,1,255,0,0,96,96,1,1,0
2026-09-29T02:14:01.7243946+00:00,36.486,1,1,1,1,1,255,0,0,96,96,1,1,0
2026-09-29T02:14:02.7264870+00:00,37.488,1,1,1,1,1,255,0,0,96,96,1,1,0
2026-09-29T02:14:03.7287751+00:00,38.491,1,1,1,1,1,255,0,0,96,96,1,1,0
2026-09-29T02:14:04.7309958+00:00,39.493,1,1,1,1,1,255,0,0,96,96,1,1,0
2026-09-29T02:14:05.7330967+00:00,40.495,1,1,1,1,1,255,0,0,96,96,1,1,0
2026-09-29T02:14:06.7343518+00:00,41.496,1,1,1,1,1,255,0,0,96,96,1,1,0
2026-09-29T02:14:07.7364505+00:00,42.498,1,1,1,1,1,255,0,0,96,96,1,1,0
2026-09-29T02:14:08.7376183+00:00,43.499,1,1,1,1,1,255,0,0,96,96,1,1,0
2026-09-29T02:14:09.7393916+00:00,44.501,1,1,1,1,1,255,0,0,96,96,1,1,0
2026-09-29T02:14:10.7408353+00:00,45.503,1,1,1,1,1,255,0,0,96,96,1,1,0
2026-09-29T02:14:10.8458348+00:00,45.608,1,1,1,1,1,255,0,0,96,96,1,1,0
2026-09-29T02:14:10.9063797+00:00,45.668,1,1,1,1,1,255,0,0,96,96,1,1,0
2026-09-29T02:14:10.9800862+00:00,45.742,1,1,1,1,1,255,0,0,96,96,1,1,0
2026-09-29T02:14:11.0730728+00:00,45.835,1,1,1,1,1,255,0,0,96,96,1,1,0
2026-09-29T02:14:11.1453768+00:00,45.907,1,1,1,1,1,255,0,0,96,96,1,1,0
2026-09-29T02:14:11.2280759+00:00,45.990,1,1,1,1,1,255,0,0,96,96,1,1,0
2026-09-29T02:14:11.3003774+00:00,46.062,1,1,1,1,1,255,0,0,96,96,1,1,0
2026-09-29T02:14:11.3713800+00:00,46.133,1,1,1,1,1,255,0,0,96,96,1,1,0
2026-09-29T02:14:11.4433796+00:00,46.205,1,1,1,1,1,255,0,0,96,96,1,1,0
2026-09-29T02:14:11.5180846+00:00,46.280,1,1,1,1,1,255,0,0,96,96,1,1,0
2026-09-29T02:14:11.6033851+00:00,46.365,1,1,1,1,1,255,0,0,96,96,1,1,0
2026-09-29T02:14:11.6670748+00:00,46.429,1,1,1,1,1,255,0,0,96,96,1,1,0
2026-09-29T02:14:11.7543885+00:00,46.516,1,1,1,1,1,255,0,0,96,96,1,1,0
2026-09-29T02:14:11.8253904+00:00,46.587,1,1,1,1,1,255,0,0,96,96,1,1,0
2026-09-29T02:14:11.8956414+00:00,46.657,1,1,1,1,1,255,0,0,96,96,1,1,0
2026-09-29T02:14:11.9726320+00:00,46.734,1,1,1,1,1,255,0,0,96,96,1,1,0
2026-09-29T02:14:12.0459297+00:00,46.808,1,1,1,1,1,255,0,0,96,96,1,1,0
2026-09-29T02:14:12.1106344+00:00,46.872,1,1,1,1,1,255,0,0,96,96,1,1,0
2026-09-29T02:14:12.1949283+00:00,46.957,1,1,1,1,1,255,0,0,96,96,1,1,0
2026-09-29T02:14:12.2646332+00:00,47.026,1,1,1,1,1,255,0,0,96,96,1,1,0
2026-09-29T02:14:13.0318868+00:00,47.794,1,1,1,1,1,255,0,0,96,96,1,1,0
2026-09-29T02:14:14.0346992+00:00,48.796,1,1,1,1,1,255,0,0,96,96,1,1,0
2026-09-29T02:14:15.0361074+00:00,49.798,1,1,1,1,1,255,0,0,96,96,1,1,0
2026-09-29T02:14:16.0377560+00:00,50.800,1,1,1,1,1,255,0,0,96,96,1,1,0
2026-09-29T02:14:17.0393943+00:00,51.801,1,1,1,1,1,255,0,0,96,96,1,1,0
2026-09-29T02:14:18.0409372+00:00,52.803,1,1,1,1,1,255,0,0,96,96,1,1,0
2026-09-29T02:14:19.0426213+00:00,53.804,1,1,1,1,1,255,0,0,96,96,1,1,0
2026-09-29T02:14:20.0442641+00:00,54.806,1,1,1,1,1,255,0,0,96,96,1,1,0
2026-09-29T02:14:21.0540430+00:00,55.816,1,1,1,1,1,255,0,0,96,96,1,1,0
2026-09-29T02:14:22.0681542+00:00,56.830,1,1,1,1,1,255,0,0,96,96,1,1,0
2026-09-29T02:14:23.0687894+00:00,57.831,1,1,1,1,1,255,0,0,96,96,1,1,0
2026-09-29T02:14:24.0714185+00:00,58.833,1,1,1,1,1,255,0,0,96,96,1,1,0
2026-09-29T02:14:25.0726062+00:00,59.834,1,1,1,1,1,255,0,0,96,96,1,1,0
2026-09-29T02:14:26.0742857+00:00,60.836,1,1,1,1,1,255,0,0,96,96,1,1,0
2026-09-29T02:14:27.0760212+00:00,61.838,1,1,1,1,1,255,0,0,96,96,1,1,0
2026-09-29T02:14:28.0775637+00:00,62.839,1,1,1,1,1,255,0,0,96,96,1,1,0
2026-09-29T02:14:29.0790394+00:00,63.841,1,1,1,1,1,255,0,0,96,96,1,1,0
2026-09-29T02:14:30.0802776+00:00,64.842,1,1,1,1,1,255,0,0,96,96,1,1,0
2026-09-29T02:14:31.0806205+00:00,65.843,1,1,1,1,1,255,0,0,96,96,1,1,0
2026-09-29T02:14:32.0835151+00:00,66.845,1,1,1,1,1,255,0,0,96,96,1,1,0
2026-09-29T02:14:33.0856007+00:00,67.847,1,1,1,1,1,255,0,0,96,96,1,1,0
2026-09-29T02:14:33.1665969+00:00,67.928,1,1,1,1,1,255,0,0,96,96,1,1,0
2026-09-29T02:14:33.2336097+00:00,67.995,1,1,1,1,1,255,0,0,96,96,1,1,0
2026-09-29T02:14:33.3065940+00:00,68.068,1,1,1,1,1,255,0,0,96,96,1,1,0
2026-09-29T02:14:33.3896043+00:00,68.151,1,1,1,1,1,255,0,0,96,96,1,1,0
2026-09-29T02:14:33.4645987+00:00,68.226,1,1,1,1,1,255,0,0,96,96,1,1,0
2026-09-29T02:14:33.5296003+00:00,68.291,1,1,1,1,1,255,0,0,96,96,1,1,0
2026-09-29T02:14:33.6136045+00:00,68.375,1,1,1,1,1,255,0,0,96,96,1,1,0
2026-09-29T02:14:33.6811659+00:00,68.443,1,1,1,1,1,255,0,0,96,96,1,1,0
2026-09-29T02:14:33.7451669+00:00,68.507,1,1,1,1,1,255,0,0,96,96,1,1,0
2026-09-29T02:14:33.8281691+00:00,68.590,1,1,1,1,1,255,0,0,96,96,1,1,0
2026-09-29T02:14:33.8993039+00:00,68.661,1,1,1,1,1,255,0,0,96,96,1,1,0
2026-09-29T02:14:33.9723004+00:00,68.734,1,1,1,1,1,255,0,0,96,96,1,1,0
2026-09-29T02:14:34.0462986+00:00,68.808,1,1,1,1,1,255,0,0,96,96,1,1,0
2026-09-29T02:14:34.1053115+00:00,68.867,1,1,1,1,1,255,0,0,96,96,1,1,0
2026-09-29T02:14:34.1792959+00:00,68.941,1,1,1,1,1,255,0,0,96,96,1,1,0
2026-09-29T02:14:34.2433068+00:00,69.005,1,1,1,1,1,255,0,0,96,96,1,1,0
2026-09-29T02:14:34.3233072+00:00,69.085,1,1,1,1,1,255,0,0,96,96,1,1,0
2026-09-29T02:14:34.3943004+00:00,69.156,1,1,1,1,1,255,0,0,96,96,1,1,0
2026-09-29T02:14:34.4633056+00:00,69.225,1,1,1,1,1,255,0,0,96,96,1,1,0
2026-09-29T02:14:34.5263029+00:00,69.288,1,1,1,1,1,255,0,0,96,96,1,1,0
2026-09-29T02:14:35.2844573+00:00,70.046,1,1,1,1,1,255,0,0,96,96,1,1,0
2026-09-29T02:14:36.2878403+00:00,71.049,1,1,1,1,1,255,0,0,96,96,1,1,0
2026-09-29T02:14:37.2890911+00:00,72.051,1,1,1,1,1,255,0,0,96,96,1,1,0
2026-09-29T02:14:38.2912873+00:00,73.053,1,1,1,1,1,255,0,0,96,96,1,1,0
2026-09-29T02:14:39.2926832+00:00,74.054,1,1,1,1,1,255,0,0,96,96,1,1,0
2026-09-29T02:14:40.2947715+00:00,75.056,1,1,1,1,1,255,0,0,96,96,1,1,0
2026-09-29T02:14:41.2969845+00:00,76.058,1,1,1,1,1,255,0,0,96,96,1,1,0
2026-09-29T02:14:42.2985340+00:00,77.060,1,1,1,1,1,255,0,0,96,96,1,1,0
2026-09-29T02:14:43.3012125+00:00,78.063,1,1,1,1,1,255,0,0,96,96,1,1,0
2026-09-29T02:14:44.3033167+00:00,79.065,1,1,1,1,1,255,0,0,96,96,1,1,0
2026-09-29T02:14:45.3174909+00:00,80.079,1,1,1,1,1,255,0,0,96,96,1,1,0
2026-09-29T02:14:46.3191423+00:00,81.081,1,1,1,1,1,255,0,0,96,96,1,1,0
2026-09-29T02:14:47.3206630+00:00,82.082,1,1,1,1,1,255,0,0,96,96,1,1,0
2026-09-29T02:14:48.3224728+00:00,83.084,1,1,1,1,1,255,0,0,96,96,1,1,0
2026-09-29T02:14:49.3246026+00:00,84.086,1,1,1,1,1,255,0,0,96,96,1,1,0
2026-09-29T02:14:50.3262486+00:00,85.088,1,1,1,1,1,255,0,0,96,96,1,1,0
2026-09-29T02:14:51.3277101+00:00,86.089,1,1,1,1,1,255,0,0,96,96,1,1,0
2026-09-29T02:14:52.3292516+00:00,87.091,1,1,1,1,1,255,0,0,96,96,1,1,0
2026-09-29T02:14:53.3308949+00:00,88.092,1,1,1,1,1,255,0,0,96,96,1,1,0
2026-09-29T02:14:54.3329876+00:00,89.094,1,1,1,1,1,255,0,0,96,96,1,1,0
2026-09-29T02:14:55.3349141+00:00,90.096,1,1,1,1,1,255,0,0,96,96,1,1,0
2026-09-29T02:14:55.4245724+00:00,90.186,1,1,1,1,1,255,0,0,96,96,1,1,0
2026-09-29T02:14:55.5089233+00:00,90.270,1,1,1,1,1,255,0,0,96,96,1,1,0
2026-09-29T02:14:55.5979230+00:00,90.359,1,1,1,1,1,255,0,0,96,96,1,1,0
2026-09-29T02:14:55.6736897+00:00,90.435,1,1,1,1,1,255,0,0,96,96,1,1,0
2026-09-29T02:14:55.7616811+00:00,90.523,1,1,1,1,1,255,0,0,96,96,1,1,0
2026-09-29T02:14:55.8356834+00:00,90.597,1,1,1,1,1,255,0,0,96,96,1,1,0
2026-09-29T02:14:55.9004565+00:00,90.662,1,1,1,1,1,255,0,0,96,96,1,1,0
2026-09-29T02:14:55.9854563+00:00,90.747,1,1,1,1,1,255,0,0,96,96,1,1,0
2026-09-29T02:14:56.0824600+00:00,90.844,1,1,1,1,1,255,0,0,96,96,1,1,0
2026-09-29T02:14:56.1749951+00:00,90.936,1,1,1,1,1,255,0,0,96,96,1,1,0
2026-09-29T02:14:56.2789792+00:00,91.040,1,1,1,1,1,255,0,0,96,96,1,1,0
2026-09-29T02:14:56.3639782+00:00,91.125,1,1,1,1,1,255,0,0,96,96,1,1,0
2026-09-29T02:14:56.4369687+00:00,91.198,1,1,1,1,1,255,0,0,96,96,1,1,0
2026-09-29T02:14:56.5119683+00:00,91.273,1,1,1,1,1,255,0,0,96,96,1,1,0
2026-09-29T02:14:56.5999711+00:00,91.361,1,1,1,1,1,255,0,0,96,96,1,1,0
2026-09-29T02:14:56.6946399+00:00,91.456,1,1,1,1,1,255,0,0,96,96,1,1,0
2026-09-29T02:14:56.7913723+00:00,91.553,1,1,1,1,1,255,0,0,96,96,1,1,0
2026-09-29T02:14:56.8845134+00:00,91.646,1,1,1,1,1,255,0,0,96,96,1,1,0
2026-09-29T02:14:56.9745161+00:00,91.736,1,1,1,1,1,255,0,0,96,96,1,1,0
2026-09-29T02:14:57.0495222+00:00,91.811,1,1,1,1,1,255,0,0,96,96,1,1,0
2026-09-29T02:14:57.8462419+00:00,92.608,1,1,1,1,1,255,0,0,96,96,1,1,0
2026-09-29T02:14:58.8487919+00:00,93.610,1,1,1,1,1,255,0,0,96,96,1,1,0
2026-09-29T02:14:59.8507523+00:00,94.612,1,1,1,1,1,255,0,0,96,96,1,1,0
2026-09-29T02:15:00.8522344+00:00,95.614,1,1,1,1,1,255,0,0,96,96,1,1,0
2026-09-29T02:15:01.8541990+00:00,96.615,1,1,1,1,1,255,0,0,96,96,1,1,0
2026-09-29T02:15:02.8563197+00:00,97.618,1,1,1,1,1,255,0,0,96,96,1,1,0
2026-09-29T02:15:03.8579520+00:00,98.619,1,1,1,1,1,255,0,0,96,96,1,1,0
2026-09-29T02:15:04.8601698+00:00,99.621,1,1,1,1,1,255,0,0,96,96,1,1,0
2026-09-29T02:15:05.8710386+00:00,100.632,1,1,1,1,1,255,0,0,96,96,1,1,0
2026-09-29T02:15:06.8827127+00:00,101.644,1,1,1,1,1,255,0,0,96,96,1,1,0
2026-09-29T02:15:07.8832762+00:00,102.645,1,1,1,1,1,255,0,0,96,96,1,1,0
2026-09-29T02:15:08.8848234+00:00,103.646,1,1,1,1,1,255,0,0,96,96,1,1,0
2026-09-29T02:15:09.8869972+00:00,104.648,1,1,1,1,1,255,0,0,96,96,1,1,0
2026-09-29T02:15:10.8886104+00:00,105.650,1,1,1,1,1,255,0,0,96,96,1,1,0
2026-09-29T02:15:11.8901995+00:00,106.651,1,1,1,1,1,255,0,0,96,96,1,1,0
2026-09-29T02:15:12.8923298+00:00,107.653,1,1,1,1,1,255,0,0,96,96,1,1,0
2026-09-29T02:15:13.8941879+00:00,108.655,1,1,1,1,1,255,0,0,96,96,1,1,0
2026-09-29T02:15:14.8958321+00:00,109.657,1,1,1,1,1,255,0,0,96,96,1,1,0
2026-09-29T02:15:15.8977164+00:00,110.659,1,1,1,1,1,255,0,0,96,96,1,1,0
2026-09-29T02:15:16.8993828+00:00,111.661,1,1,1,1,1,255,0,0,96,96,1,1,0
2026-09-29T02:15:17.9015492+00:00,112.663,1,1,1,1,1,255,0,0,96,96,1,1,0
2026-09-29T02:15:17.9855514+00:00,112.747,1,1,1,1,1,255,0,0,96,96,1,1,0
2026-09-29T02:15:18.0525500+00:00,112.814,1,1,1,1,1,255,0,0,96,96,1,1,0
2026-09-29T02:15:18.1195539+00:00,112.881,1,1,1,1,1,255,0,0,96,96,1,1,0
2026-09-29T02:15:18.1985583+00:00,112.960,1,1,1,1,1,255,0,0,96,96,1,1,0
2026-09-29T02:15:18.2725503+00:00,113.034,1,1,1,1,1,255,0,0,96,96,1,1,0
2026-09-29T02:15:18.3545858+00:00,113.116,1,1,1,1,1,255,0,0,96,96,1,1,0
2026-09-29T02:15:18.4221443+00:00,113.183,1,1,1,1,1,255,0,0,96,96,1,1,0
2026-09-29T02:15:18.5031442+00:00,113.264,1,1,1,1,1,255,0,0,96,96,1,1,0
2026-09-29T02:15:18.5791494+00:00,113.340,1,1,1,1,1,255,0,0,96,96,1,1,0
2026-09-29T02:15:18.6561783+00:00,113.417,1,1,1,1,1,255,0,0,96,96,1,1,0
2026-09-29T02:15:18.7232084+00:00,113.484,1,1,1,1,1,255,0,0,96,96,1,1,0
2026-09-29T02:15:18.7947357+00:00,113.556,1,1,1,1,1,255,0,0,96,96,1,1,0
2026-09-29T02:15:18.8657356+00:00,113.627,1,1,1,1,1,255,0,0,96,96,1,1,0
2026-09-29T02:15:18.9422880+00:00,113.703,1,1,1,1,1,255,0,0,96,96,1,1,0
2026-09-29T02:15:19.0157722+00:00,113.777,1,1,1,1,1,255,0,0,96,96,1,1,0
2026-09-29T02:15:19.0927638+00:00,113.854,1,1,1,1,1,255,0,0,96,96,1,1,0
2026-09-29T02:15:19.1667649+00:00,113.928,1,1,1,1,1,255,0,0,96,96,1,1,0
2026-09-29T02:15:19.2377694+00:00,113.999,1,1,1,1,1,255,0,0,96,96,1,1,0
2026-09-29T02:15:19.3147672+00:00,114.076,1,1,1,1,1,255,0,0,96,96,1,1,0
2026-09-29T02:15:19.3987656+00:00,114.160,1,1,1,1,1,255,0,0,96,96,1,1,0
2026-09-29T02:15:20.1715584+00:00,114.933,1,1,1,1,1,255,0,0,96,96,1,1,0
2026-09-29T02:15:21.1736159+00:00,115.935,1,1,1,1,1,255,0,0,96,96,1,1,0
2026-09-29T02:15:22.1751871+00:00,116.936,1,1,1,1,1,255,0,0,96,96,1,1,0
2026-09-29T02:15:23.1772743+00:00,117.938,1,1,1,1,1,255,0,0,96,96,1,1,0
2026-09-29T02:15:24.1786289+00:00,118.940,1,1,1,1,1,255,0,0,96,96,1,1,0
2026-09-29T02:15:25.1808285+00:00,119.942,1,1,1,1,1,255,0,0,96,96,1,1,0
2026-09-29T02:15:26.1825293+00:00,120.944,1,1,1,1,1,255,0,0,96,96,1,1,0
2026-09-29T02:15:27.1841575+00:00,121.945,1,1,1,1,1,255,0,0,96,96,1,1,0
2026-09-29T02:15:28.1947072+00:00,122.956,1,1,1,1,1,255,0,0,96,96,1,1,0
2026-09-29T02:15:29.1966521+00:00,123.958,1,1,1,1,1,255,0,0,96,96,1,1,0
2026-09-29T02:15:30.2107017+00:00,124.972,1,1,1,1,1,255,0,0,96,96,1,1,0
2026-09-29T02:15:31.2128056+00:00,125.974,1,1,1,1,1,255,0,0,96,96,1,1,0
2026-09-29T02:15:32.2149168+00:00,126.976,1,1,1,1,1,255,0,0,96,96,1,1,0
2026-09-29T02:15:33.2170029+00:00,127.978,1,1,1,1,1,255,0,0,96,96,1,1,0
2026-09-29T02:15:34.2187511+00:00,128.980,1,1,1,1,1,255,0,0,96,96,1,1,0
2026-09-29T02:15:35.2205336+00:00,129.982,1,1,1,1,1,255,0,0,96,96,1,1,0
2026-09-29T02:15:36.2228706+00:00,130.984,1,1,1,1,1,255,0,0,96,96,1,1,0
2026-09-29T02:15:37.2249565+00:00,131.986,1,1,1,1,1,255,0,0,96,96,1,1,0
2026-09-29T02:15:38.2265068+00:00,132.987,1,1,1,1,1,255,0,0,96,96,1,1,0
2026-09-29T02:15:39.2289722+00:00,133.990,1,1,1,1,1,255,0,0,96,96,1,1,0
2026-09-29T02:15:40.2305463+00:00,134.991,1,1,1,1,1,255,0,0,96,96,1,1,0
2026-09-29T02:15:40.3090771+00:00,135.070,1,1,1,1,1,255,0,0,96,96,1,1,0
2026-09-29T02:15:40.3970800+00:00,135.158,1,1,1,1,1,255,0,0,96,96,1,1,0
2026-09-29T02:15:40.4735500+00:00,135.234,1,1,1,1,1,255,0,0,96,96,1,1,0
2026-09-29T02:15:40.5560929+00:00,135.317,1,1,1,1,1,255,0,0,96,96,1,1,0
2026-09-29T02:15:40.6311098+00:00,135.392,1,1,1,1,1,255,0,0,96,96,1,1,0
2026-09-29T02:15:40.7112654+00:00,135.472,1,1,1,1,1,255,0,0,96,96,1,1,0
2026-09-29T02:15:40.7967977+00:00,135.558,1,1,1,1,1,255,0,0,96,96,1,1,0
2026-09-29T02:15:40.8817966+00:00,135.644,1,1,1,1,1,255,0,0,96,96,1,1,0
2026-09-29T02:15:40.9633742+00:00,135.724,1,1,1,1,1,255,0,0,96,96,1,1,0
2026-09-29T02:15:41.0393769+00:00,135.800,1,1,1,1,1,255,0,0,96,96,1,1,0
2026-09-29T02:15:41.1173697+00:00,135.878,1,1,1,1,1,255,0,0,96,96,1,1,0
2026-09-29T02:15:41.1983688+00:00,135.959,1,1,1,1,1,255,0,0,96,96,1,1,0
2026-09-29T02:15:41.2723764+00:00,136.033,1,1,1,1,1,255,0,0,96,96,1,1,0
2026-09-29T02:15:41.3543772+00:00,136.115,1,1,1,1,1,255,0,0,96,96,1,1,0
2026-09-29T02:15:41.4423744+00:00,136.203,1,1,1,1,1,255,0,0,96,96,1,1,0
2026-09-29T02:15:41.5153739+00:00,136.276,1,1,1,1,1,255,0,0,96,96,1,1,0
2026-09-29T02:15:41.6023741+00:00,136.363,1,1,1,1,1,255,0,0,96,96,1,1,0
2026-09-29T02:15:41.6833730+00:00,136.444,1,1,1,1,1,255,0,0,96,96,1,1,0
2026-09-29T02:15:41.7673829+00:00,136.528,1,1,1,1,1,255,0,0,96,96,1,1,0
2026-09-29T02:15:41.8523839+00:00,136.613,1,1,1,1,1,255,0,0,96,96,1,1,0
2026-09-29T02:15:42.6397262+00:00,137.401,1,1,1,1,1,255,0,0,96,96,1,1,0
2026-09-29T02:15:43.6423515+00:00,138.403,1,1,1,1,1,255,0,0,96,96,1,1,0
2026-09-29T02:15:44.6448111+00:00,139.406,1,1,1,1,1,255,0,0,96,96,1,1,0
2026-09-29T02:15:45.6461286+00:00,140.407,1,1,1,1,1,255,0,0,96,96,1,1,0
2026-09-29T02:15:46.6482748+00:00,141.409,1,1,1,1,1,255,0,0,96,96,1,1,0
2026-09-29T02:15:47.6504320+00:00,142.411,1,1,1,1,1,255,0,0,96,96,1,1,0
2026-09-29T02:15:48.6521426+00:00,143.413,1,1,1,1,1,255,0,0,96,96,1,1,0
2026-09-29T02:15:49.6525311+00:00,144.414,1,1,1,1,1,255,0,0,96,96,1,1,0
2026-09-29T02:15:50.6627577+00:00,145.424,1,1,1,1,1,255,0,0,96,96,1,1,0
2026-09-29T02:15:51.6648276+00:00,146.426,1,1,1,1,1,255,0,0,96,96,1,1,0
2026-09-29T02:15:52.6663713+00:00,147.427,1,1,1,1,1,255,0,0,96,96,1,1,0
2026-09-29T02:15:53.6671292+00:00,148.429,1,1,1,1,1,255,0,0,96,96,1,1,0
2026-09-29T02:15:54.6697689+00:00,149.431,1,1,1,1,1,255,0,0,96,96,1,1,0
2026-09-29T02:15:55.6711504+00:00,150.432,1,1,1,1,1,255,0,0,96,96,1,1,0
2026-09-29T02:15:56.6732366+00:00,151.434,1,1,1,1,1,255,0,0,96,96,1,1,0
2026-09-29T02:15:57.6748540+00:00,152.436,1,1,1,1,1,255,0,0,96,96,1,1,0
2026-09-29T02:15:58.6765763+00:00,153.437,1,1,1,1,1,255,0,0,96,96,1,1,0
2026-09-29T02:15:59.6779438+00:00,154.439,1,1,1,1,1,255,0,0,96,96,1,1,0
2026-09-29T02:16:00.6796432+00:00,155.440,1,1,1,1,1,255,0,0,96,96,1,1,0
2026-09-29T02:16:01.6815622+00:00,156.442,1,1,1,1,1,255,0,0,96,96,1,1,0
2026-09-29T02:16:02.6831084+00:00,157.444,1,1,1,1,1,255,0,0,96,96,1,1,0
2026-09-29T02:16:02.7916813+00:00,157.552,1,1,1,1,1,255,0,0,96,96,1,1,0
2026-09-29T02:16:02.8736880+00:00,157.634,1,1,1,1,1,255,0,0,96,96,1,1,0
2026-09-29T02:16:02.9717994+00:00,157.734,1,1,1,1,1,255,0,0,96,96,1,1,0
2026-09-29T02:16:03.0587900+00:00,157.821,1,1,1,1,1,255,0,0,96,96,1,1,0
2026-09-29T02:16:03.1477897+00:00,157.909,1,1,1,1,1,255,0,0,96,96,1,1,0
2026-09-29T02:16:03.2267983+00:00,157.988,1,1,1,1,1,255,0,0,96,96,1,1,0
2026-09-29T02:16:03.3067982+00:00,158.068,1,1,1,1,1,255,0,0,96,96,1,1,0
2026-09-29T02:16:03.3868048+00:00,158.148,1,1,1,1,1,255,0,0,96,96,1,1,0
2026-09-29T02:16:03.4668049+00:00,158.228,1,1,1,1,1,255,0,0,96,96,1,1,0
2026-09-29T02:16:03.5427942+00:00,158.304,1,1,1,1,1,255,0,0,96,96,1,1,0
2026-09-29T02:16:03.6257966+00:00,158.387,1,1,1,1,1,255,0,0,96,96,1,1,0
2026-09-29T02:16:03.7133711+00:00,158.474,1,1,1,1,1,255,0,0,96,96,1,1,0
2026-09-29T02:16:03.7933679+00:00,158.554,1,1,1,1,1,255,0,0,96,96,1,1,0
2026-09-29T02:16:03.8783724+00:00,158.639,1,1,1,1,1,255,0,0,96,96,1,1,0
2026-09-29T02:16:03.9609383+00:00,158.722,1,1,1,1,1,255,0,0,96,96,1,1,0
2026-09-29T02:16:04.0399412+00:00,158.801,1,1,1,1,1,255,0,0,96,96,1,1,0
2026-09-29T02:16:04.1229425+00:00,158.884,1,1,1,1,1,255,0,0,96,96,1,1,0
2026-09-29T02:16:04.2029351+00:00,158.964,1,1,1,1,1,255,0,0,96,96,1,1,0
2026-09-29T02:16:04.2849512+00:00,159.046,1,1,1,1,1,255,0,0,96,96,1,1,0
2026-09-29T02:16:04.3739541+00:00,159.135,1,1,1,1,1,255,0,0,96,96,1,1,0
2026-09-29T02:16:05.1800868+00:00,159.941,1,1,1,1,1,255,0,0,96,96,1,1,0
2026-09-29T02:16:06.1816205+00:00,160.942,1,1,1,1,1,255,0,0,96,96,1,1,0
2026-09-29T02:16:07.1837564+00:00,161.945,1,1,1,1,1,255,0,0,96,96,1,1,0
2026-09-29T02:16:08.1863000+00:00,162.947,1,1,1,1,1,255,0,0,96,96,1,1,0
2026-09-29T02:16:09.1887352+00:00,163.949,1,1,1,1,1,255,0,0,96,96,1,1,0
2026-09-29T02:16:10.1901245+00:00,164.951,1,1,1,1,1,255,0,0,96,96,1,1,0
2026-09-29T02:16:11.1924613+00:00,165.953,1,1,1,1,1,255,0,0,96,96,1,1,0
2026-09-29T02:16:12.1950407+00:00,166.956,1,1,1,1,1,255,0,0,96,96,1,1,0
2026-09-29T02:16:13.1963685+00:00,167.957,1,1,1,1,1,255,0,0,96,96,1,1,0
2026-09-29T02:16:14.1984876+00:00,168.959,1,1,1,1,1,255,0,0,96,96,1,1,0
2026-09-29T02:16:15.1998347+00:00,169.960,1,1,1,1,1,255,0,0,96,96,1,1,0
2026-09-29T02:16:16.2015018+00:00,170.962,1,1,1,1,1,255,0,0,96,96,1,1,0
2026-09-29T02:16:17.2036159+00:00,171.964,1,1,1,1,1,255,0,0,96,96,1,1,0
2026-09-29T02:16:18.2051644+00:00,172.966,1,1,1,1,1,255,0,0,96,96,1,1,0
2026-09-29T02:16:19.2069590+00:00,173.968,1,1,1,1,1,255,0,0,96,96,1,1,0
2026-09-29T02:16:20.2082061+00:00,174.969,1,1,1,1,1,255,0,0,96,96,1,1,0
2026-09-29T02:16:21.2103837+00:00,175.971,1,1,1,1,1,255,0,0,96,96,1,1,0
2026-09-29T02:16:22.2119324+00:00,176.972,1,1,1,1,1,255,0,0,96,96,1,1,0
2026-09-29T02:16:23.2136464+00:00,177.974,1,1,1,1,1,255,0,0,96,96,1,1,0
2026-09-29T02:16:24.2158511+00:00,178.976,1,1,1,1,1,255,0,0,96,96,1,1,0
2026-09-29T02:16:25.2182077+00:00,179.979,1,1,1,1,1,255,0,0,96,96,1,1,0
2026-09-29T02:16:25.3092000+00:00,180.070,1,1,1,1,1,255,0,0,96,96,1,1,0
2026-09-29T02:16:25.3781963+00:00,180.139,1,1,1,1,1,255,0,0,96,96,1,1,0
2026-09-29T02:16:25.4511991+00:00,180.212,1,1,1,1,1,255,0,0,96,96,1,1,0
2026-09-29T02:16:25.5262020+00:00,180.287,1,1,1,1,1,255,0,0,96,96,1,1,0
2026-09-29T02:16:25.6012052+00:00,180.362,1,1,1,1,1,255,0,0,96,96,1,1,0
2026-09-29T02:16:25.6777498+00:00,180.438,1,1,1,1,1,255,0,0,96,96,1,1,0
2026-09-29T02:16:25.7557629+00:00,180.516,1,1,1,1,1,255,0,0,96,96,1,1,0
2026-09-29T02:16:25.8417519+00:00,180.602,1,1,1,1,1,255,0,0,96,96,1,1,0
2026-09-29T02:16:25.9077519+00:00,180.668,1,1,1,1,1,255,0,0,96,96,1,1,0
2026-09-29T02:16:25.9843739+00:00,180.745,1,1,1,1,1,255,0,0,96,96,1,1,0
2026-09-29T02:16:26.0683820+00:00,180.829,1,1,1,1,1,255,0,0,96,96,1,1,0
2026-09-29T02:16:26.1353801+00:00,180.896,1,1,1,1,1,255,0,0,96,96,1,1,0
2026-09-29T02:16:26.2043793+00:00,180.965,1,1,1,1,1,255,0,0,96,96,1,1,0
2026-09-29T02:16:26.2873748+00:00,181.048,1,1,1,1,1,255,0,0,96,96,1,1,0
2026-09-29T02:16:26.3643789+00:00,181.125,1,1,1,1,1,255,0,0,96,96,1,1,0
2026-09-29T02:16:26.4373770+00:00,181.198,1,1,1,1,1,255,0,0,96,96,1,1,0
2026-09-29T02:16:26.5123870+00:00,181.273,1,1,1,1,1,255,0,0,96,96,1,1,0
2026-09-29T02:16:26.5863785+00:00,181.347,1,1,1,1,1,255,0,0,96,96,1,1,0
2026-09-29T02:16:26.6628111+00:00,181.423,1,1,1,1,1,255,0,0,96,96,1,1,0
2026-09-29T02:16:26.7312104+00:00,181.492,1,1,1,1,1,255,0,0,96,96,1,1,0
2026-09-29T02:16:27.4945951+00:00,182.255,1,1,1,1,1,255,0,0,96,96,1,1,0
2026-09-29T02:16:28.4973870+00:00,183.258,1,1,1,1,1,255,0,0,96,96,1,1,0
2026-09-29T02:16:29.4996976+00:00,184.260,1,1,1,1,1,255,0,0,96,96,1,1,0
2026-09-29T02:16:30.5013944+00:00,185.262,1,1,1,1,1,255,0,0,96,96,1,1,0
2026-09-29T02:16:31.5030676+00:00,186.264,1,1,1,1,1,255,0,0,96,96,1,1,0
2026-09-29T02:16:32.5052897+00:00,187.266,1,1,1,1,1,255,0,0,96,96,1,1,0
2026-09-29T02:16:33.5073731+00:00,188.268,1,1,1,1,1,255,0,0,96,96,1,1,0
2026-09-29T02:16:34.5090254+00:00,189.269,1,1,1,1,1,255,0,0,96,96,1,1,0
2026-09-29T02:16:35.5235389+00:00,190.284,1,1,1,1,1,255,0,0,96,96,1,1,0
2026-09-29T02:16:36.5302117+00:00,191.291,1,1,1,1,1,255,0,0,96,96,1,1,0
2026-09-29T02:16:37.5428787+00:00,192.303,1,1,1,1,1,255,0,0,96,96,1,1,0
2026-09-29T02:16:38.5445062+00:00,193.305,1,1,1,1,1,255,0,0,96,96,1,1,0
2026-09-29T02:16:39.5457857+00:00,194.306,1,1,1,1,1,255,0,0,96,96,1,1,0
2026-09-29T02:16:40.5479002+00:00,195.308,1,1,1,1,1,255,0,0,96,96,1,1,0
2026-09-29T02:16:41.5495307+00:00,196.310,1,1,1,1,1,255,0,0,96,96,1,1,0
2026-09-29T02:16:42.5510784+00:00,197.311,1,1,1,1,1,255,0,0,96,96,1,1,0
2026-09-29T02:16:43.5527741+00:00,198.313,1,1,1,1,1,255,0,0,96,96,1,1,0
2026-09-29T02:16:44.5544625+00:00,199.315,1,1,1,1,1,255,0,0,96,96,1,1,0
2026-09-29T02:16:45.5561878+00:00,200.316,1,1,1,1,1,255,0,0,96,96,1,1,0
2026-09-29T02:16:46.5578204+00:00,201.318,1,1,1,1,1,255,0,0,96,96,1,1,0
2026-09-29T02:16:47.5601677+00:00,202.320,1,1,1,1,1,255,0,0,96,96,1,1,0
2026-09-29T02:16:47.6421624+00:00,202.402,1,1,1,1,1,255,0,0,96,96,1,1,0
2026-09-29T02:16:47.7251628+00:00,202.485,1,1,1,1,1,255,0,0,96,96,1,1,0
2026-09-29T02:16:47.8051754+00:00,202.565,1,1,1,1,1,255,0,0,96,96,1,1,0
2026-09-29T02:16:47.8971766+00:00,202.657,1,1,1,1,1,255,0,0,96,96,1,1,0
2026-09-29T02:16:47.9977309+00:00,202.758,1,1,1,1,1,255,0,0,96,96,1,1,0
2026-09-29T02:16:48.0757173+00:00,202.836,1,1,1,1,1,255,0,0,96,96,1,1,0
2026-09-29T02:16:48.1537203+00:00,202.914,1,1,1,1,1,255,0,0,96,96,1,1,0
2026-09-29T02:16:48.2287191+00:00,202.989,1,1,1,1,1,255,0,0,96,96,1,1,0
2026-09-29T02:16:48.3117327+00:00,203.072,1,1,1,1,1,255,0,0,96,96,1,1,0
2026-09-29T02:16:48.3932894+00:00,203.154,1,1,1,1,1,255,0,0,96,96,1,1,0
2026-09-29T02:16:48.4757592+00:00,203.236,1,1,1,1,1,255,0,0,96,96,1,1,0
2026-09-29T02:16:48.5622956+00:00,203.323,1,1,1,1,1,255,0,0,96,96,1,1,0
2026-09-29T02:16:48.6377651+00:00,203.398,1,1,1,1,1,255,0,0,96,96,1,1,0
2026-09-29T02:16:48.7178395+00:00,203.478,1,1,1,1,1,255,0,0,96,96,1,1,0
2026-09-29T02:16:48.7974088+00:00,203.558,1,1,1,1,1,255,0,0,96,96,1,1,0
2026-09-29T02:16:48.8694067+00:00,203.630,1,1,1,1,1,255,0,0,96,96,1,1,0
2026-09-29T02:16:48.9535018+00:00,203.714,1,1,1,1,1,255,0,0,96,96,1,1,0
2026-09-29T02:16:49.0262821+00:00,203.787,1,1,1,1,1,255,0,0,96,96,1,1,0
2026-09-29T02:16:49.1042853+00:00,203.865,1,1,1,1,1,255,0,0,96,96,1,1,0
2026-09-29T02:16:49.1812865+00:00,203.942,1,1,1,1,1,255,0,0,96,96,1,1,0
2026-09-29T02:16:49.9706985+00:00,204.731,1,1,1,1,1,255,0,0,96,96,1,1,0
2026-09-29T02:16:50.9736081+00:00,205.734,1,1,1,1,1,255,0,0,96,96,1,1,0
2026-09-29T02:16:51.9751610+00:00,206.735,1,1,1,1,1,255,0,0,96,96,1,1,0
2026-09-29T02:16:52.9772746+00:00,207.737,1,1,1,1,1,255,0,0,96,96,1,1,0
2026-09-29T02:16:53.9794207+00:00,208.740,1,1,1,1,1,255,0,0,96,96,1,1,0
2026-09-29T02:16:54.9807929+00:00,209.741,1,1,1,1,1,255,0,0,96,96,1,1,0
2026-09-29T02:16:55.9828952+00:00,210.743,1,1,1,1,1,255,0,0,96,96,1,1,0
2026-09-29T02:16:56.9849446+00:00,211.745,1,1,1,1,1,255,0,0,96,96,1,1,0
2026-09-29T02:16:57.9904899+00:00,212.751,1,1,1,1,1,255,0,0,96,96,1,1,0
2026-09-29T02:16:58.9919009+00:00,213.752,1,1,1,1,1,255,0,0,96,96,1,1,0
2026-09-29T02:16:59.9937025+00:00,214.754,1,1,1,1,1,255,0,0,96,96,1,1,0
2026-09-29T02:17:00.9957977+00:00,215.756,1,1,1,1,1,255,0,0,96,96,1,1,0
2026-09-29T02:17:01.9983336+00:00,216.758,1,1,1,1,1,255,0,0,96,96,1,1,0
2026-09-29T02:17:03.0004233+00:00,217.761,1,1,1,1,1,255,0,0,96,96,1,1,0
2026-09-29T02:17:04.0022595+00:00,218.762,1,1,1,1,1,255,0,0,96,96,1,1,0
2026-09-29T02:17:05.0039995+00:00,219.764,1,1,1,1,1,255,0,0,96,96,1,1,0
2026-09-29T02:17:06.0051971+00:00,220.765,1,1,1,1,1,255,0,0,96,96,1,1,0
2026-09-29T02:17:07.0068229+00:00,221.767,1,1,1,1,1,255,0,0,96,96,1,1,0
2026-09-29T02:17:08.0083579+00:00,222.768,1,1,1,1,1,255,0,0,96,96,1,1,0
2026-09-29T02:17:09.0098703+00:00,223.770,1,1,1,1,1,255,0,0,96,96,1,1,0
2026-09-29T02:17:10.0121804+00:00,224.772,1,1,1,1,1,255,0,0,96,96,1,1,0
2026-09-29T02:17:10.0951904+00:00,224.855,1,1,1,1,1,255,0,0,96,96,1,1,0
2026-09-29T02:17:10.1601764+00:00,224.920,1,1,1,1,1,255,0,0,96,96,1,1,0
2026-09-29T02:17:10.2231762+00:00,224.983,1,1,1,1,1,255,0,0,96,96,1,1,0
2026-09-29T02:17:10.2991936+00:00,225.059,1,1,1,1,1,255,0,0,96,96,1,1,0
2026-09-29T02:17:10.3611833+00:00,225.121,1,1,1,1,1,255,0,0,96,96,1,1,0
2026-09-29T02:17:10.4431805+00:00,225.203,1,1,1,1,1,255,0,0,96,96,1,1,0
2026-09-29T02:17:10.5261777+00:00,225.286,1,1,1,1,1,255,0,0,96,96,1,1,0
2026-09-29T02:17:10.6001774+00:00,225.360,1,1,1,1,1,255,0,0,96,96,1,1,0
2026-09-29T02:17:10.6697565+00:00,225.430,1,1,1,1,1,255,0,0,96,96,1,1,0
2026-09-29T02:17:10.7397712+00:00,225.500,1,1,1,1,1,255,0,0,96,96,1,1,0
2026-09-29T02:17:10.8152924+00:00,225.575,1,1,1,1,1,255,0,0,96,96,1,1,0
2026-09-29T02:17:10.8902885+00:00,225.650,1,1,1,1,1,255,0,0,96,96,1,1,0
2026-09-29T02:17:10.9758496+00:00,225.736,1,1,1,1,1,255,0,0,96,96,1,1,0
2026-09-29T02:17:11.0598604+00:00,225.820,1,1,1,1,1,255,0,0,96,96,1,1,0
2026-09-29T02:17:11.1248534+00:00,225.886,1,1,1,1,1,255,0,0,96,96,1,1,0
2026-09-29T02:17:11.1978502+00:00,225.958,1,1,1,1,1,255,0,0,96,96,1,1,0
2026-09-29T02:17:11.2698507+00:00,226.030,1,1,1,1,1,255,0,0,96,96,1,1,0
2026-09-29T02:17:11.3368513+00:00,226.097,1,1,1,1,1,255,0,0,96,96,1,1,0
2026-09-29T02:17:11.4098622+00:00,226.170,1,1,1,1,1,255,0,0,96,96,1,1,0
2026-09-29T02:17:11.4828518+00:00,226.243,1,1,1,1,1,255,0,0,96,96,1,1,0
2026-09-29T02:17:12.2583190+00:00,227.018,1,1,1,1,1,255,0,0,96,96,1,1,0
2026-09-29T02:17:13.2619286+00:00,228.022,1,1,1,1,1,255,0,0,96,96,1,1,0
2026-09-29T02:17:14.2635323+00:00,229.024,1,1,1,1,1,255,0,0,96,96,1,1,0
2026-09-29T02:17:15.2657050+00:00,230.026,1,1,1,1,1,255,0,0,96,96,1,1,0
2026-09-29T02:17:16.2673243+00:00,231.027,1,1,1,1,1,255,0,0,96,96,1,1,0
2026-09-29T02:17:17.2775659+00:00,232.038,1,1,1,1,1,255,0,0,96,96,1,1,0
2026-09-29T02:17:18.2787399+00:00,233.039,1,1,1,1,1,255,0,0,96,96,1,1,0
2026-09-29T02:17:19.2801017+00:00,234.040,1,1,1,1,1,255,0,0,96,96,1,1,0
2026-09-29T02:17:20.2871959+00:00,235.047,1,1,1,1,1,255,0,0,96,96,1,1,0
2026-09-29T02:17:21.2885049+00:00,236.049,1,1,1,1,1,255,0,0,96,96,1,1,0
2026-09-29T02:17:22.2900547+00:00,237.050,1,1,1,1,1,255,0,0,96,96,1,1,0
2026-09-29T02:17:23.2923286+00:00,238.052,1,1,1,1,1,255,0,0,96,96,1,1,0
2026-09-29T02:17:24.2945786+00:00,239.055,1,1,1,1,1,255,0,0,96,96,1,1,0
2026-09-29T02:17:25.2969844+00:00,240.057,1,1,1,1,1,255,0,0,96,96,1,1,0
2026-09-29T02:17:26.3003234+00:00,241.060,1,1,1,1,1,255,0,0,96,96,1,1,0
2026-09-29T02:17:27.3024976+00:00,242.062,1,1,1,1,1,255,0,0,96,96,1,1,0
2026-09-29T02:17:28.3040517+00:00,243.064,1,1,1,1,1,255,0,0,96,96,1,1,0
2026-09-29T02:17:29.3064283+00:00,244.066,1,1,1,1,1,255,0,0,96,96,1,1,0
2026-09-29T02:17:30.3090333+00:00,245.069,1,1,1,1,1,255,0,0,96,96,1,1,0
2026-09-29T02:17:31.3119420+00:00,246.072,1,1,1,1,1,255,0,0,96,96,1,1,0
2026-09-29T02:17:32.3135016+00:00,247.073,1,1,1,1,1,255,0,0,96,96,1,1,0
2026-09-29T02:17:32.4145106+00:00,247.174,1,1,1,1,1,255,0,0,96,96,1,1,0
2026-09-29T02:17:32.5045140+00:00,247.264,1,1,1,1,1,255,0,0,96,96,1,1,0
2026-09-29T02:17:32.5905000+00:00,247.350,1,1,1,1,1,255,0,0,96,96,1,1,0
2026-09-29T02:17:32.6685146+00:00,247.428,1,1,1,1,1,255,0,0,96,96,1,1,0
2026-09-29T02:17:32.7621036+00:00,247.522,1,1,1,1,1,255,0,0,96,96,1,1,0
2026-09-29T02:17:32.8535552+00:00,247.613,1,1,1,1,1,255,0,0,96,96,1,1,0
2026-09-29T02:17:32.9375639+00:00,247.697,1,1,1,1,1,255,0,0,96,96,1,1,0
2026-09-29T02:17:33.0224517+00:00,247.782,1,1,1,1,1,255,0,0,96,96,1,1,0
2026-09-29T02:17:33.1114667+00:00,247.871,1,1,1,1,1,255,0,0,96,96,1,1,0
2026-09-29T02:17:33.1884616+00:00,247.948,1,1,1,1,1,255,0,0,96,96,1,1,0
2026-09-29T02:17:33.2734577+00:00,248.033,1,1,1,1,1,255,0,0,96,96,1,1,0
2026-09-29T02:17:33.3584633+00:00,248.118,1,1,1,1,1,255,0,0,96,96,1,1,0
2026-09-29T02:17:33.4364665+00:00,248.196,1,1,1,1,1,255,0,0,96,96,1,1,0
2026-09-29T02:17:33.5174626+00:00,248.277,1,1,1,1,1,255,0,0,96,96,1,1,0
2026-09-29T02:17:33.5884641+00:00,248.348,1,1,1,1,1,255,0,0,96,96,1,1,0
2026-09-29T02:17:33.6714401+00:00,248.431,1,1,1,1,1,255,0,0,96,96,1,1,0
2026-09-29T02:17:33.7550212+00:00,248.515,1,1,1,1,1,255,0,0,96,96,1,1,0
2026-09-29T02:17:33.8360407+00:00,248.596,1,1,1,1,1,255,0,0,96,96,1,1,0
2026-09-29T02:17:33.9130319+00:00,248.673,1,1,1,1,1,255,0,0,96,96,1,1,0
2026-09-29T02:17:33.9983377+00:00,248.758,1,1,1,1,1,255,0,0,96,96,1,1,0
2026-09-29T02:17:34.8034369+00:00,249.563,1,1,1,1,1,255,0,0,96,96,1,1,0
2026-09-29T02:17:35.8052871+00:00,250.565,1,1,1,1,1,255,0,0,96,96,1,1,0
2026-09-29T02:17:36.8069354+00:00,251.567,1,1,1,1,1,255,0,0,96,96,1,1,0
2026-09-29T02:17:37.8095035+00:00,252.569,1,1,1,1,1,255,0,0,96,96,1,1,0
2026-09-29T02:17:38.8116602+00:00,253.571,1,1,1,1,1,255,0,0,96,96,1,1,0
2026-09-29T02:17:39.8140431+00:00,254.574,1,1,1,1,1,255,0,0,96,96,1,1,0
2026-09-29T02:17:40.8156615+00:00,255.575,1,1,1,1,1,255,0,0,96,96,1,1,0
2026-09-29T02:17:41.8172113+00:00,256.577,1,1,1,1,1,255,0,0,96,96,1,1,0
2026-09-29T02:17:42.8193115+00:00,257.579,1,1,1,1,1,255,0,0,96,96,1,1,0
2026-09-29T02:17:43.8354061+00:00,258.595,1,1,1,1,1,255,0,0,96,96,1,1,0
2026-09-29T02:17:44.8505729+00:00,259.610,1,1,1,1,1,255,0,0,96,96,1,1,0
2026-09-29T02:17:45.8526685+00:00,260.612,1,1,1,1,1,255,0,0,96,96,1,1,0
2026-09-29T02:17:46.8656009+00:00,261.625,1,1,1,1,1,255,0,0,96,96,1,1,0
2026-09-29T02:17:47.8677304+00:00,262.627,1,1,1,1,1,255,0,0,96,96,1,1,0
2026-09-29T02:17:48.8694854+00:00,263.629,1,1,1,1,1,255,0,0,96,96,1,1,0
2026-09-29T02:17:49.8718603+00:00,264.632,1,1,1,1,1,255,0,0,96,96,1,1,0
2026-09-29T02:17:50.8742476+00:00,265.634,1,1,1,1,1,255,0,0,96,96,1,1,0
2026-09-29T02:17:51.8763097+00:00,266.636,1,1,1,1,1,255,0,0,96,96,1,1,0
2026-09-29T02:17:52.8786208+00:00,267.638,1,1,1,1,1,255,0,0,96,96,1,1,0
2026-09-29T02:17:53.8801884+00:00,268.640,1,1,1,1,1,255,0,0,96,96,1,1,0
2026-09-29T02:17:54.8821752+00:00,269.642,1,1,1,1,1,255,0,0,96,96,1,1,0
2026-09-29T02:17:54.9752040+00:00,269.735,1,1,1,1,1,255,0,0,96,96,1,1,0
2026-09-29T02:17:55.0533489+00:00,269.813,1,1,1,1,1,255,0,0,96,96,1,1,0
2026-09-29T02:17:55.1293385+00:00,269.889,1,1,1,1,1,255,0,0,96,96,1,1,0
2026-09-29T02:17:55.2063372+00:00,269.966,1,1,1,1,1,255,0,0,96,96,1,1,0
2026-09-29T02:17:55.2873449+00:00,270.047,1,1,1,1,1,255,0,0,96,96,1,1,0
2026-09-29T02:17:55.3643506+00:00,270.124,1,1,1,1,1,255,0,0,96,96,1,1,0
2026-09-29T02:17:55.4447462+00:00,270.204,1,1,1,1,1,255,0,0,96,96,1,1,0
2026-09-29T02:17:55.5217498+00:00,270.281,1,1,1,1,1,255,0,0,96,96,1,1,0
2026-09-29T02:17:55.6007459+00:00,270.360,1,1,1,1,1,255,0,0,96,96,1,1,0
2026-09-29T02:17:55.6835046+00:00,270.443,1,1,1,1,1,255,0,0,96,96,1,1,0
2026-09-29T02:17:55.7725102+00:00,270.532,1,1,1,1,1,255,0,0,96,96,1,1,0
2026-09-29T02:17:55.8605011+00:00,270.620,1,1,1,1,1,255,0,0,96,96,1,1,0
2026-09-29T02:17:55.9395173+00:00,270.699,1,1,1,1,1,255,0,0,96,96,1,1,0
2026-09-29T02:17:56.0361727+00:00,270.796,1,1,1,1,1,255,0,0,96,96,1,1,0
2026-09-29T02:17:56.1201729+00:00,270.880,1,1,1,1,1,255,0,0,96,96,1,1,0
2026-09-29T02:17:56.2031618+00:00,270.963,1,1,1,1,1,255,0,0,96,96,1,1,0
2026-09-29T02:17:56.2841718+00:00,271.044,1,1,1,1,1,255,0,0,96,96,1,1,0
2026-09-29T02:17:56.3641746+00:00,271.124,1,1,1,1,1,255,0,0,96,96,1,1,0
2026-09-29T02:17:56.4491655+00:00,271.209,1,1,1,1,1,255,0,0,96,96,1,1,0
2026-09-29T02:17:56.5241696+00:00,271.284,1,1,1,1,1,255,0,0,96,96,1,1,0
2026-09-29T02:17:57.3035464+00:00,272.063,1,1,1,1,1,255,0,0,96,96,1,1,0
2026-09-29T02:17:58.3065620+00:00,273.066,1,1,1,1,1,255,0,0,96,96,1,1,0
2026-09-29T02:17:59.3087879+00:00,274.068,1,1,1,1,1,255,0,0,96,96,1,1,0
2026-09-29T02:18:00.3106458+00:00,275.070,1,1,1,1,1,255,0,0,96,96,1,1,0
2026-09-29T02:18:01.3126183+00:00,276.072,1,1,1,1,1,255,0,0,96,96,1,1,0
2026-09-29T02:18:02.3144819+00:00,277.074,1,1,1,1,1,255,0,0,96,96,1,1,0
2026-09-29T02:18:03.3163017+00:00,278.076,1,1,1,1,1,255,0,0,96,96,1,1,0
2026-09-29T02:18:04.3179579+00:00,279.078,1,1,1,1,1,255,0,0,96,96,1,1,0
2026-09-29T02:18:05.3194645+00:00,280.079,1,1,1,1,1,255,0,0,96,96,1,1,0
2026-09-29T02:18:06.3355758+00:00,281.095,1,1,1,1,1,255,0,0,96,96,1,1,0
2026-09-29T02:18:07.3366948+00:00,282.096,1,1,1,1,1,255,0,0,96,96,1,1,0
2026-09-29T02:18:08.3382374+00:00,283.098,1,1,1,1,1,255,0,0,96,96,1,1,0
2026-09-29T02:18:09.3408788+00:00,284.100,1,1,1,1,1,255,0,0,96,96,1,1,0
2026-09-29T02:18:10.3431585+00:00,285.103,1,1,1,1,1,255,0,0,96,96,1,1,0
2026-09-29T02:18:11.3457697+00:00,286.105,1,1,1,1,1,255,0,0,96,96,1,1,0
2026-09-29T02:18:12.3477985+00:00,287.107,1,1,1,1,1,255,0,0,96,96,1,1,0
2026-09-29T02:18:13.3494519+00:00,288.109,1,1,1,1,1,255,0,0,96,96,1,1,0
2026-09-29T02:18:14.3516093+00:00,289.111,1,1,1,1,1,255,0,0,96,96,1,1,0
2026-09-29T02:18:15.3532649+00:00,290.113,1,1,1,1,1,255,0,0,96,96,1,1,0
2026-09-29T02:18:16.3555007+00:00,291.115,1,1,1,1,1,255,0,0,96,96,1,1,0
2026-09-29T02:18:17.3687481+00:00,292.128,1,1,1,1,1,255,0,0,96,96,1,1,0
2026-09-29T02:18:17.4687359+00:00,292.228,1,1,1,1,1,255,0,0,96,96,1,1,0
2026-09-29T02:18:17.5457383+00:00,292.305,1,1,1,1,1,255,0,0,96,96,1,1,0
2026-09-29T02:18:17.6227411+00:00,292.382,1,1,1,1,1,255,0,0,96,96,1,1,0
2026-09-29T02:18:17.7107423+00:00,292.470,1,1,1,1,1,255,0,0,96,96,1,1,0
2026-09-29T02:18:17.7947335+00:00,292.554,1,1,1,1,1,255,0,0,96,96,1,1,0
2026-09-29T02:18:17.8807381+00:00,292.640,1,1,1,1,1,255,0,0,96,96,1,1,0
2026-09-29T02:18:17.9637358+00:00,292.723,1,1,1,1,1,255,0,0,96,96,1,1,0
2026-09-29T02:18:18.0412901+00:00,292.801,1,1,1,1,1,255,0,0,96,96,1,1,0
2026-09-29T02:18:18.1217729+00:00,292.881,1,1,1,1,1,255,0,0,96,96,1,1,0
2026-09-29T02:18:18.1973026+00:00,292.957,1,1,1,1,1,255,0,0,96,96,1,1,0
2026-09-29T02:18:18.2802950+00:00,293.040,1,1,1,1,1,255,0,0,96,96,1,1,0
2026-09-29T02:18:18.3653160+00:00,293.125,1,1,1,1,1,255,0,0,96,96,1,1,0
2026-09-29T02:18:18.4473907+00:00,293.207,1,1,1,1,1,255,0,0,96,96,1,1,0
2026-09-29T02:18:18.5273837+00:00,293.287,1,1,1,1,1,255,0,0,96,96,1,1,0
2026-09-29T02:18:18.6303946+00:00,293.390,1,1,1,1,1,255,0,0,96,96,1,1,0
2026-09-29T02:18:18.7109543+00:00,293.470,1,1,1,1,1,255,0,0,96,96,1,1,0
2026-09-29T02:18:18.7795161+00:00,293.539,1,1,1,1,1,255,0,0,96,96,1,1,0
2026-09-29T02:18:18.8605291+00:00,293.620,1,1,1,1,1,255,0,0,96,96,1,1,0
2026-09-29T02:18:18.9405280+00:00,293.700,1,1,1,1,1,255,0,0,96,96,1,1,0
2026-09-29T02:18:19.0191188+00:00,293.779,1,1,1,1,1,255,0,0,96,96,1,1,0
2026-09-29T02:18:19.7872905+00:00,294.547,1,1,1,1,1,255,0,0,96,96,1,1,0
2026-09-29T02:18:20.7917149+00:00,295.551,1,1,1,1,1,255,0,0,96,96,1,1,0
2026-09-29T02:18:21.7933339+00:00,296.553,1,1,1,1,1,255,0,0,96,96,1,1,0
2026-09-29T02:18:22.7951491+00:00,297.555,1,1,1,1,1,255,0,0,96,96,1,1,0
2026-09-29T02:18:23.7974027+00:00,298.557,1,1,1,1,1,255,0,0,96,96,1,1,0
2026-09-29T02:18:24.7992052+00:00,299.559,1,1,1,1,1,255,0,0,96,96,1,1,0
2026-09-29T02:18:25.8009083+00:00,300.560,1,1,1,1,1,255,0,0,96,96,1,1,0
2026-09-29T02:18:26.8026674+00:00,301.562,1,1,1,1,1,255,0,0,96,96,1,1,0
2026-09-29T02:18:27.8042613+00:00,302.564,1,1,1,1,1,255,0,0,96,96,1,1,0
2026-09-29T02:18:28.8061176+00:00,303.565,1,1,1,1,1,255,0,0,96,96,1,1,0
2026-09-29T02:18:29.8201848+00:00,304.579,1,1,1,1,1,255,0,0,96,96,1,1,0
2026-09-29T02:18:30.8223905+00:00,305.582,1,1,1,1,1,255,0,0,96,96,1,1,0
2026-09-29T02:18:31.8244198+00:00,306.584,1,1,1,1,1,255,0,0,96,96,1,1,0
2026-09-29T02:18:32.8263305+00:00,307.586,1,1,1,1,1,255,0,0,96,96,1,1,0
2026-09-29T02:18:33.8281298+00:00,308.587,1,1,1,1,1,255,0,0,96,96,1,1,0
2026-09-29T02:18:34.8304171+00:00,309.590,1,1,1,1,1,255,0,0,96,96,1,1,0
2026-09-29T02:18:35.8321780+00:00,310.591,1,1,1,1,1,255,0,0,96,96,1,1,0
2026-09-29T02:18:36.8342885+00:00,311.594,1,1,1,1,1,255,0,0,96,96,1,1,0
2026-09-29T02:18:37.8359255+00:00,312.595,1,1,1,1,1,255,0,0,96,96,1,1,0
2026-09-29T02:18:38.8378070+00:00,313.597,1,1,1,1,1,255,0,0,96,96,1,1,0
2026-09-29T02:18:39.8395704+00:00,314.599,1,1,1,1,1,255,0,0,96,96,1,1,0
2026-09-29T02:18:39.9605040+00:00,314.720,1,1,1,1,1,255,0,0,96,96,1,1,0
2026-09-29T02:18:40.0497741+00:00,314.809,1,1,1,1,1,255,0,0,96,96,1,1,0
2026-09-29T02:18:40.1267791+00:00,314.886,1,1,1,1,1,255,0,0,96,96,1,1,0
2026-09-29T02:18:40.1947740+00:00,314.954,1,1,1,1,1,255,0,0,96,96,1,1,0
2026-09-29T02:18:40.2767659+00:00,315.036,1,1,1,1,1,255,0,0,96,96,1,1,0
2026-09-29T02:18:40.3667759+00:00,315.126,1,1,1,1,1,255,0,0,96,96,1,1,0
2026-09-29T02:18:40.4537652+00:00,315.213,1,1,1,1,1,255,0,0,96,96,1,1,0
2026-09-29T02:18:40.5427820+00:00,315.302,1,1,1,1,1,255,0,0,96,96,1,1,0
2026-09-29T02:18:40.6097781+00:00,315.369,1,1,1,1,1,255,0,0,96,96,1,1,0
2026-09-29T02:18:40.6868149+00:00,315.446,1,1,1,1,1,255,0,0,96,96,1,1,0
2026-09-29T02:18:40.7724485+00:00,315.532,1,1,1,1,1,255,0,0,96,96,1,1,0
2026-09-29T02:18:40.8614625+00:00,315.621,1,1,1,1,1,255,0,0,96,96,1,1,0
2026-09-29T02:18:40.9384546+00:00,315.698,1,1,1,1,1,255,0,0,96,96,1,1,0
2026-09-29T02:18:41.0140134+00:00,315.773,1,1,1,1,1,255,0,0,96,96,1,1,0
2026-09-29T02:18:41.1000129+00:00,315.859,1,1,1,1,1,255,0,0,96,96,1,1,0
2026-09-29T02:18:41.1820251+00:00,315.941,1,1,1,1,1,255,0,0,96,96,1,1,0
2026-09-29T02:18:41.2650251+00:00,316.024,1,1,1,1,1,255,0,0,96,96,1,1,0
2026-09-29T02:18:41.3500147+00:00,316.109,1,1,1,1,1,255,0,0,96,96,1,1,0
2026-09-29T02:18:41.4380239+00:00,316.197,1,1,1,1,1,255,0,0,96,96,1,1,0
2026-09-29T02:18:41.5270145+00:00,316.286,1,1,1,1,1,255,0,0,96,96,1,1,0
2026-09-29T02:18:42.3093210+00:00,317.069,1,1,1,1,1,255,0,0,96,96,1,1,0
2026-09-29T02:18:43.3105542+00:00,318.070,1,1,1,1,1,255,0,0,96,96,1,1,0
2026-09-29T02:18:44.3118409+00:00,319.071,1,1,1,1,1,255,0,0,96,96,1,1,0
2026-09-29T02:18:45.3131789+00:00,320.072,1,1,1,1,1,255,0,0,96,96,1,1,0
2026-09-29T02:18:46.3145608+00:00,321.074,1,1,1,1,1,255,0,0,96,96,1,1,0
2026-09-29T02:18:47.3249937+00:00,322.084,1,1,1,1,1,255,0,0,96,96,1,1,0
2026-09-29T02:18:48.3275362+00:00,323.087,1,1,1,1,1,255,0,0,96,96,1,1,0
2026-09-29T02:18:49.3300009+00:00,324.089,1,1,1,1,1,255,0,0,96,96,1,1,0
2026-09-29T02:18:50.3411971+00:00,325.100,1,1,1,1,1,255,0,0,96,96,1,1,0
2026-09-29T02:18:51.3560405+00:00,326.115,1,1,1,1,1,255,0,0,96,96,1,1,0
2026-09-29T02:18:52.3721347+00:00,327.131,1,1,1,1,1,255,0,0,96,96,1,1,0
2026-09-29T02:18:53.3741002+00:00,328.133,1,1,1,1,1,255,0,0,96,96,1,1,0
2026-09-29T02:18:54.3757727+00:00,329.135,1,1,1,1,1,255,0,0,96,96,1,1,0
2026-09-29T02:18:55.3779404+00:00,330.137,1,1,1,1,1,255,0,0,96,96,1,1,0
2026-09-29T02:18:56.3800445+00:00,331.139,1,1,1,1,1,255,0,0,96,96,1,1,0
2026-09-29T02:18:57.3822961+00:00,332.141,1,1,1,1,1,255,0,0,96,96,1,1,0
2026-09-29T02:18:58.3843878+00:00,333.143,1,1,1,1,1,255,0,0,96,96,1,1,0
2026-09-29T02:18:59.3865825+00:00,334.146,1,1,1,1,1,255,0,0,96,96,1,1,0
2026-09-29T02:19:00.3893600+00:00,335.148,1,1,1,1,1,255,0,0,96,96,1,1,0
2026-09-29T02:19:01.3915135+00:00,336.151,1,1,1,1,1,255,0,0,96,96,1,1,0
2026-09-29T02:19:02.3936298+00:00,337.153,1,1,1,1,1,255,0,0,96,96,1,1,0
2026-09-29T02:19:02.4886334+00:00,337.248,1,1,1,1,1,255,0,0,96,96,1,1,0
2026-09-29T02:19:02.5666305+00:00,337.326,1,1,1,1,1,255,0,0,96,96,1,1,0
2026-09-29T02:19:02.6586275+00:00,337.418,1,1,1,1,1,255,0,0,96,96,1,1,0
2026-09-29T02:19:02.7406328+00:00,337.500,1,1,1,1,1,255,0,0,96,96,1,1,0
2026-09-29T02:19:02.8282276+00:00,337.587,1,1,1,1,1,255,0,0,96,96,1,1,0
2026-09-29T02:19:02.9248648+00:00,337.684,1,1,1,1,1,255,0,0,96,96,1,1,0
2026-09-29T02:19:03.0012295+00:00,337.760,1,1,1,1,1,255,0,0,96,96,1,1,0
2026-09-29T02:19:03.0829480+00:00,337.843,1,1,1,1,1,255,0,0,96,96,1,1,0
2026-09-29T02:19:03.1679505+00:00,337.927,1,1,1,1,1,255,0,0,96,96,1,1,0
2026-09-29T02:19:03.2429644+00:00,338.002,1,1,1,1,1,255,0,0,96,96,1,1,0
2026-09-29T02:19:03.3329593+00:00,338.092,1,1,1,1,1,255,0,0,96,96,1,1,0
2026-09-29T02:19:03.4039613+00:00,338.163,1,1,1,1,1,255,0,0,96,96,1,1,0
2026-09-29T02:19:03.4859696+00:00,338.245,1,1,1,1,1,255,0,0,96,96,1,1,0
2026-09-29T02:19:03.5739611+00:00,338.333,1,1,1,1,1,255,0,0,96,96,1,1,0
2026-09-29T02:19:03.6609777+00:00,338.420,1,1,1,1,1,255,0,0,96,96,1,1,0
2026-09-29T02:19:03.7455514+00:00,338.505,1,1,1,1,1,255,0,0,96,96,1,1,0
2026-09-29T02:19:03.8215550+00:00,338.581,1,1,1,1,1,255,0,0,96,96,1,1,0
2026-09-29T02:19:03.9075470+00:00,338.667,1,1,1,1,1,255,0,0,96,96,1,1,0
2026-09-29T02:19:03.9881147+00:00,338.747,1,1,1,1,1,255,0,0,96,96,1,1,0
2026-09-29T02:19:04.0642335+00:00,338.823,1,1,1,1,1,255,0,0,96,96,1,1,0
2026-09-29T02:19:04.8896488+00:00,339.649,1,1,1,1,1,255,0,0,96,96,1,1,0
2026-09-29T02:19:05.8914377+00:00,340.650,1,1,1,1,1,255,0,0,96,96,1,1,0
2026-09-29T02:19:06.8932192+00:00,341.652,1,1,1,1,1,255,0,0,96,96,1,1,0
2026-09-29T02:19:07.8948765+00:00,342.654,1,1,1,1,1,255,0,0,96,96,1,1,0
2026-09-29T02:19:08.8966968+00:00,343.656,1,1,1,1,1,255,0,0,96,96,1,1,0
2026-09-29T02:19:09.8985951+00:00,344.658,1,1,1,1,1,255,0,0,96,96,1,1,0
2026-09-29T02:19:10.9002429+00:00,345.659,1,1,1,1,1,255,0,0,96,96,1,1,0
2026-09-29T02:19:11.9019349+00:00,346.661,1,1,1,1,1,255,0,0,96,96,1,1,0
2026-09-29T02:19:12.9150649+00:00,347.674,1,1,1,1,1,255,0,0,96,96,1,1,0
2026-09-29T02:19:13.9177637+00:00,348.677,1,1,1,1,1,255,0,0,96,96,1,1,0
2026-09-29T02:19:14.9284155+00:00,349.687,1,1,1,1,1,255,0,0,96,96,1,1,0
2026-09-29T02:19:15.9310813+00:00,350.690,1,1,1,1,1,255,0,0,96,96,1,1,0
2026-09-29T02:19:16.9443682+00:00,351.703,1,1,1,1,1,255,0,0,96,96,1,1,0
2026-09-29T02:19:17.9460973+00:00,352.705,1,1,1,1,1,255,0,0,96,96,1,1,0
2026-09-29T02:19:18.9481300+00:00,353.707,1,1,1,1,1,255,0,0,96,96,1,1,0
2026-09-29T02:19:19.9502246+00:00,354.709,1,1,1,1,1,255,0,0,96,96,1,1,0
2026-09-29T02:19:20.9520979+00:00,355.711,1,1,1,1,1,255,0,0,96,96,1,1,0
2026-09-29T02:19:21.9541661+00:00,356.713,1,1,1,1,1,255,0,0,96,96,1,1,0
2026-09-29T02:19:22.9558584+00:00,357.715,1,1,1,1,1,255,0,0,96,96,1,1,0
2026-09-29T02:19:23.9572574+00:00,358.716,1,1,1,1,1,255,0,0,96,96,1,1,0
2026-09-29T02:19:24.9591539+00:00,359.718,1,1,1,1,1,255,0,0,96,96,1,1,0
2026-09-29T02:19:25.0513705+00:00,359.810,1,1,1,1,1,255,0,0,96,96,1,1,0
2026-09-29T02:19:25.1433647+00:00,359.902,1,1,1,1,1,255,0,0,96,96,1,1,0
2026-09-29T02:19:25.2277585+00:00,359.987,1,1,1,1,1,255,0,0,96,96,1,1,0
2026-09-29T02:19:25.2997766+00:00,360.059,1,1,1,1,1,255,0,0,96,96,1,1,0
2026-09-29T02:19:25.3837774+00:00,360.143,1,1,1,1,1,255,0,0,96,96,1,1,0
2026-09-29T02:19:25.4843642+00:00,360.243,1,1,1,1,1,255,0,0,96,96,1,1,0
2026-09-29T02:19:25.5797798+00:00,360.339,1,1,1,1,1,255,0,0,96,96,1,1,0
2026-09-29T02:19:25.6617761+00:00,360.421,1,1,1,1,1,255,0,0,96,96,1,1,0
2026-09-29T02:19:25.7567767+00:00,360.516,1,1,1,1,1,255,0,0,96,96,1,1,0
2026-09-29T02:19:25.8354511+00:00,360.594,1,1,1,1,1,255,0,0,96,96,1,1,0
2026-09-29T02:19:25.9437687+00:00,360.703,1,1,1,1,1,255,0,0,96,96,1,1,0
2026-09-29T02:19:26.0299949+00:00,360.789,1,1,1,1,1,255,0,0,96,96,1,1,0
2026-09-29T02:19:26.1259932+00:00,360.885,1,1,1,1,1,255,0,0,96,96,1,1,0
2026-09-29T02:19:26.2129976+00:00,360.972,1,1,1,1,1,255,0,0,96,96,1,1,0
2026-09-29T02:19:26.3070096+00:00,361.066,1,1,1,1,1,255,0,0,96,96,1,1,0
2026-09-29T02:19:26.3869946+00:00,361.146,1,1,1,1,1,255,0,0,96,96,1,1,0
2026-09-29T02:19:26.4750133+00:00,361.234,1,1,1,1,1,255,0,0,96,96,1,1,0
2026-09-29T02:19:26.5599963+00:00,361.319,1,1,1,1,1,255,0,0,96,96,1,1,0
2026-09-29T02:19:26.6370151+00:00,361.396,1,1,1,1,1,255,0,0,96,96,1,1,0
2026-09-29T02:19:26.7226690+00:00,361.482,1,1,1,1,1,255,0,0,96,96,1,1,0
2026-09-29T02:19:27.5184406+00:00,362.277,1,1,1,1,1,255,0,0,96,96,1,1,0
2026-09-29T02:19:28.5222576+00:00,363.281,1,1,1,1,1,255,0,0,96,96,1,1,0
2026-09-29T02:19:29.5235980+00:00,364.282,1,1,1,1,1,255,0,0,96,96,1,1,0
2026-09-29T02:19:30.5257586+00:00,365.285,1,1,1,1,1,255,0,0,96,96,1,1,0
2026-09-29T02:19:31.5279269+00:00,366.287,1,1,1,1,1,255,0,0,96,96,1,1,0
2026-09-29T02:19:32.5296156+00:00,367.288,1,1,1,1,1,255,0,0,96,96,1,1,0
2026-09-29T02:19:33.5318159+00:00,368.291,1,1,1,1,1,255,0,0,96,96,1,1,0
2026-09-29T02:19:34.5334586+00:00,369.292,1,1,1,1,1,255,0,0,96,96,1,1,0
2026-09-29T02:19:35.5470948+00:00,370.306,1,1,1,1,1,255,0,0,96,96,1,1,0
2026-09-29T02:19:36.5552618+00:00,371.314,1,1,1,1,1,255,0,0,96,96,1,1,0
2026-09-29T02:19:37.5563426+00:00,372.315,1,1,1,1,1,255,0,0,96,96,1,1,0
2026-09-29T02:19:38.5589781+00:00,373.318,1,1,1,1,1,255,0,0,96,96,1,1,0
2026-09-29T02:19:39.5603717+00:00,374.319,1,1,1,1,1,255,0,0,96,96,1,1,0
2026-09-29T02:19:40.5625537+00:00,375.321,1,1,1,1,1,255,0,0,96,96,1,1,0
2026-09-29T02:19:41.5644844+00:00,376.323,1,1,1,1,1,255,0,0,96,96,1,1,0
2026-09-29T02:19:42.5660401+00:00,377.325,1,1,1,1,1,255,0,0,96,96,1,1,0
2026-09-29T02:19:43.5682165+00:00,378.327,1,1,1,1,1,255,0,0,96,96,1,1,0
2026-09-29T02:19:44.5703121+00:00,379.329,1,1,1,1,1,255,0,0,96,96,1,1,0
2026-09-29T02:19:45.5715484+00:00,380.330,1,1,1,1,1,255,0,0,96,96,1,1,0
2026-09-29T02:19:46.5736481+00:00,381.332,1,1,1,1,1,255,0,0,96,96,1,1,0
2026-09-29T02:19:47.5882275+00:00,382.347,1,1,1,1,1,255,0,0,96,96,1,1,0
2026-09-29T02:19:47.6832352+00:00,382.442,1,1,1,1,1,255,0,0,96,96,1,1,0
2026-09-29T02:19:47.7612399+00:00,382.520,1,1,1,1,1,255,0,0,96,96,1,1,0
2026-09-29T02:19:47.8522277+00:00,382.611,1,1,1,1,1,255,0,0,96,96,1,1,0
2026-09-29T02:19:47.9342386+00:00,382.693,1,1,1,1,1,255,0,0,96,96,1,1,0
2026-09-29T02:19:48.0172598+00:00,382.776,1,1,1,1,1,255,0,0,96,96,1,1,0
2026-09-29T02:19:48.1138133+00:00,382.872,1,1,1,1,1,255,0,0,96,96,1,1,0
2026-09-29T02:19:48.2148049+00:00,382.973,1,1,1,1,1,255,0,0,96,96,1,1,0
2026-09-29T02:19:48.3038133+00:00,383.062,1,1,1,1,1,255,0,0,96,96,1,1,0
2026-09-29T02:19:48.3893597+00:00,383.148,1,1,1,1,1,255,0,0,96,96,1,1,0
2026-09-29T02:19:48.4843744+00:00,383.243,1,1,1,1,1,255,0,0,96,96,1,1,0
2026-09-29T02:19:48.5883688+00:00,383.347,1,1,1,1,1,255,0,0,96,96,1,1,0
2026-09-29T02:19:48.6683843+00:00,383.427,1,1,1,1,1,255,0,0,96,96,1,1,0
2026-09-29T02:19:48.7539390+00:00,383.513,1,1,1,1,1,255,0,0,96,96,1,1,0
2026-09-29T02:19:48.8494787+00:00,383.608,1,1,1,1,1,255,0,0,96,96,1,1,0
2026-09-29T02:19:48.9314881+00:00,383.690,1,1,1,1,1,255,0,0,96,96,1,1,0
2026-09-29T02:19:49.0290630+00:00,383.788,1,1,1,1,1,255,0,0,96,96,1,1,0
2026-09-29T02:19:49.1168165+00:00,383.875,1,1,1,1,1,255,0,0,96,96,1,1,0
2026-09-29T02:19:49.2008321+00:00,383.959,1,1,1,1,1,255,0,0,96,96,1,1,0
2026-09-29T02:19:49.2898152+00:00,384.048,1,1,1,1,1,255,0,0,96,96,1,1,0
2026-09-29T02:19:49.3783866+00:00,384.137,1,1,1,1,1,255,0,0,96,96,1,1,0
2026-09-29T02:19:50.1898615+00:00,384.949,1,1,1,1,1,255,0,0,96,96,1,1,0
2026-09-29T02:19:51.1954793+00:00,385.954,1,1,1,1,1,255,0,0,96,96,1,1,0
2026-09-29T02:19:52.1970285+00:00,386.956,1,1,1,1,1,255,0,0,96,96,1,1,0
2026-09-29T02:19:53.1991161+00:00,387.958,1,1,1,1,1,255,0,0,96,96,1,1,0
2026-09-29T02:19:54.2013110+00:00,388.960,1,1,1,1,1,255,0,0,96,96,1,1,0
2026-09-29T02:19:55.2035162+00:00,389.962,1,1,1,1,1,255,0,0,96,96,1,1,0
2026-09-29T02:19:56.2052392+00:00,390.964,1,1,1,1,1,255,0,0,96,96,1,1,0
2026-09-29T02:19:57.2078165+00:00,391.966,1,1,1,1,1,255,0,0,96,96,1,1,0
2026-09-29T02:19:58.2113672+00:00,392.970,1,1,1,1,1,255,0,0,96,96,1,1,0
2026-09-29T02:19:59.2122291+00:00,393.971,1,1,1,1,1,255,0,0,96,96,1,1,0
2026-09-29T02:20:00.2262088+00:00,394.985,1,1,1,1,1,255,0,0,96,96,1,1,0
2026-09-29T02:20:01.2284957+00:00,395.987,1,1,1,1,1,255,0,0,96,96,1,1,0
2026-09-29T02:20:02.2298551+00:00,396.988,1,1,1,1,1,255,0,0,96,96,1,1,0
2026-09-29T02:20:03.2315519+00:00,397.990,1,1,1,1,1,255,0,0,96,96,1,1,0
2026-09-29T02:20:04.2329975+00:00,398.992,1,1,1,1,1,255,0,0,96,96,1,1,0
2026-09-29T02:20:05.2351530+00:00,399.994,1,1,1,1,1,255,0,0,96,96,1,1,0
2026-09-29T02:20:06.2367922+00:00,400.995,1,1,1,1,1,255,0,0,96,96,1,1,0
2026-09-29T02:20:07.2388740+00:00,401.997,1,1,1,1,1,255,0,0,96,96,1,1,0
2026-09-29T02:20:08.2404227+00:00,402.999,1,1,1,1,1,255,0,0,96,96,1,1,0
2026-09-29T02:20:09.2424377+00:00,404.001,1,1,1,1,1,255,0,0,96,96,1,1,0
2026-09-29T02:20:10.2448456+00:00,405.003,1,1,1,1,1,255,0,0,96,96,1,1,0
2026-09-29T02:20:10.3678518+00:00,405.126,1,1,1,1,1,255,0,0,96,96,1,1,0
2026-09-29T02:20:10.4638475+00:00,405.222,1,1,1,1,1,255,0,0,96,96,1,1,0
2026-09-29T02:20:10.5418473+00:00,405.301,1,1,1,1,1,255,0,0,96,96,1,1,0
2026-09-29T02:20:10.6248456+00:00,405.383,1,1,1,1,1,255,0,0,96,96,1,1,0
2026-09-29T02:20:10.6874071+00:00,405.446,1,1,1,1,1,255,0,0,96,96,1,1,0
2026-09-29T02:20:10.7694230+00:00,405.528,1,1,1,1,1,255,0,0,96,96,1,1,0
2026-09-29T02:20:10.8545605+00:00,405.613,1,1,1,1,1,255,0,0,96,96,1,1,0
2026-09-29T02:20:10.9245518+00:00,405.683,1,1,1,1,1,255,0,0,96,96,1,1,0
2026-09-29T02:20:10.9955624+00:00,405.754,1,1,1,1,1,255,0,0,96,96,1,1,0
2026-09-29T02:20:11.0726016+00:00,405.831,1,1,1,1,1,255,0,0,96,96,1,1,0
2026-09-29T02:20:11.1551155+00:00,405.914,1,1,1,1,1,255,0,0,96,96,1,1,0
2026-09-29T02:20:11.2221192+00:00,405.981,1,1,1,1,1,255,0,0,96,96,1,1,0
2026-09-29T02:20:11.2976014+00:00,406.056,1,1,1,1,1,255,0,0,96,96,1,1,0
2026-09-29T02:20:11.3665962+00:00,406.125,1,1,1,1,1,255,0,0,96,96,1,1,0
2026-09-29T02:20:11.4541144+00:00,406.213,1,1,1,1,1,255,0,0,96,96,1,1,0
2026-09-29T02:20:11.5311186+00:00,406.290,1,1,1,1,1,255,0,0,96,96,1,1,0
2026-09-29T02:20:11.5991202+00:00,406.358,1,1,1,1,1,255,0,0,96,96,1,1,0
2026-09-29T02:20:11.6881156+00:00,406.447,1,1,1,1,1,255,0,0,96,96,1,1,0
2026-09-29T02:20:11.7621318+00:00,406.521,1,1,1,1,1,255,0,0,96,96,1,1,0
2026-09-29T02:20:11.8441175+00:00,406.603,1,1,1,1,1,255,0,0,96,96,1,1,0
2026-09-29T02:20:12.6205690+00:00,407.379,1,1,1,1,1,255,0,0,96,96,1,1,0
2026-09-29T02:20:13.6226374+00:00,408.381,1,1,1,1,1,255,0,0,96,96,1,1,0
2026-09-29T02:20:14.6248180+00:00,409.383,1,1,1,1,1,255,0,0,96,96,1,1,0
2026-09-29T02:20:15.6258952+00:00,410.384,1,1,1,1,1,255,0,0,96,96,1,1,0
2026-09-29T02:20:16.6381803+00:00,411.397,1,1,1,1,1,255,0,0,96,96,1,1,0
2026-09-29T02:20:17.6398110+00:00,412.398,1,1,1,1,1,255,0,0,96,96,1,1,0
2026-09-29T02:20:18.6409573+00:00,413.399,1,1,1,1,1,255,0,0,96,96,1,1,0
2026-09-29T02:20:19.6429961+00:00,414.401,1,1,1,1,1,255,0,0,96,96,1,1,0
2026-09-29T02:20:20.6450998+00:00,415.403,1,1,1,1,1,255,0,0,96,96,1,1,0
2026-09-29T02:20:21.6569000+00:00,416.415,1,1,1,1,1,255,0,0,96,96,1,1,0
2026-09-29T02:20:22.6680527+00:00,417.426,1,1,1,1,1,255,0,0,96,96,1,1,0
2026-09-29T02:20:23.6687438+00:00,418.427,1,1,1,1,1,255,0,0,96,96,1,1,0
2026-09-29T02:20:24.6710237+00:00,419.429,1,1,1,1,1,255,0,0,96,96,1,1,0
2026-09-29T02:20:25.6717853+00:00,420.430,1,1,1,1,1,255,0,0,96,96,1,1,0
2026-09-29T02:20:26.6729672+00:00,421.431,1,1,1,1,1,255,0,0,96,96,1,1,0
2026-09-29T02:20:27.6750553+00:00,422.433,1,1,1,1,1,255,0,0,96,96,1,1,0
2026-09-29T02:20:28.6766547+00:00,423.435,1,1,1,1,1,255,0,0,96,96,1,1,0
2026-09-29T02:20:29.6778535+00:00,424.436,1,1,1,1,1,255,0,0,96,96,1,1,0
2026-09-29T02:20:30.6799559+00:00,425.438,1,1,1,1,1,255,0,0,96,96,1,1,0
2026-09-29T02:20:31.6808821+00:00,426.439,1,1,1,1,1,255,0,0,96,96,1,1,0
2026-09-29T02:20:32.6824750+00:00,427.441,1,1,1,1,1,255,0,0,96,96,1,1,0
2026-09-29T02:20:32.7534700+00:00,427.512,1,1,1,1,1,255,0,0,96,96,1,1,0
2026-09-29T02:20:32.8256469+00:00,427.584,1,1,1,1,1,255,0,0,96,96,1,1,0
2026-09-29T02:20:32.9036498+00:00,427.662,1,1,1,1,1,255,0,0,96,96,1,1,0
2026-09-29T02:20:32.9766517+00:00,427.735,1,1,1,1,1,255,0,0,96,96,1,1,0
2026-09-29T02:20:33.0416741+00:00,427.800,1,1,1,1,1,255,0,0,96,96,1,1,0
2026-09-29T02:20:33.1216723+00:00,427.880,1,1,1,1,1,255,0,0,96,96,1,1,0
2026-09-29T02:20:33.1952201+00:00,427.953,1,1,1,1,1,255,0,0,96,96,1,1,0
2026-09-29T02:20:33.2766900+00:00,428.035,1,1,1,1,1,255,0,0,96,96,1,1,0
2026-09-29T02:20:33.3482129+00:00,428.106,1,1,1,1,1,255,0,0,96,96,1,1,0
2026-09-29T02:20:33.4102135+00:00,428.168,1,1,1,1,1,255,0,0,96,96,1,1,0
2026-09-29T02:20:33.4842145+00:00,428.242,1,1,1,1,1,255,0,0,96,96,1,1,0
2026-09-29T02:20:33.5496756+00:00,428.308,1,1,1,1,1,255,0,0,96,96,1,1,0
2026-09-29T02:20:33.6276945+00:00,428.386,1,1,1,1,1,255,0,0,96,96,1,1,0
2026-09-29T02:20:33.7087988+00:00,428.467,1,1,1,1,1,255,0,0,96,96,1,1,0
2026-09-29T02:20:33.7688053+00:00,428.527,1,1,1,1,1,255,0,0,96,96,1,1,0
2026-09-29T02:20:33.8598083+00:00,428.618,1,1,1,1,1,255,0,0,96,96,1,1,0
2026-09-29T02:20:33.9288090+00:00,428.687,1,1,1,1,1,255,0,0,96,96,1,1,0
2026-09-29T02:20:34.0058139+00:00,428.764,1,1,1,1,1,255,0,0,96,96,1,1,0
2026-09-29T02:20:34.0763695+00:00,428.835,1,1,1,1,1,255,0,0,96,96,1,1,0
2026-09-29T02:20:34.1413729+00:00,428.900,1,1,1,1,1,255,0,0,96,96,1,1,0
2026-09-29T02:20:34.8872375+00:00,429.646,1,1,1,1,1,255,0,0,96,96,1,1,0
2026-09-29T02:20:35.8897863+00:00,430.648,1,1,1,1,1,255,0,0,96,96,1,1,0
2026-09-29T02:20:36.8903922+00:00,431.649,1,1,1,1,1,255,0,0,96,96,1,1,0
2026-09-29T02:20:37.8924813+00:00,432.651,1,1,1,1,1,255,0,0,96,96,1,1,0
2026-09-29T02:20:38.8928154+00:00,433.651,1,1,1,1,1,255,0,0,96,96,1,1,0
2026-09-29T02:20:39.8939739+00:00,434.652,1,1,1,1,1,255,0,0,96,96,1,1,0
2026-09-29T02:20:40.8956102+00:00,435.654,1,1,1,1,1,255,0,0,96,96,1,1,0
2026-09-29T02:20:41.8967488+00:00,436.655,1,1,1,1,1,255,0,0,96,96,1,1,0
2026-09-29T02:20:42.9124677+00:00,437.671,1,1,1,1,1,255,0,0,96,96,1,1,0
2026-09-29T02:20:43.9140796+00:00,438.672,1,1,1,1,1,255,0,0,96,96,1,1,0
2026-09-29T02:20:44.9163297+00:00,439.675,1,1,1,1,1,255,0,0,96,96,1,1,0
2026-09-29T02:20:45.9185965+00:00,440.677,1,1,1,1,1,255,0,0,96,96,1,1,0
2026-09-29T02:20:46.9297605+00:00,441.688,1,1,1,1,1,255,0,0,96,96,1,1,0
2026-09-29T02:20:48.2029235+00:00,442.961,1,1,1,1,1,255,0,0,96,96,1,1,0
2026-09-29T02:20:49.2108758+00:00,443.969,1,1,1,1,1,255,0,0,96,96,1,1,0
2026-09-29T02:20:50.6990578+00:00,445.457,1,1,1,1,1,255,0,0,96,96,1,1,0
2026-09-29T02:20:52.3748675+00:00,447.133,1,1,1,1,1,255,0,0,96,96,1,1,0
2026-09-29T02:20:53.4428681+00:00,448.201,1,1,1,1,1,255,0,0,96,96,1,1,0
2026-09-29T02:20:54.4595727+00:00,449.218,1,1,1,1,1,255,0,0,96,96,1,1,0
2026-09-29T02:20:55.4628733+00:00,450.221,1,1,1,1,1,255,0,0,96,96,1,1,0
2026-09-29T02:20:56.4650019+00:00,451.223,1,1,1,1,1,255,0,0,96,96,1,1,0
2026-09-29T02:20:56.6287139+00:00,451.387,1,1,1,1,1,255,0,0,96,96,1,1,0
2026-09-29T02:20:56.7252566+00:00,451.483,1,1,1,1,1,255,0,0,96,96,1,1,0
2026-09-29T02:20:56.8208213+00:00,451.579,1,1,1,1,1,255,0,0,96,96,1,1,0
2026-09-29T02:20:56.9248224+00:00,451.683,1,1,1,1,1,255,0,0,96,96,1,1,0
2026-09-29T02:20:57.0228186+00:00,451.781,1,1,1,1,1,255,0,0,96,96,1,1,0
2026-09-29T02:20:57.1278161+00:00,451.886,1,1,1,1,1,255,0,0,96,96,1,1,0
2026-09-29T02:20:57.2268210+00:00,451.985,1,1,1,1,1,255,0,0,96,96,1,1,0
2026-09-29T02:20:57.3228191+00:00,452.081,1,1,1,1,1,255,0,0,96,96,1,1,0
2026-09-29T02:20:57.4208280+00:00,452.179,1,1,1,1,1,255,0,0,96,96,1,1,0
2026-09-29T02:20:57.5195250+00:00,452.278,1,1,1,1,1,255,0,0,96,96,1,1,0
2026-09-29T02:20:57.6261668+00:00,452.384,1,1,1,1,1,255,0,0,96,96,1,1,0
2026-09-29T02:20:57.7255349+00:00,452.484,1,1,1,1,1,255,0,0,96,96,1,1,0
2026-09-29T02:20:57.8261687+00:00,452.585,1,1,1,1,1,255,0,0,96,96,1,1,0
2026-09-29T02:20:57.9345288+00:00,452.693,1,1,1,1,1,255,0,0,96,96,1,1,0
2026-09-29T02:20:58.0311778+00:00,452.789,1,1,1,1,1,255,0,0,96,96,1,1,0
2026-09-29T02:20:58.1435241+00:00,452.902,1,1,1,1,1,255,0,0,96,96,1,1,0
2026-09-29T02:20:58.2465269+00:00,453.005,1,1,1,1,1,255,0,0,96,96,1,1,0
2026-09-29T02:20:58.3365273+00:00,453.095,1,1,1,1,1,255,0,0,96,96,1,1,0
2026-09-29T02:20:58.4462394+00:00,453.204,1,1,1,1,1,255,0,0,96,96,1,1,0
2026-09-29T02:20:58.5576775+00:00,453.316,1,1,1,1,1,255,0,0,96,96,1,1,0
2026-09-29T02:20:59.4910694+00:00,454.249,1,1,1,1,1,255,0,0,96,96,1,1,0
2026-09-29T02:21:00.4926969+00:00,455.251,1,1,1,1,1,255,0,0,96,96,1,1,0
2026-09-29T02:21:01.4945407+00:00,456.253,1,1,1,1,1,255,0,0,96,96,1,1,0
2026-09-29T02:21:02.4968154+00:00,457.255,1,1,1,1,1,255,0,0,96,96,1,1,0
2026-09-29T02:21:03.4985737+00:00,458.257,1,1,1,1,1,255,0,0,96,96,1,1,0
2026-09-29T02:21:04.5002063+00:00,459.258,1,1,1,1,1,255,0,0,96,96,1,1,0
2026-09-29T02:21:05.5018188+00:00,460.260,1,1,1,1,1,255,0,0,96,96,1,1,0
2026-09-29T02:21:06.5114258+00:00,461.269,1,1,1,1,1,255,0,0,96,96,1,1,0
2026-09-29T02:21:07.5121477+00:00,462.270,1,1,1,1,1,255,0,0,96,96,1,1,0
2026-09-29T02:21:08.5264470+00:00,463.284,1,1,1,1,1,255,0,0,96,96,1,1,0
2026-09-29T02:21:09.5277029+00:00,464.286,1,1,1,1,1,255,0,0,96,96,1,1,0
2026-09-29T02:21:10.5297965+00:00,465.288,1,1,1,1,1,255,0,0,96,96,1,1,0
2026-09-29T02:21:11.5310483+00:00,466.289,1,1,1,1,1,255,0,0,96,96,1,1,0
2026-09-29T02:21:12.5331520+00:00,467.291,1,1,1,1,1,255,0,0,96,96,1,1,0
2026-09-29T02:21:13.5352647+00:00,468.293,1,1,1,1,1,255,0,0,96,96,1,1,0
2026-09-29T02:21:14.5374725+00:00,469.295,1,1,1,1,1,255,0,0,96,96,1,1,0
2026-09-29T02:21:15.5397014+00:00,470.298,1,1,1,1,1,255,0,0,96,96,1,1,0
2026-09-29T02:21:16.5409822+00:00,471.299,1,1,1,1,1,255,0,0,96,96,1,1,0
2026-09-29T02:21:17.5431015+00:00,472.301,1,1,1,1,1,255,0,0,96,96,1,1,0
2026-09-29T02:21:18.5453326+00:00,473.303,1,1,1,1,1,255,0,0,96,96,1,1,0
2026-09-29T02:21:19.5469454+00:00,474.305,1,1,1,1,1,255,0,0,96,96,1,1,0
2026-09-29T02:21:19.6445255+00:00,474.402,1,1,1,1,1,255,0,0,96,96,1,1,0
2026-09-29T02:21:19.7235302+00:00,474.481,1,1,1,1,1,255,0,0,96,96,1,1,0
2026-09-29T02:21:19.8105191+00:00,474.568,1,1,1,1,1,255,0,0,96,96,1,1,0
2026-09-29T02:21:19.8855259+00:00,474.643,1,1,1,1,1,255,0,0,96,96,1,1,0
2026-09-29T02:21:19.9715325+00:00,474.729,1,1,1,1,1,255,0,0,96,96,1,1,0
2026-09-29T02:21:20.0505229+00:00,474.808,1,1,1,1,1,255,0,0,96,96,1,1,0
2026-09-29T02:21:20.1335349+00:00,474.891,1,1,1,1,1,255,0,0,96,96,1,1,0
2026-09-29T02:21:20.2385345+00:00,474.996,1,1,1,1,1,255,0,0,96,96,1,1,0
2026-09-29T02:21:20.3185236+00:00,475.076,1,1,1,1,1,255,0,0,96,96,1,1,0
2026-09-29T02:21:20.3975326+00:00,475.155,1,1,1,1,1,255,0,0,96,96,1,1,0
2026-09-29T02:21:20.5038018+00:00,475.262,1,1,1,1,1,255,0,0,96,96,1,1,0
2026-09-29T02:21:20.5867864+00:00,475.345,1,1,1,1,1,255,0,0,96,96,1,1,0
2026-09-29T02:21:20.6623629+00:00,475.420,1,1,1,1,1,255,0,0,96,96,1,1,0
2026-09-29T02:21:20.7428268+00:00,475.501,1,1,1,1,1,255,0,0,96,96,1,1,0
2026-09-29T02:21:20.8185980+00:00,475.576,1,1,1,1,1,255,0,0,96,96,1,1,0
2026-09-29T02:21:20.9016071+00:00,475.660,1,1,1,1,1,255,0,0,96,96,1,1,0
2026-09-29T02:21:20.9876077+00:00,475.746,1,1,1,1,1,255,0,0,96,96,1,1,0
2026-09-29T02:21:21.0696097+00:00,475.828,1,1,1,1,1,255,0,0,96,96,1,1,0
2026-09-29T02:21:21.1495958+00:00,475.907,1,1,1,1,1,255,0,0,96,96,1,1,0
2026-09-29T02:21:21.2336014+00:00,475.992,1,1,1,1,1,255,0,0,96,96,1,1,0
2026-09-29T02:21:22.0203926+00:00,476.778,1,1,1,1,1,255,0,0,96,96,1,1,0
2026-09-29T02:21:23.0227527+00:00,477.781,1,1,1,1,1,255,0,0,96,96,1,1,0
2026-09-29T02:21:24.0248535+00:00,478.794,1,1,1,1,1,255,0,0,96,96,1,1,0
2026-09-29T02:21:25.0380586+00:00,479.796,1,1,1,1,1,255,0,0,96,96,1,1,0
2026-09-29T02:21:26.0396882+00:00,480.798,1,1,1,1,1,255,0,0,96,96,1,1,0
2026-09-29T02:21:27.0413077+00:00,481.799,1,1,1,1,1,255,0,0,96,96,1,1,0
2026-09-29T02:21:28.0428866+00:00,482.801,1,1,1,1,1,255,0,0,96,96,1,1,0
2026-09-29T02:21:29.0445976+00:00,483.802,1,1,1,1,1,255,0,0,96,96,1,1,0
2026-09-29T02:21:30.0603775+00:00,484.818,1,1,1,1,1,255,0,0,96,96,1,1,0
2026-09-29T02:21:31.0705944+00:00,485.828,1,1,1,1,1,255,0,0,96,96,1,1,0
2026-09-29T02:21:32.0719293+00:00,486.830,1,1,1,1,1,255,0,0,96,96,1,1,0
2026-09-29T02:21:33.0740240+00:00,487.832,1,1,1,1,1,255,0,0,96,96,1,1,0
2026-09-29T02:21:34.0752300+00:00,488.833,1,1,1,1,1,255,0,0,96,96,1,1,0
2026-09-29T02:21:35.0774430+00:00,489.835,1,1,1,1,1,255,0,0,96,96,1,1,0
2026-09-29T02:21:36.0795417+00:00,490.837,1,1,1,1,1,255,0,0,96,96,1,1,0
2026-09-29T02:21:37.0811076+00:00,491.839,1,1,1,1,1,255,0,0,96,96,1,1,0
2026-09-29T02:21:38.0831898+00:00,492.841,1,1,1,1,1,255,0,0,96,96,1,1,0
2026-09-29T02:21:39.0850306+00:00,493.843,1,1,1,1,1,255,0,0,96,96,1,1,0
2026-09-29T02:21:40.0870385+00:00,494.845,1,1,1,1,1,255,0,0,96,96,1,1,0
2026-09-29T02:21:41.0887307+00:00,495.846,1,1,1,1,1,255,0,0,96,96,1,1,0
2026-09-29T02:21:42.0908403+00:00,496.849,1,1,1,1,1,255,0,0,96,96,1,1,0
2026-09-29T02:21:42.1718373+00:00,496.930,1,1,1,1,1,255,0,0,96,96,1,1,0
2026-09-29T02:21:42.2578482+00:00,497.016,1,1,1,1,1,255,0,0,96,96,1,1,0
2026-09-29T02:21:42.3328444+00:00,497.091,1,1,1,1,1,255,0,0,96,96,1,1,0
2026-09-29T02:21:42.4188377+00:00,497.177,1,1,1,1,1,255,0,0,96,96,1,1,0
2026-09-29T02:21:42.5003957+00:00,497.258,1,1,1,1,1,255,0,0,96,96,1,1,0
2026-09-29T02:21:42.5753928+00:00,497.333,1,1,1,1,1,255,0,0,96,96,1,1,0
2026-09-29T02:21:42.6554025+00:00,497.413,1,1,1,1,1,255,0,0,96,96,1,1,0
2026-09-29T02:21:42.7263950+00:00,497.484,1,1,1,1,1,255,0,0,96,96,1,1,0
2026-09-29T02:21:42.8089913+00:00,497.567,1,1,1,1,1,255,0,0,96,96,1,1,0
2026-09-29T02:21:42.8945815+00:00,497.652,1,1,1,1,1,255,0,0,96,96,1,1,0
2026-09-29T02:21:42.9809928+00:00,497.739,1,1,1,1,1,255,0,0,96,96,1,1,0
2026-09-29T02:21:43.0539959+00:00,497.812,1,1,1,1,1,255,0,0,96,96,1,1,0
2026-09-29T02:21:43.1325887+00:00,497.890,1,1,1,1,1,255,0,0,96,96,1,1,0
2026-09-29T02:21:43.2165894+00:00,497.975,1,1,1,1,1,255,0,0,96,96,1,1,0
2026-09-29T02:21:43.2995870+00:00,498.057,1,1,1,1,1,255,0,0,96,96,1,1,0
2026-09-29T02:21:43.3745864+00:00,498.132,1,1,1,1,1,255,0,0,96,96,1,1,0
2026-09-29T02:21:43.4545969+00:00,498.212,1,1,1,1,1,255,0,0,96,96,1,1,0
2026-09-29T02:21:43.5356588+00:00,498.293,1,1,1,1,1,255,0,0,96,96,1,1,0
2026-09-29T02:21:43.6156754+00:00,498.373,1,1,1,1,1,255,0,0,96,96,1,1,0
2026-09-29T02:21:43.7006688+00:00,498.458,1,1,1,1,1,255,0,0,96,96,1,1,0
2026-09-29T02:21:44.5143016+00:00,499.272,1,1,1,1,1,255,0,0,96,96,1,1,0
2026-09-29T02:21:45.5173653+00:00,500.275,1,1,1,1,1,255,0,0,96,96,1,1,0
2026-09-29T02:21:46.5200189+00:00,501.278,1,1,1,1,1,255,0,0,96,96,1,1,0
2026-09-29T02:21:47.5314643+00:00,502.289,1,1,1,1,1,255,0,0,96,96,1,1,0
2026-09-29T02:21:48.5331078+00:00,503.291,1,1,1,1,1,255,0,0,96,96,1,1,0
2026-09-29T02:21:49.5351312+00:00,504.293,1,1,1,1,1,255,0,0,96,96,1,1,0
2026-09-29T02:21:50.5367835+00:00,505.294,1,1,1,1,1,255,0,0,96,96,1,1,0
2026-09-29T02:21:51.5386155+00:00,506.296,1,1,1,1,1,255,0,0,96,96,1,1,0
2026-09-29T02:21:52.5411829+00:00,507.299,1,1,1,1,1,255,0,0,96,96,1,1,0
2026-09-29T02:21:53.5419166+00:00,508.300,1,1,1,1,1,255,0,0,96,96,1,1,0
2026-09-29T02:21:54.5576631+00:00,509.315,1,1,1,1,1,255,0,0,96,96,1,1,0
2026-09-29T02:21:55.5591775+00:00,510.317,1,1,1,1,1,255,0,0,96,96,1,1,0
2026-09-29T02:21:56.5598411+00:00,511.318,1,1,1,1,1,255,0,0,96,96,1,1,0
2026-09-29T02:21:57.5624987+00:00,512.320,1,1,1,1,1,255,0,0,96,96,1,1,0
2026-09-29T02:21:58.5641705+00:00,513.322,1,1,1,1,1,255,0,0,96,96,1,1,0
2026-09-29T02:21:59.5655628+00:00,514.323,1,1,1,1,1,255,0,0,96,96,1,1,0
2026-09-29T02:22:00.5676489+00:00,515.325,1,1,1,1,1,255,0,0,96,96,1,1,0
2026-09-29T02:22:01.5689923+00:00,516.327,1,1,1,1,1,255,0,0,96,96,1,1,0
2026-09-29T02:22:02.5703447+00:00,517.328,1,1,1,1,1,255,0,0,96,96,1,1,0
2026-09-29T02:22:03.5730903+00:00,518.331,1,1,1,1,1,255,0,0,96,96,1,1,0
2026-09-29T02:22:04.5746384+00:00,519.332,1,1,1,1,1,255,0,0,96,96,1,1,0
2026-09-29T02:22:04.6738204+00:00,519.431,1,1,1,1,1,255,0,0,96,96,1,1,0
2026-09-29T02:22:04.7538094+00:00,519.511,1,1,1,1,1,255,0,0,96,96,1,1,0
2026-09-29T02:22:04.8383870+00:00,519.596,1,1,1,1,1,255,0,0,96,96,1,1,0
2026-09-29T02:22:04.9263861+00:00,519.684,1,1,1,1,1,255,0,0,96,96,1,1,0
2026-09-29T02:22:05.0063845+00:00,519.764,1,1,1,1,1,255,0,0,96,96,1,1,0
2026-09-29T02:22:05.0803947+00:00,519.838,1,1,1,1,1,255,0,0,96,96,1,1,0
2026-09-29T02:22:05.1543955+00:00,519.912,1,1,1,1,1,255,0,0,96,96,1,1,0
2026-09-29T02:22:05.2283972+00:00,519.986,1,1,1,1,1,255,0,0,96,96,1,1,0
2026-09-29T02:22:05.3073913+00:00,520.065,1,1,1,1,1,255,0,0,96,96,1,1,0
2026-09-29T02:22:05.3803940+00:00,520.138,1,1,1,1,1,255,0,0,96,96,1,1,0
2026-09-29T02:22:05.4633966+00:00,520.221,1,1,1,1,1,255,0,0,96,96,1,1,0
2026-09-29T02:22:05.5409583+00:00,520.298,1,1,1,1,1,255,0,0,96,96,1,1,0
2026-09-29T02:22:05.6199622+00:00,520.377,1,1,1,1,1,255,0,0,96,96,1,1,0
2026-09-29T02:22:05.6985469+00:00,520.456,1,1,1,1,1,255,0,0,96,96,1,1,0
2026-09-29T02:22:05.7865559+00:00,520.544,1,1,1,1,1,255,0,0,96,96,1,1,0
2026-09-29T02:22:05.8715559+00:00,520.629,1,1,1,1,1,255,0,0,96,96,1,1,0
2026-09-29T02:22:05.9531445+00:00,520.711,1,1,1,1,1,255,0,0,96,96,1,1,0
2026-09-29T02:22:06.0365478+00:00,520.794,1,1,1,1,1,255,0,0,96,96,1,1,0
2026-09-29T02:22:06.1241383+00:00,520.882,1,1,1,1,1,255,0,0,96,96,1,1,0
2026-09-29T02:22:06.2101446+00:00,520.968,1,1,1,1,1,255,0,0,96,96,1,1,0
2026-09-29T02:22:07.0131023+00:00,521.771,1,1,1,1,1,255,0,0,96,96,1,1,0
2026-09-29T02:22:08.0149677+00:00,522.772,1,1,1,1,1,255,0,0,96,96,1,1,0
2026-09-29T02:22:09.0172054+00:00,523.775,1,1,1,1,1,255,0,0,96,96,1,1,0
2026-09-29T02:22:10.0192769+00:00,524.777,1,1,1,1,1,255,0,0,96,96,1,1,0
2026-09-29T02:22:11.0209143+00:00,525.778,1,1,1,1,1,255,0,0,96,96,1,1,0
2026-09-29T02:22:12.0225826+00:00,526.780,1,1,1,1,1,255,0,0,96,96,1,1,0
2026-09-29T02:22:13.0246584+00:00,527.782,1,1,1,1,1,255,0,0,96,96,1,1,0
2026-09-29T02:22:14.0262930+00:00,528.784,1,1,1,1,1,255,0,0,96,96,1,1,0
2026-09-29T02:22:15.0397798+00:00,529.797,1,1,1,1,1,255,0,0,96,96,1,1,0
2026-09-29T02:22:16.0418581+00:00,530.799,1,1,1,1,1,255,0,0,96,96,1,1,0
2026-09-29T02:22:17.0559446+00:00,531.813,1,1,1,1,1,255,0,0,96,96,1,1,0
2026-09-29T02:22:18.0574885+00:00,532.815,1,1,1,1,1,255,0,0,96,96,1,1,0
2026-09-29T02:22:19.0594383+00:00,533.817,1,1,1,1,1,255,0,0,96,96,1,1,0
2026-09-29T02:22:20.0613426+00:00,534.819,1,1,1,1,1,255,0,0,96,96,1,1,0
2026-09-29T02:22:21.0635136+00:00,535.821,1,1,1,1,1,255,0,0,96,96,1,1,0
2026-09-29T02:22:22.0656339+00:00,536.823,1,1,1,1,1,255,0,0,96,96,1,1,0
2026-09-29T02:22:23.0677387+00:00,537.825,1,1,1,1,1,255,0,0,96,96,1,1,0
2026-09-29T02:22:24.0694806+00:00,538.827,1,1,1,1,1,255,0,0,96,96,1,1,0
2026-09-29T02:22:25.0714684+00:00,539.829,1,1,1,1,1,255,0,0,96,96,1,1,0
2026-09-29T02:22:26.0732628+00:00,540.831,1,1,1,1,1,255,0,0,96,96,1,1,0
2026-09-29T02:22:27.0752916+00:00,541.833,1,1,1,1,1,255,0,0,96,96,1,1,0
2026-09-29T02:22:27.1732796+00:00,541.931,1,1,1,1,1,255,0,0,96,96,1,1,0
2026-09-29T02:22:27.2392795+00:00,541.997,1,1,1,1,1,255,0,0,96,96,1,1,0
2026-09-29T02:22:27.3212861+00:00,542.079,1,1,1,1,1,255,0,0,96,96,1,1,0
2026-09-29T02:22:27.4082944+00:00,542.166,1,1,1,1,1,255,0,0,96,96,1,1,0
2026-09-29T02:22:27.5014348+00:00,542.259,1,1,1,1,1,255,0,0,96,96,1,1,0
2026-09-29T02:22:27.5854257+00:00,542.343,1,1,1,1,1,255,0,0,96,96,1,1,0
2026-09-29T02:22:27.6684273+00:00,542.426,1,1,1,1,1,255,0,0,96,96,1,1,0
2026-09-29T02:22:27.7474248+00:00,542.505,1,1,1,1,1,255,0,0,96,96,1,1,0
2026-09-29T02:22:27.8264314+00:00,542.584,1,1,1,1,1,255,0,0,96,96,1,1,0
2026-09-29T02:22:27.9124242+00:00,542.670,1,1,1,1,1,255,0,0,96,96,1,1,0
2026-09-29T02:22:27.9984322+00:00,542.756,1,1,1,1,1,255,0,0,96,96,1,1,0
2026-09-29T02:22:28.0854370+00:00,542.843,1,1,1,1,1,255,0,0,96,96,1,1,0
2026-09-29T02:22:28.1644233+00:00,542.922,1,1,1,1,1,255,0,0,96,96,1,1,0
2026-09-29T02:22:28.2474267+00:00,543.005,1,1,1,1,1,255,0,0,96,96,1,1,0
2026-09-29T02:22:28.3284352+00:00,543.086,1,1,1,1,1,255,0,0,96,96,1,1,0
2026-09-29T02:22:28.4044534+00:00,543.162,1,1,1,1,1,255,0,0,96,96,1,1,0
2026-09-29T02:22:28.4835948+00:00,543.241,1,1,1,1,1,255,0,0,96,96,1,1,0
2026-09-29T02:22:28.5541387+00:00,543.311,1,1,1,1,1,255,0,0,96,96,1,1,0
2026-09-29T02:22:28.6311356+00:00,543.388,1,1,1,1,1,255,0,0,96,96,1,1,0
2026-09-29T02:22:28.7101575+00:00,543.467,1,1,1,1,1,255,0,0,96,96,1,1,0
2026-09-29T02:22:29.5035506+00:00,544.261,1,1,1,1,1,255,0,0,96,96,1,1,0
2026-09-29T02:22:30.5057241+00:00,545.263,1,1,1,1,1,255,0,0,96,96,1,1,0
2026-09-29T02:22:31.5083613+00:00,546.266,1,1,1,1,1,255,0,0,96,96,1,1,0
2026-09-29T02:22:32.5098246+00:00,547.267,1,1,1,1,1,255,0,0,96,96,1,1,0
2026-09-29T02:22:33.5114835+00:00,548.269,1,1,1,1,1,255,0,0,96,96,1,1,0
2026-09-29T02:22:34.5136605+00:00,549.271,1,1,1,1,1,255,0,0,96,96,1,1,0
2026-09-29T02:22:35.5154036+00:00,550.273,1,1,1,1,1,255,0,0,96,96,1,1,0
2026-09-29T02:22:36.5175691+00:00,551.275,1,1,1,1,1,255,0,0,96,96,1,1,0
2026-09-29T02:22:37.5276755+00:00,552.285,1,1,1,1,1,255,0,0,96,96,1,1,0
2026-09-29T02:22:38.5283728+00:00,553.286,1,1,1,1,1,255,0,0,96,96,1,1,0
2026-09-29T02:22:39.5297694+00:00,554.287,1,1,1,1,1,255,0,0,96,96,1,1,0
2026-09-29T02:22:40.5313682+00:00,555.289,1,1,1,1,1,255,0,0,96,96,1,1,0
2026-09-29T02:22:41.5335395+00:00,556.291,1,1,1,1,1,255,0,0,96,96,1,1,0
2026-09-29T02:22:42.5350890+00:00,557.292,1,1,1,1,1,255,0,0,96,96,1,1,0
2026-09-29T02:22:43.5367786+00:00,558.294,1,1,1,1,1,255,0,0,96,96,1,1,0
2026-09-29T02:22:44.5388649+00:00,559.296,1,1,1,1,1,255,0,0,96,96,1,1,0
2026-09-29T02:22:45.5408283+00:00,560.298,1,1,1,1,1,255,0,0,96,96,1,1,0
2026-09-29T02:22:46.5424197+00:00,561.300,1,1,1,1,1,255,0,0,96,96,1,1,0
2026-09-29T02:22:47.5561953+00:00,562.313,1,1,1,1,1,255,0,0,96,96,1,1,0
2026-09-29T02:22:48.5577256+00:00,563.315,1,1,1,1,1,255,0,0,96,96,1,1,0
2026-09-29T02:22:49.5597636+00:00,564.317,1,1,1,1,1,255,0,0,96,96,1,1,0
2026-09-29T02:22:49.6609176+00:00,564.418,1,1,1,1,1,255,0,0,96,96,1,1,0
2026-09-29T02:22:49.7369118+00:00,564.494,1,1,1,1,1,255,0,0,96,96,1,1,0
2026-09-29T02:22:49.8129108+00:00,564.570,1,1,1,1,1,255,0,0,96,96,1,1,0
2026-09-29T02:22:49.8909190+00:00,564.648,1,1,1,1,1,255,0,0,96,96,1,1,0
2026-09-29T02:22:49.9709221+00:00,564.728,1,1,1,1,1,255,0,0,96,96,1,1,0
2026-09-29T02:22:50.0579150+00:00,564.815,1,1,1,1,1,255,0,0,96,96,1,1,0
2026-09-29T02:22:50.1399260+00:00,564.897,1,1,1,1,1,255,0,0,96,96,1,1,0
2026-09-29T02:22:50.2119155+00:00,564.969,1,1,1,1,1,255,0,0,96,96,1,1,0
2026-09-29T02:22:50.2869274+00:00,565.044,1,1,1,1,1,255,0,0,96,96,1,1,0
2026-09-29T02:22:50.3679110+00:00,565.125,1,1,1,1,1,255,0,0,96,96,1,1,0
2026-09-29T02:22:50.4399210+00:00,565.197,1,1,1,1,1,255,0,0,96,96,1,1,0
2026-09-29T02:22:50.5184757+00:00,565.276,1,1,1,1,1,255,0,0,96,96,1,1,0
2026-09-29T02:22:50.5910328+00:00,565.348,1,1,1,1,1,255,0,0,96,96,1,1,0
2026-09-29T02:22:50.6751532+00:00,565.432,1,1,1,1,1,255,0,0,96,96,1,1,0
2026-09-29T02:22:50.7521600+00:00,565.509,1,1,1,1,1,255,0,0,96,96,1,1,0
2026-09-29T02:22:50.8317113+00:00,565.589,1,1,1,1,1,255,0,0,96,96,1,1,0
2026-09-29T02:22:50.9167153+00:00,565.674,1,1,1,1,1,255,0,0,96,96,1,1,0
2026-09-29T02:22:50.9977218+00:00,565.755,1,1,1,1,1,255,0,0,96,96,1,1,0
2026-09-29T02:22:51.0737259+00:00,565.831,1,1,1,1,1,255,0,0,96,96,1,1,0
2026-09-29T02:22:51.1537198+00:00,565.911,1,1,1,1,1,255,0,0,96,96,1,1,0
2026-09-29T02:22:51.9666387+00:00,566.724,1,1,1,1,1,255,0,0,96,96,1,1,0
2026-09-29T02:22:52.9700302+00:00,567.727,1,1,1,1,1,255,0,0,96,96,1,1,0
2026-09-29T02:22:53.9721347+00:00,568.729,1,1,1,1,1,255,0,0,96,96,1,1,0
2026-09-29T02:22:54.9737640+00:00,569.731,1,1,1,1,1,255,0,0,96,96,1,1,0
2026-09-29T02:22:55.9758503+00:00,570.733,1,1,1,1,1,255,0,0,96,96,1,1,0
2026-09-29T02:22:56.9783564+00:00,571.735,1,1,1,1,1,255,0,0,96,96,1,1,0
2026-09-29T02:22:57.9807281+00:00,572.738,1,1,1,1,1,255,0,0,96,96,1,1,0
2026-09-29T02:22:58.9827851+00:00,573.740,1,1,1,1,1,255,0,0,96,96,1,1,0
2026-09-29T02:22:59.9846903+00:00,574.742,1,1,1,1,1,255,0,0,96,96,1,1,0
2026-09-29T02:23:00.9930598+00:00,575.750,1,1,1,1,1,255,0,0,96,96,1,1,0
2026-09-29T02:23:02.0087473+00:00,576.766,1,1,1,1,1,255,0,0,96,96,1,1,0
2026-09-29T02:23:03.0109529+00:00,577.768,1,1,1,1,1,255,0,0,96,96,1,1,0
2026-09-29T02:23:04.0127920+00:00,578.770,1,1,1,1,1,255,0,0,96,96,1,1,0
2026-09-29T02:23:05.0145295+00:00,579.771,1,1,1,1,1,255,0,0,96,96,1,1,0
2026-09-29T02:23:06.0166468+00:00,580.774,1,1,1,1,1,255,0,0,96,96,1,1,0
2026-09-29T02:23:07.0185882+00:00,581.776,1,1,1,1,1,255,0,0,96,96,1,1,0
2026-09-29T02:23:08.0217470+00:00,582.779,1,1,1,1,1,255,0,0,96,96,1,1,0
2026-09-29T02:23:09.0230520+00:00,583.780,1,1,1,1,1,255,0,0,96,96,1,1,0
2026-09-29T02:23:10.0254561+00:00,584.782,1,1,1,1,1,255,0,0,96,96,1,1,0
2026-09-29T02:23:11.0272051+00:00,585.784,1,1,1,1,1,255,0,0,96,96,1,1,0
2026-09-29T02:23:12.0293531+00:00,586.786,1,1,1,1,1,255,0,0,96,96,1,1,0
2026-09-29T02:23:12.1328054+00:00,586.890,1,1,1,1,1,255,0,0,96,96,1,1,0
2026-09-29T02:23:12.2158067+00:00,586.973,1,1,1,1,1,255,0,0,96,96,1,1,0
2026-09-29T02:23:12.2973529+00:00,587.054,1,1,1,1,1,255,0,0,96,96,1,1,0
2026-09-29T02:23:12.3803597+00:00,587.137,1,1,1,1,1,255,0,0,96,96,1,1,0
2026-09-29T02:23:12.4568092+00:00,587.214,1,1,1,1,1,255,0,0,96,96,1,1,0
2026-09-29T02:23:12.5389160+00:00,587.296,1,1,1,1,1,255,0,0,96,96,1,1,0
2026-09-29T02:23:12.6169175+00:00,587.374,1,1,1,1,1,255,0,0,96,96,1,1,0
2026-09-29T02:23:12.7009219+00:00,587.458,1,1,1,1,1,255,0,0,96,96,1,1,0
2026-09-29T02:23:12.7789120+00:00,587.536,1,1,1,1,1,255,0,0,96,96,1,1,0
2026-09-29T02:23:12.8594926+00:00,587.616,1,1,1,1,1,255,0,0,96,96,1,1,0
2026-09-29T02:23:12.9379603+00:00,587.695,1,1,1,1,1,255,0,0,96,96,1,1,0
2026-09-29T02:23:13.0119633+00:00,587.769,1,1,1,1,1,255,0,0,96,96,1,1,0
2026-09-29T02:23:13.0939612+00:00,587.851,1,1,1,1,1,255,0,0,96,96,1,1,0
2026-09-29T02:23:13.1769614+00:00,587.934,1,1,1,1,1,255,0,0,96,96,1,1,0
2026-09-29T02:23:13.2669631+00:00,588.024,1,1,1,1,1,255,0,0,96,96,1,1,0
2026-09-29T02:23:13.3525012+00:00,588.109,1,1,1,1,1,255,0,0,96,96,1,1,0
2026-09-29T02:23:13.4289621+00:00,588.186,1,1,1,1,1,255,0,0,96,96,1,1,0
2026-09-29T02:23:13.4979559+00:00,588.255,1,1,1,1,1,255,0,0,96,96,1,1,0
2026-09-29T02:23:13.5774979+00:00,588.334,1,1,1,1,1,255,0,0,96,96,1,1,0
2026-09-29T02:23:13.6604920+00:00,588.417,1,1,1,1,1,255,0,0,96,96,1,1,0
2026-09-29T02:23:14.4518258+00:00,589.209,1,1,1,1,1,255,0,0,96,96,1,1,0
2026-09-29T02:23:15.4544313+00:00,590.211,1,1,1,1,1,255,0,0,96,96,1,1,0
2026-09-29T02:23:16.4564600+00:00,591.213,1,1,1,1,1,255,0,0,96,96,1,1,0
2026-09-29T02:23:17.4695128+00:00,592.226,1,1,1,1,1,255,0,0,96,96,1,1,0
2026-09-29T02:23:18.4716499+00:00,593.228,1,1,1,1,1,255,0,0,96,96,1,1,0
2026-09-29T02:23:19.4734773+00:00,594.230,1,1,1,1,1,255,0,0,96,96,1,1,0
2026-09-29T02:23:20.4751027+00:00,595.232,1,1,1,1,1,255,0,0,96,96,1,1,0
2026-09-29T02:23:21.4767382+00:00,596.234,1,1,1,1,1,255,0,0,96,96,1,1,0
2026-09-29T02:23:22.4782715+00:00,597.235,1,1,1,1,1,255,0,0,96,96,1,1,0
2026-09-29T02:23:23.4803611+00:00,598.237,1,1,1,1,1,255,0,0,96,96,1,1,0
2026-09-29T02:23:24.4977238+00:00,599.254,1,1,1,1,1,255,0,0,96,96,1,1,0
2026-09-29T02:23:25.4995434+00:00,600.256,1,1,1,1,1,255,0,0,96,96,1,1,0
2026-09-29T02:23:26.5016372+00:00,601.258,1,1,1,1,1,255,0,0,96,96,1,1,0
2026-09-29T02:23:27.5038964+00:00,602.261,1,1,1,1,1,255,0,0,96,96,1,1,0
2026-09-29T02:23:28.5061118+00:00,603.263,1,1,1,1,1,255,0,0,96,96,1,1,0
2026-09-29T02:23:29.5077981+00:00,604.264,1,1,1,1,1,255,0,0,96,96,1,1,0
2026-09-29T02:23:30.5094970+00:00,605.266,1,1,1,1,1,255,0,0,96,96,1,1,0
2026-09-29T02:23:31.5112649+00:00,606.268,1,1,1,1,1,255,0,0,96,96,1,1,0
2026-09-29T02:23:32.5133769+00:00,607.270,1,1,1,1,1,255,0,0,96,96,1,1,0
2026-09-29T02:23:33.5154821+00:00,608.272,1,1,1,1,1,255,0,0,96,96,1,1,0
2026-09-29T02:23:34.5177003+00:00,609.274,1,1,1,1,1,255,0,0,96,96,1,1,0
2026-09-29T02:23:34.6108488+00:00,609.368,1,1,1,1,1,255,0,0,96,96,1,1,0
2026-09-29T02:23:34.6894756+00:00,609.446,1,1,1,1,1,255,0,0,96,96,1,1,0
2026-09-29T02:23:34.7748416+00:00,609.532,1,1,1,1,1,255,0,0,96,96,1,1,0
2026-09-29T02:23:34.8575746+00:00,609.614,1,1,1,1,1,255,0,0,96,96,1,1,0
2026-09-29T02:23:34.9385756+00:00,609.695,1,1,1,1,1,255,0,0,96,96,1,1,0
2026-09-29T02:23:35.0195847+00:00,609.776,1,1,1,1,1,255,0,0,96,96,1,1,0
2026-09-29T02:23:35.0905705+00:00,609.847,1,1,1,1,1,255,0,0,96,96,1,1,0
2026-09-29T02:23:35.1625816+00:00,609.919,1,1,1,1,1,255,0,0,96,96,1,1,0
2026-09-29T02:23:35.2355819+00:00,609.992,1,1,1,1,1,255,0,0,96,96,1,1,0
2026-09-29T02:23:35.3065729+00:00,610.063,1,1,1,1,1,255,0,0,96,96,1,1,0
2026-09-29T02:23:35.3855820+00:00,610.142,1,1,1,1,1,255,0,0,96,96,1,1,0
2026-09-29T02:23:35.4655788+00:00,610.222,1,1,1,1,1,255,0,0,96,96,1,1,0
2026-09-29T02:23:35.5505630+00:00,610.307,1,1,1,1,1,255,0,0,96,96,1,1,0
2026-09-29T02:23:35.6365675+00:00,610.393,1,1,1,1,1,255,0,0,96,96,1,1,0
2026-09-29T02:23:35.7191490+00:00,610.476,1,1,1,1,1,255,0,0,96,96,1,1,0
2026-09-29T02:23:35.7971523+00:00,610.554,1,1,1,1,1,255,0,0,96,96,1,1,0
2026-09-29T02:23:35.8811544+00:00,610.638,1,1,1,1,1,255,0,0,96,96,1,1,0
2026-09-29T02:23:35.9661554+00:00,610.723,1,1,1,1,1,255,0,0,96,96,1,1,0
2026-09-29T02:23:36.0431559+00:00,610.800,1,1,1,1,1,255,0,0,96,96,1,1,0
2026-09-29T02:23:36.1241627+00:00,610.881,1,1,1,1,1,255,0,0,96,96,1,1,0
2026-09-29T02:23:36.9222132+00:00,611.679,1,1,1,1,1,255,0,0,96,96,1,1,0
2026-09-29T02:23:37.9252310+00:00,612.682,1,1,1,1,1,255,0,0,96,96,1,1,0
2026-09-29T02:23:38.9270542+00:00,613.684,1,1,1,1,1,255,0,0,96,96,1,1,0
2026-09-29T02:23:40.6513995+00:00,615.408,1,1,1,1,1,255,0,0,96,96,1,1,0
2026-09-29T02:23:42.3019514+00:00,617.059,1,1,1,1,1,255,0,0,96,96,1,1,0
2026-09-29T02:23:43.3040702+00:00,618.061,1,1,1,1,1,255,0,0,96,96,1,1,0
2026-09-29T02:23:44.3051924+00:00,619.062,1,1,1,1,1,255,0,0,96,96,1,1,0
2026-09-29T02:23:45.3069421+00:00,620.064,1,1,1,1,1,255,0,0,96,96,1,1,0
2026-09-29T02:23:46.3085043+00:00,621.065,1,1,1,1,1,255,0,0,96,96,1,1,0
2026-09-29T02:23:47.3217899+00:00,622.078,1,1,1,1,1,255,0,0,96,96,1,1,0
2026-09-29T02:23:48.3238172+00:00,623.080,1,1,1,1,1,255,0,0,96,96,1,1,0
2026-09-29T02:23:49.3248083+00:00,624.081,1,1,1,1,1,255,0,0,96,96,1,1,0
2026-09-29T02:23:50.3268917+00:00,625.083,1,1,1,1,1,255,0,0,96,96,1,1,0
2026-09-29T02:23:51.3287524+00:00,626.085,1,1,1,1,1,255,0,0,96,96,1,1,0
2026-09-29T02:23:52.3308183+00:00,627.087,1,1,1,1,1,255,0,0,96,96,1,1,0
2026-09-29T02:23:53.3315078+00:00,628.089,1,1,1,1,1,255,0,0,96,96,1,1,0
2026-09-29T02:23:54.3345905+00:00,629.091,1,1,1,1,1,255,0,0,96,96,1,1,0
2026-09-29T02:23:55.3357596+00:00,630.092,1,1,1,1,1,255,0,0,96,96,1,1,0
2026-09-29T02:23:56.3374840+00:00,631.094,1,1,1,1,1,255,0,0,96,96,1,1,0
2026-09-29T02:23:57.3393479+00:00,632.096,1,1,1,1,1,255,0,0,96,96,1,1,0
2026-09-29T02:23:58.3408963+00:00,633.097,1,1,1,1,1,255,0,0,96,96,1,1,0
2026-09-29T02:23:58.4364759+00:00,633.193,1,1,1,1,1,255,0,0,96,96,1,1,0
2026-09-29T02:23:58.5224801+00:00,633.279,1,1,1,1,1,255,0,0,96,96,1,1,0
2026-09-29T02:23:58.5974955+00:00,633.354,1,1,1,1,1,255,0,0,96,96,1,1,0
2026-09-29T02:23:58.6741669+00:00,633.431,1,1,1,1,1,255,0,0,96,96,1,1,0
2026-09-29T02:23:58.7583294+00:00,633.515,1,1,1,1,1,255,0,0,96,96,1,1,0
2026-09-29T02:23:58.8247389+00:00,633.581,1,1,1,1,1,255,0,0,96,96,1,1,0
2026-09-29T02:23:58.8954645+00:00,633.652,1,1,1,1,1,255,0,0,96,96,1,1,0
2026-09-29T02:23:58.9594502+00:00,633.716,1,1,1,1,1,255,0,0,96,96,1,1,0
2026-09-29T02:23:59.0504518+00:00,633.807,1,1,1,1,1,255,0,0,96,96,1,1,0
2026-09-29T02:23:59.1204637+00:00,633.877,1,1,1,1,1,255,0,0,96,96,1,1,0
2026-09-29T02:23:59.1952315+00:00,633.952,1,1,1,1,1,255,0,0,96,96,1,1,0
2026-09-29T02:23:59.2612383+00:00,634.018,1,1,1,1,1,255,0,0,96,96,1,1,0
2026-09-29T02:23:59.3208416+00:00,634.077,1,1,1,1,1,255,0,0,96,96,1,1,0
2026-09-29T02:23:59.4005113+00:00,634.157,1,1,1,1,1,255,0,0,96,96,1,1,0
2026-09-29T02:23:59.4768365+00:00,634.233,1,1,1,1,1,255,0,0,96,96,1,1,0
2026-09-29T02:23:59.5418347+00:00,634.298,1,1,1,1,1,255,0,0,96,96,1,1,0
2026-09-29T02:23:59.6148356+00:00,634.371,1,1,1,1,1,255,0,0,96,96,1,1,0
2026-09-29T02:23:59.6865067+00:00,634.443,1,1,1,1,1,255,0,0,96,96,1,1,0
2026-09-29T02:23:59.7556973+00:00,634.512,1,1,1,1,1,255,0,0,96,96,1,1,0
2026-09-29T02:23:59.8217035+00:00,634.578,1,1,1,1,1,255,0,0,96,96,1,1,0
2026-09-29T02:24:00.5814277+00:00,635.338,1,1,1,1,1,255,0,0,96,96,1,1,0
2026-09-29T02:24:01.5834516+00:00,636.340,1,1,1,1,1,255,0,0,96,96,1,1,0
2026-09-29T02:24:02.5844290+00:00,637.341,1,1,1,1,1,255,0,0,96,96,1,1,0
2026-09-29T02:24:03.5857271+00:00,638.342,1,1,1,1,1,255,0,0,96,96,1,1,0
2026-09-29T02:24:04.5864351+00:00,639.344,1,1,1,1,1,255,0,0,96,96,1,1,0
2026-09-29T02:24:05.5875359+00:00,640.344,1,1,1,1,1,255,0,0,96,96,1,1,0
2026-09-29T02:24:06.5886745+00:00,641.345,1,1,1,1,1,255,0,0,96,96,1,1,0
2026-09-29T02:24:07.5904298+00:00,642.347,1,1,1,1,1,255,0,0,96,96,1,1,0
2026-09-29T02:24:08.6030475+00:00,643.359,1,1,1,1,1,255,0,0,96,96,1,1,0
2026-09-29T02:24:09.6055130+00:00,644.362,1,1,1,1,1,255,0,0,96,96,1,1,0
2026-09-29T02:24:10.6067219+00:00,645.363,1,1,1,1,1,255,0,0,96,96,1,1,0
2026-09-29T02:24:11.6079050+00:00,646.364,1,1,1,1,1,255,0,0,96,96,1,1,0
2026-09-29T02:24:12.6104610+00:00,647.367,1,1,1,1,1,255,0,0,96,96,1,1,0
2026-09-29T02:24:13.6120844+00:00,648.368,1,1,1,1,1,255,0,0,96,96,1,1,0
2026-09-29T02:24:14.6137226+00:00,649.370,1,1,1,1,1,255,0,0,96,96,1,1,0
2026-09-29T02:24:15.6158888+00:00,650.372,1,1,1,1,1,255,0,0,96,96,1,1,0
2026-09-29T02:24:16.6164942+00:00,651.373,1,1,1,1,1,255,0,0,96,96,1,1,0
2026-09-29T02:24:17.6277144+00:00,652.384,1,1,1,1,1,255,0,0,96,96,1,1,0
2026-09-29T02:24:18.6300767+00:00,653.386,1,1,1,1,1,255,0,0,96,96,1,1,0
2026-09-29T02:24:19.6311845+00:00,654.387,1,1,1,1,1,255,0,0,96,96,1,1,0
2026-09-29T02:24:20.6322666+00:00,655.389,1,1,1,1,1,255,0,0,96,96,1,1,0
2026-09-29T02:24:20.7103035+00:00,655.467,1,1,1,1,1,255,0,0,96,96,1,1,0
2026-09-29T02:24:20.7799448+00:00,655.536,1,1,1,1,1,255,0,0,96,96,1,1,0
2026-09-29T02:24:20.8504965+00:00,655.607,1,1,1,1,1,255,0,0,96,96,1,1,0
2026-09-29T02:24:20.9154968+00:00,655.672,1,1,1,1,1,255,0,0,96,96,1,1,0
2026-09-29T02:24:20.9974972+00:00,655.754,1,1,1,1,1,255,0,0,96,96,1,1,0
2026-09-29T02:24:21.0684979+00:00,655.825,1,1,1,1,1,255,0,0,96,96,1,1,0
2026-09-29T02:24:21.1455020+00:00,655.902,1,1,1,1,1,255,0,0,96,96,1,1,0
2026-09-29T02:24:21.2285139+00:00,655.985,1,1,1,1,1,255,0,0,96,96,1,1,0
2026-09-29T02:24:21.2955113+00:00,656.052,1,1,1,1,1,255,0,0,96,96,1,1,0
2026-09-29T02:24:21.3793779+00:00,656.136,1,1,1,1,1,255,0,0,96,96,1,1,0
2026-09-29T02:24:21.4845401+00:00,656.241,1,1,1,1,1,255,0,0,96,96,1,1,0
2026-09-29T02:24:21.5605327+00:00,656.317,1,1,1,1,1,255,0,0,96,96,1,1,0
2026-09-29T02:24:21.6295333+00:00,656.386,1,1,1,1,1,255,0,0,96,96,1,1,0
2026-09-29T02:24:21.7065338+00:00,656.463,1,1,1,1,1,255,0,0,96,96,1,1,0
2026-09-29T02:24:21.7645344+00:00,656.521,1,1,1,1,1,255,0,0,96,96,1,1,0
2026-09-29T02:24:21.8355350+00:00,656.592,1,1,1,1,1,255,0,0,96,96,1,1,0
2026-09-29T02:24:21.9105355+00:00,656.667,1,1,1,1,1,255,0,0,96,96,1,1,0
2026-09-29T02:24:21.9815362+00:00,656.738,1,1,1,1,1,255,0,0,96,96,1,1,0
2026-09-29T02:24:22.0445448+00:00,656.801,1,1,1,1,1,255,0,0,96,96,1,1,0
2026-09-29T02:24:22.1145550+00:00,656.871,1,1,1,1,1,255,0,0,96,96,1,1,0
2026-09-29T02:24:22.8586506+00:00,657.615,1,1,1,1,1,255,0,0,96,96,1,1,0
2026-09-29T02:24:23.8611062+00:00,658.617,1,1,1,1,1,255,0,0,96,96,1,1,0
2026-09-29T02:24:24.8622707+00:00,659.618,1,1,1,1,1,255,0,0,96,96,1,1,0
2026-09-29T02:24:25.8628665+00:00,660.619,1,1,1,1,1,255,0,0,96,96,1,1,0
2026-09-29T02:24:26.8647612+00:00,661.621,1,1,1,1,1,255,0,0,96,96,1,1,0
2026-09-29T02:24:27.8663338+00:00,662.623,1,1,1,1,1,255,0,0,96,96,1,1,0
2026-09-29T02:24:28.8671918+00:00,663.623,1,1,1,1,1,255,0,0,96,96,1,1,0
2026-09-29T02:24:29.8693663+00:00,664.626,1,1,1,1,1,255,0,0,96,96,1,1,0
2026-09-29T02:24:30.8714974+00:00,665.628,1,1,1,1,1,255,0,0,96,96,1,1,0
2026-09-29T02:24:31.8719837+00:00,666.628,1,1,1,1,1,255,0,0,96,96,1,1,0
2026-09-29T02:24:32.8849267+00:00,667.641,1,1,1,1,1,255,0,0,96,96,1,1,0
2026-09-29T02:24:33.8871138+00:00,668.643,1,1,1,1,1,255,0,0,96,96,1,1,0
2026-09-29T02:24:34.8883167+00:00,669.644,1,1,1,1,1,255,0,0,96,96,1,1,0
2026-09-29T02:24:35.8900950+00:00,670.646,1,1,1,1,1,255,0,0,96,96,1,1,0
2026-09-29T02:24:36.8922755+00:00,671.648,1,1,1,1,1,255,0,0,96,96,1,1,0
2026-09-29T02:24:37.8933348+00:00,672.649,1,1,1,1,1,255,0,0,96,96,1,1,0
2026-09-29T02:24:38.8957286+00:00,673.652,1,1,1,1,1,255,0,0,96,96,1,1,0
2026-09-29T02:24:39.8975867+00:00,674.654,1,1,1,1,1,255,0,0,96,96,1,1,0
2026-09-29T02:24:40.9001296+00:00,675.656,1,1,1,1,1,255,0,0,96,96,1,1,0
2026-09-29T02:24:41.9025315+00:00,676.659,1,1,1,1,1,255,0,0,96,96,1,1,0
2026-09-29T02:24:42.9043076+00:00,677.660,1,1,1,1,1,255,0,0,96,96,1,1,0
2026-09-29T02:24:42.9753105+00:00,677.731,1,1,1,1,1,255,0,0,96,96,1,1,0
2026-09-29T02:24:43.0683000+00:00,677.824,1,1,1,1,1,255,0,0,96,96,1,1,0
2026-09-29T02:24:43.1413014+00:00,677.897,1,1,1,1,1,255,0,0,96,96,1,1,0
2026-09-29T02:24:43.2083109+00:00,677.964,1,1,1,1,1,255,0,0,96,96,1,1,0
2026-09-29T02:24:43.2823029+00:00,678.038,1,1,1,1,1,255,0,0,96,96,1,1,0
2026-09-29T02:24:43.3571782+00:00,678.113,1,1,1,1,1,255,0,0,96,96,1,1,0
2026-09-29T02:24:43.4221732+00:00,678.178,1,1,1,1,1,255,0,0,96,96,1,1,0
2026-09-29T02:24:43.4971774+00:00,678.253,1,1,1,1,1,255,0,0,96,96,1,1,0
2026-09-29T02:24:43.5731750+00:00,678.329,1,1,1,1,1,255,0,0,96,96,1,1,0
2026-09-29T02:24:43.6401758+00:00,678.396,1,1,1,1,1,255,0,0,96,96,1,1,0
2026-09-29T02:24:43.7291957+00:00,678.485,1,1,1,1,1,255,0,0,96,96,1,1,0
2026-09-29T02:24:43.8076713+00:00,678.564,1,1,1,1,1,255,0,0,96,96,1,1,0
2026-09-29T02:24:43.8826687+00:00,678.639,1,1,1,1,1,255,0,0,96,96,1,1,0
2026-09-29T02:24:43.9546701+00:00,678.711,1,1,1,1,1,255,0,0,96,96,1,1,0
2026-09-29T02:24:44.0206730+00:00,678.777,1,1,1,1,1,255,0,0,96,96,1,1,0
2026-09-29T02:24:44.1026718+00:00,678.859,1,1,1,1,1,255,0,0,96,96,1,1,0
2026-09-29T02:24:44.1776750+00:00,678.934,1,1,1,1,1,255,0,0,96,96,1,1,0
2026-09-29T02:24:44.2476809+00:00,679.004,1,1,1,1,1,255,0,0,96,96,1,1,0
2026-09-29T02:24:44.3308053+00:00,679.087,1,1,1,1,1,255,0,0,96,96,1,1,0
2026-09-29T02:24:44.4128063+00:00,679.169,1,1,1,1,1,255,0,0,96,96,1,1,0
2026-09-29T02:24:45.1749431+00:00,679.931,1,1,1,1,1,255,0,0,96,96,1,1,0
2026-09-29T02:24:46.1771082+00:00,680.933,1,1,1,1,1,255,0,0,96,96,1,1,0
2026-09-29T02:24:47.1892819+00:00,681.945,1,1,1,1,1,255,0,0,96,96,1,1,0
2026-09-29T02:24:48.1908426+00:00,682.947,1,1,1,1,1,255,0,0,96,96,1,1,0
2026-09-29T02:24:49.1928271+00:00,683.949,1,1,1,1,1,255,0,0,96,96,1,1,0
2026-09-29T02:24:50.1950967+00:00,684.951,1,1,1,1,1,255,0,0,96,96,1,1,0
2026-09-29T02:24:51.1970930+00:00,685.953,1,1,1,1,1,255,0,0,96,96,1,1,0
2026-09-29T02:24:52.1986472+00:00,686.955,1,1,1,1,1,255,0,0,96,96,1,1,0
2026-09-29T02:24:53.2001386+00:00,687.956,1,1,1,1,1,255,0,0,96,96,1,1,0
2026-09-29T02:24:54.2144517+00:00,688.970,1,1,1,1,1,255,0,0,96,96,1,1,0
2026-09-29T02:24:55.2286179+00:00,689.985,1,1,1,1,1,255,0,0,96,96,1,1,0
2026-09-29T02:24:56.2307688+00:00,690.987,1,1,1,1,1,255,0,0,96,96,1,1,0
2026-09-29T02:24:57.2325439+00:00,691.988,1,1,1,1,1,255,0,0,96,96,1,1,0
2026-09-29T02:24:58.2340852+00:00,692.990,1,1,1,1,1,255,0,0,96,96,1,1,0
2026-09-29T02:24:59.2356597+00:00,693.992,1,1,1,1,1,255,0,0,96,96,1,1,0
2026-09-29T02:25:00.2371756+00:00,694.993,1,1,1,1,1,255,0,0,96,96,1,1,0
2026-09-29T02:25:01.2388977+00:00,695.995,1,1,1,1,1,255,0,0,96,96,1,1,0
2026-09-29T02:25:02.2411327+00:00,696.997,1,1,1,1,1,255,0,0,96,96,1,1,0
2026-09-29T02:25:03.2424483+00:00,697.998,1,1,1,1,1,255,0,0,96,96,1,1,0
2026-09-29T02:25:04.2437121+00:00,699.000,1,1,1,1,1,255,0,0,96,96,1,1,0
2026-09-29T02:25:05.2454709+00:00,700.001,1,1,1,1,1,255,0,0,96,96,1,1,0
2026-09-29T02:25:05.3645531+00:00,700.120,1,1,1,1,1,255,0,0,96,96,1,1,0
2026-09-29T02:25:05.4385555+00:00,700.194,1,1,1,1,1,255,0,0,96,96,1,1,0
2026-09-29T02:25:05.5215536+00:00,700.277,1,1,1,1,1,255,0,0,96,96,1,1,0
2026-09-29T02:25:05.5965543+00:00,700.352,1,1,1,1,1,255,0,0,96,96,1,1,0
2026-09-29T02:25:05.6635637+00:00,700.419,1,1,1,1,1,255,0,0,96,96,1,1,0
2026-09-29T02:25:05.7318657+00:00,700.488,1,1,1,1,1,255,0,0,96,96,1,1,0
2026-09-29T02:25:05.8168559+00:00,700.573,1,1,1,1,1,255,0,0,96,96,1,1,0
2026-09-29T02:25:05.8908659+00:00,700.647,1,1,1,1,1,255,0,0,96,96,1,1,0
2026-09-29T02:25:05.9748553+00:00,700.731,1,1,1,1,1,255,0,0,96,96,1,1,0
2026-09-29T02:25:06.0488557+00:00,700.805,1,1,1,1,1,255,0,0,96,96,1,1,0
2026-09-29T02:25:06.1178658+00:00,700.874,1,1,1,1,1,255,0,0,96,96,1,1,0
2026-09-29T02:25:06.1948568+00:00,700.951,1,1,1,1,1,255,0,0,96,96,1,1,0
2026-09-29T02:25:06.2668584+00:00,701.023,1,1,1,1,1,255,0,0,96,96,1,1,0
2026-09-29T02:25:06.3404265+00:00,701.096,1,1,1,1,1,255,0,0,96,96,1,1,0
2026-09-29T02:25:06.4074270+00:00,701.163,1,1,1,1,1,255,0,0,96,96,1,1,0
2026-09-29T02:25:06.4854447+00:00,701.241,1,1,1,1,1,255,0,0,96,96,1,1,0
2026-09-29T02:25:06.5634385+00:00,701.319,1,1,1,1,1,255,0,0,96,96,1,1,0
2026-09-29T02:25:06.6214290+00:00,701.377,1,1,1,1,1,255,0,0,96,96,1,1,0
2026-09-29T02:25:06.6934472+00:00,701.449,1,1,1,1,1,255,0,0,96,96,1,1,0
2026-09-29T02:25:06.7714335+00:00,701.527,1,1,1,1,1,255,0,0,96,96,1,1,0
2026-09-29T02:25:07.5475599+00:00,702.303,1,1,1,1,1,255,0,0,96,96,1,1,0
2026-09-29T02:25:08.5497483+00:00,703.306,1,1,1,1,1,255,0,0,96,96,1,1,0
2026-09-29T02:25:09.5516244+00:00,704.307,1,1,1,1,1,255,0,0,96,96,1,1,0
2026-09-29T02:25:10.5538041+00:00,705.310,1,1,1,1,1,255,0,0,96,96,1,1,0
2026-09-29T02:25:11.5550327+00:00,706.311,1,1,1,1,1,255,0,0,96,96,1,1,0
2026-09-29T02:25:12.5570651+00:00,707.313,1,1,1,1,1,255,0,0,96,96,1,1,0
2026-09-29T02:25:13.5586601+00:00,708.314,1,1,1,1,1,255,0,0,96,96,1,1,0
2026-09-29T02:25:14.5598465+00:00,709.316,1,1,1,1,1,255,0,0,96,96,1,1,0
2026-09-29T02:25:15.5740087+00:00,710.330,1,1,1,1,1,255,0,0,96,96,1,1,0
2026-09-29T02:25:16.5797107+00:00,711.335,1,1,1,1,1,255,0,0,96,96,1,1,0
2026-09-29T02:25:17.5889153+00:00,712.345,1,1,1,1,1,255,0,0,96,96,1,1,0
2026-09-29T02:25:18.5906775+00:00,713.346,1,1,1,1,1,255,0,0,96,96,1,1,0
2026-09-29T02:25:19.5920636+00:00,714.348,1,1,1,1,1,255,0,0,96,96,1,1,0
2026-09-29T02:25:20.5937473+00:00,715.349,1,1,1,1,1,255,0,0,96,96,1,1,0
2026-09-29T02:25:21.5950188+00:00,716.351,1,1,1,1,1,255,0,0,96,96,1,1,0
2026-09-29T02:25:22.5965586+00:00,717.352,1,1,1,1,1,255,0,0,96,96,1,1,0
2026-09-29T02:25:23.5982601+00:00,718.354,1,1,1,1,1,255,0,0,96,96,1,1,0
2026-09-29T02:25:24.5998863+00:00,719.356,1,1,1,1,1,255,0,0,96,96,1,1,0
2026-09-29T02:25:25.6017528+00:00,720.357,1,1,1,1,1,255,0,0,96,96,1,1,0
2026-09-29T02:25:26.6035466+00:00,721.359,1,1,1,1,1,255,0,0,96,96,1,1,0
2026-09-29T02:25:27.6049195+00:00,722.361,1,1,1,1,1,255,0,0,96,96,1,1,0
2026-09-29T02:25:27.6919178+00:00,722.448,1,1,1,1,1,255,0,0,96,96,1,1,0
2026-09-29T02:25:27.7579165+00:00,722.514,1,1,1,1,1,255,0,0,96,96,1,1,0
2026-09-29T02:25:27.8309166+00:00,722.587,1,1,1,1,1,255,0,0,96,96,1,1,0
2026-09-29T02:25:27.8979169+00:00,722.654,1,1,1,1,1,255,0,0,96,96,1,1,0
2026-09-29T02:25:27.9829198+00:00,722.739,1,1,1,1,1,255,0,0,96,96,1,1,0
2026-09-29T02:25:28.0559181+00:00,722.812,1,1,1,1,1,255,0,0,96,96,1,1,0
2026-09-29T02:25:28.1319282+00:00,722.888,1,1,1,1,1,255,0,0,96,96,1,1,0
2026-09-29T02:25:28.2029310+00:00,722.959,1,1,1,1,1,255,0,0,96,96,1,1,0
2026-09-29T02:25:28.2759313+00:00,723.032,1,1,1,1,1,255,0,0,96,96,1,1,0
2026-09-29T02:25:28.3444629+00:00,723.100,1,1,1,1,1,255,0,0,96,96,1,1,0
2026-09-29T02:25:28.4144964+00:00,723.170,1,1,1,1,1,255,0,0,96,96,1,1,0
2026-09-29T02:25:28.4890408+00:00,723.245,1,1,1,1,1,255,0,0,96,96,1,1,0
2026-09-29T02:25:28.5690415+00:00,723.325,1,1,1,1,1,255,0,0,96,96,1,1,0
2026-09-29T02:25:28.6490601+00:00,723.405,1,1,1,1,1,255,0,0,96,96,1,1,0
2026-09-29T02:25:28.7280777+00:00,723.484,1,1,1,1,1,255,0,0,96,96,1,1,0
2026-09-29T02:25:28.7956313+00:00,723.551,1,1,1,1,1,255,0,0,96,96,1,1,0
2026-09-29T02:25:28.8778265+00:00,723.633,1,1,1,1,1,255,0,0,96,96,1,1,0
2026-09-29T02:25:28.9478370+00:00,723.709,1,1,1,1,1,255,0,0,96,96,1,1,0
2026-09-29T02:25:29.0242100+00:00,723.780,1,1,1,1,1,255,0,0,96,96,1,1,0
2026-09-29T02:25:29.1078294+00:00,723.863,1,1,1,1,1,255,0,0,96,96,1,1,0
2026-09-29T02:25:29.8720679+00:00,724.628,1,1,1,1,1,255,0,0,96,96,1,1,0
2026-09-29T02:25:30.8733466+00:00,725.629,1,1,1,1,1,255,0,0,96,96,1,1,0
2026-09-29T02:25:31.8749856+00:00,726.631,1,1,1,1,1,255,0,0,96,96,1,1,0
2026-09-29T02:25:32.8764607+00:00,727.632,1,1,1,1,1,255,0,0,96,96,1,1,0
2026-09-29T02:25:33.8786125+00:00,728.634,1,1,1,1,1,255,0,0,96,96,1,1,0
2026-09-29T02:25:34.8804000+00:00,729.636,1,1,1,1,1,255,0,0,96,96,1,1,0
2026-09-29T02:25:35.8818071+00:00,730.637,1,1,1,1,1,255,0,0,96,96,1,1,0
2026-09-29T02:25:36.8838957+00:00,731.639,1,1,1,1,1,255,0,0,96,96,1,1,0
2026-09-29T02:25:37.8864304+00:00,732.642,1,1,1,1,1,255,0,0,96,96,1,1,0
2026-09-29T02:25:38.8893231+00:00,733.645,1,1,1,1,1,255,0,0,96,96,1,1,0
2026-09-29T02:25:39.9011132+00:00,734.657,1,1,1,1,1,255,0,0,96,96,1,1,0
2026-09-29T02:25:40.9033984+00:00,735.659,1,1,1,1,1,255,0,0,96,96,1,1,0
2026-09-29T02:25:41.9049343+00:00,736.660,1,1,1,1,1,255,0,0,96,96,1,1,0
2026-09-29T02:25:42.9070448+00:00,737.663,1,1,1,1,1,255,0,0,96,96,1,1,0
2026-09-29T02:25:43.9086878+00:00,738.664,1,1,1,1,1,255,0,0,96,96,1,1,0
2026-09-29T02:25:44.9109087+00:00,739.666,1,1,1,1,1,255,0,0,96,96,1,1,0
2026-09-29T02:25:45.9132787+00:00,740.669,1,1,1,1,1,255,0,0,96,96,1,1,0
2026-09-29T02:25:46.9234442+00:00,741.679,1,1,1,1,1,255,0,0,96,96,1,1,0
2026-09-29T02:25:47.9249995+00:00,742.680,1,1,1,1,1,255,0,0,96,96,1,1,0
2026-09-29T02:25:48.9272145+00:00,743.683,1,1,1,1,1,255,0,0,96,96,1,1,0
2026-09-29T02:25:49.9287169+00:00,744.684,1,1,1,1,1,255,0,0,96,96,1,1,0
2026-09-29T02:25:50.0167299+00:00,744.772,1,1,1,1,1,255,0,0,96,96,1,1,0
2026-09-29T02:25:50.0857280+00:00,744.841,1,1,1,1,1,255,0,0,96,96,1,1,0
2026-09-29T02:25:50.1597170+00:00,744.915,1,1,1,1,1,255,0,0,96,96,1,1,0
2026-09-29T02:25:50.2397205+00:00,744.995,1,1,1,1,1,255,0,0,96,96,1,1,0
2026-09-29T02:25:50.3137188+00:00,745.069,1,1,1,1,1,255,0,0,96,96,1,1,0
2026-09-29T02:25:50.3882919+00:00,745.144,1,1,1,1,1,255,0,0,96,96,1,1,0
2026-09-29T02:25:50.4592964+00:00,745.215,1,1,1,1,1,255,0,0,96,96,1,1,0
2026-09-29T02:25:50.5222877+00:00,745.279,1,1,1,1,1,255,0,0,96,96,1,1,0
2026-09-29T02:25:50.5922898+00:00,745.348,1,1,1,1,1,255,0,0,96,96,1,1,0
2026-09-29T02:25:50.6723031+00:00,745.428,1,1,1,1,1,255,0,0,96,96,1,1,0
2026-09-29T02:25:50.7703523+00:00,745.526,1,1,1,1,1,255,0,0,96,96,1,1,0
2026-09-29T02:25:50.8525490+00:00,745.608,1,1,1,1,1,255,0,0,96,96,1,1,0
2026-09-29T02:25:50.9295432+00:00,745.685,1,1,1,1,1,255,0,0,96,96,1,1,0
2026-09-29T02:25:51.0035322+00:00,745.759,1,1,1,1,1,255,0,0,96,96,1,1,0
2026-09-29T02:25:51.0715443+00:00,745.827,1,1,1,1,1,255,0,0,96,96,1,1,0
2026-09-29T02:25:51.1455452+00:00,745.901,1,1,1,1,1,255,0,0,96,96,1,1,0
2026-09-29T02:25:51.2175348+00:00,745.973,1,1,1,1,1,255,0,0,96,96,1,1,0
2026-09-29T02:25:51.2889711+00:00,746.044,1,1,1,1,1,255,0,0,96,96,1,1,0
2026-09-29T02:25:51.3635691+00:00,746.119,1,1,1,1,1,255,0,0,96,96,1,1,0
2026-09-29T02:25:51.4350845+00:00,746.190,1,1,1,1,1,255,0,0,96,96,1,1,0
2026-09-29T02:25:52.1953799+00:00,746.951,1,1,1,1,1,255,0,0,96,96,1,1,0
2026-09-29T02:25:53.1977477+00:00,747.953,1,1,1,1,1,255,0,0,96,96,1,1,0
2026-09-29T02:25:54.2004625+00:00,748.956,1,1,1,1,1,255,0,0,96,96,1,1,0
2026-09-29T02:25:55.2022081+00:00,749.958,1,1,1,1,1,255,0,0,96,96,1,1,0
2026-09-29T02:25:56.2039953+00:00,750.959,1,1,1,1,1,255,0,0,96,96,1,1,0
2026-09-29T02:25:57.2064408+00:00,751.962,1,1,1,1,1,255,0,0,96,96,1,1,0
2026-09-29T02:25:58.2079792+00:00,752.963,1,1,1,1,1,255,0,0,96,96,1,1,0
2026-09-29T02:25:59.2095926+00:00,753.965,1,1,1,1,1,255,0,0,96,96,1,1,0
2026-09-29T02:26:00.2226775+00:00,754.978,1,1,1,1,1,255,0,0,96,96,1,1,0
2026-09-29T02:26:01.2327471+00:00,755.988,1,1,1,1,1,255,0,0,96,96,1,1,0
2026-09-29T02:26:02.2351413+00:00,756.990,1,1,1,1,1,255,0,0,96,96,1,1,0
2026-09-29T02:26:03.2372253+00:00,757.993,1,1,1,1,1,255,0,0,96,96,1,1,0
2026-09-29T02:26:04.2388528+00:00,758.994,1,1,1,1,1,255,0,0,96,96,1,1,0
2026-09-29T02:26:05.2405702+00:00,759.996,1,1,1,1,1,255,0,0,96,96,1,1,0
2026-09-29T02:26:06.2423404+00:00,760.998,1,1,1,1,1,255,0,0,96,96,1,1,0
2026-09-29T02:26:07.2440651+00:00,761.999,1,1,1,1,1,255,0,0,96,96,1,1,0
2026-09-29T02:26:08.2461270+00:00,763.001,1,1,1,1,1,255,0,0,96,96,1,1,0
2026-09-29T02:26:09.2483009+00:00,764.004,1,1,1,1,1,255,0,0,96,96,1,1,0
2026-09-29T02:26:10.2505499+00:00,765.006,1,1,1,1,1,255,0,0,96,96,1,1,0
2026-09-29T02:26:11.2520258+00:00,766.007,1,1,1,1,1,255,0,0,96,96,1,1,0
2026-09-29T02:26:12.2541359+00:00,767.009,1,1,1,1,1,255,0,0,96,96,1,1,0
2026-09-29T02:26:12.3181187+00:00,767.073,1,1,1,1,1,255,0,0,96,96,1,1,0
2026-09-29T02:26:12.4017090+00:00,767.157,1,1,1,1,1,255,0,0,96,96,1,1,0
2026-09-29T02:26:12.4717071+00:00,767.227,1,1,1,1,1,255,0,0,96,96,1,1,0
2026-09-29T02:26:12.5356974+00:00,767.291,1,1,1,1,1,255,0,0,96,96,1,1,0
2026-09-29T02:26:12.5957041+00:00,767.351,1,1,1,1,1,255,0,0,96,96,1,1,0
2026-09-29T02:26:12.6807060+00:00,767.436,1,1,1,1,1,255,0,0,96,96,1,1,0
2026-09-29T02:26:12.7517008+00:00,767.507,1,1,1,1,1,255,0,0,96,96,1,1,0
2026-09-29T02:26:12.8266951+00:00,767.582,1,1,1,1,1,255,0,0,96,96,1,1,0
2026-09-29T02:26:12.9002606+00:00,767.655,1,1,1,1,1,255,0,0,96,96,1,1,0
2026-09-29T02:26:12.9672619+00:00,767.722,1,1,1,1,1,255,0,0,96,96,1,1,0
2026-09-29T02:26:13.0382791+00:00,767.793,1,1,1,1,1,255,0,0,96,96,1,1,0
2026-09-29T02:26:13.1162723+00:00,767.871,1,1,1,1,1,255,0,0,96,96,1,1,0
2026-09-29T02:26:13.1912628+00:00,767.946,1,1,1,1,1,255,0,0,96,96,1,1,0
2026-09-29T02:26:13.2512645+00:00,768.006,1,1,1,1,1,255,0,0,96,96,1,1,0
2026-09-29T02:26:13.3372834+00:00,768.092,1,1,1,1,1,255,0,0,96,96,1,1,0
2026-09-29T02:26:13.4138585+00:00,768.169,1,1,1,1,1,255,0,0,96,96,1,1,0
2026-09-29T02:26:13.4874648+00:00,768.243,1,1,1,1,1,255,0,0,96,96,1,1,0
2026-09-29T02:26:13.5638779+00:00,768.319,1,1,1,1,1,255,0,0,96,96,1,1,0
2026-09-29T02:26:13.6318597+00:00,768.387,1,1,1,1,1,255,0,0,96,96,1,1,0
2026-09-29T02:26:13.7168640+00:00,768.472,1,1,1,1,1,255,0,0,96,96,1,1,0
2026-09-29T02:26:14.4891555+00:00,769.244,1,1,1,1,1,255,0,0,96,96,1,1,0
2026-09-29T02:26:15.4910854+00:00,770.246,1,1,1,1,1,255,0,0,96,96,1,1,0
2026-09-29T02:26:16.4924561+00:00,771.248,1,1,1,1,1,255,0,0,96,96,1,1,0
2026-09-29T02:26:17.5005672+00:00,772.256,1,1,1,1,1,255,0,0,96,96,1,1,0
2026-09-29T02:26:18.5021928+00:00,773.257,1,1,1,1,1,255,0,0,96,96,1,1,0
2026-09-29T02:26:19.5042738+00:00,774.259,1,1,1,1,1,255,0,0,96,96,1,1,0
2026-09-29T02:26:20.5055485+00:00,775.261,1,1,1,1,1,255,0,0,96,96,1,1,0
2026-09-29T02:26:21.5069543+00:00,776.262,1,1,1,1,1,255,0,0,96,96,1,1,0
2026-09-29T02:26:22.5234967+00:00,777.279,1,1,1,1,1,255,0,0,96,96,1,1,0
2026-09-29T02:26:23.5385841+00:00,778.294,1,1,1,1,1,255,0,0,96,96,1,1,0
2026-09-29T02:26:24.5472281+00:00,779.302,1,1,1,1,1,255,0,0,96,96,1,1,0
2026-09-29T02:26:25.5484454+00:00,780.304,1,1,1,1,1,255,0,0,96,96,1,1,0
2026-09-29T02:26:26.5506556+00:00,781.306,1,1,1,1,1,255,0,0,96,96,1,1,0
2026-09-29T02:26:27.5520254+00:00,782.307,1,1,1,1,1,255,0,0,96,96,1,1,0
2026-09-29T02:26:28.5541253+00:00,783.309,1,1,1,1,1,255,0,0,96,96,1,1,0
2026-09-29T02:26:29.5559196+00:00,784.311,1,1,1,1,1,255,0,0,96,96,1,1,0
2026-09-29T02:26:30.5580536+00:00,785.313,1,1,1,1,1,255,0,0,96,96,1,1,0
2026-09-29T02:26:31.5593056+00:00,786.314,1,1,1,1,1,255,0,0,96,96,1,1,0
2026-09-29T02:26:32.5608045+00:00,787.316,1,1,1,1,1,255,0,0,96,96,1,1,0
2026-09-29T02:26:33.5628924+00:00,788.318,1,1,1,1,1,255,0,0,96,96,1,1,0
2026-09-29T02:26:34.5650468+00:00,789.320,1,1,1,1,1,255,0,0,96,96,1,1,0
2026-09-29T02:26:34.6475131+00:00,789.403,1,1,1,1,1,255,0,0,96,96,1,1,0
2026-09-29T02:26:34.7125138+00:00,789.468,1,1,1,1,1,255,0,0,96,96,1,1,0
2026-09-29T02:26:34.7851396+00:00,789.540,1,1,1,1,1,255,0,0,96,96,1,1,0
2026-09-29T02:26:34.8591777+00:00,789.614,1,1,1,1,1,255,0,0,96,96,1,1,0
2026-09-29T02:26:34.9211689+00:00,789.676,1,1,1,1,1,255,0,0,96,96,1,1,0
2026-09-29T02:26:35.0031843+00:00,789.758,1,1,1,1,1,255,0,0,96,96,1,1,0
2026-09-29T02:26:35.0761835+00:00,789.831,1,1,1,1,1,255,0,0,96,96,1,1,0
2026-09-29T02:26:35.1487263+00:00,789.904,1,1,1,1,1,255,0,0,96,96,1,1,0
2026-09-29T02:26:35.2141749+00:00,789.969,1,1,1,1,1,255,0,0,96,96,1,1,0
2026-09-29T02:26:35.2871735+00:00,790.042,1,1,1,1,1,255,0,0,96,96,1,1,0
2026-09-29T02:26:35.3641792+00:00,790.119,1,1,1,1,1,255,0,0,96,96,1,1,0
2026-09-29T02:26:35.4252962+00:00,790.180,1,1,1,1,1,255,0,0,96,96,1,1,0
2026-09-29T02:26:35.4992803+00:00,790.254,1,1,1,1,1,255,0,0,96,96,1,1,0
2026-09-29T02:26:35.5672837+00:00,790.322,1,1,1,1,1,255,0,0,96,96,1,1,0
2026-09-29T02:26:35.6392822+00:00,790.394,1,1,1,1,1,255,0,0,96,96,1,1,0
2026-09-29T02:26:35.7119486+00:00,790.467,1,1,1,1,1,255,0,0,96,96,1,1,0
2026-09-29T02:26:35.7829386+00:00,790.538,1,1,1,1,1,255,0,0,96,96,1,1,0
2026-09-29T02:26:35.8399449+00:00,790.595,1,1,1,1,1,255,0,0,96,96,1,1,0
2026-09-29T02:26:35.9129401+00:00,790.668,1,1,1,1,1,255,0,0,96,96,1,1,0
2026-09-29T02:26:35.9869425+00:00,790.742,1,1,1,1,1,255,0,0,96,96,1,1,0
2026-09-29T02:26:36.7489197+00:00,791.504,1,1,1,1,1,255,0,0,96,96,1,1,0
2026-09-29T02:26:37.7505157+00:00,792.505,1,1,1,1,1,255,0,0,96,96,1,1,0
2026-09-29T02:26:38.7523587+00:00,793.507,1,1,1,1,1,255,0,0,96,96,1,1,0
2026-09-29T02:26:39.7545331+00:00,794.509,1,1,1,1,1,255,0,0,96,96,1,1,0
2026-09-29T02:26:40.7558918+00:00,795.511,1,1,1,1,1,255,0,0,96,96,1,1,0
2026-09-29T02:26:41.7579760+00:00,796.513,1,1,1,1,1,255,0,0,96,96,1,1,0
2026-09-29T02:26:42.7595211+00:00,797.514,1,1,1,1,1,255,0,0,96,96,1,1,0
2026-09-29T02:26:43.7611556+00:00,798.516,1,1,1,1,1,255,0,0,96,96,1,1,0
2026-09-29T02:26:44.7767865+00:00,799.532,1,1,1,1,1,255,0,0,96,96,1,1,0
2026-09-29T02:26:45.7789281+00:00,800.534,1,1,1,1,1,255,0,0,96,96,1,1,0
2026-09-29T02:26:46.7930313+00:00,801.548,1,1,1,1,1,255,0,0,96,96,1,1,0
2026-09-29T02:26:47.7938648+00:00,802.549,1,1,1,1,1,255,0,0,96,96,1,1,0
2026-09-29T02:26:48.7965858+00:00,803.551,1,1,1,1,1,255,0,0,96,96,1,1,0
2026-09-29T02:26:49.7989482+00:00,804.554,1,1,1,1,1,255,0,0,96,96,1,1,0
2026-09-29T02:26:50.8007590+00:00,805.556,1,1,1,1,1,255,0,0,96,96,1,1,0
2026-09-29T02:26:51.8018637+00:00,806.557,1,1,1,1,1,255,0,0,96,96,1,1,0
2026-09-29T02:26:52.8040606+00:00,807.559,1,1,1,1,1,255,0,0,96,96,1,1,0
2026-09-29T02:26:53.8055876+00:00,808.560,1,1,1,1,1,255,0,0,96,96,1,1,0
2026-09-29T02:26:54.8072661+00:00,809.562,1,1,1,1,1,255,0,0,96,96,1,1,0
2026-09-29T02:26:55.8086375+00:00,810.563,1,1,1,1,1,255,0,0,96,96,1,1,0
2026-09-29T02:26:56.8100233+00:00,811.565,1,1,1,1,1,255,0,0,96,96,1,1,0
2026-09-29T02:26:56.8985915+00:00,811.653,1,1,1,1,1,255,0,0,96,96,1,1,0
2026-09-29T02:26:56.9705973+00:00,811.725,1,1,1,1,1,255,0,0,96,96,1,1,0
2026-09-29T02:26:57.0455926+00:00,811.800,1,1,1,1,1,255,0,0,96,96,1,1,0
2026-09-29T02:26:57.1195900+00:00,811.874,1,1,1,1,1,255,0,0,96,96,1,1,0
2026-09-29T02:26:57.1885937+00:00,811.943,1,1,1,1,1,255,0,0,96,96,1,1,0
2026-09-29T02:26:57.2625958+00:00,812.017,1,1,1,1,1,255,0,0,96,96,1,1,0
2026-09-29T02:26:57.3286035+00:00,812.083,1,1,1,1,1,255,0,0,96,96,1,1,0
2026-09-29T02:26:57.3971431+00:00,812.152,1,1,1,1,1,255,0,0,96,96,1,1,0
2026-09-29T02:26:57.4711437+00:00,812.226,1,1,1,1,1,255,0,0,96,96,1,1,0
2026-09-29T02:26:57.5441442+00:00,812.299,1,1,1,1,1,255,0,0,96,96,1,1,0
2026-09-29T02:26:57.6171449+00:00,812.372,1,1,1,1,1,255,0,0,96,96,1,1,0
2026-09-29T02:26:57.6911456+00:00,812.446,1,1,1,1,1,255,0,0,96,96,1,1,0
2026-09-29T02:26:57.7631462+00:00,812.518,1,1,1,1,1,255,0,0,96,96,1,1,0
2026-09-29T02:26:57.8301634+00:00,812.585,1,1,1,1,1,255,0,0,96,96,1,1,0
2026-09-29T02:26:57.9121582+00:00,812.667,1,1,1,1,1,255,0,0,96,96,1,1,0
2026-09-29T02:26:57.9881485+00:00,812.743,1,1,1,1,1,255,0,0,96,96,1,1,0
2026-09-29T02:26:58.0641492+00:00,812.819,1,1,1,1,1,255,0,0,96,96,1,1,0
2026-09-29T02:26:58.1361537+00:00,812.891,1,1,1,1,1,255,0,0,96,96,1,1,0
2026-09-29T02:26:58.2171676+00:00,812.972,1,1,1,1,1,255,0,0,96,96,1,1,0
2026-09-29T02:26:58.2871512+00:00,813.042,1,1,1,1,1,255,0,0,96,96,1,1,0
2026-09-29T02:26:59.0491210+00:00,813.804,1,1,1,1,1,255,0,0,96,96,1,1,0
2026-09-29T02:27:00.0517336+00:00,814.806,1,1,1,1,1,255,0,0,96,96,1,1,0
2026-09-29T02:27:01.0536385+00:00,815.808,1,1,1,1,1,255,0,0,96,96,1,1,0
2026-09-29T02:27:02.0557357+00:00,816.810,1,1,1,1,1,255,0,0,96,96,1,1,0
2026-09-29T02:27:03.0575761+00:00,817.812,1,1,1,1,1,255,0,0,96,96,1,1,0
2026-09-29T02:27:04.0596497+00:00,818.814,1,1,1,1,1,255,0,0,96,96,1,1,0
2026-09-29T02:27:05.0619387+00:00,819.817,1,1,1,1,1,255,0,0,96,96,1,1,0
2026-09-29T02:27:06.0637298+00:00,820.818,1,1,1,1,1,255,0,0,96,96,1,1,0
2026-09-29T02:27:07.0789654+00:00,821.834,1,1,1,1,1,255,0,0,96,96,1,1,0
2026-09-29T02:27:08.0945320+00:00,822.849,1,1,1,1,1,255,0,0,96,96,1,1,0
2026-09-29T02:27:09.1049094+00:00,823.860,1,1,1,1,1,255,0,0,96,96,1,1,0
2026-09-29T02:27:10.1062597+00:00,824.861,1,1,1,1,1,255,0,0,96,96,1,1,0
2026-09-29T02:27:11.1082412+00:00,825.863,1,1,1,1,1,255,0,0,96,96,1,1,0
2026-09-29T02:27:12.1097818+00:00,826.864,1,1,1,1,1,255,0,0,96,96,1,1,0
2026-09-29T02:27:13.1118742+00:00,827.867,1,1,1,1,1,255,0,0,96,96,1,1,0
2026-09-29T02:27:14.1140777+00:00,828.869,1,1,1,1,1,255,0,0,96,96,1,1,0
2026-09-29T02:27:15.1149435+00:00,829.870,1,1,1,1,1,255,0,0,96,96,1,1,0
2026-09-29T02:27:16.1160859+00:00,830.871,1,1,1,1,1,255,0,0,96,96,1,1,0
2026-09-29T02:27:17.1281667+00:00,831.883,1,1,1,1,1,255,0,0,96,96,1,1,0
2026-09-29T02:27:18.1296218+00:00,832.884,1,1,1,1,1,255,0,0,96,96,1,1,0
2026-09-29T02:27:19.1317725+00:00,833.886,1,1,1,1,1,255,0,0,96,96,1,1,0
2026-09-29T02:27:19.2096802+00:00,833.964,1,1,1,1,1,255,0,0,96,96,1,1,0
2026-09-29T02:27:19.2766869+00:00,834.031,1,1,1,1,1,255,0,0,96,96,1,1,0
2026-09-29T02:27:19.3466701+00:00,834.101,1,1,1,1,1,255,0,0,96,96,1,1,0
2026-09-29T02:27:19.4119759+00:00,834.167,1,1,1,1,1,255,0,0,96,96,1,1,0
2026-09-29T02:27:19.4933453+00:00,834.248,1,1,1,1,1,255,0,0,96,96,1,1,0
2026-09-29T02:27:19.5673289+00:00,834.322,1,1,1,1,1,255,0,0,96,96,1,1,0
2026-09-29T02:27:19.6463454+00:00,834.401,1,1,1,1,1,255,0,0,96,96,1,1,0
2026-09-29T02:27:19.7271200+00:00,834.482,1,1,1,1,1,255,0,0,96,96,1,1,0
2026-09-29T02:27:19.7941095+00:00,834.549,1,1,1,1,1,255,0,0,96,96,1,1,0
2026-09-29T02:27:19.8701099+00:00,834.625,1,1,1,1,1,255,0,0,96,96,1,1,0
2026-09-29T02:27:19.9541107+00:00,834.709,1,1,1,1,1,255,0,0,96,96,1,1,0
2026-09-29T02:27:20.0261150+00:00,834.781,1,1,1,1,1,255,0,0,96,96,1,1,0
2026-09-29T02:27:20.0981116+00:00,834.853,1,1,1,1,1,255,0,0,96,96,1,1,0
2026-09-29T02:27:20.1661126+00:00,834.921,1,1,1,1,1,255,0,0,96,96,1,1,0
2026-09-29T02:27:20.2421151+00:00,834.997,1,1,1,1,1,255,0,0,96,96,1,1,0
2026-09-29T02:27:20.3271132+00:00,835.082,1,1,1,1,1,255,0,0,96,96,1,1,0
2026-09-29T02:27:20.3912431+00:00,835.146,1,1,1,1,1,255,0,0,96,96,1,1,0
2026-09-29T02:27:20.4662371+00:00,835.221,1,1,1,1,1,255,0,0,96,96,1,1,0
2026-09-29T02:27:20.5302481+00:00,835.285,1,1,1,1,1,255,0,0,96,96,1,1,0
2026-09-29T02:27:20.6052479+00:00,835.360,1,1,1,1,1,255,0,0,96,96,1,1,0
2026-09-29T02:27:21.3648280+00:00,836.119,1,1,1,1,1,255,0,0,96,96,1,1,0
2026-09-29T02:27:22.3665847+00:00,837.121,1,1,1,1,1,255,0,0,96,96,1,1,0
2026-09-29T02:27:23.3686745+00:00,838.123,1,1,1,1,1,255,0,0,96,96,1,1,0
2026-09-29T02:27:24.3702804+00:00,839.125,1,1,1,1,1,255,0,0,96,96,1,1,0
2026-09-29T02:27:25.3720180+00:00,840.127,1,1,1,1,1,255,0,0,96,96,1,1,0
2026-09-29T02:27:26.3741979+00:00,841.129,1,1,1,1,1,255,0,0,96,96,1,1,0
2026-09-29T02:27:27.3755349+00:00,842.130,1,1,1,1,1,255,0,0,96,96,1,1,0
2026-09-29T02:27:28.3776236+00:00,843.132,1,1,1,1,1,255,0,0,96,96,1,1,0
2026-09-29T02:27:29.3891534+00:00,844.144,1,1,1,1,1,255,0,0,96,96,1,1,0
2026-09-29T02:27:30.3905239+00:00,845.145,1,1,1,1,1,255,0,0,96,96,1,1,0
2026-09-29T02:27:31.4029011+00:00,846.157,1,1,1,1,1,255,0,0,96,96,1,1,0
2026-09-29T02:27:32.4045109+00:00,847.159,1,1,1,1,1,255,0,0,96,96,1,1,0
2026-09-29T02:27:33.4061560+00:00,848.161,1,1,1,1,1,255,0,0,96,96,1,1,0
2026-09-29T02:27:34.4078145+00:00,849.162,1,1,1,1,1,255,0,0,96,96,1,1,0
2026-09-29T02:27:35.4094302+00:00,850.164,1,1,1,1,1,255,0,0,96,96,1,1,0
2026-09-29T02:27:36.4107661+00:00,851.165,1,1,1,1,1,255,0,0,96,96,1,1,0
2026-09-29T02:27:37.4124322+00:00,852.167,1,1,1,1,1,255,0,0,96,96,1,1,0
2026-09-29T02:27:38.4139601+00:00,853.168,1,1,1,1,1,255,0,0,96,96,1,1,0
2026-09-29T02:27:39.4156372+00:00,854.170,1,1,1,1,1,255,0,0,96,96,1,1,0
2026-09-29T02:27:40.4174477+00:00,855.172,1,1,1,1,1,255,0,0,96,96,1,1,0
2026-09-29T02:27:41.4194227+00:00,856.174,1,1,1,1,1,255,0,0,96,96,1,1,0
2026-09-29T02:27:41.5004306+00:00,856.255,1,1,1,1,1,255,0,0,96,96,1,1,0
2026-09-29T02:27:41.5664240+00:00,856.321,1,1,1,1,1,255,0,0,96,96,1,1,0
2026-09-29T02:27:41.6384263+00:00,856.393,1,1,1,1,1,255,0,0,96,96,1,1,0
2026-09-29T02:27:41.7104224+00:00,856.465,1,1,1,1,1,255,0,0,96,96,1,1,0
2026-09-29T02:27:41.7784324+00:00,856.533,1,1,1,1,1,255,0,0,96,96,1,1,0
2026-09-29T02:27:41.8514337+00:00,856.606,1,1,1,1,1,255,0,0,96,96,1,1,0
2026-09-29T02:27:41.9134247+00:00,856.668,1,1,1,1,1,255,0,0,96,96,1,1,0
2026-09-29T02:27:41.9934439+00:00,856.748,1,1,1,1,1,255,0,0,96,96,1,1,0
2026-09-29T02:27:42.0674266+00:00,856.822,1,1,1,1,1,255,0,0,96,96,1,1,0
2026-09-29T02:27:42.1314274+00:00,856.886,1,1,1,1,1,255,0,0,96,96,1,1,0
2026-09-29T02:27:42.2084281+00:00,856.963,1,1,1,1,1,255,0,0,96,96,1,1,0
2026-09-29T02:27:42.2914454+00:00,857.046,1,1,1,1,1,255,0,0,96,96,1,1,0
2026-09-29T02:27:42.3664299+00:00,857.121,1,1,1,1,1,255,0,0,96,96,1,1,0
2026-09-29T02:27:42.4354586+00:00,857.190,1,1,1,1,1,255,0,0,96,96,1,1,0
2026-09-29T02:27:42.5214584+00:00,857.276,1,1,1,1,1,255,0,0,96,96,1,1,0
2026-09-29T02:27:42.5954570+00:00,857.350,1,1,1,1,1,255,0,0,96,96,1,1,0
2026-09-29T02:27:42.6694562+00:00,857.424,1,1,1,1,1,255,0,0,96,96,1,1,0
2026-09-29T02:27:42.7284605+00:00,857.483,1,1,1,1,1,255,0,0,96,96,1,1,0
2026-09-29T02:27:42.8110047+00:00,857.565,1,1,1,1,1,255,0,0,96,96,1,1,0
2026-09-29T02:27:42.8845606+00:00,857.639,1,1,1,1,1,255,0,0,96,96,1,1,0
2026-09-29T02:27:43.6362742+00:00,858.391,1,1,1,1,1,255,0,0,96,96,1,1,0
2026-09-29T02:27:44.6379729+00:00,859.392,1,1,1,1,1,255,0,0,96,96,1,1,0
2026-09-29T02:27:45.6401410+00:00,860.394,1,1,1,1,1,255,0,0,96,96,1,1,0
2026-09-29T02:27:46.6538493+00:00,861.408,1,1,1,1,1,255,0,0,96,96,1,1,0
2026-09-29T02:27:47.6551889+00:00,862.409,1,1,1,1,1,255,0,0,96,96,1,1,0
2026-09-29T02:27:48.6568347+00:00,863.411,1,1,1,1,1,255,0,0,96,96,1,1,0
2026-09-29T02:27:49.6585935+00:00,864.413,1,1,1,1,1,255,0,0,96,96,1,1,0
2026-09-29T02:27:50.6607566+00:00,865.415,1,1,1,1,1,255,0,0,96,96,1,1,0
2026-09-29T02:27:51.6728979+00:00,866.427,1,1,1,1,1,255,0,0,96,96,1,1,0
2026-09-29T02:27:52.6859354+00:00,867.440,1,1,1,1,1,255,0,0,96,96,1,1,0
2026-09-29T02:27:53.6885311+00:00,868.443,1,1,1,1,1,255,0,0,96,96,1,1,0
2026-09-29T02:27:54.6897250+00:00,869.444,1,1,1,1,1,255,0,0,96,96,1,1,0
2026-09-29T02:27:55.6920190+00:00,870.446,1,1,1,1,1,255,0,0,96,96,1,1,0
2026-09-29T02:27:56.6933241+00:00,871.448,1,1,1,1,1,255,0,0,96,96,1,1,0
2026-09-29T02:27:57.6954108+00:00,872.450,1,1,1,1,1,255,0,0,96,96,1,1,0
2026-09-29T02:27:58.6970355+00:00,873.451,1,1,1,1,1,255,0,0,96,96,1,1,0
2026-09-29T02:27:59.6992723+00:00,874.453,1,1,1,1,1,255,0,0,96,96,1,1,0
2026-09-29T02:28:00.7008947+00:00,875.455,1,1,1,1,1,255,0,0,96,96,1,1,0
2026-09-29T02:28:01.7027501+00:00,876.457,1,1,1,1,1,255,0,0,96,96,1,1,0
2026-09-29T02:28:02.7047807+00:00,877.459,1,1,1,1,1,255,0,0,96,96,1,1,0
2026-09-29T02:28:03.7061195+00:00,878.460,1,1,1,1,1,255,0,0,96,96,1,1,0
2026-09-29T02:28:03.7906730+00:00,878.545,1,1,1,1,1,255,0,0,96,96,1,1,0
2026-09-29T02:28:03.8586734+00:00,878.613,1,1,1,1,1,255,0,0,96,96,1,1,0
2026-09-29T02:28:03.9236656+00:00,878.678,1,1,1,1,1,255,0,0,96,96,1,1,0
2026-09-29T02:28:04.0086634+00:00,878.763,1,1,1,1,1,255,0,0,96,96,1,1,0
2026-09-29T02:28:04.0836707+00:00,878.838,1,1,1,1,1,255,0,0,96,96,1,1,0
2026-09-29T02:28:04.1596846+00:00,878.914,1,1,1,1,1,255,0,0,96,96,1,1,0
2026-09-29T02:28:04.2226655+00:00,878.977,1,1,1,1,1,255,0,0,96,96,1,1,0
2026-09-29T02:28:04.2996820+00:00,879.054,1,1,1,1,1,255,0,0,96,96,1,1,0
2026-09-29T02:28:04.3836730+00:00,879.138,1,1,1,1,1,255,0,0,96,96,1,1,0
2026-09-29T02:28:04.4602499+00:00,879.214,1,1,1,1,1,255,0,0,96,96,1,1,0
2026-09-29T02:28:04.5272512+00:00,879.281,1,1,1,1,1,255,0,0,96,96,1,1,0
2026-09-29T02:28:04.6147860+00:00,879.369,1,1,1,1,1,255,0,0,96,96,1,1,0
2026-09-29T02:28:04.6882510+00:00,879.442,1,1,1,1,1,255,0,0,96,96,1,1,0
2026-09-29T02:28:04.7613570+00:00,879.515,1,1,1,1,1,255,0,0,96,96,1,1,0
2026-09-29T02:28:04.8223578+00:00,879.576,1,1,1,1,1,255,0,0,96,96,1,1,0
2026-09-29T02:28:04.9039217+00:00,879.658,1,1,1,1,1,255,0,0,96,96,1,1,0
2026-09-29T02:28:04.9789197+00:00,879.733,1,1,1,1,1,255,0,0,96,96,1,1,0
2026-09-29T02:28:05.0539299+00:00,879.808,1,1,1,1,1,255,0,0,96,96,1,1,0
2026-09-29T02:28:05.1339360+00:00,879.888,1,1,1,1,1,255,0,0,96,96,1,1,0
2026-09-29T02:28:05.2129218+00:00,879.967,1,1,1,1,1,255,0,0,96,96,1,1,0
2026-09-29T02:28:05.9706220+00:00,880.725,1,1,1,1,1,255,0,0,96,96,1,1,0
2026-09-29T02:28:06.9721611+00:00,881.726,1,1,1,1,1,255,0,0,96,96,1,1,0
2026-09-29T02:28:07.9742537+00:00,882.728,1,1,1,1,1,255,0,0,96,96,1,1,0
2026-09-29T02:28:08.9757050+00:00,883.730,1,1,1,1,1,255,0,0,96,96,1,1,0
2026-09-29T02:28:09.9773756+00:00,884.731,1,1,1,1,1,255,0,0,96,96,1,1,0
2026-09-29T02:28:10.9788961+00:00,885.733,1,1,1,1,1,255,0,0,96,96,1,1,0
2026-09-29T02:28:11.9809796+00:00,886.735,1,1,1,1,1,255,0,0,96,96,1,1,0
2026-09-29T02:28:12.9830630+00:00,887.737,1,1,1,1,1,255,0,0,96,96,1,1,0
2026-09-29T02:28:13.9977262+00:00,888.752,1,1,1,1,1,255,0,0,96,96,1,1,0
2026-09-29T02:28:14.9995688+00:00,889.754,1,1,1,1,1,255,0,0,96,96,1,1,0
2026-09-29T02:28:16.0127648+00:00,890.767,1,1,1,1,1,255,0,0,96,96,1,1,0
2026-09-29T02:28:17.0288485+00:00,891.783,1,1,1,1,1,255,0,0,96,96,1,1,0
2026-09-29T02:28:18.0304047+00:00,892.784,1,1,1,1,1,255,0,0,96,96,1,1,0
2026-09-29T02:28:19.0323340+00:00,893.786,1,1,1,1,1,255,0,0,96,96,1,1,0
2026-09-29T02:28:20.0345269+00:00,894.789,1,1,1,1,1,255,0,0,96,96,1,1,0
2026-09-29T02:28:21.0367482+00:00,895.791,1,1,1,1,1,255,0,0,96,96,1,1,0
2026-09-29T02:28:22.0382960+00:00,896.792,1,1,1,1,1,255,0,0,96,96,1,1,0
2026-09-29T02:28:23.0400060+00:00,897.794,1,1,1,1,1,255,0,0,96,96,1,1,0
2026-09-29T02:28:24.0412875+00:00,898.795,1,1,1,1,1,255,0,0,96,96,1,1,0
2026-09-29T02:28:25.0425353+00:00,899.796,1,1,1,1,1,255,0,0,96,96,1,1,0
2026-09-29T02:28:26.0438857+00:00,900.798,1,1,1,1,1,255,0,0,96,96,1,1,0
2026-09-29T02:28:26.1468792+00:00,900.901,1,1,1,1,1,255,0,0,96,96,1,1,0
2026-09-29T02:28:26.2188782+00:00,900.973,1,1,1,1,1,255,0,0,96,96,1,1,0
2026-09-29T02:28:26.2908797+00:00,901.045,1,1,1,1,1,255,0,0,96,96,1,1,0
2026-09-29T02:28:26.3658807+00:00,901.120,1,1,1,1,1,255,0,0,96,96,1,1,0
2026-09-29T02:28:26.4384632+00:00,901.192,1,1,1,1,1,255,0,0,96,96,1,1,0
2026-09-29T02:28:26.5134649+00:00,901.267,1,1,1,1,1,255,0,0,96,96,1,1,0
2026-09-29T02:28:26.5851601+00:00,901.339,1,1,1,1,1,255,0,0,96,96,1,1,0
2026-09-29T02:28:26.6591917+00:00,901.413,1,1,1,1,1,255,0,0,96,96,1,1,0
2026-09-29T02:28:26.7259213+00:00,901.480,1,1,1,1,1,255,0,0,96,96,1,1,0
2026-09-29T02:28:26.8025641+00:00,901.557,1,1,1,1,1,255,0,0,96,96,1,1,0
2026-09-29T02:28:26.9276231+00:00,901.682,1,1,1,1,1,255,0,0,96,96,1,1,0
2026-09-29T02:28:26.9996239+00:00,901.754,1,1,1,1,1,255,0,0,96,96,1,1,0
2026-09-29T02:28:27.0796256+00:00,901.834,1,1,1,1,1,255,0,0,96,96,1,1,0
2026-09-29T02:28:27.1566256+00:00,901.911,1,1,1,1,1,255,0,0,96,96,1,1,0
2026-09-29T02:28:27.2286271+00:00,901.983,1,1,1,1,1,255,0,0,96,96,1,1,0
2026-09-29T02:28:27.3026449+00:00,902.057,1,1,1,1,1,255,0,0,96,96,1,1,0
2026-09-29T02:28:27.3746290+00:00,902.129,1,1,1,1,1,255,0,0,96,96,1,1,0
2026-09-29T02:28:27.4489250+00:00,902.203,1,1,1,1,1,255,0,0,96,96,1,1,0
2026-09-29T02:28:27.5219247+00:00,902.276,1,1,1,1,1,255,0,0,96,96,1,1,0
2026-09-29T02:28:27.5959242+00:00,902.350,1,1,1,1,1,255,0,0,96,96,1,1,0
2026-09-29T02:28:28.3601063+00:00,903.114,1,1,1,1,1,255,0,0,96,96,1,1,0
2026-09-29T02:28:29.3625579+00:00,904.116,1,1,1,1,1,255,0,0,96,96,1,1,0
2026-09-29T02:28:30.3639463+00:00,905.118,1,1,1,1,1,255,0,0,96,96,1,1,0
2026-09-29T02:28:31.3653196+00:00,906.119,1,1,1,1,1,255,0,0,96,96,1,1,0
2026-09-29T02:28:32.3667058+00:00,907.121,1,1,1,1,1,255,0,0,96,96,1,1,0
2026-09-29T02:28:33.3688806+00:00,908.123,1,1,1,1,1,255,0,0,96,96,1,1,0
2026-09-29T02:28:34.3710363+00:00,909.125,1,1,1,1,1,255,0,0,96,96,1,1,0
2026-09-29T02:28:35.3726290+00:00,910.126,1,1,1,1,1,255,0,0,96,96,1,1,0
2026-09-29T02:28:36.3842616+00:00,911.138,1,1,1,1,1,255,0,0,96,96,1,1,0
2026-09-29T02:28:37.3884274+00:00,912.142,1,1,1,1,1,255,0,0,96,96,1,1,0
2026-09-29T02:28:38.3899998+00:00,913.144,1,1,1,1,1,255,0,0,96,96,1,1,0
2026-09-29T02:28:39.3920571+00:00,914.146,1,1,1,1,1,255,0,0,96,96,1,1,0
2026-09-29T02:28:40.3936730+00:00,915.147,1,1,1,1,1,255,0,0,96,96,1,1,0
2026-09-29T02:28:41.3959600+00:00,916.150,1,1,1,1,1,255,0,0,96,96,1,1,0
2026-09-29T02:28:42.3975517+00:00,917.151,1,1,1,1,1,255,0,0,96,96,1,1,0
2026-09-29T02:28:43.3988967+00:00,918.153,1,1,1,1,1,255,0,0,96,96,1,1,0
2026-09-29T02:28:44.4006349+00:00,919.154,1,1,1,1,1,255,0,0,96,96,1,1,0
2026-09-29T02:28:45.4023664+00:00,920.156,1,1,1,1,1,255,0,0,96,96,1,1,0
2026-09-29T02:28:46.4039758+00:00,921.158,1,1,1,1,1,255,0,0,96,96,1,1,0
2026-09-29T02:28:47.4191507+00:00,922.173,1,1,1,1,1,255,0,0,96,96,1,1,0
2026-09-29T02:28:48.4207098+00:00,923.174,1,1,1,1,1,255,0,0,96,96,1,1,0
2026-09-29T02:28:48.4976132+00:00,923.251,1,1,1,1,1,255,0,0,96,96,1,1,0
2026-09-29T02:28:48.5759799+00:00,923.330,1,1,1,1,1,255,0,0,96,96,1,1,0
2026-09-29T02:28:48.6436169+00:00,923.397,1,1,1,1,1,255,0,0,96,96,1,1,0
2026-09-29T02:28:48.7189816+00:00,923.473,1,1,1,1,1,255,0,0,96,96,1,1,0
2026-09-29T02:28:48.7994629+00:00,923.553,1,1,1,1,1,255,0,0,96,96,1,1,0
2026-09-29T02:28:48.8694810+00:00,923.623,1,1,1,1,1,255,0,0,96,96,1,1,0
2026-09-29T02:28:48.9430486+00:00,923.697,1,1,1,1,1,255,0,0,96,96,1,1,0
2026-09-29T02:28:49.0200385+00:00,923.774,1,1,1,1,1,255,0,0,96,96,1,1,0
2026-09-29T02:28:49.0940394+00:00,923.848,1,1,1,1,1,255,0,0,96,96,1,1,0
2026-09-29T02:28:49.1700403+00:00,923.924,1,1,1,1,1,255,0,0,96,96,1,1,0
2026-09-29T02:28:49.2364981+00:00,923.990,1,1,1,1,1,255,0,0,96,96,1,1,0
2026-09-29T02:28:49.3130338+00:00,924.067,1,1,1,1,1,255,0,0,96,96,1,1,0
2026-09-29T02:28:49.3870282+00:00,924.141,1,1,1,1,1,255,0,0,96,96,1,1,0
2026-09-29T02:28:49.4525812+00:00,924.206,1,1,1,1,1,255,0,0,96,96,1,1,0
2026-09-29T02:28:49.5175913+00:00,924.271,1,1,1,1,1,255,0,0,96,96,1,1,0
2026-09-29T02:28:49.5925863+00:00,924.346,1,1,1,1,1,255,0,0,96,96,1,1,0
2026-09-29T02:28:49.6636098+00:00,924.417,1,1,1,1,1,255,0,0,96,96,1,1,0
2026-09-29T02:28:49.7401429+00:00,924.494,1,1,1,1,1,255,0,0,96,96,1,1,0
2026-09-29T02:28:49.8101499+00:00,924.564,1,1,1,1,1,255,0,0,96,96,1,1,0
2026-09-29T02:28:49.8781382+00:00,924.632,1,1,1,1,1,255,0,0,96,96,1,1,0
2026-09-29T02:28:50.6345930+00:00,925.388,1,1,1,1,1,255,0,0,96,96,1,1,0
2026-09-29T02:28:51.6376151+00:00,926.391,1,1,1,1,1,255,0,0,96,96,1,1,0
2026-09-29T02:28:52.6391561+00:00,927.393,1,1,1,1,1,255,0,0,96,96,1,1,0
2026-09-29T02:28:53.6412241+00:00,928.395,1,1,1,1,1,255,0,0,96,96,1,1,0
2026-09-29T02:28:54.6432991+00:00,929.397,1,1,1,1,1,255,0,0,96,96,1,1,0
2026-09-29T02:28:55.6455039+00:00,930.399,1,1,1,1,1,255,0,0,96,96,1,1,0
2026-09-29T02:28:56.6472179+00:00,931.401,1,1,1,1,1,255,0,0,96,96,1,1,0
2026-09-29T02:28:57.6490902+00:00,932.403,1,1,1,1,1,255,0,0,96,96,1,1,0
2026-09-29T02:28:58.6628142+00:00,933.416,1,1,1,1,1,255,0,0,96,96,1,1,0
2026-09-29T02:28:59.6767509+00:00,934.430,1,1,1,1,1,255,0,0,96,96,1,1,0
2026-09-29T02:29:00.6893055+00:00,935.443,1,1,1,1,1,255,0,0,96,96,1,1,0
2026-09-29T02:29:01.6911057+00:00,936.445,1,1,1,1,1,255,0,0,96,96,1,1,0
2026-09-29T02:29:02.6929816+00:00,937.447,1,1,1,1,1,255,0,0,96,96,1,1,0
2026-09-29T02:29:03.6946145+00:00,938.448,1,1,1,1,1,255,0,0,96,96,1,1,0
2026-09-29T02:29:04.6962322+00:00,939.450,1,1,1,1,1,255,0,0,96,96,1,1,0
2026-09-29T02:29:05.6974437+00:00,940.451,1,1,1,1,1,255,0,0,96,96,1,1,0
2026-09-29T02:29:06.6991317+00:00,941.453,1,1,1,1,1,255,0,0,96,96,1,1,0
2026-09-29T02:29:07.7004815+00:00,942.454,1,1,1,1,1,255,0,0,96,96,1,1,0
2026-09-29T02:29:08.7021088+00:00,943.456,1,1,1,1,1,255,0,0,96,96,1,1,0
2026-09-29T02:29:09.7043170+00:00,944.458,1,1,1,1,1,255,0,0,96,96,1,1,0
2026-09-29T02:29:10.7059489+00:00,945.459,1,1,1,1,1,255,0,0,96,96,1,1,0
2026-09-29T02:29:10.7770385+00:00,945.531,1,1,1,1,1,255,0,0,96,96,1,1,0
2026-09-29T02:29:10.8490405+00:00,945.603,1,1,1,1,1,255,0,0,96,96,1,1,0
2026-09-29T02:29:10.9106013+00:00,945.664,1,1,1,1,1,255,0,0,96,96,1,1,0
2026-09-29T02:29:10.9846018+00:00,945.738,1,1,1,1,1,255,0,0,96,96,1,1,0
2026-09-29T02:29:11.0536027+00:00,945.807,1,1,1,1,1,255,0,0,96,96,1,1,0
2026-09-29T02:29:11.1376138+00:00,945.891,1,1,1,1,1,255,0,0,96,96,1,1,0
2026-09-29T02:29:11.2136036+00:00,945.967,1,1,1,1,1,255,0,0,96,96,1,1,0
2026-09-29T02:29:11.2906127+00:00,946.044,1,1,1,1,1,255,0,0,96,96,1,1,0
2026-09-29T02:29:11.3616114+00:00,946.115,1,1,1,1,1,255,0,0,96,96,1,1,0
2026-09-29T02:29:11.4286238+00:00,946.182,1,1,1,1,1,255,0,0,96,96,1,1,0
2026-09-29T02:29:11.5032274+00:00,946.257,1,1,1,1,1,255,0,0,96,96,1,1,0
2026-09-29T02:29:11.5712223+00:00,946.325,1,1,1,1,1,255,0,0,96,96,1,1,0
2026-09-29T02:29:11.6527731+00:00,946.406,1,1,1,1,1,255,0,0,96,96,1,1,0
2026-09-29T02:29:11.7262301+00:00,946.480,1,1,1,1,1,255,0,0,96,96,1,1,0
2026-09-29T02:29:11.7997807+00:00,946.553,1,1,1,1,1,255,0,0,96,96,1,1,0
2026-09-29T02:29:11.8742129+00:00,946.628,1,1,1,1,1,255,0,0,96,96,1,1,0
2026-09-29T02:29:11.9442309+00:00,946.698,1,1,1,1,1,255,0,0,96,96,1,1,0
2026-09-29T02:29:12.0137685+00:00,946.767,1,1,1,1,1,255,0,0,96,96,1,1,0
2026-09-29T02:29:12.0867650+00:00,946.840,1,1,1,1,1,255,0,0,96,96,1,1,0
2026-09-29T02:29:12.1527662+00:00,946.906,1,1,1,1,1,255,0,0,96,96,1,1,0
2026-09-29T02:29:12.9044434+00:00,947.658,1,1,1,1,1,255,0,0,96,96,1,1,0
2026-09-29T02:29:13.9068989+00:00,948.660,1,1,1,1,1,255,0,0,96,96,1,1,0
2026-09-29T02:29:14.9085216+00:00,949.662,1,1,1,1,1,255,0,0,96,96,1,1,0
2026-09-29T02:29:15.9102820+00:00,950.664,1,1,1,1,1,255,0,0,96,96,1,1,0
2026-09-29T02:29:16.9239861+00:00,951.677,1,1,1,1,1,255,0,0,96,96,1,1,0
2026-09-29T02:29:17.9260561+00:00,952.680,1,1,1,1,1,255,0,0,96,96,1,1,0
2026-09-29T02:29:18.9276014+00:00,953.681,1,1,1,1,1,255,0,0,96,96,1,1,0
2026-09-29T02:29:19.9295811+00:00,954.683,1,1,1,1,1,255,0,0,96,96,1,1,0
2026-09-29T02:29:20.9429573+00:00,955.696,1,1,1,1,1,255,0,0,96,96,1,1,0
2026-09-29T02:29:21.9500399+00:00,956.703,1,1,1,1,1,255,0,0,96,96,1,1,0
2026-09-29T02:29:22.9521306+00:00,957.706,1,1,1,1,1,255,0,0,96,96,1,1,0
2026-09-29T02:29:23.9542700+00:00,958.708,1,1,1,1,1,255,0,0,96,96,1,1,0
2026-09-29T02:29:24.9559027+00:00,959.709,1,1,1,1,1,255,0,0,96,96,1,1,0
2026-09-29T02:29:25.9581338+00:00,960.712,1,1,1,1,1,255,0,0,96,96,1,1,0
2026-09-29T02:29:26.9597463+00:00,961.713,1,1,1,1,1,255,0,0,96,96,1,1,0
2026-09-29T02:29:27.9609179+00:00,962.714,1,1,1,1,1,255,0,0,96,96,1,1,0
2026-09-29T02:29:28.9623396+00:00,963.716,1,1,1,1,1,255,0,0,96,96,1,1,0
2026-09-29T02:29:29.9638138+00:00,964.717,1,1,1,1,1,255,0,0,96,96,1,1,0
2026-09-29T02:29:30.9655372+00:00,965.719,1,1,1,1,1,255,0,0,96,96,1,1,0
2026-09-29T02:29:31.9670879+00:00,966.720,1,1,1,1,1,255,0,0,96,96,1,1,0
2026-09-29T02:29:32.9687656+00:00,967.722,1,1,1,1,1,255,0,0,96,96,1,1,0
2026-09-29T02:29:33.0971861+00:00,967.850,1,1,1,1,1,255,0,0,96,96,1,1,0
2026-09-29T02:29:33.1641822+00:00,967.917,1,1,1,1,1,255,0,0,96,96,1,1,0
2026-09-29T02:29:33.2298305+00:00,967.983,1,1,1,1,1,255,0,0,96,96,1,1,0
2026-09-29T02:29:33.3161735+00:00,968.069,1,1,1,1,1,255,0,0,96,96,1,1,0
2026-09-29T02:29:33.3941740+00:00,968.147,1,1,1,1,1,255,0,0,96,96,1,1,0
2026-09-29T02:29:33.4630566+00:00,968.216,1,1,1,1,1,255,0,0,96,96,1,1,0
2026-09-29T02:29:33.5290626+00:00,968.282,1,1,1,1,1,255,0,0,96,96,1,1,0
2026-09-29T02:29:33.6050597+00:00,968.358,1,1,1,1,1,255,0,0,96,96,1,1,0
2026-09-29T02:29:33.6780596+00:00,968.431,1,1,1,1,1,255,0,0,96,96,1,1,0
2026-09-29T02:29:33.7510735+00:00,968.504,1,1,1,1,1,255,0,0,96,96,1,1,0
2026-09-29T02:29:33.8156091+00:00,968.569,1,1,1,1,1,255,0,0,96,96,1,1,0
2026-09-29T02:29:33.8886076+00:00,968.642,1,1,1,1,1,255,0,0,96,96,1,1,0
2026-09-29T02:29:33.9646006+00:00,968.718,1,1,1,1,1,255,0,0,96,96,1,1,0
2026-09-29T02:29:34.0406018+00:00,968.794,1,1,1,1,1,255,0,0,96,96,1,1,0
2026-09-29T02:29:34.1106015+00:00,968.864,1,1,1,1,1,255,0,0,96,96,1,1,0
2026-09-29T02:29:34.1796022+00:00,968.933,1,1,1,1,1,255,0,0,96,96,1,1,0
2026-09-29T02:29:34.2506147+00:00,969.004,1,1,1,1,1,255,0,0,96,96,1,1,0
2026-09-29T02:29:34.3206158+00:00,969.074,1,1,1,1,1,255,0,0,96,96,1,1,0
2026-09-29T02:29:34.3896076+00:00,969.143,1,1,1,1,1,255,0,0,96,96,1,1,0
2026-09-29T02:29:34.4597706+00:00,969.213,1,1,1,1,1,255,0,0,96,96,1,1,0
2026-09-29T02:29:35.2281309+00:00,969.981,1,1,1,1,1,255,0,0,96,96,1,1,0
2026-09-29T02:29:36.2302689+00:00,970.984,1,1,1,1,1,255,0,0,96,96,1,1,0
2026-09-29T02:29:37.2314411+00:00,971.985,1,1,1,1,1,255,0,0,96,96,1,1,0
2026-09-29T02:29:38.2329807+00:00,972.986,1,1,1,1,1,255,0,0,96,96,1,1,0
2026-09-29T02:29:39.2345779+00:00,973.988,1,1,1,1,1,255,0,0,96,96,1,1,0
2026-09-29T02:29:40.2367475+00:00,974.990,1,1,1,1,1,255,0,0,96,96,1,1,0
2026-09-29T02:29:41.2380042+00:00,975.991,1,1,1,1,1,255,0,0,96,96,1,1,0
2026-09-29T02:29:42.2395620+00:00,976.993,1,1,1,1,1,255,0,0,96,96,1,1,0
2026-09-29T02:29:43.2496287+00:00,978.003,1,1,1,1,1,255,0,0,96,96,1,1,0
2026-09-29T02:29:44.2647939+00:00,979.018,1,1,1,1,1,255,0,0,96,96,1,1,0
2026-09-29T02:29:45.2665995+00:00,980.020,1,1,1,1,1,255,0,0,96,96,1,1,0
2026-09-29T02:29:46.2683628+00:00,981.022,1,1,1,1,1,255,0,0,96,96,1,1,0
2026-09-29T02:29:47.2802082+00:00,982.033,1,1,1,1,1,255,0,0,96,96,1,1,0
2026-09-29T02:29:48.2817752+00:00,983.035,1,1,1,1,1,255,0,0,96,96,1,1,0
2026-09-29T02:29:49.2835552+00:00,984.037,1,1,1,1,1,255,0,0,96,96,1,1,0
2026-09-29T02:29:50.2857319+00:00,985.039,1,1,1,1,1,255,0,0,96,96,1,1,0
2026-09-29T02:29:51.2873938+00:00,986.041,1,1,1,1,1,255,0,0,96,96,1,1,0
2026-09-29T02:29:52.2889546+00:00,987.042,1,1,1,1,1,255,0,0,96,96,1,1,0
2026-09-29T02:29:53.2910319+00:00,988.044,1,1,1,1,1,255,0,0,96,96,1,1,0
2026-09-29T02:29:54.2931178+00:00,989.046,1,1,1,1,1,255,0,0,96,96,1,1,0
2026-09-29T02:29:55.2945064+00:00,990.048,1,1,1,1,1,255,0,0,96,96,1,1,0
2026-09-29T02:29:55.3985242+00:00,990.152,1,1,1,1,1,255,0,0,96,96,1,1,0
2026-09-29T02:29:55.4654439+00:00,990.219,1,1,1,1,1,255,0,0,96,96,1,1,0
2026-09-29T02:29:55.5304523+00:00,990.284,1,1,1,1,1,255,0,0,96,96,1,1,0
2026-09-29T02:29:55.6244603+00:00,990.378,1,1,1,1,1,255,0,0,96,96,1,1,0
2026-09-29T02:29:55.6974737+00:00,990.451,1,1,1,1,1,255,0,0,96,96,1,1,0
2026-09-29T02:29:55.7660568+00:00,990.519,1,1,1,1,1,255,0,0,96,96,1,1,0
2026-09-29T02:29:55.8310576+00:00,990.584,1,1,1,1,1,255,0,0,96,96,1,1,0
2026-09-29T02:29:55.9066763+00:00,990.660,1,1,1,1,1,255,0,0,96,96,1,1,0
2026-09-29T02:29:55.9806886+00:00,990.734,1,1,1,1,1,255,0,0,96,96,1,1,0
2026-09-29T02:29:56.0680510+00:00,990.821,1,1,1,1,1,255,0,0,96,96,1,1,0
2026-09-29T02:29:56.1330605+00:00,990.886,1,1,1,1,1,255,0,0,96,96,1,1,0
2026-09-29T02:29:56.2166902+00:00,990.970,1,1,1,1,1,255,0,0,96,96,1,1,0
2026-09-29T02:29:56.2930536+00:00,991.046,1,1,1,1,1,255,0,0,96,96,1,1,0
2026-09-29T02:29:56.3670627+00:00,991.120,1,1,1,1,1,255,0,0,96,96,1,1,0
2026-09-29T02:29:56.4360551+00:00,991.189,1,1,1,1,1,255,0,0,96,96,1,1,0
2026-09-29T02:29:56.5197763+00:00,991.273,1,1,1,1,1,255,0,0,96,96,1,1,0
2026-09-29T02:29:56.5887659+00:00,991.342,1,1,1,1,1,255,0,0,96,96,1,1,0
2026-09-29T02:29:56.6743490+00:00,991.427,1,1,1,1,1,255,0,0,96,96,1,1,0
2026-09-29T02:29:56.7400080+00:00,991.493,1,1,1,1,1,255,0,0,96,96,1,1,0
2026-09-29T02:29:56.8220088+00:00,991.575,1,1,1,1,1,255,0,0,96,96,1,1,0
2026-09-29T02:29:57.5791801+00:00,992.332,1,1,1,1,1,255,0,0,96,96,1,1,0
2026-09-29T02:29:58.5814621+00:00,993.335,1,1,1,1,1,255,0,0,96,96,1,1,0
2026-09-29T02:29:59.5837194+00:00,994.337,1,1,1,1,1,255,0,0,96,96,1,1,0
2026-09-29T02:30:00.5853080+00:00,995.338,1,1,1,1,1,255,0,0,96,96,1,1,0
2026-09-29T02:30:01.5875889+00:00,996.341,1,1,1,1,1,255,0,0,96,96,1,1,0
2026-09-29T02:30:02.5891254+00:00,997.342,1,1,1,1,1,255,0,0,96,96,1,1,0
2026-09-29T02:30:03.5907242+00:00,998.344,1,1,1,1,1,255,0,0,96,96,1,1,0
2026-09-29T02:30:04.5923741+00:00,999.345,1,1,1,1,1,255,0,0,96,96,1,1,0
2026-09-29T02:30:05.6064563+00:00,1000.359,1,1,1,1,1,255,0,0,96,96,1,1,0
2026-09-29T02:30:06.6087924+00:00,1001.362,1,1,1,1,1,255,0,0,96,96,1,1,0
2026-09-29T02:30:07.6105106+00:00,1002.363,1,1,1,1,1,255,0,0,96,96,1,1,0
2026-09-29T02:30:08.6117839+00:00,1003.365,1,1,1,1,1,255,0,0,96,96,1,1,0
2026-09-29T02:30:09.6136859+00:00,1004.367,1,1,1,1,1,255,0,0,96,96,1,1,0
2026-09-29T02:30:10.6149822+00:00,1005.368,1,1,1,1,1,255,0,0,96,96,1,1,0
2026-09-29T02:30:11.6163837+00:00,1006.369,1,1,1,1,1,255,0,0,96,96,1,1,0
2026-09-29T02:30:12.6184092+00:00,1007.371,1,1,1,1,1,255,0,0,96,96,1,1,0
2026-09-29T02:30:13.6200052+00:00,1008.373,1,1,1,1,1,255,0,0,96,96,1,1,0
2026-09-29T02:30:14.6220903+00:00,1009.375,1,1,1,1,1,255,0,0,96,96,1,1,0
2026-09-29T02:30:15.6242642+00:00,1010.377,1,1,1,1,1,255,0,0,96,96,1,1,0
2026-09-29T02:30:16.6266115+00:00,1011.380,1,1,1,1,1,255,0,0,96,96,1,1,0
2026-09-29T02:30:17.6402133+00:00,1012.393,1,1,1,1,1,255,0,0,96,96,1,1,0
2026-09-29T02:30:17.7282264+00:00,1012.481,1,1,1,1,1,255,0,0,96,96,1,1,0
2026-09-29T02:30:17.8142223+00:00,1012.567,1,1,1,1,1,255,0,0,96,96,1,1,0
2026-09-29T02:30:17.8802171+00:00,1012.633,1,1,1,1,1,255,0,0,96,96,1,1,0
2026-09-29T02:30:17.9592214+00:00,1012.712,1,1,1,1,1,255,0,0,96,96,1,1,0
2026-09-29T02:30:18.0242121+00:00,1012.777,1,1,1,1,1,255,0,0,96,96,1,1,0
2026-09-29T02:30:18.0992126+00:00,1012.852,1,1,1,1,1,255,0,0,96,96,1,1,0
2026-09-29T02:30:18.1712169+00:00,1012.924,1,1,1,1,1,255,0,0,96,96,1,1,0
2026-09-29T02:30:18.2322294+00:00,1012.985,1,1,1,1,1,255,0,0,96,96,1,1,0
2026-09-29T02:30:18.3182219+00:00,1013.071,1,1,1,1,1,255,0,0,96,96,1,1,0
2026-09-29T02:30:18.3922170+00:00,1013.145,1,1,1,1,1,255,0,0,96,96,1,1,0
2026-09-29T02:30:18.4679154+00:00,1013.221,1,1,1,1,1,255,0,0,96,96,1,1,0
2026-09-29T02:30:18.5399137+00:00,1013.293,1,1,1,1,1,255,0,0,96,96,1,1,0
2026-09-29T02:30:18.6154912+00:00,1013.368,1,1,1,1,1,255,0,0,96,96,1,1,0
2026-09-29T02:30:18.6870109+00:00,1013.440,1,1,1,1,1,255,0,0,96,96,1,1,0
2026-09-29T02:30:18.7570208+00:00,1013.510,1,1,1,1,1,255,0,0,96,96,1,1,0
2026-09-29T02:30:18.8205940+00:00,1013.573,1,1,1,1,1,255,0,0,96,96,1,1,0
2026-09-29T02:30:18.8885821+00:00,1013.641,1,1,1,1,1,255,0,0,96,96,1,1,0
2026-09-29T02:30:18.9636853+00:00,1013.717,1,1,1,1,1,255,0,0,96,96,1,1,0
2026-09-29T02:30:19.0376874+00:00,1013.791,1,1,1,1,1,255,0,0,96,96,1,1,0
2026-09-29T02:30:19.1076995+00:00,1013.861,1,1,1,1,1,255,0,0,96,96,1,1,0
2026-09-29T02:30:19.8636019+00:00,1014.616,1,1,1,1,1,255,0,0,96,96,1,1,0
2026-09-29T02:30:20.8665159+00:00,1015.619,1,1,1,1,1,255,0,0,96,96,1,1,0
2026-09-29T02:30:21.8685877+00:00,1016.621,1,1,1,1,1,255,0,0,96,96,1,1,0
2026-09-29T02:30:22.8701585+00:00,1017.623,1,1,1,1,1,255,0,0,96,96,1,1,0
2026-09-29T02:30:23.8713794+00:00,1018.624,1,1,1,1,1,255,0,0,96,96,1,1,0
2026-09-29T02:30:24.8730151+00:00,1019.626,1,1,1,1,1,255,0,0,96,96,1,1,0
2026-09-29T02:30:25.8747183+00:00,1020.628,1,1,1,1,1,255,0,0,96,96,1,1,0
2026-09-29T02:30:26.8763768+00:00,1021.629,1,1,1,1,1,255,0,0,96,96,1,1,0
2026-09-29T02:30:27.8880714+00:00,1022.641,1,1,1,1,1,255,0,0,96,96,1,1,0
2026-09-29T02:30:28.8894450+00:00,1023.642,1,1,1,1,1,255,0,0,96,96,1,1,0
2026-09-29T02:30:29.9035007+00:00,1024.656,1,1,1,1,1,255,0,0,96,96,1,1,0
2026-09-29T02:30:30.9053426+00:00,1025.658,1,1,1,1,1,255,0,0,96,96,1,1,0
2026-09-29T02:30:31.9074305+00:00,1026.660,1,1,1,1,1,255,0,0,96,96,1,1,0
2026-09-29T02:30:32.9094509+00:00,1027.662,1,1,1,1,1,255,0,0,96,96,1,1,0
2026-09-29T02:30:33.9115362+00:00,1028.664,1,1,1,1,1,255,0,0,96,96,1,1,0
2026-09-29T02:30:34.9128858+00:00,1029.666,1,1,1,1,1,255,0,0,96,96,1,1,0
2026-09-29T02:30:35.9146256+00:00,1030.667,1,1,1,1,1,255,0,0,96,96,1,1,0
2026-09-29T02:30:36.9163607+00:00,1031.669,1,1,1,1,1,255,0,0,96,96,1,1,0
2026-09-29T02:30:37.9179174+00:00,1032.671,1,1,1,1,1,255,0,0,96,96,1,1,0
2026-09-29T02:30:38.9192779+00:00,1033.672,1,1,1,1,1,255,0,0,96,96,1,1,0
2026-09-29T02:30:39.9211899+00:00,1034.674,1,1,1,1,1,255,0,0,96,96,1,1,0
2026-09-29T02:30:40.0361807+00:00,1034.789,1,1,1,1,1,255,0,0,96,96,1,1,0
2026-09-29T02:30:40.1081987+00:00,1034.861,1,1,1,1,1,255,0,0,96,96,1,1,0
2026-09-29T02:30:40.1881851+00:00,1034.941,1,1,1,1,1,255,0,0,96,96,1,1,0
2026-09-29T02:30:40.2561834+00:00,1035.009,1,1,1,1,1,255,0,0,96,96,1,1,0
2026-09-29T02:30:40.3251838+00:00,1035.078,1,1,1,1,1,255,0,0,96,96,1,1,0
2026-09-29T02:30:40.4211963+00:00,1035.174,1,1,1,1,1,255,0,0,96,96,1,1,0
2026-09-29T02:30:40.4937822+00:00,1035.246,1,1,1,1,1,255,0,0,96,96,1,1,0
2026-09-29T02:30:40.5617967+00:00,1035.314,1,1,1,1,1,255,0,0,96,96,1,1,0
2026-09-29T02:30:40.6454109+00:00,1035.398,1,1,1,1,1,255,0,0,96,96,1,1,0
2026-09-29T02:30:40.7199364+00:00,1035.473,1,1,1,1,1,255,0,0,96,96,1,1,0
2026-09-29T02:30:40.7930570+00:00,1035.546,1,1,1,1,1,255,0,0,96,96,1,1,0
2026-09-29T02:30:40.8540405+00:00,1035.607,1,1,1,1,1,255,0,0,96,96,1,1,0
2026-09-29T02:30:40.9396187+00:00,1035.692,1,1,1,1,1,255,0,0,96,96,1,1,0
2026-09-29T02:30:41.0166081+00:00,1035.769,1,1,1,1,1,255,0,0,96,96,1,1,0
2026-09-29T02:30:41.0906090+00:00,1035.843,1,1,1,1,1,255,0,0,96,96,1,1,0
2026-09-29T02:30:41.1716119+00:00,1035.924,1,1,1,1,1,255,0,0,96,96,1,1,0
2026-09-29T02:30:41.2496103+00:00,1036.002,1,1,1,1,1,255,0,0,96,96,1,1,0
2026-09-29T02:30:41.3226237+00:00,1036.075,1,1,1,1,1,255,0,0,96,96,1,1,0
2026-09-29T02:30:41.3906128+00:00,1036.143,1,1,1,1,1,255,0,0,96,96,1,1,0
2026-09-29T02:30:41.4722478+00:00,1036.225,1,1,1,1,1,255,0,0,96,96,1,1,0
2026-09-29T02:30:42.2342088+00:00,1036.987,1,1,1,1,1,255,0,0,96,96,1,1,0
2026-09-29T02:30:43.2358843+00:00,1037.989,1,1,1,1,1,255,0,0,96,96,1,1,0
2026-09-29T02:30:44.2380512+00:00,1038.991,1,1,1,1,1,255,0,0,96,96,1,1,0
2026-09-29T02:30:45.2392298+00:00,1039.992,1,1,1,1,1,255,0,0,96,96,1,1,0
2026-09-29T02:30:46.2413886+00:00,1040.994,1,1,1,1,1,255,0,0,96,96,1,1,0
2026-09-29T02:30:47.2497379+00:00,1042.002,1,1,1,1,1,255,0,0,96,96,1,1,0
2026-09-29T02:30:48.2517823+00:00,1043.004,1,1,1,1,1,255,0,0,96,96,1,1,0
2026-09-29T02:30:49.2531568+00:00,1044.006,1,1,1,1,1,255,0,0,96,96,1,1,0
2026-09-29T02:30:50.2549703+00:00,1045.008,1,1,1,1,1,255,0,0,96,96,1,1,0
2026-09-29T02:30:51.2653899+00:00,1046.018,1,1,1,1,1,255,0,0,96,96,1,1,0
2026-09-29T02:30:52.2665065+00:00,1047.019,1,1,1,1,1,255,0,0,96,96,1,1,0
2026-09-29T02:30:53.2684507+00:00,1048.021,1,1,1,1,1,255,0,0,96,96,1,1,0
2026-09-29T02:30:54.2702616+00:00,1049.023,1,1,1,1,1,255,0,0,96,96,1,1,0
2026-09-29T02:30:55.2724396+00:00,1050.025,1,1,1,1,1,255,0,0,96,96,1,1,0
2026-09-29T02:30:56.2741791+00:00,1051.027,1,1,1,1,1,255,0,0,96,96,1,1,0
2026-09-29T02:30:57.2760129+00:00,1052.029,1,1,1,1,1,255,0,0,96,96,1,1,0
2026-09-29T02:30:58.2775654+00:00,1053.030,1,1,1,1,1,255,0,0,96,96,1,1,0
2026-09-29T02:30:59.2789271+00:00,1054.031,1,1,1,1,1,255,0,0,96,96,1,1,0
2026-09-29T02:31:00.2801998+00:00,1055.033,1,1,1,1,1,255,0,0,96,96,1,1,0
2026-09-29T02:31:01.2820715+00:00,1056.035,1,1,1,1,1,255,0,0,96,96,1,1,0
2026-09-29T02:31:02.2836220+00:00,1057.036,1,1,1,1,1,255,0,0,96,96,1,1,0
2026-09-29T02:31:02.3526127+00:00,1057.105,1,1,1,1,1,255,0,0,96,96,1,1,0
2026-09-29T02:31:02.4416142+00:00,1057.194,1,1,1,1,1,255,0,0,96,96,1,1,0
2026-09-29T02:31:02.5219206+00:00,1057.274,1,1,1,1,1,255,0,0,96,96,1,1,0
2026-09-29T02:31:02.5939366+00:00,1057.346,1,1,1,1,1,255,0,0,96,96,1,1,0
2026-09-29T02:31:02.6679253+00:00,1057.420,1,1,1,1,1,255,0,0,96,96,1,1,0
2026-09-29T02:31:02.7319297+00:00,1057.484,1,1,1,1,1,255,0,0,96,96,1,1,0
2026-09-29T02:31:02.8159257+00:00,1057.568,1,1,1,1,1,255,0,0,96,96,1,1,0
2026-09-29T02:31:02.8909480+00:00,1057.643,1,1,1,1,1,255,0,0,96,96,1,1,0
2026-09-29T02:31:02.9624911+00:00,1057.715,1,1,1,1,1,255,0,0,96,96,1,1,0
2026-09-29T02:31:03.0384932+00:00,1057.791,1,1,1,1,1,255,0,0,96,96,1,1,0
2026-09-29T02:31:03.1155092+00:00,1057.868,1,1,1,1,1,255,0,0,96,96,1,1,0
2026-09-29T02:31:03.1965045+00:00,1057.949,1,1,1,1,1,255,0,0,96,96,1,1,0
2026-09-29T02:31:03.2634974+00:00,1058.016,1,1,1,1,1,255,0,0,96,96,1,1,0
2026-09-29T02:31:03.3275059+00:00,1058.080,1,1,1,1,1,255,0,0,96,96,1,1,0
2026-09-29T02:31:03.4135073+00:00,1058.166,1,1,1,1,1,255,0,0,96,96,1,1,0
2026-09-29T02:31:03.4840680+00:00,1058.237,1,1,1,1,1,255,0,0,96,96,1,1,0
2026-09-29T02:31:03.5580682+00:00,1058.311,1,1,1,1,1,255,0,0,96,96,1,1,0
2026-09-29T02:31:03.6210598+00:00,1058.374,1,1,1,1,1,255,0,0,96,96,1,1,0
2026-09-29T02:31:03.6955308+00:00,1058.448,1,1,1,1,1,255,0,0,96,96,1,1,0
2026-09-29T02:31:03.7640961+00:00,1058.517,1,1,1,1,1,255,0,0,96,96,1,1,0
2026-09-29T02:31:04.5363095+00:00,1059.289,1,1,1,1,1,255,0,0,96,96,1,1,0
2026-09-29T02:31:05.5391818+00:00,1060.292,1,1,1,1,1,255,0,0,96,96,1,1,0
2026-09-29T02:31:06.5403419+00:00,1061.293,1,1,1,1,1,255,0,0,96,96,1,1,0
2026-09-29T02:31:07.5420270+00:00,1062.294,1,1,1,1,1,255,0,0,96,96,1,1,0
2026-09-29T02:31:08.5441723+00:00,1063.297,1,1,1,1,1,255,0,0,96,96,1,1,0
2026-09-29T02:31:09.5460343+00:00,1064.298,1,1,1,1,1,255,0,0,96,96,1,1,0
2026-09-29T02:31:10.5478574+00:00,1065.300,1,1,1,1,1,255,0,0,96,96,1,1,0
2026-09-29T02:31:11.5491539+00:00,1066.302,1,1,1,1,1,255,0,0,96,96,1,1,0
2026-09-29T02:31:12.5506967+00:00,1067.303,1,1,1,1,1,255,0,0,96,96,1,1,0
2026-09-29T02:31:13.5529244+00:00,1068.305,1,1,1,1,1,255,0,0,96,96,1,1,0
2026-09-29T02:31:14.5641094+00:00,1069.316,1,1,1,1,1,255,0,0,96,96,1,1,0
2026-09-29T02:31:15.5658305+00:00,1070.318,1,1,1,1,1,255,0,0,96,96,1,1,0
2026-09-29T02:31:16.5677907+00:00,1071.320,1,1,1,1,1,255,0,0,96,96,1,1,0
2026-09-29T02:31:17.5774337+00:00,1072.330,1,1,1,1,1,255,0,0,96,96,1,1,0
2026-09-29T02:31:18.5786827+00:00,1073.331,1,1,1,1,1,255,0,0,96,96,1,1,0
2026-09-29T02:31:19.5807600+00:00,1074.333,1,1,1,1,1,255,0,0,96,96,1,1,0
2026-09-29T02:31:20.5819985+00:00,1075.334,1,1,1,1,1,255,0,0,96,96,1,1,0
2026-09-29T02:31:21.5833330+00:00,1076.336,1,1,1,1,1,255,0,0,96,96,1,1,0
2026-09-29T02:31:22.5848768+00:00,1077.337,1,1,1,1,1,255,0,0,96,96,1,1,0
2026-09-29T02:31:23.5869610+00:00,1078.339,1,1,1,1,1,255,0,0,96,96,1,1,0
2026-09-29T02:31:24.5890413+00:00,1079.341,1,1,1,1,1,255,0,0,96,96,1,1,0
2026-09-29T02:31:24.6580371+00:00,1079.410,1,1,1,1,1,255,0,0,96,96,1,1,0
2026-09-29T02:31:24.7310633+00:00,1079.483,1,1,1,1,1,255,0,0,96,96,1,1,0
2026-09-29T02:31:24.8026087+00:00,1079.555,1,1,1,1,1,255,0,0,96,96,1,1,0
2026-09-29T02:31:24.8706011+00:00,1079.623,1,1,1,1,1,255,0,0,96,96,1,1,0
2026-09-29T02:31:24.9431999+00:00,1079.695,1,1,1,1,1,255,0,0,96,96,1,1,0
2026-09-29T02:31:25.0132047+00:00,1079.765,1,1,1,1,1,255,0,0,96,96,1,1,0
2026-09-29T02:31:25.0842190+00:00,1079.836,1,1,1,1,1,255,0,0,96,96,1,1,0
2026-09-29T02:31:25.1542186+00:00,1079.907,1,1,1,1,1,255,0,0,96,96,1,1,0
2026-09-29T02:31:25.2278203+00:00,1079.980,1,1,1,1,1,255,0,0,96,96,1,1,0
2026-09-29T02:31:25.2972212+00:00,1080.049,1,1,1,1,1,255,0,0,96,96,1,1,0
2026-09-29T02:31:25.3708103+00:00,1080.123,1,1,1,1,1,255,0,0,96,96,1,1,0
2026-09-29T02:31:25.4452235+00:00,1080.197,1,1,1,1,1,255,0,0,96,96,1,1,0
2026-09-29T02:31:25.5133829+00:00,1080.266,1,1,1,1,1,255,0,0,96,96,1,1,0
2026-09-29T02:31:25.5863723+00:00,1080.339,1,1,1,1,1,255,0,0,96,96,1,1,0
2026-09-29T02:31:25.6643730+00:00,1080.417,1,1,1,1,1,255,0,0,96,96,1,1,0
2026-09-29T02:31:25.7244755+00:00,1080.477,1,1,1,1,1,255,0,0,96,96,1,1,0
2026-09-29T02:31:25.8064876+00:00,1080.559,1,1,1,1,1,255,0,0,96,96,1,1,0
2026-09-29T02:31:25.9134790+00:00,1080.666,1,1,1,1,1,255,0,0,96,96,1,1,0
2026-09-29T02:31:25.9804789+00:00,1080.733,1,1,1,1,1,255,0,0,96,96,1,1,0
2026-09-29T02:31:26.0484919+00:00,1080.801,1,1,1,1,1,255,0,0,96,96,1,1,0
2026-09-29T02:31:26.8028634+00:00,1081.555,1,1,1,1,1,255,0,0,96,96,1,1,0
2026-09-29T02:31:27.8056819+00:00,1082.558,1,1,1,1,1,255,0,0,96,96,1,1,0
2026-09-29T02:31:28.8078893+00:00,1083.560,1,1,1,1,1,255,0,0,96,96,1,1,0
2026-09-29T02:31:29.8097534+00:00,1084.562,1,1,1,1,1,255,0,0,96,96,1,1,0
2026-09-29T02:31:30.8115552+00:00,1085.564,1,1,1,1,1,255,0,0,96,96,1,1,0
2026-09-29T02:31:31.8127864+00:00,1086.565,1,1,1,1,1,255,0,0,96,96,1,1,0
2026-09-29T02:31:32.8142564+00:00,1087.566,1,1,1,1,1,255,0,0,96,96,1,1,0
2026-09-29T02:31:33.8158771+00:00,1088.568,1,1,1,1,1,255,0,0,96,96,1,1,0
2026-09-29T02:31:34.8210430+00:00,1089.573,1,1,1,1,1,255,0,0,96,96,1,1,0
2026-09-29T02:31:35.8292430+00:00,1090.581,1,1,1,1,1,255,0,0,96,96,1,1,0
2026-09-29T02:31:36.8307930+00:00,1091.583,1,1,1,1,1,255,0,0,96,96,1,1,0
2026-09-29T02:31:37.8328899+00:00,1092.585,1,1,1,1,1,255,0,0,96,96,1,1,0
2026-09-29T02:31:38.8347062+00:00,1093.587,1,1,1,1,1,255,0,0,96,96,1,1,0
2026-09-29T02:31:39.8363517+00:00,1094.588,1,1,1,1,1,255,0,0,96,96,1,1,0
2026-09-29T02:31:40.8381242+00:00,1095.590,1,1,1,1,1,255,0,0,96,96,1,1,0
2026-09-29T02:31:41.8398380+00:00,1096.592,1,1,1,1,1,255,0,0,96,96,1,1,0
2026-09-29T02:31:42.8413786+00:00,1097.593,1,1,1,1,1,255,0,0,96,96,1,1,0
2026-09-29T02:31:43.8427280+00:00,1098.595,1,1,1,1,1,255,0,0,96,96,1,1,0
2026-09-29T02:31:44.8449610+00:00,1099.597,1,1,1,1,1,255,0,0,96,96,1,1,0
2026-09-29T02:31:45.8471077+00:00,1100.599,1,1,1,1,1,255,0,0,96,96,1,1,0
2026-09-29T02:31:46.8622103+00:00,1101.614,1,1,1,1,1,255,0,0,96,96,1,1,0
2026-09-29T02:31:46.9449305+00:00,1101.697,1,1,1,1,1,255,0,0,96,96,1,1,0
2026-09-29T02:31:47.0149624+00:00,1101.767,1,1,1,1,1,255,0,0,96,96,1,1,0
2026-09-29T02:31:47.0875577+00:00,1101.840,1,1,1,1,1,255,0,0,96,96,1,1,0
2026-09-29T02:31:47.1615505+00:00,1101.914,1,1,1,1,1,255,0,0,96,96,1,1,0
2026-09-29T02:31:47.2275514+00:00,1101.980,1,1,1,1,1,255,0,0,96,96,1,1,0
2026-09-29T02:31:47.3115518+00:00,1102.064,1,1,1,1,1,255,0,0,96,96,1,1,0
2026-09-29T02:31:47.3755701+00:00,1102.128,1,1,1,1,1,255,0,0,96,96,1,1,0
2026-09-29T02:31:47.4645530+00:00,1102.217,1,1,1,1,1,255,0,0,96,96,1,1,0
2026-09-29T02:31:47.5461150+00:00,1102.298,1,1,1,1,1,255,0,0,96,96,1,1,0
2026-09-29T02:31:47.6061012+00:00,1102.358,1,1,1,1,1,255,0,0,96,96,1,1,0
2026-09-29T02:31:47.6921055+00:00,1102.444,1,1,1,1,1,255,0,0,96,96,1,1,0
2026-09-29T02:31:47.7651171+00:00,1102.517,1,1,1,1,1,255,0,0,96,96,1,1,0
2026-09-29T02:31:47.8361031+00:00,1102.588,1,1,1,1,1,255,0,0,96,96,1,1,0
2026-09-29T02:31:47.9201036+00:00,1102.672,1,1,1,1,1,255,0,0,96,96,1,1,0
2026-09-29T02:31:47.9851044+00:00,1102.737,1,1,1,1,1,255,0,0,96,96,1,1,0
2026-09-29T02:31:48.0611048+00:00,1102.813,1,1,1,1,1,255,0,0,96,96,1,1,0
2026-09-29T02:31:48.1271057+00:00,1102.879,1,1,1,1,1,255,0,0,96,96,1,1,0
2026-09-29T02:31:48.1961104+00:00,1102.948,1,1,1,1,1,255,0,0,96,96,1,1,0
2026-09-29T02:31:48.2851106+00:00,1103.037,1,1,1,1,1,255,0,0,96,96,1,1,0
2026-09-29T02:31:48.3491075+00:00,1103.101,1,1,1,1,1,255,0,0,96,96,1,1,0
2026-09-29T02:31:49.1429055+00:00,1103.895,1,1,1,1,1,255,0,0,96,96,1,1,0
2026-09-29T02:31:50.1454067+00:00,1104.897,1,1,1,1,1,255,0,0,96,96,1,1,0
2026-09-29T02:31:51.1472868+00:00,1105.899,1,1,1,1,1,255,0,0,96,96,1,1,0
2026-09-29T02:31:52.1494703+00:00,1106.901,1,1,1,1,1,255,0,0,96,96,1,1,0
2026-09-29T02:31:53.1515441+00:00,1107.904,1,1,1,1,1,255,0,0,96,96,1,1,0
2026-09-29T02:31:54.1527659+00:00,1108.905,1,1,1,1,1,255,0,0,96,96,1,1,0
2026-09-29T02:31:55.1540005+00:00,1109.906,1,1,1,1,1,255,0,0,96,96,1,1,0
2026-09-29T02:31:56.1553398+00:00,1110.907,1,1,1,1,1,255,0,0,96,96,1,1,0
2026-09-29T02:31:57.1710796+00:00,1111.923,1,1,1,1,1,255,0,0,96,96,1,1,0
2026-09-29T02:31:58.1858692+00:00,1112.938,1,1,1,1,1,255,0,0,96,96,1,1,0
2026-09-29T02:31:59.1878937+00:00,1113.940,1,1,1,1,1,255,0,0,96,96,1,1,0
2026-09-29T02:32:00.1899450+00:00,1114.942,1,1,1,1,1,255,0,0,96,96,1,1,0
2026-09-29T02:32:01.1916855+00:00,1115.944,1,1,1,1,1,255,0,0,96,96,1,1,0
2026-09-29T02:32:02.1929397+00:00,1116.945,1,1,1,1,1,255,0,0,96,96,1,1,0
2026-09-29T02:32:03.1948843+00:00,1117.947,1,1,1,1,1,255,0,0,96,96,1,1,0
2026-09-29T02:32:04.1969575+00:00,1118.949,1,1,1,1,1,255,0,0,96,96,1,1,0
2026-09-29T02:32:05.1981440+00:00,1119.950,1,1,1,1,1,255,0,0,96,96,1,1,0
2026-09-29T02:32:06.1999014+00:00,1120.952,1,1,1,1,1,255,0,0,96,96,1,1,0
2026-09-29T02:32:07.2011038+00:00,1121.953,1,1,1,1,1,255,0,0,96,96,1,1,0
2026-09-29T02:32:08.2031773+00:00,1122.955,1,1,1,1,1,255,0,0,96,96,1,1,0
2026-09-29T02:32:09.2045304+00:00,1123.956,1,1,1,1,1,255,0,0,96,96,1,1,0
2026-09-29T02:32:09.2871642+00:00,1124.039,1,1,1,1,1,255,0,0,96,96,1,1,0
2026-09-29T02:32:09.3541648+00:00,1124.106,1,1,1,1,1,255,0,0,96,96,1,1,0
2026-09-29T02:32:09.4161649+00:00,1124.168,1,1,1,1,1,255,0,0,96,96,1,1,0
2026-09-29T02:32:09.4821923+00:00,1124.234,1,1,1,1,1,255,0,0,96,96,1,1,0
2026-09-29T02:32:09.5607272+00:00,1124.313,1,1,1,1,1,255,0,0,96,96,1,1,0
2026-09-29T02:32:09.6257446+00:00,1124.378,1,1,1,1,1,255,0,0,96,96,1,1,0
2026-09-29T02:32:09.6977396+00:00,1124.450,1,1,1,1,1,255,0,0,96,96,1,1,0
2026-09-29T02:32:09.7723184+00:00,1124.524,1,1,1,1,1,255,0,0,96,96,1,1,0
2026-09-29T02:32:09.8443321+00:00,1124.596,1,1,1,1,1,255,0,0,96,96,1,1,0
2026-09-29T02:32:09.9229274+00:00,1124.675,1,1,1,1,1,255,0,0,96,96,1,1,0
2026-09-29T02:32:10.0009109+00:00,1124.753,1,1,1,1,1,255,0,0,96,96,1,1,0
2026-09-29T02:32:10.0733319+00:00,1124.825,1,1,1,1,1,255,0,0,96,96,1,1,0
2026-09-29T02:32:10.1609288+00:00,1124.913,1,1,1,1,1,255,0,0,96,96,1,1,0
2026-09-29T02:32:10.2363209+00:00,1124.988,1,1,1,1,1,255,0,0,96,96,1,1,0
2026-09-29T02:32:10.3069130+00:00,1125.059,1,1,1,1,1,255,0,0,96,96,1,1,0
2026-09-29T02:32:10.3783224+00:00,1125.130,1,1,1,1,1,255,0,0,96,96,1,1,0
2026-09-29T02:32:10.4443237+00:00,1125.196,1,1,1,1,1,255,0,0,96,96,1,1,0
2026-09-29T02:32:10.5200429+00:00,1125.272,1,1,1,1,1,255,0,0,96,96,1,1,0
2026-09-29T02:32:10.5930437+00:00,1125.345,1,1,1,1,1,255,0,0,96,96,1,1,0
2026-09-29T02:32:10.6630607+00:00,1125.415,1,1,1,1,1,255,0,0,96,96,1,1,0
2026-09-29T02:32:11.4252156+00:00,1126.177,1,1,1,1,1,255,0,0,96,96,1,1,0
2026-09-29T02:32:12.4275242+00:00,1127.179,1,1,1,1,1,255,0,0,96,96,1,1,0
2026-09-29T02:32:13.4296035+00:00,1128.181,1,1,1,1,1,255,0,0,96,96,1,1,0
2026-09-29T02:32:14.4308075+00:00,1129.183,1,1,1,1,1,255,0,0,96,96,1,1,0
2026-09-29T02:32:15.4320488+00:00,1130.184,1,1,1,1,1,255,0,0,96,96,1,1,0
2026-09-29T02:32:16.4337801+00:00,1131.186,1,1,1,1,1,255,0,0,96,96,1,1,0
2026-09-29T02:32:17.4494683+00:00,1132.201,1,1,1,1,1,255,0,0,96,96,1,1,0
2026-09-29T02:32:18.4511380+00:00,1133.203,1,1,1,1,1,255,0,0,96,96,1,1,0
2026-09-29T02:32:19.4522879+00:00,1134.204,1,1,1,1,1,255,0,0,96,96,1,1,0
2026-09-29T02:32:20.4585809+00:00,1135.210,1,1,1,1,1,255,0,0,96,96,1,1,0
2026-09-29T02:32:21.4680554+00:00,1136.220,1,1,1,1,1,255,0,0,96,96,1,1,0
2026-09-29T02:32:22.4701288+00:00,1137.222,1,1,1,1,1,255,0,0,96,96,1,1,0
2026-09-29T02:32:23.4722208+00:00,1138.224,1,1,1,1,1,255,0,0,96,96,1,1,0
2026-09-29T02:32:24.4743213+00:00,1139.226,1,1,1,1,1,255,0,0,96,96,1,1,0
2026-09-29T02:32:25.4756662+00:00,1140.227,1,1,1,1,1,255,0,0,96,96,1,1,0
2026-09-29T02:32:26.4778381+00:00,1141.230,1,1,1,1,1,255,0,0,96,96,1,1,0
2026-09-29T02:32:27.4800452+00:00,1142.232,1,1,1,1,1,255,0,0,96,96,1,1,0
2026-09-29T02:32:28.4821396+00:00,1143.234,1,1,1,1,1,255,0,0,96,96,1,1,0
2026-09-29T02:32:29.4836635+00:00,1144.235,1,1,1,1,1,255,0,0,96,96,1,1,0
2026-09-29T02:32:30.4857579+00:00,1145.237,1,1,1,1,1,255,0,0,96,96,1,1,0
2026-09-29T02:32:31.4875936+00:00,1146.239,1,1,1,1,1,255,0,0,96,96,1,1,0
2026-09-29T02:32:31.5638166+00:00,1146.315,1,1,1,1,1,255,0,0,96,96,1,1,0
2026-09-29T02:32:31.6311659+00:00,1146.383,1,1,1,1,1,255,0,0,96,96,1,1,0
2026-09-29T02:32:31.7088072+00:00,1146.460,1,1,1,1,1,255,0,0,96,96,1,1,0
2026-09-29T02:32:31.7868077+00:00,1146.538,1,1,1,1,1,255,0,0,96,96,1,1,0
2026-09-29T02:32:31.8651586+00:00,1146.617,1,1,1,1,1,255,0,0,96,96,1,1,0
2026-09-29T02:32:31.9268096+00:00,1146.678,1,1,1,1,1,255,0,0,96,96,1,1,0
2026-09-29T02:32:32.0128101+00:00,1146.764,1,1,1,1,1,255,0,0,96,96,1,1,0
2026-09-29T02:32:32.0928113+00:00,1146.844,1,1,1,1,1,255,0,0,96,96,1,1,0
2026-09-29T02:32:32.1631613+00:00,1146.915,1,1,1,1,1,255,0,0,96,96,1,1,0
2026-09-29T02:32:32.2301724+00:00,1146.982,1,1,1,1,1,255,0,0,96,96,1,1,0
2026-09-29T02:32:32.3161626+00:00,1147.068,1,1,1,1,1,255,0,0,96,96,1,1,0
2026-09-29T02:32:32.3898251+00:00,1147.141,1,1,1,1,1,255,0,0,96,96,1,1,0
2026-09-29T02:32:32.4591744+00:00,1147.211,1,1,1,1,1,255,0,0,96,96,1,1,0
2026-09-29T02:32:32.5253795+00:00,1147.277,1,1,1,1,1,255,0,0,96,96,1,1,0
2026-09-29T02:32:32.5854046+00:00,1147.337,1,1,1,1,1,255,0,0,96,96,1,1,0
2026-09-29T02:32:32.6722328+00:00,1147.424,1,1,1,1,1,255,0,0,96,96,1,1,0
2026-09-29T02:32:32.7571339+00:00,1147.509,1,1,1,1,1,255,0,0,96,96,1,1,0
2026-09-29T02:32:32.8231396+00:00,1147.575,1,1,1,1,1,255,0,0,96,96,1,1,0
2026-09-29T02:32:32.9031581+00:00,1147.655,1,1,1,1,1,255,0,0,96,96,1,1,0
2026-09-29T02:32:32.9867103+00:00,1147.738,1,1,1,1,1,255,0,0,96,96,1,1,0
2026-09-29T02:32:33.7617685+00:00,1148.513,1,1,1,1,1,255,0,0,96,96,1,1,0
2026-09-29T02:32:34.7652414+00:00,1149.517,1,1,1,1,1,255,0,0,96,96,1,1,0
2026-09-29T02:32:35.7671306+00:00,1150.519,1,1,1,1,1,255,0,0,96,96,1,1,0
2026-09-29T02:32:36.7692940+00:00,1151.521,1,1,1,1,1,255,0,0,96,96,1,1,0
2026-09-29T02:32:37.7713761+00:00,1152.523,1,1,1,1,1,255,0,0,96,96,1,1,0
2026-09-29T02:32:38.7731169+00:00,1153.525,1,1,1,1,1,255,0,0,96,96,1,1,0
2026-09-29T02:32:39.7746401+00:00,1154.526,1,1,1,1,1,255,0,0,96,96,1,1,0
2026-09-29T02:32:40.7758649+00:00,1155.527,1,1,1,1,1,255,0,0,96,96,1,1,0
2026-09-29T02:32:41.7900440+00:00,1156.542,1,1,1,1,1,255,0,0,96,96,1,1,0
2026-09-29T02:32:42.7910767+00:00,1157.543,1,1,1,1,1,255,0,0,96,96,1,1,0
2026-09-29T02:32:43.8022263+00:00,1158.554,1,1,1,1,1,255,0,0,96,96,1,1,0
2026-09-29T02:32:44.8040799+00:00,1159.556,1,1,1,1,1,255,0,0,96,96,1,1,0
2026-09-29T02:32:45.8053309+00:00,1160.557,1,1,1,1,1,255,0,0,96,96,1,1,0
2026-09-29T02:32:46.8155012+00:00,1161.567,1,1,1,1,1,255,0,0,96,96,1,1,0
2026-09-29T02:32:47.8176491+00:00,1162.569,1,1,1,1,1,255,0,0,96,96,1,1,0
2026-09-29T02:32:48.8188242+00:00,1163.570,1,1,1,1,1,255,0,0,96,96,1,1,0
2026-09-29T02:32:49.8209890+00:00,1164.572,1,1,1,1,1,255,0,0,96,96,1,1,0
2026-09-29T02:32:50.8223559+00:00,1165.574,1,1,1,1,1,255,0,0,96,96,1,1,0
2026-09-29T02:32:51.8240844+00:00,1166.575,1,1,1,1,1,255,0,0,96,96,1,1,0
2026-09-29T02:32:52.8256255+00:00,1167.577,1,1,1,1,1,255,0,0,96,96,1,1,0
2026-09-29T02:32:53.8272739+00:00,1168.579,1,1,1,1,1,255,0,0,96,96,1,1,0
2026-09-29T02:32:53.9342666+00:00,1168.686,1,1,1,1,1,255,0,0,96,96,1,1,0
2026-09-29T02:32:54.0012774+00:00,1168.753,1,1,1,1,1,255,0,0,96,96,1,1,0
2026-09-29T02:32:54.0692686+00:00,1168.821,1,1,1,1,1,255,0,0,96,96,1,1,0
2026-09-29T02:32:54.1452682+00:00,1168.897,1,1,1,1,1,255,0,0,96,96,1,1,0
2026-09-29T02:32:54.2122685+00:00,1168.964,1,1,1,1,1,255,0,0,96,96,1,1,0
2026-09-29T02:32:54.2792790+00:00,1169.031,1,1,1,1,1,255,0,0,96,96,1,1,0
2026-09-29T02:32:54.3622809+00:00,1169.114,1,1,1,1,1,255,0,0,96,96,1,1,0
2026-09-29T02:32:54.4282702+00:00,1169.180,1,1,1,1,1,255,0,0,96,96,1,1,0
2026-09-29T02:32:54.4982818+00:00,1169.251,1,1,1,1,1,255,0,0,96,96,1,1,0
2026-09-29T02:32:54.5778189+00:00,1169.329,1,1,1,1,1,255,0,0,96,96,1,1,0
2026-09-29T02:32:54.6481165+00:00,1169.400,1,1,1,1,1,255,0,0,96,96,1,1,0
2026-09-29T02:32:54.7358410+00:00,1169.487,1,1,1,1,1,255,0,0,96,96,1,1,0
2026-09-29T02:32:54.8064547+00:00,1169.558,1,1,1,1,1,255,0,0,96,96,1,1,0
2026-09-29T02:32:54.8854539+00:00,1169.637,1,1,1,1,1,255,0,0,96,96,1,1,0
2026-09-29T02:32:54.9777007+00:00,1169.729,1,1,1,1,1,255,0,0,96,96,1,1,0
2026-09-29T02:32:55.0527014+00:00,1169.804,1,1,1,1,1,255,0,0,96,96,1,1,0
2026-09-29T02:32:55.1197044+00:00,1169.871,1,1,1,1,1,255,0,0,96,96,1,1,0
2026-09-29T02:32:55.2037026+00:00,1169.955,1,1,1,1,1,255,0,0,96,96,1,1,0
2026-09-29T02:32:55.2687041+00:00,1170.020,1,1,1,1,1,255,0,0,96,96,1,1,0
2026-09-29T02:32:55.3497040+00:00,1170.101,1,1,1,1,1,255,0,0,96,96,1,1,0
2026-09-29T02:32:56.1081285+00:00,1170.860,1,1,1,1,1,255,0,0,96,96,1,1,0
2026-09-29T02:32:57.1103926+00:00,1171.862,1,1,1,1,1,255,0,0,96,96,1,1,0
2026-09-29T02:32:58.1120701+00:00,1172.863,1,1,1,1,1,255,0,0,96,96,1,1,0
2026-09-29T02:32:59.1133210+00:00,1173.865,1,1,1,1,1,255,0,0,96,96,1,1,0
2026-09-29T02:33:00.1162345+00:00,1174.868,1,1,1,1,1,255,0,0,96,96,1,1,0
2026-09-29T02:33:01.1164768+00:00,1175.869,1,1,1,1,1,255,0,0,96,96,1,1,0
2026-09-29T02:33:02.1190412+00:00,1176.870,1,1,1,1,1,255,0,0,96,96,1,1,0
2026-09-29T02:33:03.1195572+00:00,1177.871,1,1,1,1,1,255,0,0,96,96,1,1,0
2026-09-29T02:33:04.1332414+00:00,1178.885,1,1,1,1,1,255,0,0,96,96,1,1,0
2026-09-29T02:33:05.1395736+00:00,1179.891,1,1,1,1,1,255,0,0,96,96,1,1,0
2026-09-29T02:33:06.1408068+00:00,1180.892,1,1,1,1,1,255,0,0,96,96,1,1,0
2026-09-29T02:33:07.1425691+00:00,1181.894,1,1,1,1,1,255,0,0,96,96,1,1,0
2026-09-29T02:33:08.1441304+00:00,1182.895,1,1,1,1,1,255,0,0,96,96,1,1,0
2026-09-29T02:33:09.1460873+00:00,1183.897,1,1,1,1,1,255,0,0,96,96,1,1,0
2026-09-29T02:33:10.1477584+00:00,1184.899,1,1,1,1,1,255,0,0,96,96,1,1,0
2026-09-29T02:33:11.1495334+00:00,1185.901,1,1,1,1,1,255,0,0,96,96,1,1,0
2026-09-29T02:33:12.1515929+00:00,1186.903,1,1,1,1,1,255,0,0,96,96,1,1,0
2026-09-29T02:33:13.1538199+00:00,1187.905,1,1,1,1,1,255,0,0,96,96,1,1,0
2026-09-29T02:33:14.1549974+00:00,1188.906,1,1,1,1,1,255,0,0,96,96,1,1,0
2026-09-29T02:33:15.1566143+00:00,1189.908,1,1,1,1,1,255,0,0,96,96,1,1,0
2026-09-29T02:33:16.1588627+00:00,1190.910,1,1,1,1,1,255,0,0,96,96,1,1,0
2026-09-29T02:33:16.2228471+00:00,1190.974,1,1,1,1,1,255,0,0,96,96,1,1,0
2026-09-29T02:33:16.3068627+00:00,1191.058,1,1,1,1,1,255,0,0,96,96,1,1,0
2026-09-29T02:33:16.3738634+00:00,1191.125,1,1,1,1,1,255,0,0,96,96,1,1,0
2026-09-29T02:33:16.4518686+00:00,1191.203,1,1,1,1,1,255,0,0,96,96,1,1,0
2026-09-29T02:33:16.5219274+00:00,1191.273,1,1,1,1,1,255,0,0,96,96,1,1,0
2026-09-29T02:33:16.6024256+00:00,1191.354,1,1,1,1,1,255,0,0,96,96,1,1,0
2026-09-29T02:33:16.6684155+00:00,1191.420,1,1,1,1,1,255,0,0,96,96,1,1,0
2026-09-29T02:33:16.7494166+00:00,1191.501,1,1,1,1,1,255,0,0,96,96,1,1,0
2026-09-29T02:33:16.8184171+00:00,1191.570,1,1,1,1,1,255,0,0,96,96,1,1,0
2026-09-29T02:33:16.8904223+00:00,1191.642,1,1,1,1,1,255,0,0,96,96,1,1,0
2026-09-29T02:33:16.9650077+00:00,1191.716,1,1,1,1,1,255,0,0,96,96,1,1,0
2026-09-29T02:33:17.0289989+00:00,1191.780,1,1,1,1,1,255,0,0,96,96,1,1,0
2026-09-29T02:33:17.1024711+00:00,1191.854,1,1,1,1,1,255,0,0,96,96,1,1,0
2026-09-29T02:33:17.1730013+00:00,1191.924,1,1,1,1,1,255,0,0,96,96,1,1,0
2026-09-29T02:33:17.2464608+00:00,1191.998,1,1,1,1,1,255,0,0,96,96,1,1,0
2026-09-29T02:33:17.3170039+00:00,1192.068,1,1,1,1,1,255,0,0,96,96,1,1,0
2026-09-29T02:33:17.3924637+00:00,1192.144,1,1,1,1,1,255,0,0,96,96,1,1,0
2026-09-29T02:33:17.4610176+00:00,1192.212,1,1,1,1,1,255,0,0,96,96,1,1,0
2026-09-29T02:33:17.5190508+00:00,1192.270,1,1,1,1,1,255,0,0,96,96,1,1,0
2026-09-29T02:33:17.6051731+00:00,1192.357,1,1,1,1,1,255,0,0,96,96,1,1,0
2026-09-29T02:33:18.3468157+00:00,1193.098,1,1,1,1,1,255,0,0,96,96,1,1,0
2026-09-29T02:33:19.3488311+00:00,1194.100,1,1,1,1,1,255,0,0,96,96,1,1,0
2026-09-29T02:33:20.3502499+00:00,1195.101,1,1,1,1,1,255,0,0,96,96,1,1,0
2026-09-29T02:33:21.3515525+00:00,1196.103,1,1,1,1,1,255,0,0,96,96,1,1,0
2026-09-29T02:33:22.3527846+00:00,1197.104,1,1,1,1,1,255,0,0,96,96,1,1,0
2026-09-29T02:33:23.3548692+00:00,1198.106,1,1,1,1,1,255,0,0,96,96,1,1,0
2026-09-29T02:33:24.3560825+00:00,1199.107,1,1,1,1,1,255,0,0,96,96,1,1,0
2026-09-29T02:33:25.3582199+00:00,1200.109,1,1,1,1,1,255,0,0,96,96,1,1,0
2026-09-29T02:33:26.3599457+00:00,1201.111,1,1,1,1,1,255,0,0,96,96,1,1,0
2026-09-29T02:33:27.3748033+00:00,1202.126,1,1,1,1,1,255,0,0,96,96,1,1,0
2026-09-29T02:33:28.3763574+00:00,1203.127,1,1,1,1,1,255,0,0,96,96,1,1,0
2026-09-29T02:33:29.3778691+00:00,1204.129,1,1,1,1,1,255,0,0,96,96,1,1,0
2026-09-29T02:33:30.3793247+00:00,1205.130,1,1,1,1,1,255,0,0,96,96,1,1,0
2026-09-29T02:33:31.3806804+00:00,1206.132,1,1,1,1,1,255,0,0,96,96,1,1,0
2026-09-29T02:33:32.3828624+00:00,1207.134,1,1,1,1,1,255,0,0,96,96,1,1,0
2026-09-29T02:33:33.3842814+00:00,1208.135,1,1,1,1,1,255,0,0,96,96,1,1,0
2026-09-29T02:33:34.3863762+00:00,1209.137,1,1,1,1,1,255,0,0,96,96,1,1,0
2026-09-29T02:33:35.3877497+00:00,1210.139,1,1,1,1,1,255,0,0,96,96,1,1,0
2026-09-29T02:33:36.3890411+00:00,1211.140,1,1,1,1,1,255,0,0,96,96,1,1,0
2026-09-29T02:33:37.3907687+00:00,1212.142,1,1,1,1,1,255,0,0,96,96,1,1,0
2026-09-29T02:33:38.3923442+00:00,1213.143,1,1,1,1,1,255,0,0,96,96,1,1,0
2026-09-29T02:33:38.4614734+00:00,1213.212,1,1,1,1,1,255,0,0,96,96,1,1,0
2026-09-29T02:33:38.5380502+00:00,1213.289,1,1,1,1,1,255,0,0,96,96,1,1,0
2026-09-29T02:33:38.6120655+00:00,1213.363,1,1,1,1,1,255,0,0,96,96,1,1,0
2026-09-29T02:33:38.6852608+00:00,1213.436,1,1,1,1,1,255,0,0,96,96,1,1,0
2026-09-29T02:33:38.7566418+00:00,1213.508,1,1,1,1,1,255,0,0,96,96,1,1,0
2026-09-29T02:33:38.8146988+00:00,1213.566,1,1,1,1,1,255,0,0,96,96,1,1,0
2026-09-29T02:33:38.9026981+00:00,1213.654,1,1,1,1,1,255,0,0,96,96,1,1,0
2026-09-29T02:33:38.9772479+00:00,1213.728,1,1,1,1,1,255,0,0,96,96,1,1,0
2026-09-29T02:33:39.0459418+00:00,1213.797,1,1,1,1,1,255,0,0,96,96,1,1,0
2026-09-29T02:33:39.1199484+00:00,1213.871,1,1,1,1,1,255,0,0,96,96,1,1,0
2026-09-29T02:33:39.1962487+00:00,1213.947,1,1,1,1,1,255,0,0,96,96,1,1,0
2026-09-29T02:33:39.2579322+00:00,1214.009,1,1,1,1,1,255,0,0,96,96,1,1,0
2026-09-29T02:33:39.3427193+00:00,1214.094,1,1,1,1,1,255,0,0,96,96,1,1,0
2026-09-29T02:33:39.4197208+00:00,1214.171,1,1,1,1,1,255,0,0,96,96,1,1,0
2026-09-29T02:33:39.4913016+00:00,1214.242,1,1,1,1,1,255,0,0,96,96,1,1,0
2026-09-29T02:33:39.5662916+00:00,1214.317,1,1,1,1,1,255,0,0,96,96,1,1,0
2026-09-29T02:33:39.6342922+00:00,1214.385,1,1,1,1,1,255,0,0,96,96,1,1,0
2026-09-29T02:33:39.7112929+00:00,1214.462,1,1,1,1,1,255,0,0,96,96,1,1,0
2026-09-29T02:33:39.7805044+00:00,1214.531,1,1,1,1,1,255,0,0,96,96,1,1,0
2026-09-29T02:33:39.8534987+00:00,1214.604,1,1,1,1,1,255,0,0,96,96,1,1,0
2026-09-29T02:33:40.6043438+00:00,1215.355,1,1,1,1,1,255,0,0,96,96,1,1,0
2026-09-29T02:33:41.6082927+00:00,1216.359,1,1,1,1,1,255,0,0,96,96,1,1,0
2026-09-29T02:33:42.6098583+00:00,1217.361,1,1,1,1,1,255,0,0,96,96,1,1,0
2026-09-29T02:33:43.6110621+00:00,1218.362,1,1,1,1,1,255,0,0,96,96,1,1,0
2026-09-29T02:33:44.6129563+00:00,1219.364,1,1,1,1,1,255,0,0,96,96,1,1,0
2026-09-29T02:33:45.6137046+00:00,1220.365,1,1,1,1,1,255,0,0,96,96,1,1,0
2026-09-29T02:33:46.6163188+00:00,1221.367,1,1,1,1,1,255,0,0,96,96,1,1,0
2026-09-29T02:33:47.6279373+00:00,1222.379,1,1,1,1,1,255,0,0,96,96,1,1,0
2026-09-29T02:33:48.6296757+00:00,1223.381,1,1,1,1,1,255,0,0,96,96,1,1,0
2026-09-29T02:33:49.6317649+00:00,1224.383,1,1,1,1,1,255,0,0,96,96,1,1,0
2026-09-29T02:33:50.6420221+00:00,1225.393,1,1,1,1,1,255,0,0,96,96,1,1,0
2026-09-29T02:33:51.6437992+00:00,1226.395,1,1,1,1,1,255,0,0,96,96,1,1,0
2026-09-29T02:33:52.6453382+00:00,1227.396,1,1,1,1,1,255,0,0,96,96,1,1,0
2026-09-29T02:33:53.6474363+00:00,1228.398,1,1,1,1,1,255,0,0,96,96,1,1,0
2026-09-29T02:33:54.6495085+00:00,1229.400,1,1,1,1,1,255,0,0,96,96,1,1,0
2026-09-29T02:33:55.6511607+00:00,1230.402,1,1,1,1,1,255,0,0,96,96,1,1,0
2026-09-29T02:33:56.6524645+00:00,1231.403,1,1,1,1,1,255,0,0,96,96,1,1,0
2026-09-29T02:33:57.6546726+00:00,1232.405,1,1,1,1,1,255,0,0,96,96,1,1,0
2026-09-29T02:33:58.6560374+00:00,1233.407,1,1,1,1,1,255,0,0,96,96,1,1,0
2026-09-29T02:33:59.6576986+00:00,1234.408,1,1,1,1,1,255,0,0,96,96,1,1,0
2026-09-29T02:34:00.6589420+00:00,1235.410,1,1,1,1,1,255,0,0,96,96,1,1,0
2026-09-29T02:34:00.7218367+00:00,1235.473,1,1,1,1,1,255,0,0,96,96,1,1,0
2026-09-29T02:34:00.8015580+00:00,1235.552,1,1,1,1,1,255,0,0,96,96,1,1,0
2026-09-29T02:34:00.8675466+00:00,1235.618,1,1,1,1,1,255,0,0,96,96,1,1,0
2026-09-29T02:34:00.9446741+00:00,1235.695,1,1,1,1,1,255,0,0,96,96,1,1,0
2026-09-29T02:34:01.0166920+00:00,1235.767,1,1,1,1,1,255,0,0,96,96,1,1,0
2026-09-29T02:34:01.0856812+00:00,1235.836,1,1,1,1,1,255,0,0,96,96,1,1,0
2026-09-29T02:34:01.1576831+00:00,1235.908,1,1,1,1,1,255,0,0,96,96,1,1,0
2026-09-29T02:34:01.2306868+00:00,1235.981,1,1,1,1,1,255,0,0,96,96,1,1,0
2026-09-29T02:34:01.3036942+00:00,1236.054,1,1,1,1,1,255,0,0,96,96,1,1,0
2026-09-29T02:34:01.3726884+00:00,1236.123,1,1,1,1,1,255,0,0,96,96,1,1,0
2026-09-29T02:34:01.4426778+00:00,1236.193,1,1,1,1,1,255,0,0,96,96,1,1,0
2026-09-29T02:34:01.5297097+00:00,1236.280,1,1,1,1,1,255,0,0,96,96,1,1,0
2026-09-29T02:34:01.6042606+00:00,1236.355,1,1,1,1,1,255,0,0,96,96,1,1,0
2026-09-29T02:34:01.6752548+00:00,1236.426,1,1,1,1,1,255,0,0,96,96,1,1,0
2026-09-29T02:34:01.7397238+00:00,1236.490,1,1,1,1,1,255,0,0,96,96,1,1,0
2026-09-29T02:34:01.8037222+00:00,1236.554,1,1,1,1,1,255,0,0,96,96,1,1,0
2026-09-29T02:34:01.8792556+00:00,1236.630,1,1,1,1,1,255,0,0,96,96,1,1,0
2026-09-29T02:34:01.9452564+00:00,1236.696,1,1,1,1,1,255,0,0,96,96,1,1,0
2026-09-29T02:34:02.0177250+00:00,1236.768,1,1,1,1,1,255,0,0,96,96,1,1,0
2026-09-29T02:34:02.0882635+00:00,1236.839,1,1,1,1,1,255,0,0,96,96,1,1,0
2026-09-29T02:34:02.8511179+00:00,1237.602,1,1,1,1,1,255,0,0,96,96,1,1,0
2026-09-29T02:34:03.8530202+00:00,1238.604,1,1,1,1,1,255,0,0,96,96,1,1,0
2026-09-29T02:34:04.8550958+00:00,1239.606,1,1,1,1,1,255,0,0,96,96,1,1,0
2026-09-29T02:34:05.8569753+00:00,1240.608,1,1,1,1,1,255,0,0,96,96,1,1,0
2026-09-29T02:34:06.8585330+00:00,1241.609,1,1,1,1,1,255,0,0,96,96,1,1,0
2026-09-29T02:34:07.8602553+00:00,1242.611,1,1,1,1,1,255,0,0,96,96,1,1,0
2026-09-29T02:34:08.8620787+00:00,1243.613,1,1,1,1,1,255,0,0,96,96,1,1,0
2026-09-29T02:34:09.8634599+00:00,1244.614,1,1,1,1,1,255,0,0,96,96,1,1,0
2026-09-29T02:34:10.8786585+00:00,1245.629,1,1,1,1,1,255,0,0,96,96,1,1,0
2026-09-29T02:34:11.8902960+00:00,1246.641,1,1,1,1,1,255,0,0,96,96,1,1,0
2026-09-29T02:34:12.8923560+00:00,1247.643,1,1,1,1,1,255,0,0,96,96,1,1,0
2026-09-29T02:34:13.8941886+00:00,1248.645,1,1,1,1,1,255,0,0,96,96,1,1,0
2026-09-29T02:34:14.8958231+00:00,1249.647,1,1,1,1,1,255,0,0,96,96,1,1,0
2026-09-29T02:34:15.8977043+00:00,1250.648,1,1,1,1,1,255,0,0,96,96,1,1,0
2026-09-29T02:34:16.9102343+00:00,1251.661,1,1,1,1,1,255,0,0,96,96,1,1,0
2026-09-29T02:34:17.9124643+00:00,1252.663,1,1,1,1,1,255,0,0,96,96,1,1,0
2026-09-29T02:34:18.9144636+00:00,1253.665,1,1,1,1,1,255,0,0,96,96,1,1,0
2026-09-29T02:34:19.9165445+00:00,1254.667,1,1,1,1,1,255,0,0,96,96,1,1,0
2026-09-29T02:34:20.9187229+00:00,1255.669,1,1,1,1,1,255,0,0,96,96,1,1,0
2026-09-29T02:34:21.9209467+00:00,1256.672,1,1,1,1,1,255,0,0,96,96,1,1,0
2026-09-29T02:34:22.9225087+00:00,1257.673,1,1,1,1,1,255,0,0,96,96,1,1,0
2026-09-29T02:34:23.0110506+00:00,1257.762,1,1,1,1,1,255,0,0,96,96,1,1,0
2026-09-29T02:34:23.0830513+00:00,1257.834,1,1,1,1,1,255,0,0,96,96,1,1,0
2026-09-29T02:34:23.1500637+00:00,1257.901,1,1,1,1,1,255,0,0,96,96,1,1,0
2026-09-29T02:34:23.2280609+00:00,1257.979,1,1,1,1,1,255,0,0,96,96,1,1,0
2026-09-29T02:34:23.2910621+00:00,1258.042,1,1,1,1,1,255,0,0,96,96,1,1,0
2026-09-29T02:34:23.3630552+00:00,1258.114,1,1,1,1,1,255,0,0,96,96,1,1,0
2026-09-29T02:34:23.4380600+00:00,1258.189,1,1,1,1,1,255,0,0,96,96,1,1,0
2026-09-29T02:34:23.5100699+00:00,1258.261,1,1,1,1,1,255,0,0,96,96,1,1,0
2026-09-29T02:34:23.6036533+00:00,1258.354,1,1,1,1,1,255,0,0,96,96,1,1,0
2026-09-29T02:34:23.6786431+00:00,1258.429,1,1,1,1,1,255,0,0,96,96,1,1,0
2026-09-29T02:34:23.7536553+00:00,1258.504,1,1,1,1,1,255,0,0,96,96,1,1,0
2026-09-29T02:34:23.8243122+00:00,1258.575,1,1,1,1,1,255,0,0,96,96,1,1,0
2026-09-29T02:34:23.8993130+00:00,1258.650,1,1,1,1,1,255,0,0,96,96,1,1,0
2026-09-29T02:34:23.9733211+00:00,1258.724,1,1,1,1,1,255,0,0,96,96,1,1,0
2026-09-29T02:34:24.0373153+00:00,1258.788,1,1,1,1,1,255,0,0,96,96,1,1,0
2026-09-29T02:34:24.1143155+00:00,1258.865,1,1,1,1,1,255,0,0,96,96,1,1,0
2026-09-29T02:34:24.1869789+00:00,1258.938,1,1,1,1,1,255,0,0,96,96,1,1,0
2026-09-29T02:34:24.2643240+00:00,1259.015,1,1,1,1,1,255,0,0,96,96,1,1,0
2026-09-29T02:34:24.3273185+00:00,1259.078,1,1,1,1,1,255,0,0,96,96,1,1,0
2026-09-29T02:34:24.4119820+00:00,1259.163,1,1,1,1,1,255,0,0,96,96,1,1,0
2026-09-29T02:34:25.1824364+00:00,1259.933,1,1,1,1,1,255,0,0,96,96,1,1,0
2026-09-29T02:34:26.1845723+00:00,1260.935,1,1,1,1,1,255,0,0,96,96,1,1,0
2026-09-29T02:34:27.1858260+00:00,1261.936,1,1,1,1,1,255,0,0,96,96,1,1,0
2026-09-29T02:34:28.1873780+00:00,1262.938,1,1,1,1,1,255,0,0,96,96,1,1,0
2026-09-29T02:34:29.1891669+00:00,1263.940,1,1,1,1,1,255,0,0,96,96,1,1,0
2026-09-29T02:34:30.1908147+00:00,1264.941,1,1,1,1,1,255,0,0,96,96,1,1,0
2026-09-29T02:34:31.1923160+00:00,1265.943,1,1,1,1,1,255,0,0,96,96,1,1,0
2026-09-29T02:34:32.1944010+00:00,1266.945,1,1,1,1,1,255,0,0,96,96,1,1,0
2026-09-29T02:34:33.1954848+00:00,1267.946,1,1,1,1,1,255,0,0,96,96,1,1,0
2026-09-29T02:34:34.2075606+00:00,1268.958,1,1,1,1,1,255,0,0,96,96,1,1,0
2026-09-29T02:34:35.2195961+00:00,1269.970,1,1,1,1,1,255,0,0,96,96,1,1,0
2026-09-29T02:34:36.2208427+00:00,1270.971,1,1,1,1,1,255,0,0,96,96,1,1,0
2026-09-29T02:34:37.2229438+00:00,1271.973,1,1,1,1,1,255,0,0,96,96,1,1,0
2026-09-29T02:34:38.2250423+00:00,1272.975,1,1,1,1,1,255,0,0,96,96,1,1,0
2026-09-29T02:34:39.2267891+00:00,1273.977,1,1,1,1,1,255,0,0,96,96,1,1,0
2026-09-29T02:34:40.2288343+00:00,1274.979,1,1,1,1,1,255,0,0,96,96,1,1,0
2026-09-29T02:34:41.2302301+00:00,1275.981,1,1,1,1,1,255,0,0,96,96,1,1,0
2026-09-29T02:34:42.2314041+00:00,1276.982,1,1,1,1,1,255,0,0,96,96,1,1,0
2026-09-29T02:34:43.2334913+00:00,1277.984,1,1,1,1,1,255,0,0,96,96,1,1,0
2026-09-29T02:34:44.2346790+00:00,1278.985,1,1,1,1,1,255,0,0,96,96,1,1,0
2026-09-29T02:34:45.2368636+00:00,1279.987,1,1,1,1,1,255,0,0,96,96,1,1,0
2026-09-29T02:34:45.3378691+00:00,1280.088,1,1,1,1,1,255,0,0,96,96,1,1,0
2026-09-29T02:34:45.4038596+00:00,1280.154,1,1,1,1,1,255,0,0,96,96,1,1,0
2026-09-29T02:34:45.4778594+00:00,1280.228,1,1,1,1,1,255,0,0,96,96,1,1,0
2026-09-29T02:34:45.5574105+00:00,1280.308,1,1,1,1,1,255,0,0,96,96,1,1,0
2026-09-29T02:34:45.6414188+00:00,1280.392,1,1,1,1,1,255,0,0,96,96,1,1,0
2026-09-29T02:34:45.7154517+00:00,1280.466,1,1,1,1,1,255,0,0,96,96,1,1,0
2026-09-29T02:34:45.7851743+00:00,1280.536,1,1,1,1,1,255,0,0,96,96,1,1,0
2026-09-29T02:34:45.8655690+00:00,1280.616,1,1,1,1,1,255,0,0,96,96,1,1,0
2026-09-29T02:34:45.9321654+00:00,1280.683,1,1,1,1,1,255,0,0,96,96,1,1,0
2026-09-29T02:34:46.0115703+00:00,1280.762,1,1,1,1,1,255,0,0,96,96,1,1,0
2026-09-29T02:34:46.0895870+00:00,1280.840,1,1,1,1,1,255,0,0,96,96,1,1,0
2026-09-29T02:34:46.1491671+00:00,1280.900,1,1,1,1,1,255,0,0,96,96,1,1,0
2026-09-29T02:34:46.2385722+00:00,1280.989,1,1,1,1,1,255,0,0,96,96,1,1,0
2026-09-29T02:34:46.3095910+00:00,1281.060,1,1,1,1,1,255,0,0,96,96,1,1,0
2026-09-29T02:34:46.3805749+00:00,1281.131,1,1,1,1,1,255,0,0,96,96,1,1,0
2026-09-29T02:34:46.4471821+00:00,1281.198,1,1,1,1,1,255,0,0,96,96,1,1,0
2026-09-29T02:34:46.5185914+00:00,1281.269,1,1,1,1,1,255,0,0,96,96,1,1,0
2026-09-29T02:34:46.5897403+00:00,1281.340,1,1,1,1,1,255,0,0,96,96,1,1,0
2026-09-29T02:34:46.6607409+00:00,1281.411,1,1,1,1,1,255,0,0,96,96,1,1,0
2026-09-29T02:34:46.7347400+00:00,1281.485,1,1,1,1,1,255,0,0,96,96,1,1,0
2026-09-29T02:34:47.4933927+00:00,1282.244,1,1,1,1,1,255,0,0,96,96,1,1,0
2026-09-29T02:34:48.4949013+00:00,1283.245,1,1,1,1,1,255,0,0,96,96,1,1,0
2026-09-29T02:34:49.4964599+00:00,1284.247,1,1,1,1,1,255,0,0,96,96,1,1,0
2026-09-29T02:34:50.4984948+00:00,1285.249,1,1,1,1,1,255,0,0,96,96,1,1,0
2026-09-29T02:34:51.5000132+00:00,1286.250,1,1,1,1,1,255,0,0,96,96,1,1,0
2026-09-29T02:34:52.5015725+00:00,1287.252,1,1,1,1,1,255,0,0,96,96,1,1,0
2026-09-29T02:34:53.5024120+00:00,1288.254,1,1,1,1,1,255,0,0,96,96,1,1,0
2026-09-29T02:34:54.5051974+00:00,1289.255,1,1,1,1,1,255,0,0,96,96,1,1,0
2026-09-29T02:34:55.5213655+00:00,1290.272,1,1,1,1,1,255,0,0,96,96,1,1,0
2026-09-29T02:34:56.5309847+00:00,1291.281,1,1,1,1,1,255,0,0,96,96,1,1,0
2026-09-29T02:34:57.5475042+00:00,1292.298,1,1,1,1,1,255,0,0,96,96,1,1,0
2026-09-29T02:34:58.5496493+00:00,1293.300,1,1,1,1,1,255,0,0,96,96,1,1,0
2026-09-29T02:34:59.5512293+00:00,1294.301,1,1,1,1,1,255,0,0,96,96,1,1,0
2026-09-29T02:35:00.5528039+00:00,1295.303,1,1,1,1,1,255,0,0,96,96,1,1,0
2026-09-29T02:35:01.5546246+00:00,1296.305,1,1,1,1,1,255,0,0,96,96,1,1,0
2026-09-29T02:35:02.5564319+00:00,1297.307,1,1,1,1,1,255,0,0,96,96,1,1,0
2026-09-29T02:35:03.5581320+00:00,1298.308,1,1,1,1,1,255,0,0,96,96,1,1,0
2026-09-29T02:35:04.5602164+00:00,1299.310,1,1,1,1,1,255,0,0,96,96,1,1,0
2026-09-29T02:35:05.5621278+00:00,1300.312,1,1,1,1,1,255,0,0,96,96,1,1,0
2026-09-29T02:35:06.5639090+00:00,1301.314,1,1,1,1,1,255,0,0,96,96,1,1,0
2026-09-29T02:35:07.5660157+00:00,1302.316,1,1,1,1,1,255,0,0,96,96,1,1,0
2026-09-29T02:35:07.6500431+00:00,1302.400,1,1,1,1,1,255,0,0,96,96,1,1,0
2026-09-29T02:35:07.7230554+00:00,1302.473,1,1,1,1,1,255,0,0,96,96,1,1,0
2026-09-29T02:35:07.7980441+00:00,1302.548,1,1,1,1,1,255,0,0,96,96,1,1,0
2026-09-29T02:35:07.8740558+00:00,1302.624,1,1,1,1,1,255,0,0,96,96,1,1,0
2026-09-29T02:35:07.9510557+00:00,1302.701,1,1,1,1,1,255,0,0,96,96,1,1,0
2026-09-29T02:35:08.0170453+00:00,1302.767,1,1,1,1,1,255,0,0,96,96,1,1,0
2026-09-29T02:35:08.0970542+00:00,1302.847,1,1,1,1,1,255,0,0,96,96,1,1,0
2026-09-29T02:35:08.1640559+00:00,1302.914,1,1,1,1,1,255,0,0,96,96,1,1,0
2026-09-29T02:35:08.2450511+00:00,1302.995,1,1,1,1,1,255,0,0,96,96,1,1,0
2026-09-29T02:35:08.3190472+00:00,1303.069,1,1,1,1,1,255,0,0,96,96,1,1,0
2026-09-29T02:35:08.3900649+00:00,1303.140,1,1,1,1,1,255,0,0,96,96,1,1,0
2026-09-29T02:35:08.4560769+00:00,1303.206,1,1,1,1,1,255,0,0,96,96,1,1,0
2026-09-29T02:35:08.5286276+00:00,1303.279,1,1,1,1,1,255,0,0,96,96,1,1,0
2026-09-29T02:35:08.5964533+00:00,1303.347,1,1,1,1,1,255,0,0,96,96,1,1,0
2026-09-29T02:35:08.6694501+00:00,1303.420,1,1,1,1,1,255,0,0,96,96,1,1,0
2026-09-29T02:35:08.7524506+00:00,1303.503,1,1,1,1,1,255,0,0,96,96,1,1,0
2026-09-29T02:35:08.8307536+00:00,1303.581,1,1,1,1,1,255,0,0,96,96,1,1,0
2026-09-29T02:35:08.9067413+00:00,1303.657,1,1,1,1,1,255,0,0,96,96,1,1,0
2026-09-29T02:35:08.9799266+00:00,1303.730,1,1,1,1,1,255,0,0,96,96,1,1,0
2026-09-29T02:35:09.0509385+00:00,1303.801,1,1,1,1,1,255,0,0,96,96,1,1,0
2026-09-29T02:35:09.8236732+00:00,1304.574,1,1,1,1,1,255,0,0,96,96,1,1,0
2026-09-29T02:35:10.8261839+00:00,1305.576,1,1,1,1,1,255,0,0,96,96,1,1,0
2026-09-29T02:35:11.8280225+00:00,1306.578,1,1,1,1,1,255,0,0,96,96,1,1,0
2026-09-29T02:35:12.8295744+00:00,1307.580,1,1,1,1,1,255,0,0,96,96,1,1,0
2026-09-29T02:35:13.8312964+00:00,1308.581,1,1,1,1,1,255,0,0,96,96,1,1,0
2026-09-29T02:35:14.8334127+00:00,1309.584,1,1,1,1,1,255,0,0,96,96,1,1,0
2026-09-29T02:35:15.8352391+00:00,1310.585,1,1,1,1,1,255,0,0,96,96,1,1,0
2026-09-29T02:35:16.8493111+00:00,1311.599,1,1,1,1,1,255,0,0,96,96,1,1,0
2026-09-29T02:35:17.8595226+00:00,1312.610,1,1,1,1,1,255,0,0,96,96,1,1,0
2026-09-29T02:35:18.8618524+00:00,1313.612,1,1,1,1,1,255,0,0,96,96,1,1,0
2026-09-29T02:35:19.8750157+00:00,1314.625,1,1,1,1,1,255,0,0,96,96,1,1,0
2026-09-29T02:35:20.8763455+00:00,1315.626,1,1,1,1,1,255,0,0,96,96,1,1,0
2026-09-29T02:35:21.8784257+00:00,1316.628,1,1,1,1,1,255,0,0,96,96,1,1,0
2026-09-29T02:35:22.8799805+00:00,1317.630,1,1,1,1,1,255,0,0,96,96,1,1,0
2026-09-29T02:35:23.8822182+00:00,1318.632,1,1,1,1,1,255,0,0,96,96,1,1,0
2026-09-29T02:35:24.8838807+00:00,1319.634,1,1,1,1,1,255,0,0,96,96,1,1,0
2026-09-29T02:35:25.8852262+00:00,1320.635,1,1,1,1,1,255,0,0,96,96,1,1,0
2026-09-29T02:35:26.8873054+00:00,1321.637,1,1,1,1,1,255,0,0,96,96,1,1,0
2026-09-29T02:35:27.8889597+00:00,1322.639,1,1,1,1,1,255,0,0,96,96,1,1,0
2026-09-29T02:35:28.8907326+00:00,1323.641,1,1,1,1,1,255,0,0,96,96,1,1,0
2026-09-29T02:35:29.8922211+00:00,1324.642,1,1,1,1,1,255,0,0,96,96,1,1,0
2026-09-29T02:35:29.9666912+00:00,1324.717,1,1,1,1,1,255,0,0,96,96,1,1,0
2026-09-29T02:35:30.0422194+00:00,1324.792,1,1,1,1,1,255,0,0,96,96,1,1,0
2026-09-29T02:35:30.1146912+00:00,1324.865,1,1,1,1,1,255,0,0,96,96,1,1,0
2026-09-29T02:35:30.1882208+00:00,1324.938,1,1,1,1,1,255,0,0,96,96,1,1,0
2026-09-29T02:35:30.2556940+00:00,1325.006,1,1,1,1,1,255,0,0,96,96,1,1,0
2026-09-29T02:35:30.3392334+00:00,1325.089,1,1,1,1,1,255,0,0,96,96,1,1,0
2026-09-29T02:35:30.4226943+00:00,1325.173,1,1,1,1,1,255,0,0,96,96,1,1,0
2026-09-29T02:35:30.4896884+00:00,1325.240,1,1,1,1,1,255,0,0,96,96,1,1,0
2026-09-29T02:35:30.5686891+00:00,1325.319,1,1,1,1,1,255,0,0,96,96,1,1,0
2026-09-29T02:35:30.6432971+00:00,1325.393,1,1,1,1,1,255,0,0,96,96,1,1,0
2026-09-29T02:35:30.7243217+00:00,1325.474,1,1,1,1,1,255,0,0,96,96,1,1,0
2026-09-29T02:35:30.7945664+00:00,1325.545,1,1,1,1,1,255,0,0,96,96,1,1,0
2026-09-29T02:35:30.8695672+00:00,1325.620,1,1,1,1,1,255,0,0,96,96,1,1,0
2026-09-29T02:35:30.9451153+00:00,1325.695,1,1,1,1,1,255,0,0,96,96,1,1,0
2026-09-29T02:35:31.0237500+00:00,1325.774,1,1,1,1,1,255,0,0,96,96,1,1,0
2026-09-29T02:35:31.1067446+00:00,1325.857,1,1,1,1,1,255,0,0,96,96,1,1,0
2026-09-29T02:35:31.1781613+00:00,1325.928,1,1,1,1,1,255,0,0,96,96,1,1,0
2026-09-29T02:35:31.2491619+00:00,1326.000,1,1,1,1,1,255,0,0,96,96,1,1,0
2026-09-29T02:35:31.3247558+00:00,1326.075,1,1,1,1,1,255,0,0,96,96,1,1,0
2026-09-29T02:35:31.3941628+00:00,1326.144,1,1,1,1,1,255,0,0,96,96,1,1,0
2026-09-29T02:35:32.1565362+00:00,1326.906,1,1,1,1,1,255,0,0,96,96,1,1,0
2026-09-29T02:35:33.1591948+00:00,1327.909,1,1,1,1,1,255,0,0,96,96,1,1,0
2026-09-29T02:35:34.1612853+00:00,1328.911,1,1,1,1,1,255,0,0,96,96,1,1,0
2026-09-29T02:35:35.1630193+00:00,1329.913,1,1,1,1,1,255,0,0,96,96,1,1,0
2026-09-29T02:35:36.1649865+00:00,1330.915,1,1,1,1,1,255,0,0,96,96,1,1,0
2026-09-29T02:35:37.1666948+00:00,1331.917,1,1,1,1,1,255,0,0,96,96,1,1,0
2026-09-29T02:35:38.1687854+00:00,1332.919,1,1,1,1,1,255,0,0,96,96,1,1,0
2026-09-29T02:35:39.1700923+00:00,1333.920,1,1,1,1,1,255,0,0,96,96,1,1,0
2026-09-29T02:35:40.1727757+00:00,1334.923,1,1,1,1,1,255,0,0,96,96,1,1,0
2026-09-29T02:35:41.1746582+00:00,1335.925,1,1,1,1,1,255,0,0,96,96,1,1,0
2026-09-29T02:35:42.1887733+00:00,1336.939,1,1,1,1,1,255,0,0,96,96,1,1,0
2026-09-29T02:35:43.1908519+00:00,1337.941,1,1,1,1,1,255,0,0,96,96,1,1,0
2026-09-29T02:35:44.1929398+00:00,1338.943,1,1,1,1,1,255,0,0,96,96,1,1,0
2026-09-29T02:35:45.1950698+00:00,1339.945,1,1,1,1,1,255,0,0,96,96,1,1,0
2026-09-29T02:35:46.1967693+00:00,1340.947,1,1,1,1,1,255,0,0,96,96,1,1,0
2026-09-29T02:35:47.2045482+00:00,1341.954,1,1,1,1,1,255,0,0,96,96,1,1,0
2026-09-29T02:35:48.2066340+00:00,1342.956,1,1,1,1,1,255,0,0,96,96,1,1,0
2026-09-29T02:35:49.2078883+00:00,1343.958,1,1,1,1,1,255,0,0,96,96,1,1,0
2026-09-29T02:35:50.2097569+00:00,1344.960,1,1,1,1,1,255,0,0,96,96,1,1,0
2026-09-29T02:35:51.2114527+00:00,1345.961,1,1,1,1,1,255,0,0,96,96,1,1,0
2026-09-29T02:35:52.2130115+00:00,1346.963,1,1,1,1,1,255,0,0,96,96,1,1,0
2026-09-29T02:35:52.2870223+00:00,1347.037,1,1,1,1,1,255,0,0,96,96,1,1,0
2026-09-29T02:35:52.3600099+00:00,1347.110,1,1,1,1,1,255,0,0,96,96,1,1,0
2026-09-29T02:35:52.4256223+00:00,1347.175,1,1,1,1,1,255,0,0,96,96,1,1,0
2026-09-29T02:35:52.5010274+00:00,1347.251,1,1,1,1,1,255,0,0,96,96,1,1,0
2026-09-29T02:35:52.5706437+00:00,1347.320,1,1,1,1,1,255,0,0,96,96,1,1,0
2026-09-29T02:35:52.6681928+00:00,1347.418,1,1,1,1,1,255,0,0,96,96,1,1,0
2026-09-29T02:35:52.7431889+00:00,1347.493,1,1,1,1,1,255,0,0,96,96,1,1,0
2026-09-29T02:35:52.8091858+00:00,1347.559,1,1,1,1,1,255,0,0,96,96,1,1,0
2026-09-29T02:35:52.8861975+00:00,1347.636,1,1,1,1,1,255,0,0,96,96,1,1,0
2026-09-29T02:35:52.9607582+00:00,1347.712,1,1,1,1,1,255,0,0,96,96,1,1,0
2026-09-29T02:35:53.0257727+00:00,1347.776,1,1,1,1,1,255,0,0,96,96,1,1,0
2026-09-29T02:35:53.1077674+00:00,1347.858,1,1,1,1,1,255,0,0,96,96,1,1,0
2026-09-29T02:35:53.1827680+00:00,1347.933,1,1,1,1,1,255,0,0,96,96,1,1,0
2026-09-29T02:35:53.2507661+00:00,1348.001,1,1,1,1,1,255,0,0,96,96,1,1,0
2026-09-29T02:35:53.3237598+00:00,1348.074,1,1,1,1,1,255,0,0,96,96,1,1,0
2026-09-29T02:35:53.4007629+00:00,1348.151,1,1,1,1,1,255,0,0,96,96,1,1,0
2026-09-29T02:35:53.4757576+00:00,1348.226,1,1,1,1,1,255,0,0,96,96,1,1,0
2026-09-29T02:35:53.5467578+00:00,1348.297,1,1,1,1,1,255,0,0,96,96,1,1,0
2026-09-29T02:35:53.6203878+00:00,1348.370,1,1,1,1,1,255,0,0,96,96,1,1,0
2026-09-29T02:35:53.6943881+00:00,1348.444,1,1,1,1,1,255,0,0,96,96,1,1,0
2026-09-29T02:35:54.4739947+00:00,1349.224,1,1,1,1,1,255,0,0,96,96,1,1,0
2026-09-29T02:35:55.4759615+00:00,1350.226,1,1,1,1,1,255,0,0,96,96,1,1,0
2026-09-29T02:35:56.4776115+00:00,1351.227,1,1,1,1,1,255,0,0,96,96,1,1,0
2026-09-29T02:35:57.4797917+00:00,1352.230,1,1,1,1,1,255,0,0,96,96,1,1,0
2026-09-29T02:35:58.4810171+00:00,1353.231,1,1,1,1,1,255,0,0,96,96,1,1,0
2026-09-29T02:35:59.4823383+00:00,1354.232,1,1,1,1,1,255,0,0,96,96,1,1,0
2026-09-29T02:36:00.4835979+00:00,1355.233,1,1,1,1,1,255,0,0,96,96,1,1,0
2026-09-29T02:36:01.4848914+00:00,1356.235,1,1,1,1,1,255,0,0,96,96,1,1,0
2026-09-29T02:36:02.4866506+00:00,1357.236,1,1,1,1,1,255,0,0,96,96,1,1,0
2026-09-29T02:36:03.4944726+00:00,1358.244,1,1,1,1,1,255,0,0,96,96,1,1,0
2026-09-29T02:36:04.5027195+00:00,1359.252,1,1,1,1,1,255,0,0,96,96,1,1,0
2026-09-29T02:36:05.5044022+00:00,1360.254,1,1,1,1,1,255,0,0,96,96,1,1,0
2026-09-29T02:36:06.5065693+00:00,1361.256,1,1,1,1,1,255,0,0,96,96,1,1,0
2026-09-29T02:36:07.5077518+00:00,1362.257,1,1,1,1,1,255,0,0,96,96,1,1,0
2026-09-29T02:36:08.5090257+00:00,1363.259,1,1,1,1,1,255,0,0,96,96,1,1,0
2026-09-29T02:36:09.5108477+00:00,1364.261,1,1,1,1,1,255,0,0,96,96,1,1,0
2026-09-29T02:36:10.5120414+00:00,1365.262,1,1,1,1,1,255,0,0,96,96,1,1,0
2026-09-29T02:36:11.5133514+00:00,1366.263,1,1,1,1,1,255,0,0,96,96,1,1,0
2026-09-29T02:36:12.5149033+00:00,1367.265,1,1,1,1,1,255,0,0,96,96,1,1,0
2026-09-29T02:36:13.5165425+00:00,1368.266,1,1,1,1,1,255,0,0,96,96,1,1,0
2026-09-29T02:36:14.5186396+00:00,1369.268,1,1,1,1,1,255,0,0,96,96,1,1,0
2026-09-29T02:36:14.6065591+00:00,1369.356,1,1,1,1,1,255,0,0,96,96,1,1,0
2026-09-29T02:36:14.6805631+00:00,1369.430,1,1,1,1,1,255,0,0,96,96,1,1,0
2026-09-29T02:36:14.7555764+00:00,1369.505,1,1,1,1,1,255,0,0,96,96,1,1,0
2026-09-29T02:36:14.8191016+00:00,1369.569,1,1,1,1,1,255,0,0,96,96,1,1,0
2026-09-29T02:36:14.8861023+00:00,1369.636,1,1,1,1,1,255,0,0,96,96,1,1,0
2026-09-29T02:36:14.9586919+00:00,1369.708,1,1,1,1,1,255,0,0,96,96,1,1,0
2026-09-29T02:36:15.0386950+00:00,1369.788,1,1,1,1,1,255,0,0,96,96,1,1,0
2026-09-29T02:36:15.1006850+00:00,1369.850,1,1,1,1,1,255,0,0,96,96,1,1,0
2026-09-29T02:36:15.1846972+00:00,1369.934,1,1,1,1,1,255,0,0,96,96,1,1,0
2026-09-29T02:36:15.2536977+00:00,1370.003,1,1,1,1,1,255,0,0,96,96,1,1,0
2026-09-29T02:36:15.3216866+00:00,1370.071,1,1,1,1,1,255,0,0,96,96,1,1,0
2026-09-29T02:36:15.3846934+00:00,1370.134,1,1,1,1,1,255,0,0,96,96,1,1,0
2026-09-29T02:36:15.4537054+00:00,1370.203,1,1,1,1,1,255,0,0,96,96,1,1,0
2026-09-29T02:36:15.5246894+00:00,1370.274,1,1,1,1,1,255,0,0,96,96,1,1,0
2026-09-29T02:36:15.5959539+00:00,1370.346,1,1,1,1,1,255,0,0,96,96,1,1,0
2026-09-29T02:36:15.6659548+00:00,1370.416,1,1,1,1,1,255,0,0,96,96,1,1,0
2026-09-29T02:36:15.7354902+00:00,1370.485,1,1,1,1,1,255,0,0,96,96,1,1,0
2026-09-29T02:36:15.8115977+00:00,1370.561,1,1,1,1,1,255,0,0,96,96,1,1,0
2026-09-29T02:36:15.8865985+00:00,1370.636,1,1,1,1,1,255,0,0,96,96,1,1,0
2026-09-29T02:36:15.9480587+00:00,1370.698,1,1,1,1,1,255,0,0,96,96,1,1,0
2026-09-29T02:36:16.7180397+00:00,1371.468,1,1,1,1,1,255,0,0,96,96,1,1,0
2026-09-29T02:36:17.7210133+00:00,1372.471,1,1,1,1,1,255,0,0,96,96,1,1,0
2026-09-29T02:36:18.7230973+00:00,1373.473,1,1,1,1,1,255,0,0,96,96,1,1,0
2026-09-29T02:36:19.7249407+00:00,1374.475,1,1,1,1,1,255,0,0,96,96,1,1,0
2026-09-29T02:36:20.7261975+00:00,1375.476,1,1,1,1,1,255,0,0,96,96,1,1,0
2026-09-29T02:36:21.7275158+00:00,1376.477,1,1,1,1,1,255,0,0,96,96,1,1,0
2026-09-29T02:36:22.7290476+00:00,1377.479,1,1,1,1,1,255,0,0,96,96,1,1,0
2026-09-29T02:36:23.7306859+00:00,1378.480,1,1,1,1,1,255,0,0,96,96,1,1,0
2026-09-29T02:36:24.7442833+00:00,1379.494,1,1,1,1,1,255,0,0,96,96,1,1,0
2026-09-29T02:36:25.7528372+00:00,1380.502,1,1,1,1,1,255,0,0,96,96,1,1,0
2026-09-29T02:36:26.7661326+00:00,1381.516,1,1,1,1,1,255,0,0,96,96,1,1,0
2026-09-29T02:36:27.7673788+00:00,1382.517,1,1,1,1,1,255,0,0,96,96,1,1,0
2026-09-29T02:36:28.7694706+00:00,1383.519,1,1,1,1,1,255,0,0,96,96,1,1,0
2026-09-29T02:36:29.7710909+00:00,1384.521,1,1,1,1,1,255,0,0,96,96,1,1,0
2026-09-29T02:36:30.7727750+00:00,1385.522,1,1,1,1,1,255,0,0,96,96,1,1,0
2026-09-29T02:36:31.7744885+00:00,1386.524,1,1,1,1,1,255,0,0,96,96,1,1,0
2026-09-29T02:36:32.7760338+00:00,1387.526,1,1,1,1,1,255,0,0,96,96,1,1,0
2026-09-29T02:36:33.7772496+00:00,1388.527,1,1,1,1,1,255,0,0,96,96,1,1,0
2026-09-29T02:36:34.7793999+00:00,1389.529,1,1,1,1,1,255,0,0,96,96,1,1,0
2026-09-29T02:36:35.7811990+00:00,1390.531,1,1,1,1,1,255,0,0,96,96,1,1,0
2026-09-29T02:36:36.7833852+00:00,1391.533,1,1,1,1,1,255,0,0,96,96,1,1,0
2026-09-29T02:36:36.8547683+00:00,1391.604,1,1,1,1,1,255,0,0,96,96,1,1,0
2026-09-29T02:36:36.9357653+00:00,1391.685,1,1,1,1,1,255,0,0,96,96,1,1,0
2026-09-29T02:36:37.0059429+00:00,1391.755,1,1,1,1,1,255,0,0,96,96,1,1,0
2026-09-29T02:36:37.0789412+00:00,1391.828,1,1,1,1,1,255,0,0,96,96,1,1,0
2026-09-29T02:36:37.1439410+00:00,1391.893,1,1,1,1,1,255,0,0,96,96,1,1,0
2026-09-29T02:36:37.2249377+00:00,1391.974,1,1,1,1,1,255,0,0,96,96,1,1,0
2026-09-29T02:36:37.3089336+00:00,1392.058,1,1,1,1,1,255,0,0,96,96,1,1,0
2026-09-29T02:36:37.3979418+00:00,1392.147,1,1,1,1,1,255,0,0,96,96,1,1,0
2026-09-29T02:36:37.4739339+00:00,1392.223,1,1,1,1,1,255,0,0,96,96,1,1,0
2026-09-29T02:36:37.5329343+00:00,1392.282,1,1,1,1,1,255,0,0,96,96,1,1,0
2026-09-29T02:36:37.6125196+00:00,1392.362,1,1,1,1,1,255,0,0,96,96,1,1,0
2026-09-29T02:36:37.6895263+00:00,1392.439,1,1,1,1,1,255,0,0,96,96,1,1,0
2026-09-29T02:36:37.7735209+00:00,1392.523,1,1,1,1,1,255,0,0,96,96,1,1,0
2026-09-29T02:36:37.8555212+00:00,1392.605,1,1,1,1,1,255,0,0,96,96,1,1,0
2026-09-29T02:36:37.9181291+00:00,1392.668,1,1,1,1,1,255,0,0,96,96,1,1,0
2026-09-29T02:36:38.0101395+00:00,1392.760,1,1,1,1,1,255,0,0,96,96,1,1,0
2026-09-29T02:36:38.0875270+00:00,1392.837,1,1,1,1,1,255,0,0,96,96,1,1,0
2026-09-29T02:36:38.1615187+00:00,1392.911,1,1,1,1,1,255,0,0,96,96,1,1,0
2026-09-29T02:36:38.2231290+00:00,1392.973,1,1,1,1,1,255,0,0,96,96,1,1,0
2026-09-29T02:36:38.3061298+00:00,1393.056,1,1,1,1,1,255,0,0,96,96,1,1,0
2026-09-29T02:36:39.0764313+00:00,1393.826,1,1,1,1,1,255,0,0,96,96,1,1,0
2026-09-29T02:36:40.0789636+00:00,1394.828,1,1,1,1,1,255,0,0,96,96,1,1,0
2026-09-29T02:36:41.0811523+00:00,1395.831,1,1,1,1,1,255,0,0,96,96,1,1,0
2026-09-29T02:36:42.0832107+00:00,1396.833,1,1,1,1,1,255,0,0,96,96,1,1,0
2026-09-29T02:36:43.0849484+00:00,1397.834,1,1,1,1,1,255,0,0,96,96,1,1,0
2026-09-29T02:36:44.0867382+00:00,1398.836,1,1,1,1,1,255,0,0,96,96,1,1,0
2026-09-29T02:36:45.0884962+00:00,1399.838,1,1,1,1,1,255,0,0,96,96,1,1,0
2026-09-29T02:36:46.0907237+00:00,1400.840,1,1,1,1,1,255,0,0,96,96,1,1,0
2026-09-29T02:36:47.0973143+00:00,1401.847,1,1,1,1,1,255,0,0,96,96,1,1,0
2026-09-29T02:36:48.1064896+00:00,1402.856,1,1,1,1,1,255,0,0,96,96,1,1,0
2026-09-29T02:36:49.1119398+00:00,1403.861,1,1,1,1,1,255,0,0,96,96,1,1,0
2026-09-29T02:36:50.1138468+00:00,1404.863,1,1,1,1,1,255,0,0,96,96,1,1,0
2026-09-29T02:36:51.1157976+00:00,1405.865,1,1,1,1,1,255,0,0,96,96,1,1,0
2026-09-29T02:36:52.1173460+00:00,1406.867,1,1,1,1,1,255,0,0,96,96,1,1,0
2026-09-29T02:36:53.1191864+00:00,1407.869,1,1,1,1,1,255,0,0,96,96,1,1,0
2026-09-29T02:36:54.1207394+00:00,1408.870,1,1,1,1,1,255,0,0,96,96,1,1,0
2026-09-29T02:36:55.1221831+00:00,1409.872,1,1,1,1,1,255,0,0,96,96,1,1,0
2026-09-29T02:36:56.1245246+00:00,1410.874,1,1,1,1,1,255,0,0,96,96,1,1,0
2026-09-29T02:36:57.1267167+00:00,1411.876,1,1,1,1,1,255,0,0,96,96,1,1,0
2026-09-29T02:36:58.1288737+00:00,1412.878,1,1,1,1,1,255,0,0,96,96,1,1,0
2026-09-29T02:36:59.1308020+00:00,1413.880,1,1,1,1,1,255,0,0,96,96,1,1,0
2026-09-29T02:36:59.1967999+00:00,1413.946,1,1,1,1,1,255,0,0,96,96,1,1,0
2026-09-29T02:36:59.2798105+00:00,1414.029,1,1,1,1,1,255,0,0,96,96,1,1,0
2026-09-29T02:36:59.3550390+00:00,1414.104,1,1,1,1,1,255,0,0,96,96,1,1,0
2026-09-29T02:36:59.4330281+00:00,1414.182,1,1,1,1,1,255,0,0,96,96,1,1,0
2026-09-29T02:36:59.5010288+00:00,1414.250,1,1,1,1,1,255,0,0,96,96,1,1,0
2026-09-29T02:36:59.5740294+00:00,1414.323,1,1,1,1,1,255,0,0,96,96,1,1,0
2026-09-29T02:36:59.6446053+00:00,1414.394,1,1,1,1,1,255,0,0,96,96,1,1,0
2026-09-29T02:36:59.7165957+00:00,1414.466,1,1,1,1,1,255,0,0,96,96,1,1,0
2026-09-29T02:36:59.7901653+00:00,1414.539,1,1,1,1,1,255,0,0,96,96,1,1,0
2026-09-29T02:36:59.8591644+00:00,1414.608,1,1,1,1,1,255,0,0,96,96,1,1,0
2026-09-29T02:36:59.9351745+00:00,1414.684,1,1,1,1,1,255,0,0,96,96,1,1,0
2026-09-29T02:37:00.0191732+00:00,1414.768,1,1,1,1,1,255,0,0,96,96,1,1,0
2026-09-29T02:37:00.0881562+00:00,1414.837,1,1,1,1,1,255,0,0,96,96,1,1,0
2026-09-29T02:37:00.1661671+00:00,1414.915,1,1,1,1,1,255,0,0,96,96,1,1,0
2026-09-29T02:37:00.2361677+00:00,1414.985,1,1,1,1,1,255,0,0,96,96,1,1,0
2026-09-29T02:37:00.2991583+00:00,1415.048,1,1,1,1,1,255,0,0,96,96,1,1,0
2026-09-29T02:37:00.3851598+00:00,1415.134,1,1,1,1,1,255,0,0,96,96,1,1,0
2026-09-29T02:37:00.4541767+00:00,1415.203,1,1,1,1,1,255,0,0,96,96,1,1,0
2026-09-29T02:37:00.5361634+00:00,1415.285,1,1,1,1,1,255,0,0,96,96,1,1,0
2026-09-29T02:37:00.6087614+00:00,1415.358,1,1,1,1,1,255,0,0,96,96,1,1,0
2026-09-29T02:37:01.3835751+00:00,1416.133,1,1,1,1,1,255,0,0,96,96,1,1,0
2026-09-29T02:37:02.3859511+00:00,1417.135,1,1,1,1,1,255,0,0,96,96,1,1,0
2026-09-29T02:37:03.3876444+00:00,1418.137,1,1,1,1,1,255,0,0,96,96,1,1,0
2026-09-29T02:37:04.3899377+00:00,1419.139,1,1,1,1,1,255,0,0,96,96,1,1,0
2026-09-29T02:37:05.3922306+00:00,1420.141,1,1,1,1,1,255,0,0,96,96,1,1,0
2026-09-29T02:37:06.3943862+00:00,1421.152,1,1,1,1,1,255,0,0,96,96,1,1,0
2026-09-29T02:37:07.4045025+00:00,1422.154,1,1,1,1,1,255,0,0,96,96,1,1,0
2026-09-29T02:37:08.4061280+00:00,1423.155,1,1,1,1,1,255,0,0,96,96,1,1,0
2026-09-29T02:37:09.4082400+00:00,1424.157,1,1,1,1,1,255,0,0,96,96,1,1,0
2026-09-29T02:37:10.4098782+00:00,1425.159,1,1,1,1,1,255,0,0,96,96,1,1,0
2026-09-29T02:37:11.4237267+00:00,1426.173,1,1,1,1,1,255,0,0,96,96,1,1,0
2026-09-29T02:37:12.4255780+00:00,1427.175,1,1,1,1,1,255,0,0,96,96,1,1,0
2026-09-29T02:37:13.4273434+00:00,1428.177,1,1,1,1,1,255,0,0,96,96,1,1,0
2026-09-29T02:37:14.4295240+00:00,1429.179,1,1,1,1,1,255,0,0,96,96,1,1,0
2026-09-29T02:37:15.4316992+00:00,1430.181,1,1,1,1,1,255,0,0,96,96,1,1,0
2026-09-29T02:37:16.4335077+00:00,1431.183,1,1,1,1,1,255,0,0,96,96,1,1,0
2026-09-29T02:37:17.4472461+00:00,1432.196,1,1,1,1,1,255,0,0,96,96,1,1,0
2026-09-29T02:37:18.4488182+00:00,1433.198,1,1,1,1,1,255,0,0,96,96,1,1,0
2026-09-29T02:37:19.4508777+00:00,1434.200,1,1,1,1,1,255,0,0,96,96,1,1,0
2026-09-29T02:37:20.4521625+00:00,1435.201,1,1,1,1,1,255,0,0,96,96,1,1,0
2026-09-29T02:37:21.4535675+00:00,1436.203,1,1,1,1,1,255,0,0,96,96,1,1,0
2026-09-29T02:37:21.5445643+00:00,1436.294,1,1,1,1,1,255,0,0,96,96,1,1,0
2026-09-29T02:37:21.6187159+00:00,1436.368,1,1,1,1,1,255,0,0,96,96,1,1,0
2026-09-29T02:37:21.6897068+00:00,1436.439,1,1,1,1,1,255,0,0,96,96,1,1,0
2026-09-29T02:37:21.7617075+00:00,1436.511,1,1,1,1,1,255,0,0,96,96,1,1,0
2026-09-29T02:37:21.8217218+00:00,1436.571,1,1,1,1,1,255,0,0,96,96,1,1,0
2026-09-29T02:37:21.9087084+00:00,1436.658,1,1,1,1,1,255,0,0,96,96,1,1,0
2026-09-29T02:37:21.9817138+00:00,1436.731,1,1,1,1,1,255,0,0,96,96,1,1,0
2026-09-29T02:37:22.0527095+00:00,1436.802,1,1,1,1,1,255,0,0,96,96,1,1,0
2026-09-29T02:37:22.1317221+00:00,1436.881,1,1,1,1,1,255,0,0,96,96,1,1,0
2026-09-29T02:37:22.1977106+00:00,1436.947,1,1,1,1,1,255,0,0,96,96,1,1,0
2026-09-29T02:37:22.2857220+00:00,1437.035,1,1,1,1,1,255,0,0,96,96,1,1,0
2026-09-29T02:37:22.3677189+00:00,1437.117,1,1,1,1,1,255,0,0,96,96,1,1,0
2026-09-29T02:37:22.4307240+00:00,1437.180,1,1,1,1,1,255,0,0,96,96,1,1,0
2026-09-29T02:37:22.5277309+00:00,1437.277,1,1,1,1,1,255,0,0,96,96,1,1,0
2026-09-29T02:37:22.6057542+00:00,1437.355,1,1,1,1,1,255,0,0,96,96,1,1,0
2026-09-29T02:37:22.6812731+00:00,1437.430,1,1,1,1,1,255,0,0,96,96,1,1,0
2026-09-29T02:37:22.7552666+00:00,1437.504,1,1,1,1,1,255,0,0,96,96,1,1,0
2026-09-29T02:37:22.8162740+00:00,1437.565,1,1,1,1,1,255,0,0,96,96,1,1,0
2026-09-29T02:37:22.9002637+00:00,1437.649,1,1,1,1,1,255,0,0,96,96,1,1,0
2026-09-29T02:37:22.9774744+00:00,1437.727,1,1,1,1,1,255,0,0,96,96,1,1,0
2026-09-29T02:37:23.7471445+00:00,1438.496,1,1,1,1,1,255,0,0,96,96,1,1,0
2026-09-29T02:37:24.7491353+00:00,1439.498,1,1,1,1,1,255,0,0,96,96,1,1,0
2026-09-29T02:37:25.7509734+00:00,1440.500,1,1,1,1,1,255,0,0,96,96,1,1,0
2026-09-29T02:37:26.7526196+00:00,1441.502,1,1,1,1,1,255,0,0,96,96,1,1,0
2026-09-29T02:37:27.7546933+00:00,1442.504,1,1,1,1,1,255,0,0,96,96,1,1,0
2026-09-29T02:37:28.7561941+00:00,1443.505,1,1,1,1,1,255,0,0,96,96,1,1,0
2026-09-29T02:37:29.7583081+00:00,1444.507,1,1,1,1,1,255,0,0,96,96,1,1,0
2026-09-29T02:37:30.7597740+00:00,1445.509,1,1,1,1,1,255,0,0,96,96,1,1,0
2026-09-29T02:37:31.7724704+00:00,1446.522,1,1,1,1,1,255,0,0,96,96,1,1,0
2026-09-29T02:37:32.7890209+00:00,1447.538,1,1,1,1,1,255,0,0,96,96,1,1,0
2026-09-29T02:37:33.8008411+00:00,1448.550,1,1,1,1,1,255,0,0,96,96,1,1,0
2026-09-29T02:37:34.8030102+00:00,1449.552,1,1,1,1,1,255,0,0,96,96,1,1,0
2026-09-29T02:37:35.8052697+00:00,1450.554,1,1,1,1,1,255,0,0,96,96,1,1,0
2026-09-29T02:37:36.8074530+00:00,1451.556,1,1,1,1,1,255,0,0,96,96,1,1,0
2026-09-29T02:37:37.8091441+00:00,1452.558,1,1,1,1,1,255,0,0,96,96,1,1,0
2026-09-29T02:37:38.8108429+00:00,1453.560,1,1,1,1,1,255,0,0,96,96,1,1,0
2026-09-29T02:37:39.8127366+00:00,1454.562,1,1,1,1,1,255,0,0,96,96,1,1,0
2026-09-29T02:37:40.8140778+00:00,1455.563,1,1,1,1,1,255,0,0,96,96,1,1,0
2026-09-29T02:37:41.8161493+00:00,1456.565,1,1,1,1,1,255,0,0,96,96,1,1,0
2026-09-29T02:37:42.8176900+00:00,1457.567,1,1,1,1,1,255,0,0,96,96,1,1,0
2026-09-29T02:37:43.8193267+00:00,1458.568,1,1,1,1,1,255,0,0,96,96,1,1,0
2026-09-29T02:37:43.9043175+00:00,1458.653,1,1,1,1,1,255,0,0,96,96,1,1,0
2026-09-29T02:37:43.9723081+00:00,1458.721,1,1,1,1,1,255,0,0,96,96,1,1,0
2026-09-29T02:37:44.0423085+00:00,1458.791,1,1,1,1,1,255,0,0,96,96,1,1,0
2026-09-29T02:37:44.1283192+00:00,1458.877,1,1,1,1,1,255,0,0,96,96,1,1,0
2026-09-29T02:37:44.2003099+00:00,1458.949,1,1,1,1,1,255,0,0,96,96,1,1,0
2026-09-29T02:37:44.2763212+00:00,1459.025,1,1,1,1,1,255,0,0,96,96,1,1,0
2026-09-29T02:37:44.3483205+00:00,1459.097,1,1,1,1,1,255,0,0,96,96,1,1,0
2026-09-29T02:37:44.4223230+00:00,1459.171,1,1,1,1,1,255,0,0,96,96,1,1,0
2026-09-29T02:37:44.4953112+00:00,1459.244,1,1,1,1,1,255,0,0,96,96,1,1,0
2026-09-29T02:37:44.5703206+00:00,1459.319,1,1,1,1,1,255,0,0,96,96,1,1,0
2026-09-29T02:37:44.6348646+00:00,1459.384,1,1,1,1,1,255,0,0,96,96,1,1,0
2026-09-29T02:37:44.7108768+00:00,1459.460,1,1,1,1,1,255,0,0,96,96,1,1,0
2026-09-29T02:37:44.7880010+00:00,1459.537,1,1,1,1,1,255,0,0,96,96,1,1,0
2026-09-29T02:37:44.8660105+00:00,1459.615,1,1,1,1,1,255,0,0,96,96,1,1,0
2026-09-29T02:37:44.9250007+00:00,1459.675,1,1,1,1,1,255,0,0,96,96,1,1,0
2026-09-29T02:37:45.0065612+00:00,1459.756,1,1,1,1,1,255,0,0,96,96,1,1,0
2026-09-29T02:37:45.0775617+00:00,1459.827,1,1,1,1,1,255,0,0,96,96,1,1,0
2026-09-29T02:37:45.1445658+00:00,1459.894,1,1,1,1,1,255,0,0,96,96,1,1,0
2026-09-29T02:37:45.2265740+00:00,1459.976,1,1,1,1,1,255,0,0,96,96,1,1,0
2026-09-29T02:37:45.2945788+00:00,1460.044,1,1,1,1,1,255,0,0,96,96,1,1,0
2026-09-29T02:37:46.0741282+00:00,1460.823,1,1,1,1,1,255,0,0,96,96,1,1,0
2026-09-29T02:37:47.0880104+00:00,1461.837,1,1,1,1,1,255,0,0,96,96,1,1,0
2026-09-29T02:37:48.0895664+00:00,1462.838,1,1,1,1,1,255,0,0,96,96,1,1,0
2026-09-29T02:37:49.0912789+00:00,1463.840,1,1,1,1,1,255,0,0,96,96,1,1,0
2026-09-29T02:37:50.0931017+00:00,1464.842,1,1,1,1,1,255,0,0,96,96,1,1,0
2026-09-29T02:37:51.0945575+00:00,1465.843,1,1,1,1,1,255,0,0,96,96,1,1,0
2026-09-29T02:37:52.0966634+00:00,1466.846,1,1,1,1,1,255,0,0,96,96,1,1,0
2026-09-29T02:37:53.0987511+00:00,1467.848,1,1,1,1,1,255,0,0,96,96,1,1,0
2026-09-29T02:37:54.1008479+00:00,1468.850,1,1,1,1,1,255,0,0,96,96,1,1,0
2026-09-29T02:37:55.1146117+00:00,1469.863,1,1,1,1,1,255,0,0,96,96,1,1,0
2026-09-29T02:37:56.1278174+00:00,1470.877,1,1,1,1,1,255,0,0,96,96,1,1,0
2026-09-29T02:37:57.1295053+00:00,1471.878,1,1,1,1,1,255,0,0,96,96,1,1,0
2026-09-29T02:37:58.1315846+00:00,1472.880,1,1,1,1,1,255,0,0,96,96,1,1,0
2026-09-29T02:37:59.1331288+00:00,1473.882,1,1,1,1,1,255,0,0,96,96,1,1,0
2026-09-29T02:38:00.1348020+00:00,1474.884,1,1,1,1,1,255,0,0,96,96,1,1,0
2026-09-29T02:38:01.1360992+00:00,1475.885,1,1,1,1,1,255,0,0,96,96,1,1,0
2026-09-29T02:38:02.1373336+00:00,1476.886,1,1,1,1,1,255,0,0,96,96,1,1,0
2026-09-29T02:38:03.1386749+00:00,1477.887,1,1,1,1,1,255,0,0,96,96,1,1,0
2026-09-29T02:38:04.1403539+00:00,1478.889,1,1,1,1,1,255,0,0,96,96,1,1,0
2026-09-29T02:38:05.1420522+00:00,1479.891,1,1,1,1,1,255,0,0,96,96,1,1,0
2026-09-29T02:38:06.1442117+00:00,1480.893,1,1,1,1,1,255,0,0,96,96,1,1,0
2026-09-29T02:38:06.2452173+00:00,1480.994,1,1,1,1,1,255,0,0,96,96,1,1,0
2026-09-29T02:38:06.3182062+00:00,1481.067,1,1,1,1,1,255,0,0,96,96,1,1,0
2026-09-29T02:38:06.3852072+00:00,1481.134,1,1,1,1,1,255,0,0,96,96,1,1,0
2026-09-29T02:38:06.4782191+00:00,1481.227,1,1,1,1,1,255,0,0,96,96,1,1,0
2026-09-29T02:38:06.5502084+00:00,1481.299,1,1,1,1,1,255,0,0,96,96,1,1,0
2026-09-29T02:38:06.6152290+00:00,1481.364,1,1,1,1,1,255,0,0,96,96,1,1,0
2026-09-29T02:38:06.6917765+00:00,1481.441,1,1,1,1,1,255,0,0,96,96,1,1,0
2026-09-29T02:38:06.7677708+00:00,1481.517,1,1,1,1,1,255,0,0,96,96,1,1,0
2026-09-29T02:38:06.8467900+00:00,1481.596,1,1,1,1,1,255,0,0,96,96,1,1,0
2026-09-29T02:38:06.9187729+00:00,1481.668,1,1,1,1,1,255,0,0,96,96,1,1,0
2026-09-29T02:38:06.9903356+00:00,1481.739,1,1,1,1,1,255,0,0,96,96,1,1,0
2026-09-29T02:38:07.0553358+00:00,1481.804,1,1,1,1,1,255,0,0,96,96,1,1,0
2026-09-29T02:38:07.1353369+00:00,1481.884,1,1,1,1,1,255,0,0,96,96,1,1,0
2026-09-29T02:38:07.2133439+00:00,1481.962,1,1,1,1,1,255,0,0,96,96,1,1,0
2026-09-29T02:38:07.2803385+00:00,1482.029,1,1,1,1,1,255,0,0,96,96,1,1,0
2026-09-29T02:38:07.3623385+00:00,1482.111,1,1,1,1,1,255,0,0,96,96,1,1,0
2026-09-29T02:38:07.4323395+00:00,1482.181,1,1,1,1,1,255,0,0,96,96,1,1,0
2026-09-29T02:38:07.5033520+00:00,1482.252,1,1,1,1,1,255,0,0,96,96,1,1,0
2026-09-29T02:38:07.5763410+00:00,1482.325,1,1,1,1,1,255,0,0,96,96,1,1,0
2026-09-29T02:38:07.6479871+00:00,1482.397,1,1,1,1,1,255,0,0,96,96,1,1,0
2026-09-29T02:38:08.4096054+00:00,1483.158,1,1,1,1,1,255,0,0,96,96,1,1,0
2026-09-29T02:38:09.4120621+00:00,1484.161,1,1,1,1,1,255,0,0,96,96,1,1,0
2026-09-29T02:38:10.4136933+00:00,1485.162,1,1,1,1,1,255,0,0,96,96,1,1,0
2026-09-29T02:38:11.4160072+00:00,1486.165,1,1,1,1,1,255,0,0,96,96,1,1,0
2026-09-29T02:38:12.4170953+00:00,1487.166,1,1,1,1,1,255,0,0,96,96,1,1,0
2026-09-29T02:38:13.4191872+00:00,1488.168,1,1,1,1,1,255,0,0,96,96,1,1,0
2026-09-29T02:38:14.4212644+00:00,1489.170,1,1,1,1,1,255,0,0,96,96,1,1,0
2026-09-29T02:38:15.4214749+00:00,1490.171,1,1,1,1,1,255,0,0,96,96,1,1,0
2026-09-29T02:38:16.4236949+00:00,1491.172,1,1,1,1,1,255,0,0,96,96,1,1,0
2026-09-29T02:38:17.4247656+00:00,1492.173,1,1,1,1,1,255,0,0,96,96,1,1,0
2026-09-29T02:38:18.4398728+00:00,1493.189,1,1,1,1,1,255,0,0,96,96,1,1,0
2026-09-29T02:38:19.4419281+00:00,1494.191,1,1,1,1,1,255,0,0,96,96,1,1,0
2026-09-29T02:38:20.4440133+00:00,1495.193,1,1,1,1,1,255,0,0,96,96,1,1,0
2026-09-29T02:38:21.4458786+00:00,1496.195,1,1,1,1,1,255,0,0,96,96,1,1,0
2026-09-29T02:38:22.4469580+00:00,1497.197,1,1,1,1,1,255,0,0,96,96,1,1,0
2026-09-29T02:38:23.4490436+00:00,1498.198,1,1,1,1,1,255,0,0,96,96,1,1,0
2026-09-29T02:38:24.4502615+00:00,1499.199,1,1,1,1,1,255,0,0,96,96,1,1,0
2026-09-29T02:38:25.4519082+00:00,1500.201,1,1,1,1,1,255,0,0,96,96,1,1,0
2026-09-29T02:38:26.4537638+00:00,1501.202,1,1,1,1,1,255,0,0,96,96,1,1,0
2026-09-29T02:38:27.4550778+00:00,1502.204,1,1,1,1,1,255,0,0,96,96,1,1,0
2026-09-29T02:38:28.4566346+00:00,1503.205,1,1,1,1,1,255,0,0,96,96,1,1,0
2026-09-29T02:38:28.5521669+00:00,1503.301,1,1,1,1,1,255,0,0,96,96,1,1,0
2026-09-29T02:38:28.6241753+00:00,1503.373,1,1,1,1,1,255,0,0,96,96,1,1,0
2026-09-29T02:38:28.6951952+00:00,1503.444,1,1,1,1,1,255,0,0,96,96,1,1,0
2026-09-29T02:38:28.7697282+00:00,1503.518,1,1,1,1,1,255,0,0,96,96,1,1,0
2026-09-29T02:38:28.8302857+00:00,1503.579,1,1,1,1,1,255,0,0,96,96,1,1,0
2026-09-29T02:38:28.9192829+00:00,1503.668,1,1,1,1,1,255,0,0,96,96,1,1,0
2026-09-29T02:38:28.9984861+00:00,1503.747,1,1,1,1,1,255,0,0,96,96,1,1,0
2026-09-29T02:38:29.0728674+00:00,1503.821,1,1,1,1,1,255,0,0,96,96,1,1,0
2026-09-29T02:38:29.1458674+00:00,1503.894,1,1,1,1,1,255,0,0,96,96,1,1,0
2026-09-29T02:38:29.2138681+00:00,1503.962,1,1,1,1,1,255,0,0,96,96,1,1,0
2026-09-29T02:38:29.2894993+00:00,1504.038,1,1,1,1,1,255,0,0,96,96,1,1,0
2026-09-29T02:38:29.3554199+00:00,1504.104,1,1,1,1,1,255,0,0,96,96,1,1,0
2026-09-29T02:38:29.4378694+00:00,1504.187,1,1,1,1,1,255,0,0,96,96,1,1,0
2026-09-29T02:38:29.5158832+00:00,1504.264,1,1,1,1,1,255,0,0,96,96,1,1,0
2026-09-29T02:38:29.5874214+00:00,1504.336,1,1,1,1,1,255,0,0,96,96,1,1,0
2026-09-29T02:38:29.6649738+00:00,1504.414,1,1,1,1,1,255,0,0,96,96,1,1,0
2026-09-29T02:38:29.7289769+00:00,1504.478,1,1,1,1,1,255,0,0,96,96,1,1,0
2026-09-29T02:38:29.8041439+00:00,1504.553,1,1,1,1,1,255,0,0,96,96,1,1,0
2026-09-29T02:38:29.8775760+00:00,1504.626,1,1,1,1,1,255,0,0,96,96,1,1,0
2026-09-29T02:38:29.9595763+00:00,1504.709,1,1,1,1,1,255,0,0,96,96,1,1,0
2026-09-29T02:38:30.7414149+00:00,1505.490,1,1,1,1,1,255,0,0,96,96,1,1,0
2026-09-29T02:38:31.7432523+00:00,1506.492,1,1,1,1,1,255,0,0,96,96,1,1,0
2026-09-29T02:38:32.7447763+00:00,1507.493,1,1,1,1,1,255,0,0,96,96,1,1,0
2026-09-29T02:38:33.7461173+00:00,1508.495,1,1,1,1,1,255,0,0,96,96,1,1,0
2026-09-29T02:38:34.7477624+00:00,1509.496,1,1,1,1,1,255,0,0,96,96,1,1,0
2026-09-29T02:38:35.7494936+00:00,1510.498,1,1,1,1,1,255,0,0,96,96,1,1,0
2026-09-29T02:38:36.7511356+00:00,1511.500,1,1,1,1,1,255,0,0,96,96,1,1,0
2026-09-29T02:38:37.7523947+00:00,1512.501,1,1,1,1,1,255,0,0,96,96,1,1,0
2026-09-29T02:38:38.7677196+00:00,1513.516,1,1,1,1,1,255,0,0,96,96,1,1,0
2026-09-29T02:38:39.7691603+00:00,1514.518,1,1,1,1,1,255,0,0,96,96,1,1,0
2026-09-29T02:38:40.7704824+00:00,1515.519,1,1,1,1,1,255,0,0,96,96,1,1,0
2026-09-29T02:38:41.7725598+00:00,1516.521,1,1,1,1,1,255,0,0,96,96,1,1,0
2026-09-29T02:38:42.7741086+00:00,1517.523,1,1,1,1,1,255,0,0,96,96,1,1,0
2026-09-29T02:38:43.7757584+00:00,1518.524,1,1,1,1,1,255,0,0,96,96,1,1,0
2026-09-29T02:38:44.7774512+00:00,1519.526,1,1,1,1,1,255,0,0,96,96,1,1,0
2026-09-29T02:38:45.7794092+00:00,1520.528,1,1,1,1,1,255,0,0,96,96,1,1,0
2026-09-29T02:38:46.7845896+00:00,1521.533,1,1,1,1,1,255,0,0,96,96,1,1,0
2026-09-29T02:38:47.7857141+00:00,1522.535,1,1,1,1,1,255,0,0,96,96,1,1,0
2026-09-29T02:38:48.7879319+00:00,1523.536,1,1,1,1,1,255,0,0,96,96,1,1,0
2026-09-29T02:38:49.7894269+00:00,1524.538,1,1,1,1,1,255,0,0,96,96,1,1,0
2026-09-29T02:38:50.7908756+00:00,1525.539,1,1,1,1,1,255,0,0,96,96,1,1,0
2026-09-29T02:38:50.8708707+00:00,1525.619,1,1,1,1,1,255,0,0,96,96,1,1,0
2026-09-29T02:38:50.9278697+00:00,1525.676,1,1,1,1,1,255,0,0,96,96,1,1,0
2026-09-29T02:38:50.9999806+00:00,1525.748,1,1,1,1,1,255,0,0,96,96,1,1,0
2026-09-29T02:38:51.0939869+00:00,1525.842,1,1,1,1,1,255,0,0,96,96,1,1,0
2026-09-29T02:38:51.1659747+00:00,1525.914,1,1,1,1,1,255,0,0,96,96,1,1,0
2026-09-29T02:38:51.2229748+00:00,1525.972,1,1,1,1,1,255,0,0,96,96,1,1,0
2026-09-29T02:38:51.2989725+00:00,1526.047,1,1,1,1,1,255,0,0,96,96,1,1,0
2026-09-29T02:38:51.3729730+00:00,1526.121,1,1,1,1,1,255,0,0,96,96,1,1,0
2026-09-29T02:38:51.4339772+00:00,1526.183,1,1,1,1,1,255,0,0,96,96,1,1,0
2026-09-29T02:38:51.5089749+00:00,1526.257,1,1,1,1,1,255,0,0,96,96,1,1,0
2026-09-29T02:38:51.6029997+00:00,1526.351,1,1,1,1,1,255,0,0,96,96,1,1,0
2026-09-29T02:38:51.6803244+00:00,1526.429,1,1,1,1,1,255,0,0,96,96,1,1,0
2026-09-29T02:38:51.7596278+00:00,1526.508,1,1,1,1,1,255,0,0,96,96,1,1,0
2026-09-29T02:38:51.8243386+00:00,1526.573,1,1,1,1,1,255,0,0,96,96,1,1,0
2026-09-29T02:38:51.8996368+00:00,1526.648,1,1,1,1,1,255,0,0,96,96,1,1,0
2026-09-29T02:38:51.9736355+00:00,1526.722,1,1,1,1,1,255,0,0,96,96,1,1,0
2026-09-29T02:38:52.0376376+00:00,1526.787,1,1,1,1,1,255,0,0,96,96,1,1,0
2026-09-29T02:38:52.1186401+00:00,1526.867,1,1,1,1,1,255,0,0,96,96,1,1,0
2026-09-29T02:38:52.1923245+00:00,1526.941,1,1,1,1,1,255,0,0,96,96,1,1,0
2026-09-29T02:38:52.2596286+00:00,1527.009,1,1,1,1,1,255,0,0,96,96,1,1,0
2026-09-29T02:38:53.0246910+00:00,1527.773,1,1,1,1,1,255,0,0,96,96,1,1,0
2026-09-29T02:38:54.0268148+00:00,1528.775,1,1,1,1,1,255,0,0,96,96,1,1,0
2026-09-29T02:38:55.0289782+00:00,1529.777,1,1,1,1,1,255,0,0,96,96,1,1,0
2026-09-29T02:38:56.0307034+00:00,1530.779,1,1,1,1,1,255,0,0,96,96,1,1,0
2026-09-29T02:38:57.0325371+00:00,1531.781,1,1,1,1,1,255,0,0,96,96,1,1,0
2026-09-29T02:38:58.0340844+00:00,1532.782,1,1,1,1,1,255,0,0,96,96,1,1,0
2026-09-29T02:38:59.0359084+00:00,1533.784,1,1,1,1,1,255,0,0,96,96,1,1,0
2026-09-29T02:39:00.0377433+00:00,1534.786,1,1,1,1,1,255,0,0,96,96,1,1,0
2026-09-29T02:39:01.0400011+00:00,1535.788,1,1,1,1,1,255,0,0,96,96,1,1,0
2026-09-29T02:39:02.0415704+00:00,1536.790,1,1,1,1,1,255,0,0,96,96,1,1,0
2026-09-29T02:39:03.0516756+00:00,1537.800,1,1,1,1,1,255,0,0,96,96,1,1,0
2026-09-29T02:39:04.0534829+00:00,1538.802,1,1,1,1,1,255,0,0,96,96,1,1,0
2026-09-29T02:39:05.0546633+00:00,1539.803,1,1,1,1,1,255,0,0,96,96,1,1,0
2026-09-29T02:39:06.0563571+00:00,1540.805,1,1,1,1,1,255,0,0,96,96,1,1,0
2026-09-29T02:39:07.0580807+00:00,1541.806,1,1,1,1,1,255,0,0,96,96,1,1,0
2026-09-29T02:39:08.0601743+00:00,1542.808,1,1,1,1,1,255,0,0,96,96,1,1,0
2026-09-29T02:39:09.0615477+00:00,1543.810,1,1,1,1,1,255,0,0,96,96,1,1,0
2026-09-29T02:39:10.0634172+00:00,1544.812,1,1,1,1,1,255,0,0,96,96,1,1,0
2026-09-29T02:39:11.0651227+00:00,1545.813,1,1,1,1,1,255,0,0,96,96,1,1,0
2026-09-29T02:39:12.0672960+00:00,1546.816,1,1,1,1,1,255,0,0,96,96,1,1,0
2026-09-29T02:39:13.0693857+00:00,1547.818,1,1,1,1,1,255,0,0,96,96,1,1,0
2026-09-29T02:39:13.1533684+00:00,1547.902,1,1,1,1,1,255,0,0,96,96,1,1,0
2026-09-29T02:39:13.2233728+00:00,1547.973,1,1,1,1,1,255,0,0,96,96,1,1,0
2026-09-29T02:39:13.2943699+00:00,1548.043,1,1,1,1,1,255,0,0,96,96,1,1,0
2026-09-29T02:39:13.3683776+00:00,1548.117,1,1,1,1,1,255,0,0,96,96,1,1,0
2026-09-29T02:39:13.4453814+00:00,1548.194,1,1,1,1,1,255,0,0,96,96,1,1,0
2026-09-29T02:39:13.5213836+00:00,1548.270,1,1,1,1,1,255,0,0,96,96,1,1,0
2026-09-29T02:39:13.5933722+00:00,1548.342,1,1,1,1,1,255,0,0,96,96,1,1,0
2026-09-29T02:39:13.6681015+00:00,1548.416,1,1,1,1,1,255,0,0,96,96,1,1,0
2026-09-29T02:39:13.7341044+00:00,1548.482,1,1,1,1,1,255,0,0,96,96,1,1,0
2026-09-29T02:39:13.8186526+00:00,1548.567,1,1,1,1,1,255,0,0,96,96,1,1,0
2026-09-29T02:39:13.8946618+00:00,1548.643,1,1,1,1,1,255,0,0,96,96,1,1,0
2026-09-29T02:39:13.9656525+00:00,1548.714,1,1,1,1,1,255,0,0,96,96,1,1,0
2026-09-29T02:39:14.0386657+00:00,1548.787,1,1,1,1,1,255,0,0,96,96,1,1,0
2026-09-29T02:39:14.1086708+00:00,1548.857,1,1,1,1,1,255,0,0,96,96,1,1,0
2026-09-29T02:39:14.1776667+00:00,1548.926,1,1,1,1,1,255,0,0,96,96,1,1,0
2026-09-29T02:39:14.2456619+00:00,1548.994,1,1,1,1,1,255,0,0,96,96,1,1,0
2026-09-29T02:39:14.3356614+00:00,1549.084,1,1,1,1,1,255,0,0,96,96,1,1,0
2026-09-29T02:39:14.4006560+00:00,1549.149,1,1,1,1,1,255,0,0,96,96,1,1,0
2026-09-29T02:39:14.4776569+00:00,1549.226,1,1,1,1,1,255,0,0,96,96,1,1,0
2026-09-29T02:39:14.5446571+00:00,1549.293,1,1,1,1,1,255,0,0,96,96,1,1,0
2026-09-29T02:39:15.3213486+00:00,1550.070,1,1,1,1,1,255,0,0,96,96,1,1,0
2026-09-29T02:39:16.3228778+00:00,1551.071,1,1,1,1,1,255,0,0,96,96,1,1,0
2026-09-29T02:39:17.3333802+00:00,1552.082,1,1,1,1,1,255,0,0,96,96,1,1,0
2026-09-29T02:39:18.3354488+00:00,1553.084,1,1,1,1,1,255,0,0,96,96,1,1,0
2026-09-29T02:39:19.3368043+00:00,1554.085,1,1,1,1,1,255,0,0,96,96,1,1,0
2026-09-29T02:39:20.3385670+00:00,1555.087,1,1,1,1,1,255,0,0,96,96,1,1,0
2026-09-29T02:39:21.3397868+00:00,1556.088,1,1,1,1,1,255,0,0,96,96,1,1,0
2026-09-29T02:39:22.3418687+00:00,1557.090,1,1,1,1,1,255,0,0,96,96,1,1,0
2026-09-29T02:39:23.3503717+00:00,1558.099,1,1,1,1,1,255,0,0,96,96,1,1,0
2026-09-29T02:39:24.3640224+00:00,1559.112,1,1,1,1,1,255,0,0,96,96,1,1,0
2026-09-29T02:39:25.3784228+00:00,1560.127,1,1,1,1,1,255,0,0,96,96,1,1,0
2026-09-29T02:39:26.3800300+00:00,1561.128,1,1,1,1,1,255,0,0,96,96,1,1,0
2026-09-29T02:39:27.3816597+00:00,1562.130,1,1,1,1,1,255,0,0,96,96,1,1,0
2026-09-29T02:39:28.3832307+00:00,1563.131,1,1,1,1,1,255,0,0,96,96,1,1,0
2026-09-29T02:39:29.3845831+00:00,1564.133,1,1,1,1,1,255,0,0,96,96,1,1,0
2026-09-29T02:39:30.3857607+00:00,1565.134,1,1,1,1,1,255,0,0,96,96,1,1,0
2026-09-29T02:39:31.3874623+00:00,1566.136,1,1,1,1,1,255,0,0,96,96,1,1,0
2026-09-29T02:39:32.3890046+00:00,1567.137,1,1,1,1,1,255,0,0,96,96,1,1,0
2026-09-29T02:39:33.3903661+00:00,1568.138,1,1,1,1,1,255,0,0,96,96,1,1,0
2026-09-29T02:39:34.3924050+00:00,1569.140,1,1,1,1,1,255,0,0,96,96,1,1,0
2026-09-29T02:39:35.3945816+00:00,1570.143,1,1,1,1,1,255,0,0,96,96,1,1,0
2026-09-29T02:39:35.4765822+00:00,1570.225,1,1,1,1,1,255,0,0,96,96,1,1,0
2026-09-29T02:39:35.5285846+00:00,1570.277,1,1,1,1,1,255,0,0,96,96,1,1,0
2026-09-29T02:39:35.6085716+00:00,1570.357,1,1,1,1,1,255,0,0,96,96,1,1,0
2026-09-29T02:39:35.6841395+00:00,1570.432,1,1,1,1,1,255,0,0,96,96,1,1,0
2026-09-29T02:39:35.7637483+00:00,1570.512,1,1,1,1,1,255,0,0,96,96,1,1,0
2026-09-29T02:39:35.8383641+00:00,1570.586,1,1,1,1,1,255,0,0,96,96,1,1,0
2026-09-29T02:39:35.9123636+00:00,1570.660,1,1,1,1,1,255,0,0,96,96,1,1,0
2026-09-29T02:39:35.9837369+00:00,1570.732,1,1,1,1,1,255,0,0,96,96,1,1,0
2026-09-29T02:39:36.0517377+00:00,1570.800,1,1,1,1,1,255,0,0,96,96,1,1,0
2026-09-29T02:39:36.1237547+00:00,1570.872,1,1,1,1,1,255,0,0,96,96,1,1,0
2026-09-29T02:39:36.2013773+00:00,1570.949,1,1,1,1,1,255,0,0,96,96,1,1,0
2026-09-29T02:39:36.2623658+00:00,1571.010,1,1,1,1,1,255,0,0,96,96,1,1,0
2026-09-29T02:39:36.3497568+00:00,1571.098,1,1,1,1,1,255,0,0,96,96,1,1,0
2026-09-29T02:39:36.4287574+00:00,1571.177,1,1,1,1,1,255,0,0,96,96,1,1,0
2026-09-29T02:39:36.5147594+00:00,1571.263,1,1,1,1,1,255,0,0,96,96,1,1,0
2026-09-29T02:39:36.5923821+00:00,1571.340,1,1,1,1,1,255,0,0,96,96,1,1,0
2026-09-29T02:39:36.6634032+00:00,1571.411,1,1,1,1,1,255,0,0,96,96,1,1,0
2026-09-29T02:39:36.7404496+00:00,1571.489,1,1,1,1,1,255,0,0,96,96,1,1,0
2026-09-29T02:39:36.8144492+00:00,1571.563,1,1,1,1,1,255,0,0,96,96,1,1,0
2026-09-29T02:39:36.8914681+00:00,1571.640,1,1,1,1,1,255,0,0,96,96,1,1,0
2026-09-29T02:39:37.6649469+00:00,1572.413,1,1,1,1,1,255,0,0,96,96,1,1,0
2026-09-29T02:39:38.6676829+00:00,1573.416,1,1,1,1,1,255,0,0,96,96,1,1,0
2026-09-29T02:39:39.6692074+00:00,1574.417,1,1,1,1,1,255,0,0,96,96,1,1,0
2026-09-29T02:39:40.6709232+00:00,1575.419,1,1,1,1,1,255,0,0,96,96,1,1,0
2026-09-29T02:39:41.6730705+00:00,1576.421,1,1,1,1,1,255,0,0,96,96,1,1,0
2026-09-29T02:39:42.6746206+00:00,1577.423,1,1,1,1,1,255,0,0,96,96,1,1,0
2026-09-29T02:39:43.6759812+00:00,1578.424,1,1,1,1,1,255,0,0,96,96,1,1,0
2026-09-29T02:39:44.6776250+00:00,1579.426,1,1,1,1,1,255,0,0,96,96,1,1,0
2026-09-29T02:39:45.6914439+00:00,1580.439,1,1,1,1,1,255,0,0,96,96,1,1,0
2026-09-29T02:39:46.7050567+00:00,1581.453,1,1,1,1,1,255,0,0,96,96,1,1,0
2026-09-29T02:39:47.7068737+00:00,1582.455,1,1,1,1,1,255,0,0,96,96,1,1,0
2026-09-29T02:39:48.7087891+00:00,1583.457,1,1,1,1,1,255,0,0,96,96,1,1,0
2026-09-29T02:39:49.7103366+00:00,1584.458,1,1,1,1,1,255,0,0,96,96,1,1,0
2026-09-29T02:39:50.7121842+00:00,1585.460,1,1,1,1,1,255,0,0,96,96,1,1,0
2026-09-29T02:39:51.7136210+00:00,1586.462,1,1,1,1,1,255,0,0,96,96,1,1,0
2026-09-29T02:39:52.7151543+00:00,1587.463,1,1,1,1,1,255,0,0,96,96,1,1,0
2026-09-29T02:39:53.7172685+00:00,1588.465,1,1,1,1,1,255,0,0,96,96,1,1,0
2026-09-29T02:39:54.7195035+00:00,1589.467,1,1,1,1,1,255,0,0,96,96,1,1,0
2026-09-29T02:39:55.7213034+00:00,1590.469,1,1,1,1,1,255,0,0,96,96,1,1,0
2026-09-29T02:39:56.7227969+00:00,1591.471,1,1,1,1,1,255,0,0,96,96,1,1,0
2026-09-29T02:39:57.7248863+00:00,1592.473,1,1,1,1,1,255,0,0,96,96,1,1,0
2026-09-29T02:39:57.8128911+00:00,1592.561,1,1,1,1,1,255,0,0,96,96,1,1,0
2026-09-29T02:39:57.8818857+00:00,1592.630,1,1,1,1,1,255,0,0,96,96,1,1,0
2026-09-29T02:39:57.9558783+00:00,1592.704,1,1,1,1,1,255,0,0,96,96,1,1,0
2026-09-29T02:39:58.0298791+00:00,1592.778,1,1,1,1,1,255,0,0,96,96,1,1,0
2026-09-29T02:39:58.1048799+00:00,1592.853,1,1,1,1,1,255,0,0,96,96,1,1,0
2026-09-29T02:39:58.1838941+00:00,1592.932,1,1,1,1,1,255,0,0,96,96,1,1,0
2026-09-29T02:39:58.2538812+00:00,1593.002,1,1,1,1,1,255,0,0,96,96,1,1,0
2026-09-29T02:39:58.3308921+00:00,1593.079,1,1,1,1,1,255,0,0,96,96,1,1,0
2026-09-29T02:39:58.4058822+00:00,1593.154,1,1,1,1,1,255,0,0,96,96,1,1,0
2026-09-29T02:39:58.4759246+00:00,1593.224,1,1,1,1,1,255,0,0,96,96,1,1,0
2026-09-29T02:39:58.5479265+00:00,1593.296,1,1,1,1,1,255,0,0,96,96,1,1,0
2026-09-29T02:39:58.6229400+00:00,1593.371,1,1,1,1,1,255,0,0,96,96,1,1,0
2026-09-29T02:39:58.6966200+00:00,1593.444,1,1,1,1,1,255,0,0,96,96,1,1,0
2026-09-29T02:39:58.7746338+00:00,1593.522,1,1,1,1,1,255,0,0,96,96,1,1,0
2026-09-29T02:39:58.8564045+00:00,1593.604,1,1,1,1,1,255,0,0,96,96,1,1,0
2026-09-29T02:39:58.9284014+00:00,1593.676,1,1,1,1,1,255,0,0,96,96,1,1,0
2026-09-29T02:39:59.0169550+00:00,1593.765,1,1,1,1,1,255,0,0,96,96,1,1,0
2026-09-29T02:39:59.0939508+00:00,1593.842,1,1,1,1,1,255,0,0,96,96,1,1,0
2026-09-29T02:39:59.1659607+00:00,1593.915,1,1,1,1,1,255,0,0,96,96,1,1,0
2026-09-29T02:39:59.2389652+00:00,1593.987,1,1,1,1,1,255,0,0,96,96,1,1,0
2026-09-29T02:40:00.0346036+00:00,1594.782,1,1,1,1,1,255,0,0,96,96,1,1,0
2026-09-29T02:40:01.0367285+00:00,1595.785,1,1,1,1,1,255,0,0,96,96,1,1,0
2026-09-29T02:40:02.0382722+00:00,1596.786,1,1,1,1,1,255,0,0,96,96,1,1,0
2026-09-29T02:40:03.0403831+00:00,1597.788,1,1,1,1,1,255,0,0,96,96,1,1,0
2026-09-29T02:40:04.0423162+00:00,1598.790,1,1,1,1,1,255,0,0,96,96,1,1,0
2026-09-29T02:40:05.0440566+00:00,1599.792,1,1,1,1,1,255,0,0,96,96,1,1,0
2026-09-29T02:40:06.0462100+00:00,1600.794,1,1,1,1,1,255,0,0,96,96,1,1,0
2026-09-29T02:40:07.0483046+00:00,1601.796,1,1,1,1,1,255,0,0,96,96,1,1,0
2026-09-29T02:40:08.0508388+00:00,1602.799,1,1,1,1,1,255,0,0,96,96,1,1,0
2026-09-29T02:40:09.0526335+00:00,1603.800,1,1,1,1,1,255,0,0,96,96,1,1,0
2026-09-29T02:40:10.0539114+00:00,1604.802,1,1,1,1,1,255,0,0,96,96,1,1,0
2026-09-29T02:40:11.0558873+00:00,1605.804,1,1,1,1,1,255,0,0,96,96,1,1,0
2026-09-29T02:40:12.0579773+00:00,1606.806,1,1,1,1,1,255,0,0,96,96,1,1,0
2026-09-29T02:40:13.0600640+00:00,1607.808,1,1,1,1,1,255,0,0,96,96,1,1,0
2026-09-29T02:40:14.0621648+00:00,1608.810,1,1,1,1,1,255,0,0,96,96,1,1,0
2026-09-29T02:40:15.0643635+00:00,1609.812,1,1,1,1,1,255,0,0,96,96,1,1,0
2026-09-29T02:40:16.0665300+00:00,1610.814,1,1,1,1,1,255,0,0,96,96,1,1,0
2026-09-29T02:40:17.0807175+00:00,1611.828,1,1,1,1,1,255,0,0,96,96,1,1,0
2026-09-29T02:40:18.0822793+00:00,1612.830,1,1,1,1,1,255,0,0,96,96,1,1,0
2026-09-29T02:40:19.0842865+00:00,1613.832,1,1,1,1,1,255,0,0,96,96,1,1,0
2026-09-29T02:40:20.0861233+00:00,1614.834,1,1,1,1,1,255,0,0,96,96,1,1,0
2026-09-29T02:40:20.1701257+00:00,1614.918,1,1,1,1,1,255,0,0,96,96,1,1,0
2026-09-29T02:40:20.2381167+00:00,1614.986,1,1,1,1,1,255,0,0,96,96,1,1,0
2026-09-29T02:40:20.3101147+00:00,1615.058,1,1,1,1,1,255,0,0,96,96,1,1,0
2026-09-29T02:40:20.3841168+00:00,1615.132,1,1,1,1,1,255,0,0,96,96,1,1,0
2026-09-29T02:40:20.4561242+00:00,1615.204,1,1,1,1,1,255,0,0,96,96,1,1,0
2026-09-29T02:40:20.5281297+00:00,1615.276,1,1,1,1,1,255,0,0,96,96,1,1,0
2026-09-29T02:40:20.5981204+00:00,1615.346,1,1,1,1,1,255,0,0,96,96,1,1,0
2026-09-29T02:40:20.6726986+00:00,1615.420,1,1,1,1,1,255,0,0,96,96,1,1,0
2026-09-29T02:40:20.7443411+00:00,1615.492,1,1,1,1,1,255,0,0,96,96,1,1,0
2026-09-29T02:40:20.8149226+00:00,1615.563,1,1,1,1,1,255,0,0,96,96,1,1,0
2026-09-29T02:40:20.8884922+00:00,1615.640,1,1,1,1,1,255,0,0,96,96,1,1,0
2026-09-29T02:40:20.9634927+00:00,1615.711,1,1,1,1,1,255,0,0,96,96,1,1,0
2026-09-29T02:40:21.0496246+00:00,1615.797,1,1,1,1,1,255,0,0,96,96,1,1,0
2026-09-29T02:40:21.1296195+00:00,1615.877,1,1,1,1,1,255,0,0,96,96,1,1,0
2026-09-29T02:40:21.2036136+00:00,1615.951,1,1,1,1,1,255,0,0,96,96,1,1,0
2026-09-29T02:40:21.2686137+00:00,1616.016,1,1,1,1,1,255,0,0,96,96,1,1,0
2026-09-29T02:40:21.3546253+00:00,1616.102,1,1,1,1,1,255,0,0,96,96,1,1,0
2026-09-29T02:40:21.4156150+00:00,1616.163,1,1,1,1,1,255,0,0,96,96,1,1,0
2026-09-29T02:40:21.5066156+00:00,1616.254,1,1,1,1,1,255,0,0,96,96,1,1,0
2026-09-29T02:40:21.5806160+00:00,1616.328,1,1,1,1,1,255,0,0,96,96,1,1,0
2026-09-29T02:40:22.3588242+00:00,1617.106,1,1,1,1,1,255,0,0,96,96,1,1,0
2026-09-29T02:40:23.3614073+00:00,1618.109,1,1,1,1,1,255,0,0,96,96,1,1,0
2026-09-29T02:40:24.3626284+00:00,1619.110,1,1,1,1,1,255,0,0,96,96,1,1,0
2026-09-29T02:40:25.3644473+00:00,1620.112,1,1,1,1,1,255,0,0,96,96,1,1,0
2026-09-29T02:40:26.3661180+00:00,1621.114,1,1,1,1,1,255,0,0,96,96,1,1,0
2026-09-29T02:40:27.3678601+00:00,1622.116,1,1,1,1,1,255,0,0,96,96,1,1,0
2026-09-29T02:40:28.3693937+00:00,1623.117,1,1,1,1,1,255,0,0,96,96,1,1,0
2026-09-29T02:40:29.3719784+00:00,1624.120,1,1,1,1,1,255,0,0,96,96,1,1,0
2026-09-29T02:40:30.3850807+00:00,1625.133,1,1,1,1,1,255,0,0,96,96,1,1,0
2026-09-29T02:40:31.3860144+00:00,1626.134,1,1,1,1,1,255,0,0,96,96,1,1,0
2026-09-29T02:40:32.3880109+00:00,1627.136,1,1,1,1,1,255,0,0,96,96,1,1,0
2026-09-29T02:40:33.3897739+00:00,1628.137,1,1,1,1,1,255,0,0,96,96,1,1,0
2026-09-29T02:40:34.3912840+00:00,1629.139,1,1,1,1,1,255,0,0,96,96,1,1,0
2026-09-29T02:40:35.3929878+00:00,1630.141,1,1,1,1,1,255,0,0,96,96,1,1,0
2026-09-29T02:40:36.3947707+00:00,1631.142,1,1,1,1,1,255,0,0,96,96,1,1,0
2026-09-29T02:40:37.3964825+00:00,1632.144,1,1,1,1,1,255,0,0,96,96,1,1,0
2026-09-29T02:40:38.3985382+00:00,1633.146,1,1,1,1,1,255,0,0,96,96,1,1,0
2026-09-29T02:40:39.4000120+00:00,1634.148,1,1,1,1,1,255,0,0,96,96,1,1,0
2026-09-29T02:40:40.4017205+00:00,1635.149,1,1,1,1,1,255,0,0,96,96,1,1,0
2026-09-29T02:40:41.4031237+00:00,1636.151,1,1,1,1,1,255,0,0,96,96,1,1,0
2026-09-29T02:40:42.4046701+00:00,1637.152,1,1,1,1,1,255,0,0,96,96,1,1,0
2026-09-29T02:40:42.4926606+00:00,1637.240,1,1,1,1,1,255,0,0,96,96,1,1,0
2026-09-29T02:40:42.5526613+00:00,1637.300,1,1,1,1,1,255,0,0,96,96,1,1,0
2026-09-29T02:40:42.6386622+00:00,1637.386,1,1,1,1,1,255,0,0,96,96,1,1,0
2026-09-29T02:40:42.7137074+00:00,1637.461,1,1,1,1,1,255,0,0,96,96,1,1,0
2026-09-29T02:40:42.7876943+00:00,1637.535,1,1,1,1,1,255,0,0,96,96,1,1,0
2026-09-29T02:40:42.8617087+00:00,1637.609,1,1,1,1,1,255,0,0,96,96,1,1,0
2026-09-29T02:40:42.9252316+00:00,1637.673,1,1,1,1,1,255,0,0,96,96,1,1,0
2026-09-29T02:40:43.0153514+00:00,1637.763,1,1,1,1,1,255,0,0,96,96,1,1,0
2026-09-29T02:40:43.0873598+00:00,1637.835,1,1,1,1,1,255,0,0,96,96,1,1,0
2026-09-29T02:40:43.1603552+00:00,1637.908,1,1,1,1,1,255,0,0,96,96,1,1,0
2026-09-29T02:40:43.2363469+00:00,1637.984,1,1,1,1,1,255,0,0,96,96,1,1,0
2026-09-29T02:40:43.3103481+00:00,1638.058,1,1,1,1,1,255,0,0,96,96,1,1,0
2026-09-29T02:40:43.3833676+00:00,1638.131,1,1,1,1,1,255,0,0,96,96,1,1,0
2026-09-29T02:40:43.4583502+00:00,1638.206,1,1,1,1,1,255,0,0,96,96,1,1,0
2026-09-29T02:40:43.5183516+00:00,1638.266,1,1,1,1,1,255,0,0,96,96,1,1,0
2026-09-29T02:40:43.5943523+00:00,1638.342,1,1,1,1,1,255,0,0,96,96,1,1,0
2026-09-29T02:40:43.6783866+00:00,1638.426,1,1,1,1,1,255,0,0,96,96,1,1,0
2026-09-29T02:40:43.7609201+00:00,1638.508,1,1,1,1,1,255,0,0,96,96,1,1,0
2026-09-29T02:40:43.8344858+00:00,1638.582,1,1,1,1,1,255,0,0,96,96,1,1,0
2026-09-29T02:40:43.9009778+00:00,1638.649,1,1,1,1,1,255,0,0,96,96,1,1,0
2026-09-29T02:40:44.6643091+00:00,1639.412,1,1,1,1,1,255,0,0,96,96,1,1,0
2026-09-29T02:40:45.6667662+00:00,1640.414,1,1,1,1,1,255,0,0,96,96,1,1,0
2026-09-29T02:40:46.6680389+00:00,1641.416,1,1,1,1,1,255,0,0,96,96,1,1,0
2026-09-29T02:40:47.6763854+00:00,1642.424,1,1,1,1,1,255,0,0,96,96,1,1,0
2026-09-29T02:40:48.6783220+00:00,1643.426,1,1,1,1,1,255,0,0,96,96,1,1,0
2026-09-29T02:40:49.6802204+00:00,1644.428,1,1,1,1,1,255,0,0,96,96,1,1,0
2026-09-29T02:40:50.6820811+00:00,1645.430,1,1,1,1,1,255,0,0,96,96,1,1,0
2026-09-29T02:40:51.6845516+00:00,1646.432,1,1,1,1,1,255,0,0,96,96,1,1,0
2026-09-29T02:40:52.6987368+00:00,1647.446,1,1,1,1,1,255,0,0,96,96,1,1,0
2026-09-29T02:40:53.7086811+00:00,1648.456,1,1,1,1,1,255,0,0,96,96,1,1,0
2026-09-29T02:40:54.7253875+00:00,1649.473,1,1,1,1,1,255,0,0,96,96,1,1,0
2026-09-29T02:40:55.7272067+00:00,1650.475,1,1,1,1,1,255,0,0,96,96,1,1,0
2026-09-29T02:40:56.7279414+00:00,1651.476,1,1,1,1,1,255,0,0,96,96,1,1,0
2026-09-29T02:40:57.7304494+00:00,1652.478,1,1,1,1,1,255,0,0,96,96,1,1,0
2026-09-29T02:40:58.7326290+00:00,1653.480,1,1,1,1,1,255,0,0,96,96,1,1,0
2026-09-29T02:40:59.7339577+00:00,1654.481,1,1,1,1,1,255,0,0,96,96,1,1,0
2026-09-29T02:41:00.7357788+00:00,1655.483,1,1,1,1,1,255,0,0,96,96,1,1,0
2026-09-29T02:41:01.7378755+00:00,1656.485,1,1,1,1,1,255,0,0,96,96,1,1,0
2026-09-29T02:41:02.7394324+00:00,1657.487,1,1,1,1,1,255,0,0,96,96,1,1,0
2026-09-29T02:41:03.7417108+00:00,1658.489,1,1,1,1,1,255,0,0,96,96,1,1,0
2026-09-29T02:41:04.7433334+00:00,1659.491,1,1,1,1,1,255,0,0,96,96,1,1,0
2026-09-29T02:41:04.8238874+00:00,1659.571,1,1,1,1,1,255,0,0,96,96,1,1,0
2026-09-29T02:41:04.8958879+00:00,1659.643,1,1,1,1,1,255,0,0,96,96,1,1,0
2026-09-29T02:41:04.9678775+00:00,1659.715,1,1,1,1,1,255,0,0,96,96,1,1,0
2026-09-29T02:41:05.0314173+00:00,1659.779,1,1,1,1,1,255,0,0,96,96,1,1,0
2026-09-29T02:41:05.1034178+00:00,1659.851,1,1,1,1,1,255,0,0,96,96,1,1,0
2026-09-29T02:41:05.1754302+00:00,1659.923,1,1,1,1,1,255,0,0,96,96,1,1,0
2026-09-29T02:41:05.2374226+00:00,1659.985,1,1,1,1,1,255,0,0,96,96,1,1,0
2026-09-29T02:41:05.3224207+00:00,1660.070,1,1,1,1,1,255,0,0,96,96,1,1,0
2026-09-29T02:41:05.3924325+00:00,1660.140,1,1,1,1,1,255,0,0,96,96,1,1,0
2026-09-29T02:41:05.4654299+00:00,1660.213,1,1,1,1,1,255,0,0,96,96,1,1,0
2026-09-29T02:41:05.5374227+00:00,1660.285,1,1,1,1,1,255,0,0,96,96,1,1,0
2026-09-29T02:41:05.6094229+00:00,1660.357,1,1,1,1,1,255,0,0,96,96,1,1,0
2026-09-29T02:41:05.6834396+00:00,1660.431,1,1,1,1,1,255,0,0,96,96,1,1,0
2026-09-29T02:41:05.7616958+00:00,1660.509,1,1,1,1,1,255,0,0,96,96,1,1,0
2026-09-29T02:41:05.8416895+00:00,1660.589,1,1,1,1,1,255,0,0,96,96,1,1,0
2026-09-29T02:41:05.9046785+00:00,1660.652,1,1,1,1,1,255,0,0,96,96,1,1,0
2026-09-29T02:41:05.9986790+00:00,1660.746,1,1,1,1,1,255,0,0,96,96,1,1,0
2026-09-29T02:41:06.0776915+00:00,1660.825,1,1,1,1,1,255,0,0,96,96,1,1,0
2026-09-29T02:41:06.1446876+00:00,1660.892,1,1,1,1,1,255,0,0,96,96,1,1,0
2026-09-29T02:41:06.2186957+00:00,1660.966,1,1,1,1,1,255,0,0,96,96,1,1,0
2026-09-29T02:41:06.9733709+00:00,1661.721,1,1,1,1,1,255,0,0,96,96,1,1,0
2026-09-29T02:41:07.9764005+00:00,1662.724,1,1,1,1,1,255,0,0,96,96,1,1,0
2026-09-29T02:41:08.9780216+00:00,1663.725,1,1,1,1,1,255,0,0,96,96,1,1,0
2026-09-29T02:41:09.9796354+00:00,1664.727,1,1,1,1,1,255,0,0,96,96,1,1,0
2026-09-29T02:41:10.9809323+00:00,1665.728,1,1,1,1,1,255,0,0,96,96,1,1,0
2026-09-29T02:41:11.9830168+00:00,1666.730,1,1,1,1,1,255,0,0,96,96,1,1,0
2026-09-29T02:41:12.9845558+00:00,1667.732,1,1,1,1,1,255,0,0,96,96,1,1,0
2026-09-29T02:41:13.9859133+00:00,1668.733,1,1,1,1,1,255,0,0,96,96,1,1,0
2026-09-29T02:41:14.9876034+00:00,1669.735,1,1,1,1,1,255,0,0,96,96,1,1,0
2026-09-29T02:41:15.9894252+00:00,1670.737,1,1,1,1,1,255,0,0,96,96,1,1,0
2026-09-29T02:41:16.9906173+00:00,1671.738,1,1,1,1,1,255,0,0,96,96,1,1,0
2026-09-29T02:41:17.9918857+00:00,1672.739,1,1,1,1,1,255,0,0,96,96,1,1,0
2026-09-29T02:41:18.9936075+00:00,1673.741,1,1,1,1,1,255,0,0,96,96,1,1,0
2026-09-29T02:41:19.9950303+00:00,1674.742,1,1,1,1,1,255,0,0,96,96,1,1,0
2026-09-29T02:41:20.9967563+00:00,1675.744,1,1,1,1,1,255,0,0,96,96,1,1,0
2026-09-29T02:41:21.9988300+00:00,1676.746,1,1,1,1,1,255,0,0,96,96,1,1,0
2026-09-29T02:41:23.0003825+00:00,1677.748,1,1,1,1,1,255,0,0,96,96,1,1,0
2026-09-29T02:41:24.0020989+00:00,1678.749,1,1,1,1,1,255,0,0,96,96,1,1,0
2026-09-29T02:41:25.0037352+00:00,1679.751,1,1,1,1,1,255,0,0,96,96,1,1,0
2026-09-29T02:41:26.0054929+00:00,1680.753,1,1,1,1,1,255,0,0,96,96,1,1,0
2026-09-29T02:41:27.0071270+00:00,1681.754,1,1,1,1,1,255,0,0,96,96,1,1,0
2026-09-29T02:41:27.0816531+00:00,1681.829,1,1,1,1,1,255,0,0,96,96,1,1,0
2026-09-29T02:41:27.1546569+00:00,1681.902,1,1,1,1,1,255,0,0,96,96,1,1,0
2026-09-29T02:41:27.2296515+00:00,1681.977,1,1,1,1,1,255,0,0,96,96,1,1,0
2026-09-29T02:41:27.3046589+00:00,1682.052,1,1,1,1,1,255,0,0,96,96,1,1,0
2026-09-29T02:41:27.3746525+00:00,1682.122,1,1,1,1,1,255,0,0,96,96,1,1,0
2026-09-29T02:41:27.4566546+00:00,1682.204,1,1,1,1,1,255,0,0,96,96,1,1,0
2026-09-29T02:41:27.5246530+00:00,1682.272,1,1,1,1,1,255,0,0,96,96,1,1,0
2026-09-29T02:41:27.6096569+00:00,1682.357,1,1,1,1,1,255,0,0,96,96,1,1,0
2026-09-29T02:41:27.6856798+00:00,1682.433,1,1,1,1,1,255,0,0,96,96,1,1,0
2026-09-29T02:41:27.7702210+00:00,1682.517,1,1,1,1,1,255,0,0,96,96,1,1,0
2026-09-29T02:41:27.8432316+00:00,1682.590,1,1,1,1,1,255,0,0,96,96,1,1,0
2026-09-29T02:41:27.9258256+00:00,1682.673,1,1,1,1,1,255,0,0,96,96,1,1,0
2026-09-29T02:41:28.0022325+00:00,1682.749,1,1,1,1,1,255,0,0,96,96,1,1,0
2026-09-29T02:41:28.0722360+00:00,1682.819,1,1,1,1,1,255,0,0,96,96,1,1,0
2026-09-29T02:41:28.1442423+00:00,1682.891,1,1,1,1,1,255,0,0,96,96,1,1,0
2026-09-29T02:41:28.2218152+00:00,1682.969,1,1,1,1,1,255,0,0,96,96,1,1,0
2026-09-29T02:41:28.3058157+00:00,1683.053,1,1,1,1,1,255,0,0,96,96,1,1,0
2026-09-29T02:41:28.3808163+00:00,1683.128,1,1,1,1,1,255,0,0,96,96,1,1,0
2026-09-29T02:41:28.4482234+00:00,1683.195,1,1,1,1,1,255,0,0,96,96,1,1,0
2026-09-29T02:41:28.5279609+00:00,1683.275,1,1,1,1,1,255,0,0,96,96,1,1,0
2026-09-29T02:41:29.2911002+00:00,1684.038,1,1,1,1,1,255,0,0,96,96,1,1,0
2026-09-29T02:41:30.2941031+00:00,1685.041,1,1,1,1,1,255,0,0,96,96,1,1,0
2026-09-29T02:41:31.2960530+00:00,1686.043,1,1,1,1,1,255,0,0,96,96,1,1,0
2026-09-29T02:41:32.2985867+00:00,1687.046,1,1,1,1,1,255,0,0,96,96,1,1,0
2026-09-29T02:41:33.3007600+00:00,1688.048,1,1,1,1,1,255,0,0,96,96,1,1,0
2026-09-29T02:41:34.3024542+00:00,1689.050,1,1,1,1,1,255,0,0,96,96,1,1,0
2026-09-29T02:41:35.3042395+00:00,1690.051,1,1,1,1,1,255,0,0,96,96,1,1,0
2026-09-29T02:41:36.3059552+00:00,1691.053,1,1,1,1,1,255,0,0,96,96,1,1,0
2026-09-29T02:41:37.3156847+00:00,1692.063,1,1,1,1,1,255,0,0,96,96,1,1,0
2026-09-29T02:41:38.3168122+00:00,1693.064,1,1,1,1,1,255,0,0,96,96,1,1,0
2026-09-29T02:41:39.3321604+00:00,1694.079,1,1,1,1,1,255,0,0,96,96,1,1,0
2026-09-29T02:41:40.3336234+00:00,1695.081,1,1,1,1,1,255,0,0,96,96,1,1,0
2026-09-29T02:41:41.3355009+00:00,1696.083,1,1,1,1,1,255,0,0,96,96,1,1,0
2026-09-29T02:41:42.3370356+00:00,1697.084,1,1,1,1,1,255,0,0,96,96,1,1,0
2026-09-29T02:41:43.3391575+00:00,1698.086,1,1,1,1,1,255,0,0,96,96,1,1,0
2026-09-29T02:41:44.3413773+00:00,1699.088,1,1,1,1,1,255,0,0,96,96,1,1,0
2026-09-29T02:41:45.3432221+00:00,1700.090,1,1,1,1,1,255,0,0,96,96,1,1,0
2026-09-29T02:41:46.3449784+00:00,1701.092,1,1,1,1,1,255,0,0,96,96,1,1,0
2026-09-29T02:41:47.3558833+00:00,1702.103,1,1,1,1,1,255,0,0,96,96,1,1,0
2026-09-29T02:41:48.3580111+00:00,1703.105,1,1,1,1,1,255,0,0,96,96,1,1,0
2026-09-29T02:41:49.3598147+00:00,1704.107,1,1,1,1,1,255,0,0,96,96,1,1,0
2026-09-29T02:41:49.4252652+00:00,1704.172,1,1,1,1,1,255,0,0,96,96,1,1,0
2026-09-29T02:41:49.5015858+00:00,1704.249,1,1,1,1,1,255,0,0,96,96,1,1,0
2026-09-29T02:41:49.5762599+00:00,1704.323,1,1,1,1,1,255,0,0,96,96,1,1,0
2026-09-29T02:41:49.6725872+00:00,1704.420,1,1,1,1,1,255,0,0,96,96,1,1,0
2026-09-29T02:41:49.7479777+00:00,1704.495,1,1,1,1,1,255,0,0,96,96,1,1,0
2026-09-29T02:41:49.8206893+00:00,1704.568,1,1,1,1,1,255,0,0,96,96,1,1,0
2026-09-29T02:41:49.8946898+00:00,1704.642,1,1,1,1,1,255,0,0,96,96,1,1,0
2026-09-29T02:41:49.9666775+00:00,1704.714,1,1,1,1,1,255,0,0,96,96,1,1,0
2026-09-29T02:41:50.0283136+00:00,1704.775,1,1,1,1,1,255,0,0,96,96,1,1,0
2026-09-29T02:41:50.1093138+00:00,1704.856,1,1,1,1,1,255,0,0,96,96,1,1,0
2026-09-29T02:41:50.2013035+00:00,1704.948,1,1,1,1,1,255,0,0,96,96,1,1,0
2026-09-29T02:41:50.2796955+00:00,1705.027,1,1,1,1,1,255,0,0,96,96,1,1,0
2026-09-29T02:41:50.3566832+00:00,1705.104,1,1,1,1,1,255,0,0,96,96,1,1,0
2026-09-29T02:41:50.4253049+00:00,1705.172,1,1,1,1,1,255,0,0,96,96,1,1,0
2026-09-29T02:41:50.5136963+00:00,1705.261,1,1,1,1,1,255,0,0,96,96,1,1,0
2026-09-29T02:41:50.5883064+00:00,1705.335,1,1,1,1,1,255,0,0,96,96,1,1,0
2026-09-29T02:41:50.6656997+00:00,1705.413,1,1,1,1,1,255,0,0,96,96,1,1,0
2026-09-29T02:41:50.7278735+00:00,1705.475,1,1,1,1,1,255,0,0,96,96,1,1,0
2026-09-29T02:41:50.8216410+00:00,1705.569,1,1,1,1,1,255,0,0,96,96,1,1,0
2026-09-29T02:41:50.8996416+00:00,1705.647,1,1,1,1,1,255,0,0,96,96,1,1,0
2026-09-29T02:41:51.6634288+00:00,1706.410,1,1,1,1,1,255,0,0,96,96,1,1,0
2026-09-29T02:41:52.6667410+00:00,1707.414,1,1,1,1,1,255,0,0,96,96,1,1,0
2026-09-29T02:41:53.6690894+00:00,1708.416,1,1,1,1,1,255,0,0,96,96,1,1,0
2026-09-29T02:41:54.6707337+00:00,1709.418,1,1,1,1,1,255,0,0,96,96,1,1,0
2026-09-29T02:41:55.6724547+00:00,1710.419,1,1,1,1,1,255,0,0,96,96,1,1,0
2026-09-29T02:41:56.6737951+00:00,1711.421,1,1,1,1,1,255,0,0,96,96,1,1,0
2026-09-29T02:41:57.6756278+00:00,1712.423,1,1,1,1,1,255,0,0,96,96,1,1,0
2026-09-29T02:41:58.6772587+00:00,1713.424,1,1,1,1,1,255,0,0,96,96,1,1,0
2026-09-29T02:41:59.6916768+00:00,1714.439,1,1,1,1,1,255,0,0,96,96,1,1,0
2026-09-29T02:42:00.6934005+00:00,1715.440,1,1,1,1,1,255,0,0,96,96,1,1,0
2026-09-29T02:42:01.7071703+00:00,1716.454,1,1,1,1,1,255,0,0,96,96,1,1,0
2026-09-29T02:42:02.7084719+00:00,1717.455,1,1,1,1,1,255,0,0,96,96,1,1,0
2026-09-29T02:42:03.7097569+00:00,1718.457,1,1,1,1,1,255,0,0,96,96,1,1,0
2026-09-29T02:42:04.7113816+00:00,1719.458,1,1,1,1,1,255,0,0,96,96,1,1,0
2026-09-29T02:42:05.7133857+00:00,1720.460,1,1,1,1,1,255,0,0,96,96,1,1,0
2026-09-29T02:42:06.7147587+00:00,1721.462,1,1,1,1,1,255,0,0,96,96,1,1,0
2026-09-29T02:42:07.7161682+00:00,1722.463,1,1,1,1,1,255,0,0,96,96,1,1,0
2026-09-29T02:42:08.7176327+00:00,1723.464,1,1,1,1,1,255,0,0,96,96,1,1,0
2026-09-29T02:42:09.7197391+00:00,1724.467,1,1,1,1,1,255,0,0,96,96,1,1,0
2026-09-29T02:42:10.7219927+00:00,1725.469,1,1,1,1,1,255,0,0,96,96,1,1,0
2026-09-29T02:42:11.7238511+00:00,1726.471,1,1,1,1,1,255,0,0,96,96,1,1,0
2026-09-29T02:42:11.8148324+00:00,1726.562,1,1,1,1,1,255,0,0,96,96,1,1,0
2026-09-29T02:42:11.8918442+00:00,1726.639,1,1,1,1,1,255,0,0,96,96,1,1,0
2026-09-29T02:42:11.9628346+00:00,1726.710,1,1,1,1,1,255,0,0,96,96,1,1,0
2026-09-29T02:42:12.0228371+00:00,1726.770,1,1,1,1,1,255,0,0,96,96,1,1,0
2026-09-29T02:42:12.1068348+00:00,1726.854,1,1,1,1,1,255,0,0,96,96,1,1,0
2026-09-29T02:42:12.1888395+00:00,1726.936,1,1,1,1,1,255,0,0,96,96,1,1,0
2026-09-29T02:42:12.2588360+00:00,1727.006,1,1,1,1,1,255,0,0,96,96,1,1,0
2026-09-29T02:42:12.3408363+00:00,1727.088,1,1,1,1,1,255,0,0,96,96,1,1,0
2026-09-29T02:42:12.4088371+00:00,1727.156,1,1,1,1,1,255,0,0,96,96,1,1,0
2026-09-29T02:42:12.4898379+00:00,1727.237,1,1,1,1,1,255,0,0,96,96,1,1,0
2026-09-29T02:42:12.5698392+00:00,1727.317,1,1,1,1,1,255,0,0,96,96,1,1,0
2026-09-29T02:42:12.6438539+00:00,1727.391,1,1,1,1,1,255,0,0,96,96,1,1,0
2026-09-29T02:42:12.7234085+00:00,1727.470,1,1,1,1,1,255,0,0,96,96,1,1,0
2026-09-29T02:42:12.7884095+00:00,1727.535,1,1,1,1,1,255,0,0,96,96,1,1,0
2026-09-29T02:42:12.8584210+00:00,1727.605,1,1,1,1,1,255,0,0,96,96,1,1,0
2026-09-29T02:42:12.9374103+00:00,1727.684,1,1,1,1,1,255,0,0,96,96,1,1,0
2026-09-29T02:42:12.9998934+00:00,1727.747,1,1,1,1,1,255,0,0,96,96,1,1,0
2026-09-29T02:42:13.0933960+00:00,1727.840,1,1,1,1,1,255,0,0,96,96,1,1,0
2026-09-29T02:42:13.1693862+00:00,1727.916,1,1,1,1,1,255,0,0,96,96,1,1,0
2026-09-29T02:42:13.2403973+00:00,1727.987,1,1,1,1,1,255,0,0,96,96,1,1,0
2026-09-29T02:42:14.0075666+00:00,1728.754,1,1,1,1,1,255,0,0,96,96,1,1,0
2026-09-29T02:42:15.0106495+00:00,1729.757,1,1,1,1,1,255,0,0,96,96,1,1,0
2026-09-29T02:42:16.0124490+00:00,1730.759,1,1,1,1,1,255,0,0,96,96,1,1,0
2026-09-29T02:42:17.0205535+00:00,1731.767,1,1,1,1,1,255,0,0,96,96,1,1,0
2026-09-29T02:42:18.0222285+00:00,1732.769,1,1,1,1,1,255,0,0,96,96,1,1,0
2026-09-29T02:42:19.0245384+00:00,1733.771,1,1,1,1,1,255,0,0,96,96,1,1,0
2026-09-29T02:42:20.0261927+00:00,1734.773,1,1,1,1,1,255,0,0,96,96,1,1,0
2026-09-29T02:42:21.0279659+00:00,1735.775,1,1,1,1,1,255,0,0,96,96,1,1,0
2026-09-29T02:42:22.0345769+00:00,1736.781,1,1,1,1,1,255,0,0,96,96,1,1,0
2026-09-29T02:42:23.0367740+00:00,1737.783,1,1,1,1,1,255,0,0,96,96,1,1,0
2026-09-29T02:42:24.0385163+00:00,1738.785,1,1,1,1,1,255,0,0,96,96,1,1,0
2026-09-29T02:42:25.0407342+00:00,1739.787,1,1,1,1,1,255,0,0,96,96,1,1,0
2026-09-29T02:42:26.0424158+00:00,1740.789,1,1,1,1,1,255,0,0,96,96,1,1,0
2026-09-29T02:42:27.0442176+00:00,1741.791,1,1,1,1,1,255,0,0,96,96,1,1,0
2026-09-29T02:42:28.0463844+00:00,1742.793,1,1,1,1,1,255,0,0,96,96,1,1,0
2026-09-29T02:42:29.0482774+00:00,1743.795,1,1,1,1,1,255,0,0,96,96,1,1,0
2026-09-29T02:42:30.0505794+00:00,1744.797,1,1,1,1,1,255,0,0,96,96,1,1,0
2026-09-29T02:42:31.0522967+00:00,1745.799,1,1,1,1,1,255,0,0,96,96,1,1,0
2026-09-29T02:42:32.0539260+00:00,1746.801,1,1,1,1,1,255,0,0,96,96,1,1,0
2026-09-29T02:42:33.0559963+00:00,1747.803,1,1,1,1,1,255,0,0,96,96,1,1,0
2026-09-29T02:42:34.0581793+00:00,1748.805,1,1,1,1,1,255,0,0,96,96,1,1,0
2026-09-29T02:42:34.1231591+00:00,1748.870,1,1,1,1,1,255,0,0,96,96,1,1,0
2026-09-29T02:42:34.2001706+00:00,1748.947,1,1,1,1,1,255,0,0,96,96,1,1,0
2026-09-29T02:42:34.2831595+00:00,1749.030,1,1,1,1,1,255,0,0,96,96,1,1,0
2026-09-29T02:42:34.3591597+00:00,1749.106,1,1,1,1,1,255,0,0,96,96,1,1,0
2026-09-29T02:42:34.4191602+00:00,1749.166,1,1,1,1,1,255,0,0,96,96,1,1,0
2026-09-29T02:42:34.5031650+00:00,1749.250,1,1,1,1,1,255,0,0,96,96,1,1,0
2026-09-29T02:42:34.5791644+00:00,1749.326,1,1,1,1,1,255,0,0,96,96,1,1,0
2026-09-29T02:42:34.6581673+00:00,1749.405,1,1,1,1,1,255,0,0,96,96,1,1,0
2026-09-29T02:42:34.7347286+00:00,1749.481,1,1,1,1,1,255,0,0,96,96,1,1,0
2026-09-29T02:42:34.8043136+00:00,1749.551,1,1,1,1,1,255,0,0,96,96,1,1,0
2026-09-29T02:42:34.8873251+00:00,1749.634,1,1,1,1,1,255,0,0,96,96,1,1,0
2026-09-29T02:42:34.9683144+00:00,1749.715,1,1,1,1,1,255,0,0,96,96,1,1,0
2026-09-29T02:42:35.0465331+00:00,1749.793,1,1,1,1,1,255,0,0,96,96,1,1,0
2026-09-29T02:42:35.1295250+00:00,1749.876,1,1,1,1,1,255,0,0,96,96,1,1,0
2026-09-29T02:42:35.2005332+00:00,1749.947,1,1,1,1,1,255,0,0,96,96,1,1,0
2026-09-29T02:42:35.2795406+00:00,1750.026,1,1,1,1,1,255,0,0,96,96,1,1,0
2026-09-29T02:42:35.3565376+00:00,1750.103,1,1,1,1,1,255,0,0,96,96,1,1,0
2026-09-29T02:42:35.4205261+00:00,1750.167,1,1,1,1,1,255,0,0,96,96,1,1,0
2026-09-29T02:42:35.4935394+00:00,1750.240,1,1,1,1,1,255,0,0,96,96,1,1,0
2026-09-29T02:42:35.5685441+00:00,1750.315,1,1,1,1,1,255,0,0,96,96,1,1,0
2026-09-29T02:42:36.3456339+00:00,1751.092,1,1,1,1,1,255,0,0,96,96,1,1,0
2026-09-29T02:42:37.3483197+00:00,1752.095,1,1,1,1,1,255,0,0,96,96,1,1,0
2026-09-29T02:42:38.3500074+00:00,1753.097,1,1,1,1,1,255,0,0,96,96,1,1,0
2026-09-29T02:42:39.3521532+00:00,1754.099,1,1,1,1,1,255,0,0,96,96,1,1,0
2026-09-29T02:42:40.3537166+00:00,1755.100,1,1,1,1,1,255,0,0,96,96,1,1,0
2026-09-29T02:42:41.3554262+00:00,1756.102,1,1,1,1,1,255,0,0,96,96,1,1,0
2026-09-29T02:42:42.3569861+00:00,1757.103,1,1,1,1,1,255,0,0,96,96,1,1,0
2026-09-29T02:42:43.3586239+00:00,1758.105,1,1,1,1,1,255,0,0,96,96,1,1,0
2026-09-29T02:42:44.3648555+00:00,1759.111,1,1,1,1,1,255,0,0,96,96,1,1,0
2026-09-29T02:42:45.3721434+00:00,1760.119,1,1,1,1,1,255,0,0,96,96,1,1,0
2026-09-29T02:42:46.3818918+00:00,1761.128,1,1,1,1,1,255,0,0,96,96,1,1,0
2026-09-29T02:42:47.3973391+00:00,1762.144,1,1,1,1,1,255,0,0,96,96,1,1,0
2026-09-29T02:42:48.3994464+00:00,1763.146,1,1,1,1,1,255,0,0,96,96,1,1,0
2026-09-29T02:42:49.4008465+00:00,1764.147,1,1,1,1,1,255,0,0,96,96,1,1,0
2026-09-29T02:42:50.4025144+00:00,1765.149,1,1,1,1,1,255,0,0,96,96,1,1,0
2026-09-29T02:42:51.4039801+00:00,1766.150,1,1,1,1,1,255,0,0,96,96,1,1,0
2026-09-29T02:42:52.4055333+00:00,1767.152,1,1,1,1,1,255,0,0,96,96,1,1,0
2026-09-29T02:42:53.4076095+00:00,1768.154,1,1,1,1,1,255,0,0,96,96,1,1,0
2026-09-29T02:42:54.4096989+00:00,1769.156,1,1,1,1,1,255,0,0,96,96,1,1,0
2026-09-29T02:42:55.4114284+00:00,1770.158,1,1,1,1,1,255,0,0,96,96,1,1,0
2026-09-29T02:42:56.4127035+00:00,1771.159,1,1,1,1,1,255,0,0,96,96,1,1,0
2026-09-29T02:42:56.4846974+00:00,1771.231,1,1,1,1,1,255,0,0,96,96,1,1,0
2026-09-29T02:42:56.5597039+00:00,1771.306,1,1,1,1,1,255,0,0,96,96,1,1,0
2026-09-29T02:42:56.6267043+00:00,1771.373,1,1,1,1,1,255,0,0,96,96,1,1,0
2026-09-29T02:42:56.7157935+00:00,1771.462,1,1,1,1,1,255,0,0,96,96,1,1,0
2026-09-29T02:42:56.7828198+00:00,1771.529,1,1,1,1,1,255,0,0,96,96,1,1,0
2026-09-29T02:42:56.8558176+00:00,1771.602,1,1,1,1,1,255,0,0,96,96,1,1,0
2026-09-29T02:42:56.9208179+00:00,1771.667,1,1,1,1,1,255,0,0,96,96,1,1,0
2026-09-29T02:42:56.9928188+00:00,1771.739,1,1,1,1,1,255,0,0,96,96,1,1,0
2026-09-29T02:42:57.0653893+00:00,1771.812,1,1,1,1,1,255,0,0,96,96,1,1,0
2026-09-29T02:42:57.1253866+00:00,1771.872,1,1,1,1,1,255,0,0,96,96,1,1,0
2026-09-29T02:42:57.2113990+00:00,1771.958,1,1,1,1,1,255,0,0,96,96,1,1,0
2026-09-29T02:42:57.2833883+00:00,1772.030,1,1,1,1,1,255,0,0,96,96,1,1,0
2026-09-29T02:42:57.3633889+00:00,1772.111,1,1,1,1,1,255,0,0,96,96,1,1,0
2026-09-29T02:42:57.4293895+00:00,1772.176,1,1,1,1,1,255,0,0,96,96,1,1,0
2026-09-29T02:42:57.5114011+00:00,1772.258,1,1,1,1,1,255,0,0,96,96,1,1,0
2026-09-29T02:42:57.5793907+00:00,1772.326,1,1,1,1,1,255,0,0,96,96,1,1,0
2026-09-29T02:42:57.6504025+00:00,1772.397,1,1,1,1,1,255,0,0,96,96,1,1,0
2026-09-29T02:42:57.7164015+00:00,1772.463,1,1,1,1,1,255,0,0,96,96,1,1,0
2026-09-29T02:42:57.7979708+00:00,1772.544,1,1,1,1,1,255,0,0,96,96,1,1,0
2026-09-29T02:42:57.8749715+00:00,1772.621,1,1,1,1,1,255,0,0,96,96,1,1,0
2026-09-29T02:42:58.6328029+00:00,1773.379,1,1,1,1,1,255,0,0,96,96,1,1,0
2026-09-29T02:42:59.6362566+00:00,1774.383,1,1,1,1,1,255,0,0,96,96,1,1,0
2026-09-29T02:43:00.6383317+00:00,1775.385,1,1,1,1,1,255,0,0,96,96,1,1,0
2026-09-29T02:43:01.6401221+00:00,1776.386,1,1,1,1,1,255,0,0,96,96,1,1,0
2026-09-29T02:43:02.6413196+00:00,1777.388,1,1,1,1,1,255,0,0,96,96,1,1,0
2026-09-29T02:43:03.6434036+00:00,1778.390,1,1,1,1,1,255,0,0,96,96,1,1,0
2026-09-29T02:43:04.6454555+00:00,1779.392,1,1,1,1,1,255,0,0,96,96,1,1,0
2026-09-29T02:43:05.6467556+00:00,1780.393,1,1,1,1,1,255,0,0,96,96,1,1,0
2026-09-29T02:43:06.6489601+00:00,1781.395,1,1,1,1,1,255,0,0,96,96,1,1,0
2026-09-29T02:43:07.6612640+00:00,1782.408,1,1,1,1,1,255,0,0,96,96,1,1,0
2026-09-29T02:43:08.6628409+00:00,1783.409,1,1,1,1,1,255,0,0,96,96,1,1,0
2026-09-29T02:43:09.6646202+00:00,1784.411,1,1,1,1,1,255,0,0,96,96,1,1,0
2026-09-29T02:43:10.6658810+00:00,1785.412,1,1,1,1,1,255,0,0,96,96,1,1,0
2026-09-29T02:43:11.6672959+00:00,1786.414,1,1,1,1,1,255,0,0,96,96,1,1,0
2026-09-29T02:43:12.6688498+00:00,1787.415,1,1,1,1,1,255,0,0,96,96,1,1,0
2026-09-29T02:43:13.6705122+00:00,1788.417,1,1,1,1,1,255,0,0,96,96,1,1,0
2026-09-29T02:43:14.6717824+00:00,1789.418,1,1,1,1,1,255,0,0,96,96,1,1,0
2026-09-29T02:43:15.6730630+00:00,1790.419,1,1,1,1,1,255,0,0,96,96,1,1,0
2026-09-29T02:43:16.6748147+00:00,1791.421,1,1,1,1,1,255,0,0,96,96,1,1,0
2026-09-29T02:43:17.6758961+00:00,1792.422,1,1,1,1,1,255,0,0,96,96,1,1,0
2026-09-29T02:43:18.6781399+00:00,1793.424,1,1,1,1,1,255,0,0,96,96,1,1,0
2026-09-29T02:43:18.7477053+00:00,1793.494,1,1,1,1,1,255,0,0,96,96,1,1,0
2026-09-29T02:43:18.8212681+00:00,1793.567,1,1,1,1,1,255,0,0,96,96,1,1,0
2026-09-29T02:43:18.8932618+00:00,1793.639,1,1,1,1,1,255,0,0,96,96,1,1,0
2026-09-29T02:43:18.9692691+00:00,1793.715,1,1,1,1,1,255,0,0,96,96,1,1,0
2026-09-29T02:43:19.0282784+00:00,1793.774,1,1,1,1,1,255,0,0,96,96,1,1,0
2026-09-29T02:43:19.1208045+00:00,1793.867,1,1,1,1,1,255,0,0,96,96,1,1,0
2026-09-29T02:43:19.1968112+00:00,1793.943,1,1,1,1,1,255,0,0,96,96,1,1,0
2026-09-29T02:43:19.2628058+00:00,1794.009,1,1,1,1,1,255,0,0,96,96,1,1,0
2026-09-29T02:43:19.3428167+00:00,1794.089,1,1,1,1,1,255,0,0,96,96,1,1,0
2026-09-29T02:43:19.4099890+00:00,1794.156,1,1,1,1,1,255,0,0,96,96,1,1,0
2026-09-29T02:43:19.5161038+00:00,1794.262,1,1,1,1,1,255,0,0,96,96,1,1,0
2026-09-29T02:43:19.5891223+00:00,1794.335,1,1,1,1,1,255,0,0,96,96,1,1,0
2026-09-29T02:43:19.6571046+00:00,1794.403,1,1,1,1,1,255,0,0,96,96,1,1,0
2026-09-29T02:43:19.7381373+00:00,1794.484,1,1,1,1,1,255,0,0,96,96,1,1,0
2026-09-29T02:43:19.8072179+00:00,1794.553,1,1,1,1,1,255,0,0,96,96,1,1,0
2026-09-29T02:43:19.8932254+00:00,1794.639,1,1,1,1,1,255,0,0,96,96,1,1,0
2026-09-29T02:43:19.9682257+00:00,1794.714,1,1,1,1,1,255,0,0,96,96,1,1,0
2026-09-29T02:43:20.0282169+00:00,1794.774,1,1,1,1,1,255,0,0,96,96,1,1,0
2026-09-29T02:43:20.1102173+00:00,1794.856,1,1,1,1,1,255,0,0,96,96,1,1,0
2026-09-29T02:43:20.1852190+00:00,1794.931,1,1,1,1,1,255,0,0,96,96,1,1,0
2026-09-29T02:43:20.9431777+00:00,1795.689,1,1,1,1,1,255,0,0,96,96,1,1,0
2026-09-29T02:43:21.9460696+00:00,1796.692,1,1,1,1,1,255,0,0,96,96,1,1,0
2026-09-29T02:43:22.9476108+00:00,1797.694,1,1,1,1,1,255,0,0,96,96,1,1,0
2026-09-29T02:43:23.9497824+00:00,1798.696,1,1,1,1,1,255,0,0,96,96,1,1,0
2026-09-29T02:43:24.9513956+00:00,1799.698,1,1,1,1,1,255,0,0,96,96,1,1,0
2026-09-29T02:43:25.9532091+00:00,1800.699,1,1,1,1,1,255,0,0,96,96,1,1,0
2026-09-29T02:43:26.9548562+00:00,1801.701,1,1,1,1,1,255,0,0,96,96,1,1,0
2026-09-29T02:43:27.9564524+00:00,1802.703,1,1,1,1,1,255,0,0,96,96,1,1,0
2026-09-29T02:43:28.9580745+00:00,1803.704,1,1,1,1,1,255,0,0,96,96,1,1,0
2026-09-29T02:43:29.9607809+00:00,1804.707,1,1,1,1,1,255,0,0,96,96,1,1,0
2026-09-29T02:43:30.9741323+00:00,1805.720,1,1,1,1,1,255,0,0,96,96,1,1,0
2026-09-29T02:43:31.9762121+00:00,1806.722,1,1,1,1,1,255,0,0,96,96,1,1,0
2026-09-29T02:43:32.9777616+00:00,1807.724,1,1,1,1,1,255,0,0,96,96,1,1,0
2026-09-29T02:43:33.9794721+00:00,1808.726,1,1,1,1,1,255,0,0,96,96,1,1,0
2026-09-29T02:43:34.9811745+00:00,1809.727,1,1,1,1,1,255,0,0,96,96,1,1,0
2026-09-29T02:43:35.9833116+00:00,1810.729,1,1,1,1,1,255,0,0,96,96,1,1,0
2026-09-29T02:43:36.9848683+00:00,1811.731,1,1,1,1,1,255,0,0,96,96,1,1,0
2026-09-29T02:43:37.9871234+00:00,1812.733,1,1,1,1,1,255,0,0,96,96,1,1,0
2026-09-29T02:43:38.9884186+00:00,1813.734,1,1,1,1,1,255,0,0,96,96,1,1,0
2026-09-29T02:43:39.9901942+00:00,1814.736,1,1,1,1,1,255,0,0,96,96,1,1,0
2026-09-29T02:43:40.9918011+00:00,1815.738,1,1,1,1,1,255,0,0,96,96,1,1,0
2026-09-29T02:43:41.0743819+00:00,1815.820,1,1,1,1,1,255,0,0,96,96,1,1,0
2026-09-29T02:43:41.1353784+00:00,1815.881,1,1,1,1,1,255,0,0,96,96,1,1,0
2026-09-29T02:43:41.2203896+00:00,1815.966,1,1,1,1,1,255,0,0,96,96,1,1,0
2026-09-29T02:43:41.2963937+00:00,1816.042,1,1,1,1,1,255,0,0,96,96,1,1,0
2026-09-29T02:43:41.3723815+00:00,1816.118,1,1,1,1,1,255,0,0,96,96,1,1,0
2026-09-29T02:43:41.4463823+00:00,1816.192,1,1,1,1,1,255,0,0,96,96,1,1,0
2026-09-29T02:43:41.5183826+00:00,1816.264,1,1,1,1,1,255,0,0,96,96,1,1,0
2026-09-29T02:43:41.5853864+00:00,1816.331,1,1,1,1,1,255,0,0,96,96,1,1,0
2026-09-29T02:43:41.6593951+00:00,1816.405,1,1,1,1,1,255,0,0,96,96,1,1,0
2026-09-29T02:43:41.7333897+00:00,1816.479,1,1,1,1,1,255,0,0,96,96,1,1,0
2026-09-29T02:43:41.8079374+00:00,1816.554,1,1,1,1,1,255,0,0,96,96,1,1,0
2026-09-29T02:43:41.8794372+00:00,1816.625,1,1,1,1,1,255,0,0,96,96,1,1,0
2026-09-29T02:43:41.9479416+00:00,1816.694,1,1,1,1,1,255,0,0,96,96,1,1,0
2026-09-29T02:43:42.0299395+00:00,1816.776,1,1,1,1,1,255,0,0,96,96,1,1,0
2026-09-29T02:43:42.1094320+00:00,1816.855,1,1,1,1,1,255,0,0,96,96,1,1,0
2026-09-29T02:43:42.1754212+00:00,1816.922,1,1,1,1,1,255,0,0,96,96,1,1,0
2026-09-29T02:43:42.2509415+00:00,1816.997,1,1,1,1,1,255,0,0,96,96,1,1,0
2026-09-29T02:43:42.3294409+00:00,1817.075,1,1,1,1,1,255,0,0,96,96,1,1,0
2026-09-29T02:43:42.3944402+00:00,1817.140,1,1,1,1,1,255,0,0,96,96,1,1,0
2026-09-29T02:43:42.4669549+00:00,1817.213,1,1,1,1,1,255,0,0,96,96,1,1,0
2026-09-29T02:43:43.2405919+00:00,1817.987,1,1,1,1,1,255,0,0,96,96,1,1,0
2026-09-29T02:43:44.2430082+00:00,1818.989,1,1,1,1,1,255,0,0,96,96,1,1,0
2026-09-29T02:43:45.2441749+00:00,1819.990,1,1,1,1,1,255,0,0,96,96,1,1,0
2026-09-29T02:43:46.2463305+00:00,1820.992,1,1,1,1,1,255,0,0,96,96,1,1,0
2026-09-29T02:43:47.2556657+00:00,1822.002,1,1,1,1,1,255,0,0,96,96,1,1,0
2026-09-29T02:43:48.2577542+00:00,1823.004,1,1,1,1,1,255,0,0,96,96,1,1,0
2026-09-29T02:43:49.2591350+00:00,1824.005,1,1,1,1,1,255,0,0,96,96,1,1,0
2026-09-29T02:43:50.2610193+00:00,1825.007,1,1,1,1,1,255,0,0,96,96,1,1,0
2026-09-29T02:43:51.2763536+00:00,1826.022,1,1,1,1,1,255,0,0,96,96,1,1,0
2026-09-29T02:43:52.2909273+00:00,1827.037,1,1,1,1,1,255,0,0,96,96,1,1,0
2026-09-29T02:43:53.3046395+00:00,1828.051,1,1,1,1,1,255,0,0,96,96,1,1,0
2026-09-29T02:43:54.3062874+00:00,1829.052,1,1,1,1,1,255,0,0,96,96,1,1,0
2026-09-29T02:43:55.3079800+00:00,1830.054,1,1,1,1,1,255,0,0,96,96,1,1,0
2026-09-29T02:43:56.3098212+00:00,1831.056,1,1,1,1,1,255,0,0,96,96,1,1,0
2026-09-29T02:43:57.3110666+00:00,1832.057,1,1,1,1,1,255,0,0,96,96,1,1,0
2026-09-29T02:43:58.3126279+00:00,1833.058,1,1,1,1,1,255,0,0,96,96,1,1,0
2026-09-29T02:43:59.3145277+00:00,1834.060,1,1,1,1,1,255,0,0,96,96,1,1,0
2026-09-29T02:44:00.3164916+00:00,1835.062,1,1,1,1,1,255,0,0,96,96,1,1,0
2026-09-29T02:44:01.3182848+00:00,1836.064,1,1,1,1,1,255,0,0,96,96,1,1,0
2026-09-29T02:44:02.3201412+00:00,1837.066,1,1,1,1,1,255,0,0,96,96,1,1,0
2026-09-29T02:44:03.3222219+00:00,1838.068,1,1,1,1,1,255,0,0,96,96,1,1,0
2026-09-29T02:44:03.3902129+00:00,1838.136,1,1,1,1,1,255,0,0,96,96,1,1,0
2026-09-29T02:44:03.4622124+00:00,1838.208,1,1,1,1,1,255,0,0,96,96,1,1,0
2026-09-29T02:44:03.5242136+00:00,1838.270,1,1,1,1,1,255,0,0,96,96,1,1,0
2026-09-29T02:44:03.6092246+00:00,1838.355,1,1,1,1,1,255,0,0,96,96,1,1,0
2026-09-29T02:44:03.6782329+00:00,1838.424,1,1,1,1,1,255,0,0,96,96,1,1,0
2026-09-29T02:44:03.7482341+00:00,1838.494,1,1,1,1,1,255,0,0,96,96,1,1,0
2026-09-29T02:44:03.8108050+00:00,1838.557,1,1,1,1,1,255,0,0,96,96,1,1,0
2026-09-29T02:44:03.8918283+00:00,1838.638,1,1,1,1,1,255,0,0,96,96,1,1,0
2026-09-29T02:44:03.9741478+00:00,1838.720,1,1,1,1,1,255,0,0,96,96,1,1,0
2026-09-29T02:44:04.0538367+00:00,1838.800,1,1,1,1,1,255,0,0,96,96,1,1,0
2026-09-29T02:44:04.1308374+00:00,1838.877,1,1,1,1,1,255,0,0,96,96,1,1,0
2026-09-29T02:44:04.2068203+00:00,1838.953,1,1,1,1,1,255,0,0,96,96,1,1,0
2026-09-29T02:44:04.2838380+00:00,1839.030,1,1,1,1,1,255,0,0,96,96,1,1,0
2026-09-29T02:44:04.3621408+00:00,1839.108,1,1,1,1,1,255,0,0,96,96,1,1,0
2026-09-29T02:44:04.4361586+00:00,1839.182,1,1,1,1,1,255,0,0,96,96,1,1,0
2026-09-29T02:44:04.5091417+00:00,1839.255,1,1,1,1,1,255,0,0,96,96,1,1,0
2026-09-29T02:44:04.5861510+00:00,1839.332,1,1,1,1,1,255,0,0,96,96,1,1,0
2026-09-29T02:44:04.6571434+00:00,1839.403,1,1,1,1,1,255,0,0,96,96,1,1,0
2026-09-29T02:44:04.7288343+00:00,1839.475,1,1,1,1,1,255,0,0,96,96,1,1,0
2026-09-29T02:44:04.7994704+00:00,1839.545,1,1,1,1,1,255,0,0,96,96,1,1,0
2026-09-29T02:44:05.5525542+00:00,1840.298,1,1,1,1,1,255,0,0,96,96,1,1,0
2026-09-29T02:44:06.5544894+00:00,1841.300,1,1,1,1,1,255,0,0,96,96,1,1,0
2026-09-29T02:44:07.5561078+00:00,1842.302,1,1,1,1,1,255,0,0,96,96,1,1,0
2026-09-29T02:44:08.5573554+00:00,1843.303,1,1,1,1,1,255,0,0,96,96,1,1,0
2026-09-29T02:44:09.5593205+00:00,1844.305,1,1,1,1,1,255,0,0,96,96,1,1,0
2026-09-29T02:44:10.5609619+00:00,1845.307,1,1,1,1,1,255,0,0,96,96,1,1,0
2026-09-29T02:44:11.5626669+00:00,1846.308,1,1,1,1,1,255,0,0,96,96,1,1,0
2026-09-29T02:44:12.5638111+00:00,1847.310,1,1,1,1,1,255,0,0,96,96,1,1,0
2026-09-29T02:44:13.5798857+00:00,1848.326,1,1,1,1,1,255,0,0,96,96,1,1,0
2026-09-29T02:44:14.5971031+00:00,1849.343,1,1,1,1,1,255,0,0,96,96,1,1,0
2026-09-29T02:44:15.5983378+00:00,1850.344,1,1,1,1,1,255,0,0,96,96,1,1,0
2026-09-29T02:44:16.6001049+00:00,1851.346,1,1,1,1,1,255,0,0,96,96,1,1,0
2026-09-29T02:44:17.6010127+00:00,1852.347,1,1,1,1,1,255,0,0,96,96,1,1,0
2026-09-29T02:44:18.6031020+00:00,1853.349,1,1,1,1,1,255,0,0,96,96,1,1,0
2026-09-29T02:44:19.6048352+00:00,1854.350,1,1,1,1,1,255,0,0,96,96,1,1,0
2026-09-29T02:44:20.6065355+00:00,1855.352,1,1,1,1,1,255,0,0,96,96,1,1,0
2026-09-29T02:44:21.6072888+00:00,1856.353,1,1,1,1,1,255,0,0,96,96,1,1,0
2026-09-29T02:44:22.6094873+00:00,1857.355,1,1,1,1,1,255,0,0,96,96,1,1,0
2026-09-29T02:44:23.6115811+00:00,1858.357,1,1,1,1,1,255,0,0,96,96,1,1,0
2026-09-29T02:44:24.6128098+00:00,1859.358,1,1,1,1,1,255,0,0,96,96,1,1,0
2026-09-29T02:44:25.6149381+00:00,1860.361,1,1,1,1,1,255,0,0,96,96,1,1,0
2026-09-29T02:44:25.6859312+00:00,1860.433,1,1,1,1,1,255,0,0,96,96,1,1,0
2026-09-29T02:44:25.7609500+00:00,1860.507,1,1,1,1,1,255,0,0,96,96,1,1,0
2026-09-29T02:44:25.8231134+00:00,1860.569,1,1,1,1,1,255,0,0,96,96,1,1,0
2026-09-29T02:44:25.9061138+00:00,1860.652,1,1,1,1,1,255,0,0,96,96,1,1,0
2026-09-29T02:44:25.9741305+00:00,1860.720,1,1,1,1,1,255,0,0,96,96,1,1,0
2026-09-29T02:44:26.0461149+00:00,1860.792,1,1,1,1,1,255,0,0,96,96,1,1,0
2026-09-29T02:44:26.1351190+00:00,1860.881,1,1,1,1,1,255,0,0,96,96,1,1,0
2026-09-29T02:44:26.1971157+00:00,1860.943,1,1,1,1,1,255,0,0,96,96,1,1,0
2026-09-29T02:44:26.2781161+00:00,1861.024,1,1,1,1,1,255,0,0,96,96,1,1,0
2026-09-29T02:44:26.3491236+00:00,1861.095,1,1,1,1,1,255,0,0,96,96,1,1,0
2026-09-29T02:44:26.4211211+00:00,1861.167,1,1,1,1,1,255,0,0,96,96,1,1,0
2026-09-29T02:44:26.4971176+00:00,1861.243,1,1,1,1,1,255,0,0,96,96,1,1,0
2026-09-29T02:44:26.5621185+00:00,1861.308,1,1,1,1,1,255,0,0,96,96,1,1,0
2026-09-29T02:44:26.6411192+00:00,1861.387,1,1,1,1,1,255,0,0,96,96,1,1,0
2026-09-29T02:44:26.7046972+00:00,1861.450,1,1,1,1,1,255,0,0,96,96,1,1,0
2026-09-29T02:44:26.7875142+00:00,1861.533,1,1,1,1,1,255,0,0,96,96,1,1,0
2026-09-29T02:44:26.8625177+00:00,1861.608,1,1,1,1,1,255,0,0,96,96,1,1,0
2026-09-29T02:44:26.9285263+00:00,1861.674,1,1,1,1,1,255,0,0,96,96,1,1,0
2026-09-29T02:44:26.9995167+00:00,1861.745,1,1,1,1,1,255,0,0,96,96,1,1,0
2026-09-29T02:44:27.0730885+00:00,1861.819,1,1,1,1,1,255,0,0,96,96,1,1,0
2026-09-29T02:44:27.8475300+00:00,1862.593,1,1,1,1,1,255,0,0,96,96,1,1,0
2026-09-29T02:44:28.8497700+00:00,1863.595,1,1,1,1,1,255,0,0,96,96,1,1,0
2026-09-29T02:44:29.8515893+00:00,1864.597,1,1,1,1,1,255,0,0,96,96,1,1,0
2026-09-29T02:44:30.8537231+00:00,1865.599,1,1,1,1,1,255,0,0,96,96,1,1,0
2026-09-29T02:44:31.8549836+00:00,1866.601,1,1,1,1,1,255,0,0,96,96,1,1,0
2026-09-29T02:44:32.8565326+00:00,1867.602,1,1,1,1,1,255,0,0,96,96,1,1,0
2026-09-29T02:44:33.8586832+00:00,1868.604,1,1,1,1,1,255,0,0,96,96,1,1,0
2026-09-29T02:44:34.8599196+00:00,1869.605,1,1,1,1,1,255,0,0,96,96,1,1,0
2026-09-29T02:44:35.8745965+00:00,1870.620,1,1,1,1,1,255,0,0,96,96,1,1,0
2026-09-29T02:44:36.8836212+00:00,1871.629,1,1,1,1,1,255,0,0,96,96,1,1,0
2026-09-29T02:44:37.8962416+00:00,1872.642,1,1,1,1,1,255,0,0,96,96,1,1,0
2026-09-29T02:44:38.8983486+00:00,1873.644,1,1,1,1,1,255,0,0,96,96,1,1,0
2026-09-29T02:44:39.8997895+00:00,1874.645,1,1,1,1,1,255,0,0,96,96,1,1,0
2026-09-29T02:44:40.9016579+00:00,1875.647,1,1,1,1,1,255,0,0,96,96,1,1,0
2026-09-29T02:44:41.9033696+00:00,1876.649,1,1,1,1,1,255,0,0,96,96,1,1,0
2026-09-29T02:44:42.9049156+00:00,1877.650,1,1,1,1,1,255,0,0,96,96,1,1,0
2026-09-29T02:44:43.9066466+00:00,1878.652,1,1,1,1,1,255,0,0,96,96,1,1,0
2026-09-29T02:44:44.9087753+00:00,1879.654,1,1,1,1,1,255,0,0,96,96,1,1,0
2026-09-29T02:44:45.9107271+00:00,1880.656,1,1,1,1,1,255,0,0,96,96,1,1,0
2026-09-29T02:44:46.9132880+00:00,1881.659,1,1,1,1,1,255,0,0,96,96,1,1,0
2026-09-29T02:44:47.9149131+00:00,1882.660,1,1,1,1,1,255,0,0,96,96,1,1,0
2026-09-29T02:44:47.9993876+00:00,1882.745,1,1,1,1,1,255,0,0,96,96,1,1,0
2026-09-29T02:44:48.0663823+00:00,1882.812,1,1,1,1,1,255,0,0,96,96,1,1,0
2026-09-29T02:44:48.1339162+00:00,1882.879,1,1,1,1,1,255,0,0,96,96,1,1,0
2026-09-29T02:44:48.2103926+00:00,1882.956,1,1,1,1,1,255,0,0,96,96,1,1,0
2026-09-29T02:44:48.2953791+00:00,1883.041,1,1,1,1,1,255,0,0,96,96,1,1,0
2026-09-29T02:44:48.3613798+00:00,1883.107,1,1,1,1,1,255,0,0,96,96,1,1,0
2026-09-29T02:44:48.4409253+00:00,1883.186,1,1,1,1,1,255,0,0,96,96,1,1,0
2026-09-29T02:44:48.5289470+00:00,1883.274,1,1,1,1,1,255,0,0,96,96,1,1,0
2026-09-29T02:44:48.6063975+00:00,1883.352,1,1,1,1,1,255,0,0,96,96,1,1,0
2026-09-29T02:44:48.6803988+00:00,1883.426,1,1,1,1,1,255,0,0,96,96,1,1,0
2026-09-29T02:44:48.7503838+00:00,1883.496,1,1,1,1,1,255,0,0,96,96,1,1,0
2026-09-29T02:44:48.8350820+00:00,1883.580,1,1,1,1,1,255,0,0,96,96,1,1,0
2026-09-29T02:44:48.9040664+00:00,1883.649,1,1,1,1,1,255,0,0,96,96,1,1,0
2026-09-29T02:44:48.9820675+00:00,1883.727,1,1,1,1,1,255,0,0,96,96,1,1,0
2026-09-29T02:44:49.0496594+00:00,1883.795,1,1,1,1,1,255,0,0,96,96,1,1,0
2026-09-29T02:44:49.1251084+00:00,1883.870,1,1,1,1,1,255,0,0,96,96,1,1,0
2026-09-29T02:44:49.2056430+00:00,1883.951,1,1,1,1,1,255,0,0,96,96,1,1,0
2026-09-29T02:44:49.2811078+00:00,1884.026,1,1,1,1,1,255,0,0,96,96,1,1,0
2026-09-29T02:44:49.3586437+00:00,1884.104,1,1,1,1,1,255,0,0,96,96,1,1,0
2026-09-29T02:44:49.4338936+00:00,1884.179,1,1,1,1,1,255,0,0,96,96,1,1,0
2026-09-29T02:44:50.1986565+00:00,1884.944,1,1,1,1,1,255,0,0,96,96,1,1,0
2026-09-29T02:44:51.2020894+00:00,1885.947,1,1,1,1,1,255,0,0,96,96,1,1,0
2026-09-29T02:44:52.2036372+00:00,1886.949,1,1,1,1,1,255,0,0,96,96,1,1,0
2026-09-29T02:44:53.2057091+00:00,1887.951,1,1,1,1,1,255,0,0,96,96,1,1,0
2026-09-29T02:44:54.2073400+00:00,1888.953,1,1,1,1,1,255,0,0,96,96,1,1,0
2026-09-29T02:44:55.2095352+00:00,1889.955,1,1,1,1,1,255,0,0,96,96,1,1,0
2026-09-29T02:44:56.2111576+00:00,1890.956,1,1,1,1,1,255,0,0,96,96,1,1,0
2026-09-29T02:44:57.2130571+00:00,1891.958,1,1,1,1,1,255,0,0,96,96,1,1,0
2026-09-29T02:44:58.2267084+00:00,1892.972,1,1,1,1,1,255,0,0,96,96,1,1,0
2026-09-29T02:44:59.2397078+00:00,1893.985,1,1,1,1,1,255,0,0,96,96,1,1,0
2026-09-29T02:45:00.2551735+00:00,1895.000,1,1,1,1,1,255,0,0,96,96,1,1,0
2026-09-29T02:45:01.2574739+00:00,1896.003,1,1,1,1,1,255,0,0,96,96,1,1,0
2026-09-29T02:45:02.2593029+00:00,1897.005,1,1,1,1,1,255,0,0,96,96,1,1,0
2026-09-29T02:45:03.2610220+00:00,1898.006,1,1,1,1,1,255,0,0,96,96,1,1,0
2026-09-29T02:45:04.2630918+00:00,1899.008,1,1,1,1,1,255,0,0,96,96,1,1,0
2026-09-29T02:45:05.2649845+00:00,1900.010,1,1,1,1,1,255,0,0,96,96,1,1,0
2026-09-29T02:45:06.2666849+00:00,1901.012,1,1,1,1,1,255,0,0,96,96,1,1,0
2026-09-29T02:45:07.2687760+00:00,1902.014,1,1,1,1,1,255,0,0,96,96,1,1,0
2026-09-29T02:45:08.2708719+00:00,1903.016,1,1,1,1,1,255,0,0,96,96,1,1,0
2026-09-29T02:45:09.2721666+00:00,1904.017,1,1,1,1,1,255,0,0,96,96,1,1,0
2026-09-29T02:45:10.2734766+00:00,1905.019,1,1,1,1,1,255,0,0,96,96,1,1,0
2026-09-29T02:45:10.3504583+00:00,1905.096,1,1,1,1,1,255,0,0,96,96,1,1,0
2026-09-29T02:45:10.4394764+00:00,1905.185,1,1,1,1,1,255,0,0,96,96,1,1,0
2026-09-29T02:45:10.5074690+00:00,1905.253,1,1,1,1,1,255,0,0,96,96,1,1,0
2026-09-29T02:45:10.5814601+00:00,1905.327,1,1,1,1,1,255,0,0,96,96,1,1,0
2026-09-29T02:45:10.6554611+00:00,1905.401,1,1,1,1,1,255,0,0,96,96,1,1,0
2026-09-29T02:45:10.7274699+00:00,1905.473,1,1,1,1,1,255,0,0,96,96,1,1,0
2026-09-29T02:45:10.8033266+00:00,1905.549,1,1,1,1,1,255,0,0,96,96,1,1,0
2026-09-29T02:45:10.8753214+00:00,1905.620,1,1,1,1,1,255,0,0,96,96,1,1,0
2026-09-29T02:45:10.9503241+00:00,1905.695,1,1,1,1,1,255,0,0,96,96,1,1,0
2026-09-29T02:45:11.0193221+00:00,1905.764,1,1,1,1,1,255,0,0,96,96,1,1,0
2026-09-29T02:45:11.1049055+00:00,1905.850,1,1,1,1,1,255,0,0,96,96,1,1,0
2026-09-29T02:45:11.1745461+00:00,1905.920,1,1,1,1,1,255,0,0,96,96,1,1,0
2026-09-29T02:45:11.2435458+00:00,1905.989,1,1,1,1,1,255,0,0,96,96,1,1,0
2026-09-29T02:45:11.3199156+00:00,1906.065,1,1,1,1,1,255,0,0,96,96,1,1,0
2026-09-29T02:45:11.3965472+00:00,1906.142,1,1,1,1,1,255,0,0,96,96,1,1,0
2026-09-29T02:45:11.4699210+00:00,1906.215,1,1,1,1,1,255,0,0,96,96,1,1,0
2026-09-29T02:45:11.5389184+00:00,1906.284,1,1,1,1,1,255,0,0,96,96,1,1,0
2026-09-29T02:45:11.6189261+00:00,1906.364,1,1,1,1,1,255,0,0,96,96,1,1,0
2026-09-29T02:45:11.6939095+00:00,1906.439,1,1,1,1,1,255,0,0,96,96,1,1,0
2026-09-29T02:45:11.7689129+00:00,1906.514,1,1,1,1,1,255,0,0,96,96,1,1,0
2026-09-29T02:45:12.5265966+00:00,1907.272,1,1,1,1,1,255,0,0,96,96,1,1,0
2026-09-29T02:45:13.5283805+00:00,1908.274,1,1,1,1,1,255,0,0,96,96,1,1,0
2026-09-29T02:45:14.5299433+00:00,1909.275,1,1,1,1,1,255,0,0,96,96,1,1,0
2026-09-29T02:45:15.5312732+00:00,1910.276,1,1,1,1,1,255,0,0,96,96,1,1,0
2026-09-29T02:45:16.5329205+00:00,1911.278,1,1,1,1,1,255,0,0,96,96,1,1,0
2026-09-29T02:45:17.5466457+00:00,1912.292,1,1,1,1,1,255,0,0,96,96,1,1,0
2026-09-29T02:45:18.5486027+00:00,1913.294,1,1,1,1,1,255,0,0,96,96,1,1,0
2026-09-29T02:45:19.5506058+00:00,1914.296,1,1,1,1,1,255,0,0,96,96,1,1,0
2026-09-29T02:45:20.5526803+00:00,1915.298,1,1,1,1,1,255,0,0,96,96,1,1,0
2026-09-29T02:45:21.5539514+00:00,1916.299,1,1,1,1,1,255,0,0,96,96,1,1,0
2026-09-29T02:45:22.5556290+00:00,1917.301,1,1,1,1,1,255,0,0,96,96,1,1,0
2026-09-29T02:45:23.5568594+00:00,1918.302,1,1,1,1,1,255,0,0,96,96,1,1,0
2026-09-29T02:45:24.5581000+00:00,1919.303,1,1,1,1,1,255,0,0,96,96,1,1,0
2026-09-29T02:45:25.5593516+00:00,1920.304,1,1,1,1,1,255,0,0,96,96,1,1,0
2026-09-29T02:45:26.5610867+00:00,1921.306,1,1,1,1,1,255,0,0,96,96,1,1,0
2026-09-29T02:45:27.5627352+00:00,1922.308,1,1,1,1,1,255,0,0,96,96,1,1,0
2026-09-29T02:45:28.5643886+00:00,1923.309,1,1,1,1,1,255,0,0,96,96,1,1,0
2026-09-29T02:45:29.5663065+00:00,1924.311,1,1,1,1,1,255,0,0,96,96,1,1,0
2026-09-29T02:45:30.5681865+00:00,1925.313,1,1,1,1,1,255,0,0,96,96,1,1,0
2026-09-29T02:45:31.5705110+00:00,1926.316,1,1,1,1,1,255,0,0,96,96,1,1,0
2026-09-29T02:45:32.5716377+00:00,1927.317,1,1,1,1,1,255,0,0,96,96,1,1,0
2026-09-29T02:45:32.6540797+00:00,1927.399,1,1,1,1,1,255,0,0,96,96,1,1,0
2026-09-29T02:45:32.7266505+00:00,1927.472,1,1,1,1,1,255,0,0,96,96,1,1,0
2026-09-29T02:45:32.7972074+00:00,1927.542,1,1,1,1,1,255,0,0,96,96,1,1,0
2026-09-29T02:45:32.8741974+00:00,1927.619,1,1,1,1,1,255,0,0,96,96,1,1,0
2026-09-29T02:45:32.9482023+00:00,1927.693,1,1,1,1,1,255,0,0,96,96,1,1,0
2026-09-29T02:45:33.0202041+00:00,1927.765,1,1,1,1,1,255,0,0,96,96,1,1,0
2026-09-29T02:45:33.0902459+00:00,1927.835,1,1,1,1,1,255,0,0,96,96,1,1,0
2026-09-29T02:45:33.1637794+00:00,1927.909,1,1,1,1,1,255,0,0,96,96,1,1,0
2026-09-29T02:45:33.2332643+00:00,1927.978,1,1,1,1,1,255,0,0,96,96,1,1,0
2026-09-29T02:45:33.3092591+00:00,1928.054,1,1,1,1,1,255,0,0,96,96,1,1,0
2026-09-29T02:45:33.3862663+00:00,1928.131,1,1,1,1,1,255,0,0,96,96,1,1,0
2026-09-29T02:45:33.4482492+00:00,1928.193,1,1,1,1,1,255,0,0,96,96,1,1,0
2026-09-29T02:45:33.5332504+00:00,1928.278,1,1,1,1,1,255,0,0,96,96,1,1,0
2026-09-29T02:45:33.6152623+00:00,1928.360,1,1,1,1,1,255,0,0,96,96,1,1,0
2026-09-29T02:45:33.6837728+00:00,1928.429,1,1,1,1,1,255,0,0,96,96,1,1,0
2026-09-29T02:45:33.7572524+00:00,1928.502,1,1,1,1,1,255,0,0,96,96,1,1,0
2026-09-29T02:45:33.8284800+00:00,1928.573,1,1,1,1,1,255,0,0,96,96,1,1,0
2026-09-29T02:45:33.9074713+00:00,1928.652,1,1,1,1,1,255,0,0,96,96,1,1,0
2026-09-29T02:45:33.9814845+00:00,1928.726,1,1,1,1,1,255,0,0,96,96,1,1,0
2026-09-29T02:45:34.0651896+00:00,1928.810,1,1,1,1,1,255,0,0,96,96,1,1,0
2026-09-29T02:45:34.8195376+00:00,1929.564,1,1,1,1,1,255,0,0,96,96,1,1,0
2026-09-29T02:45:35.8212787+00:00,1930.566,1,1,1,1,1,255,0,0,96,96,1,1,0
2026-09-29T02:45:36.8228307+00:00,1931.568,1,1,1,1,1,255,0,0,96,96,1,1,0
2026-09-29T02:45:37.8245694+00:00,1932.570,1,1,1,1,1,255,0,0,96,96,1,1,0
2026-09-29T02:45:38.8273354+00:00,1933.572,1,1,1,1,1,255,0,0,96,96,1,1,0
2026-09-29T02:45:39.8289243+00:00,1934.574,1,1,1,1,1,255,0,0,96,96,1,1,0
2026-09-29T02:45:40.8308044+00:00,1935.576,1,1,1,1,1,255,0,0,96,96,1,1,0
2026-09-29T02:45:41.8324413+00:00,1936.577,1,1,1,1,1,255,0,0,96,96,1,1,0
2026-09-29T02:45:42.8349762+00:00,1937.580,1,1,1,1,1,255,0,0,96,96,1,1,0
2026-09-29T02:45:43.8516945+00:00,1938.597,1,1,1,1,1,255,0,0,96,96,1,1,0
2026-09-29T02:45:44.8533222+00:00,1939.598,1,1,1,1,1,255,0,0,96,96,1,1,0
2026-09-29T02:45:45.8546725+00:00,1940.600,1,1,1,1,1,255,0,0,96,96,1,1,0
2026-09-29T02:45:46.8682134+00:00,1941.613,1,1,1,1,1,255,0,0,96,96,1,1,0
2026-09-29T02:45:47.8698539+00:00,1942.615,1,1,1,1,1,255,0,0,96,96,1,1,0
2026-09-29T02:45:48.8711860+00:00,1943.616,1,1,1,1,1,255,0,0,96,96,1,1,0
2026-09-29T02:45:49.8725577+00:00,1944.617,1,1,1,1,1,255,0,0,96,96,1,1,0
2026-09-29T02:45:50.8743172+00:00,1945.619,1,1,1,1,1,255,0,0,96,96,1,1,0
2026-09-29T02:45:51.8761633+00:00,1946.621,1,1,1,1,1,255,0,0,96,96,1,1,0
2026-09-29T02:45:52.8777161+00:00,1947.623,1,1,1,1,1,255,0,0,96,96,1,1,0
2026-09-29T02:45:53.8798729+00:00,1948.625,1,1,1,1,1,255,0,0,96,96,1,1,0
2026-09-29T02:45:54.8820416+00:00,1949.627,1,1,1,1,1,255,0,0,96,96,1,1,0
2026-09-29T02:45:54.9560324+00:00,1949.701,1,1,1,1,1,255,0,0,96,96,1,1,0
2026-09-29T02:45:55.0320423+00:00,1949.777,1,1,1,1,1,255,0,0,96,96,1,1,0
2026-09-29T02:45:55.1066357+00:00,1949.851,1,1,1,1,1,255,0,0,96,96,1,1,0
2026-09-29T02:45:55.1846284+00:00,1949.929,1,1,1,1,1,255,0,0,96,96,1,1,0
2026-09-29T02:45:55.2466404+00:00,1949.991,1,1,1,1,1,255,0,0,96,96,1,1,0
2026-09-29T02:45:55.3316405+00:00,1950.076,1,1,1,1,1,255,0,0,96,96,1,1,0
2026-09-29T02:45:55.4066297+00:00,1950.151,1,1,1,1,1,255,0,0,96,96,1,1,0
2026-09-29T02:45:55.4796388+00:00,1950.224,1,1,1,1,1,255,0,0,96,96,1,1,0
2026-09-29T02:45:55.5566374+00:00,1950.301,1,1,1,1,1,255,0,0,96,96,1,1,0
2026-09-29T02:45:55.6346323+00:00,1950.379,1,1,1,1,1,255,0,0,96,96,1,1,0
2026-09-29T02:45:55.7126331+00:00,1950.457,1,1,1,1,1,255,0,0,96,96,1,1,0
2026-09-29T02:45:55.7907702+00:00,1950.536,1,1,1,1,1,255,0,0,96,96,1,1,0
2026-09-29T02:45:55.8653074+00:00,1950.610,1,1,1,1,1,255,0,0,96,96,1,1,0
2026-09-29T02:45:55.9323075+00:00,1950.677,1,1,1,1,1,255,0,0,96,96,1,1,0
2026-09-29T02:45:55.9977752+00:00,1950.743,1,1,1,1,1,255,0,0,96,96,1,1,0
2026-09-29T02:45:56.0903098+00:00,1950.835,1,1,1,1,1,255,0,0,96,96,1,1,0
2026-09-29T02:45:56.1597942+00:00,1950.905,1,1,1,1,1,255,0,0,96,96,1,1,0
2026-09-29T02:45:56.2407776+00:00,1950.986,1,1,1,1,1,255,0,0,96,96,1,1,0
2026-09-29T02:45:56.3147779+00:00,1951.060,1,1,1,1,1,255,0,0,96,96,1,1,0
2026-09-29T02:45:56.3993005+00:00,1951.144,1,1,1,1,1,255,0,0,96,96,1,1,0
2026-09-29T02:45:57.1445864+00:00,1951.889,1,1,1,1,1,255,0,0,96,96,1,1,0
2026-09-29T02:45:58.1471729+00:00,1952.892,1,1,1,1,1,255,0,0,96,96,1,1,0
2026-09-29T02:45:59.1489978+00:00,1953.894,1,1,1,1,1,255,0,0,96,96,1,1,0
2026-09-29T02:46:00.1510434+00:00,1954.896,1,1,1,1,1,255,0,0,96,96,1,1,0
2026-09-29T02:46:01.1532938+00:00,1955.898,1,1,1,1,1,255,0,0,96,96,1,1,0
2026-09-29T02:46:02.1548476+00:00,1956.900,1,1,1,1,1,255,0,0,96,96,1,1,0
2026-09-29T02:46:03.1564756+00:00,1957.901,1,1,1,1,1,255,0,0,96,96,1,1,0
2026-09-29T02:46:04.1577642+00:00,1958.902,1,1,1,1,1,255,0,0,96,96,1,1,0
2026-09-29T02:46:05.1729998+00:00,1959.918,1,1,1,1,1,255,0,0,96,96,1,1,0
2026-09-29T02:46:06.1842123+00:00,1960.929,1,1,1,1,1,255,0,0,96,96,1,1,0
2026-09-29T02:46:07.1963063+00:00,1961.941,1,1,1,1,1,255,0,0,96,96,1,1,0
2026-09-29T02:46:08.1984444+00:00,1962.943,1,1,1,1,1,255,0,0,96,96,1,1,0
2026-09-29T02:46:09.1996239+00:00,1963.944,1,1,1,1,1,255,0,0,96,96,1,1,0
2026-09-29T02:46:10.2010736+00:00,1964.946,1,1,1,1,1,255,0,0,96,96,1,1,0
2026-09-29T02:46:11.2028459+00:00,1965.947,1,1,1,1,1,255,0,0,96,96,1,1,0
2026-09-29T02:46:12.2049347+00:00,1966.950,1,1,1,1,1,255,0,0,96,96,1,1,0
2026-09-29T02:46:13.2065659+00:00,1967.951,1,1,1,1,1,255,0,0,96,96,1,1,0
2026-09-29T02:46:14.2076354+00:00,1968.952,1,1,1,1,1,255,0,0,96,96,1,1,0
2026-09-29T02:46:15.2088422+00:00,1969.953,1,1,1,1,1,255,0,0,96,96,1,1,0
2026-09-29T02:46:16.2115584+00:00,1970.956,1,1,1,1,1,255,0,0,96,96,1,1,0
2026-09-29T02:46:17.2256586+00:00,1971.970,1,1,1,1,1,255,0,0,96,96,1,1,0
2026-09-29T02:46:17.2942032+00:00,1972.039,1,1,1,1,1,255,0,0,96,96,1,1,0
2026-09-29T02:46:17.3656656+00:00,1972.110,1,1,1,1,1,255,0,0,96,96,1,1,0
2026-09-29T02:46:17.4236515+00:00,1972.168,1,1,1,1,1,255,0,0,96,96,1,1,0
2026-09-29T02:46:17.5086663+00:00,1972.253,1,1,1,1,1,255,0,0,96,96,1,1,0
2026-09-29T02:46:17.5846615+00:00,1972.329,1,1,1,1,1,255,0,0,96,96,1,1,0
2026-09-29T02:46:17.6536614+00:00,1972.398,1,1,1,1,1,255,0,0,96,96,1,1,0
2026-09-29T02:46:17.7276535+00:00,1972.472,1,1,1,1,1,255,0,0,96,96,1,1,0
2026-09-29T02:46:17.8036679+00:00,1972.548,1,1,1,1,1,255,0,0,96,96,1,1,0
2026-09-29T02:46:17.8797578+00:00,1972.624,1,1,1,1,1,255,0,0,96,96,1,1,0
2026-09-29T02:46:17.9457584+00:00,1972.690,1,1,1,1,1,255,0,0,96,96,1,1,0
2026-09-29T02:46:18.0157587+00:00,1972.760,1,1,1,1,1,255,0,0,96,96,1,1,0
2026-09-29T02:46:18.0937594+00:00,1972.838,1,1,1,1,1,255,0,0,96,96,1,1,0
2026-09-29T02:46:18.1677600+00:00,1972.912,1,1,1,1,1,255,0,0,96,96,1,1,0
2026-09-29T02:46:18.2277608+00:00,1972.972,1,1,1,1,1,255,0,0,96,96,1,1,0
2026-09-29T02:46:18.3087609+00:00,1973.053,1,1,1,1,1,255,0,0,96,96,1,1,0
2026-09-29T02:46:18.3827614+00:00,1973.127,1,1,1,1,1,255,0,0,96,96,1,1,0
2026-09-29T02:46:18.4537733+00:00,1973.198,1,1,1,1,1,255,0,0,96,96,1,1,0
2026-09-29T02:46:18.5269181+00:00,1973.271,1,1,1,1,1,255,0,0,96,96,1,1,0
2026-09-29T02:46:18.5939193+00:00,1973.338,1,1,1,1,1,255,0,0,96,96,1,1,0
2026-09-29T02:46:18.6745062+00:00,1973.419,1,1,1,1,1,255,0,0,96,96,1,1,0
2026-09-29T02:46:19.4249938+00:00,1974.170,1,1,1,1,1,255,0,0,96,96,1,1,0
2026-09-29T02:46:20.4283836+00:00,1975.173,1,1,1,1,1,255,0,0,96,96,1,1,0
2026-09-29T02:46:21.4301628+00:00,1976.175,1,1,1,1,1,255,0,0,96,96,1,1,0
2026-09-29T02:46:22.4322868+00:00,1977.177,1,1,1,1,1,255,0,0,96,96,1,1,0
2026-09-29T02:46:23.4343624+00:00,1978.179,1,1,1,1,1,255,0,0,96,96,1,1,0
2026-09-29T02:46:24.4365889+00:00,1979.181,1,1,1,1,1,255,0,0,96,96,1,1,0
2026-09-29T02:46:25.4382064+00:00,1980.183,1,1,1,1,1,255,0,0,96,96,1,1,0
2026-09-29T02:46:26.4399747+00:00,1981.184,1,1,1,1,1,255,0,0,96,96,1,1,0
2026-09-29T02:46:27.4467103+00:00,1982.191,1,1,1,1,1,255,0,0,96,96,1,1,0
2026-09-29T02:46:28.4493672+00:00,1983.194,1,1,1,1,1,255,0,0,96,96,1,1,0
2026-09-29T02:46:29.4589600+00:00,1984.203,1,1,1,1,1,255,0,0,96,96,1,1,0
2026-09-29T02:46:30.4592148+00:00,1985.204,1,1,1,1,1,255,0,0,96,96,1,1,0
2026-09-29T02:46:31.4619110+00:00,1986.206,1,1,1,1,1,255,0,0,96,96,1,1,0
2026-09-29T02:46:32.4634488+00:00,1987.208,1,1,1,1,1,255,0,0,96,96,1,1,0
2026-09-29T02:46:33.4655436+00:00,1988.210,1,1,1,1,1,255,0,0,96,96,1,1,0
2026-09-29T02:46:34.4673308+00:00,1989.212,1,1,1,1,1,255,0,0,96,96,1,1,0
2026-09-29T02:46:35.4691067+00:00,1990.214,1,1,1,1,1,255,0,0,96,96,1,1,0
2026-09-29T02:46:36.4705478+00:00,1991.215,1,1,1,1,1,255,0,0,96,96,1,1,0
2026-09-29T02:46:37.4726369+00:00,1992.217,1,1,1,1,1,255,0,0,96,96,1,1,0
2026-09-29T02:46:38.4747236+00:00,1993.219,1,1,1,1,1,255,0,0,96,96,1,1,0
2026-09-29T02:46:39.4768482+00:00,1994.221,1,1,1,1,1,255,0,0,96,96,1,1,0
2026-09-29T02:46:39.5628402+00:00,1994.307,1,1,1,1,1,255,0,0,96,96,1,1,0
2026-09-29T02:46:39.6318429+00:00,1994.376,1,1,1,1,1,255,0,0,96,96,1,1,0
2026-09-29T02:46:39.7108415+00:00,1994.455,1,1,1,1,1,255,0,0,96,96,1,1,0
2026-09-29T02:46:39.7868424+00:00,1994.531,1,1,1,1,1,255,0,0,96,96,1,1,0
2026-09-29T02:46:39.8619917+00:00,1994.606,1,1,1,1,1,255,0,0,96,96,1,1,0
2026-09-29T02:46:39.9290054+00:00,1994.673,1,1,1,1,1,255,0,0,96,96,1,1,0
2026-09-29T02:46:40.0119938+00:00,1994.756,1,1,1,1,1,255,0,0,96,96,1,1,0
2026-09-29T02:46:40.0870125+00:00,1994.831,1,1,1,1,1,255,0,0,96,96,1,1,0
2026-09-29T02:46:40.1590094+00:00,1994.903,1,1,1,1,1,255,0,0,96,96,1,1,0
2026-09-29T02:46:40.2349957+00:00,1994.979,1,1,1,1,1,255,0,0,96,96,1,1,0
2026-09-29T02:46:40.3109970+00:00,1995.055,1,1,1,1,1,255,0,0,96,96,1,1,0
2026-09-29T02:46:40.3879985+00:00,1995.132,1,1,1,1,1,255,0,0,96,96,1,1,0
2026-09-29T02:46:40.4659979+00:00,1995.210,1,1,1,1,1,255,0,0,96,96,1,1,0
2026-09-29T02:46:40.5420005+00:00,1995.286,1,1,1,1,1,255,0,0,96,96,1,1,0
2026-09-29T02:46:40.6090001+00:00,1995.353,1,1,1,1,1,255,0,0,96,96,1,1,0
2026-09-29T02:46:40.6890054+00:00,1995.433,1,1,1,1,1,255,0,0,96,96,1,1,0
2026-09-29T02:46:40.7620305+00:00,1995.506,1,1,1,1,1,255,0,0,96,96,1,1,0
2026-09-29T02:46:40.8420915+00:00,1995.586,1,1,1,1,1,255,0,0,96,96,1,1,0
2026-09-29T02:46:40.9200845+00:00,1995.664,1,1,1,1,1,255,0,0,96,96,1,1,0
2026-09-29T02:46:40.9910858+00:00,1995.735,1,1,1,1,1,255,0,0,96,96,1,1,0
2026-09-29T02:46:41.7861422+00:00,1996.530,1,1,1,1,1,255,0,0,96,96,1,1,0
2026-09-29T02:46:42.7884892+00:00,1997.533,1,1,1,1,1,255,0,0,96,96,1,1,0
2026-09-29T02:46:43.7901808+00:00,1998.534,1,1,1,1,1,255,0,0,96,96,1,1,0
2026-09-29T02:46:44.7917675+00:00,1999.536,1,1,1,1,1,255,0,0,96,96,1,1,0
2026-09-29T02:46:45.7931972+00:00,2000.537,1,1,1,1,1,255,0,0,96,96,1,1,0
2026-09-29T02:46:46.7948474+00:00,2001.539,1,1,1,1,1,255,0,0,96,96,1,1,0
2026-09-29T02:46:47.8045797+00:00,2002.549,1,1,1,1,1,255,0,0,96,96,1,1,0
2026-09-29T02:46:48.8067165+00:00,2003.551,1,1,1,1,1,255,0,0,96,96,1,1,0
2026-09-29T02:46:49.8088474+00:00,2004.553,1,1,1,1,1,255,0,0,96,96,1,1,0
2026-09-29T02:46:50.8242772+00:00,2005.569,1,1,1,1,1,255,0,0,96,96,1,1,0
2026-09-29T02:46:51.8259581+00:00,2006.570,1,1,1,1,1,255,0,0,96,96,1,1,0
2026-09-29T02:46:52.8276128+00:00,2007.572,1,1,1,1,1,255,0,0,96,96,1,1,0
2026-09-29T02:46:53.8290522+00:00,2008.573,1,1,1,1,1,255,0,0,96,96,1,1,0
2026-09-29T02:46:54.8305620+00:00,2009.575,1,1,1,1,1,255,0,0,96,96,1,1,0
2026-09-29T02:46:55.8324468+00:00,2010.577,1,1,1,1,1,255,0,0,96,96,1,1,0
2026-09-29T02:46:56.8347199+00:00,2011.579,1,1,1,1,1,255,0,0,96,96,1,1,0
2026-09-29T02:46:57.8368218+00:00,2012.581,1,1,1,1,1,255,0,0,96,96,1,1,0
2026-09-29T02:46:58.8385623+00:00,2013.583,1,1,1,1,1,255,0,0,96,96,1,1,0
2026-09-29T02:46:59.8404436+00:00,2014.585,1,1,1,1,1,255,0,0,96,96,1,1,0
2026-09-29T02:47:00.8427800+00:00,2015.587,1,1,1,1,1,255,0,0,96,96,1,1,0
2026-09-29T02:47:01.8442077+00:00,2016.588,1,1,1,1,1,255,0,0,96,96,1,1,0
2026-09-29T02:47:01.9345838+00:00,2016.679,1,1,1,1,1,255,0,0,96,96,1,1,0
2026-09-29T02:47:02.0025858+00:00,2016.747,1,1,1,1,1,255,0,0,96,96,1,1,0
2026-09-29T02:47:02.0735676+00:00,2016.818,1,1,1,1,1,255,0,0,96,96,1,1,0
2026-09-29T02:47:02.1391929+00:00,2016.883,1,1,1,1,1,255,0,0,96,96,1,1,0
2026-09-29T02:47:02.2135695+00:00,2016.958,1,1,1,1,1,255,0,0,96,96,1,1,0
2026-09-29T02:47:02.2875732+00:00,2017.032,1,1,1,1,1,255,0,0,96,96,1,1,0
2026-09-29T02:47:02.3585876+00:00,2017.103,1,1,1,1,1,255,0,0,96,96,1,1,0
2026-09-29T02:47:02.4231949+00:00,2017.167,1,1,1,1,1,255,0,0,96,96,1,1,0
2026-09-29T02:47:02.5005736+00:00,2017.245,1,1,1,1,1,255,0,0,96,96,1,1,0
2026-09-29T02:47:02.5705713+00:00,2017.315,1,1,1,1,1,255,0,0,96,96,1,1,0
2026-09-29T02:47:02.6431960+00:00,2017.387,1,1,1,1,1,255,0,0,96,96,1,1,0
2026-09-29T02:47:02.7205723+00:00,2017.465,1,1,1,1,1,255,0,0,96,96,1,1,0
2026-09-29T02:47:02.8035910+00:00,2017.548,1,1,1,1,1,255,0,0,96,96,1,1,0
2026-09-29T02:47:02.8717346+00:00,2017.616,1,1,1,1,1,255,0,0,96,96,1,1,0
2026-09-29T02:47:02.9597346+00:00,2017.704,1,1,1,1,1,255,0,0,96,96,1,1,0
2026-09-29T02:47:03.0347513+00:00,2017.779,1,1,1,1,1,255,0,0,96,96,1,1,0
2026-09-29T02:47:03.1037697+00:00,2017.848,1,1,1,1,1,255,0,0,96,96,1,1,0
2026-09-29T02:47:03.1793211+00:00,2017.923,1,1,1,1,1,255,0,0,96,96,1,1,0
2026-09-29T02:47:03.2497747+00:00,2017.994,1,1,1,1,1,255,0,0,96,96,1,1,0
2026-09-29T02:47:03.3257710+00:00,2018.070,1,1,1,1,1,255,0,0,96,96,1,1,0
2026-09-29T02:47:04.0953086+00:00,2018.839,1,1,1,1,1,255,0,0,96,96,1,1,0
2026-09-29T02:47:05.0972088+00:00,2019.841,1,1,1,1,1,255,0,0,96,96,1,1,0
2026-09-29T02:47:06.0991121+00:00,2020.843,1,1,1,1,1,255,0,0,96,96,1,1,0
2026-09-29T02:47:07.1012034+00:00,2021.845,1,1,1,1,1,255,0,0,96,96,1,1,0
2026-09-29T02:47:08.1033792+00:00,2022.847,1,1,1,1,1,255,0,0,96,96,1,1,0
2026-09-29T02:47:09.1047395+00:00,2023.849,1,1,1,1,1,255,0,0,96,96,1,1,0
2026-09-29T02:47:10.1065636+00:00,2024.851,1,1,1,1,1,255,0,0,96,96,1,1,0
2026-09-29T02:47:11.1079750+00:00,2025.852,1,1,1,1,1,255,0,0,96,96,1,1,0
2026-09-29T02:47:12.1205446+00:00,2026.865,1,1,1,1,1,255,0,0,96,96,1,1,0
2026-09-29T02:47:13.1242391+00:00,2027.868,1,1,1,1,1,255,0,0,96,96,1,1,0
2026-09-29T02:47:14.1334518+00:00,2028.877,1,1,1,1,1,255,0,0,96,96,1,1,0
2026-09-29T02:47:15.1357600+00:00,2029.880,1,1,1,1,1,255,0,0,96,96,1,1,0
2026-09-29T02:47:16.1374954+00:00,2030.882,1,1,1,1,1,255,0,0,96,96,1,1,0
2026-09-29T02:47:17.1521826+00:00,2031.896,1,1,1,1,1,255,0,0,96,96,1,1,0
2026-09-29T02:47:18.1542806+00:00,2032.898,1,1,1,1,1,255,0,0,96,96,1,1,0
2026-09-29T02:47:19.1562282+00:00,2033.900,1,1,1,1,1,255,0,0,96,96,1,1,0
2026-09-29T02:47:20.1581464+00:00,2034.902,1,1,1,1,1,255,0,0,96,96,1,1,0
2026-09-29T02:47:21.1595824+00:00,2035.904,1,1,1,1,1,255,0,0,96,96,1,1,0
2026-09-29T02:47:22.1616923+00:00,2036.906,1,1,1,1,1,255,0,0,96,96,1,1,0
2026-09-29T02:47:23.1637950+00:00,2037.908,1,1,1,1,1,255,0,0,96,96,1,1,0
2026-09-29T02:47:24.1653195+00:00,2038.909,1,1,1,1,1,255,0,0,96,96,1,1,0
2026-09-29T02:47:24.2523362+00:00,2038.996,1,1,1,1,1,255,0,0,96,96,1,1,0
2026-09-29T02:47:24.3209682+00:00,2039.065,1,1,1,1,1,255,0,0,96,96,1,1,0
2026-09-29T02:47:24.3933204+00:00,2039.137,1,1,1,1,1,255,0,0,96,96,1,1,0
2026-09-29T02:47:24.4699574+00:00,2039.214,1,1,1,1,1,255,0,0,96,96,1,1,0
2026-09-29T02:47:24.5363384+00:00,2039.280,1,1,1,1,1,255,0,0,96,96,1,1,0
2026-09-29T02:47:24.6229596+00:00,2039.367,1,1,1,1,1,255,0,0,96,96,1,1,0
2026-09-29T02:47:24.6949713+00:00,2039.439,1,1,1,1,1,255,0,0,96,96,1,1,0
2026-09-29T02:47:24.7633247+00:00,2039.507,1,1,1,1,1,255,0,0,96,96,1,1,0
2026-09-29T02:47:24.8295386+00:00,2039.573,1,1,1,1,1,255,0,0,96,96,1,1,0
2026-09-29T02:47:24.9114126+00:00,2039.655,1,1,1,1,1,255,0,0,96,96,1,1,0
2026-09-29T02:47:24.9894064+00:00,2039.733,1,1,1,1,1,255,0,0,96,96,1,1,0
2026-09-29T02:47:25.0661036+00:00,2039.810,1,1,1,1,1,255,0,0,96,96,1,1,0
2026-09-29T02:47:25.1453083+00:00,2039.889,1,1,1,1,1,255,0,0,96,96,1,1,0
2026-09-29T02:47:25.2133091+00:00,2039.957,1,1,1,1,1,255,0,0,96,96,1,1,0
2026-09-29T02:47:25.2893214+00:00,2040.033,1,1,1,1,1,255,0,0,96,96,1,1,0
2026-09-29T02:47:25.3633108+00:00,2040.107,1,1,1,1,1,255,0,0,96,96,1,1,0
2026-09-29T02:47:25.4373116+00:00,2040.181,1,1,1,1,1,255,0,0,96,96,1,1,0
2026-09-29T02:47:25.5093131+00:00,2040.253,1,1,1,1,1,255,0,0,96,96,1,1,0
2026-09-29T02:47:25.5753227+00:00,2040.319,1,1,1,1,1,255,0,0,96,96,1,1,0
2026-09-29T02:47:25.6513143+00:00,2040.395,1,1,1,1,1,255,0,0,96,96,1,1,0
2026-09-29T02:47:26.4178833+00:00,2041.162,1,1,1,1,1,255,0,0,96,96,1,1,0
2026-09-29T02:47:27.4195552+00:00,2042.163,1,1,1,1,1,255,0,0,96,96,1,1,0
2026-09-29T02:47:28.4216456+00:00,2043.166,1,1,1,1,1,255,0,0,96,96,1,1,0
2026-09-29T02:47:29.4228874+00:00,2044.167,1,1,1,1,1,255,0,0,96,96,1,1,0
2026-09-29T02:47:30.4242673+00:00,2045.168,1,1,1,1,1,255,0,0,96,96,1,1,0
2026-09-29T02:47:31.4260434+00:00,2046.170,1,1,1,1,1,255,0,0,96,96,1,1,0
2026-09-29T02:47:32.4281278+00:00,2047.172,1,1,1,1,1,255,0,0,96,96,1,1,0
2026-09-29T02:47:33.4302124+00:00,2048.174,1,1,1,1,1,255,0,0,96,96,1,1,0
2026-09-29T02:47:34.4474495+00:00,2049.191,1,1,1,1,1,255,0,0,96,96,1,1,0
2026-09-29T02:47:35.4487638+00:00,2050.193,1,1,1,1,1,255,0,0,96,96,1,1,0
2026-09-29T02:47:36.4503864+00:00,2051.194,1,1,1,1,1,255,0,0,96,96,1,1,0
2026-09-29T02:47:37.4520130+00:00,2052.196,1,1,1,1,1,255,0,0,96,96,1,1,0
2026-09-29T02:47:38.4541094+00:00,2053.198,1,1,1,1,1,255,0,0,96,96,1,1,0
2026-09-29T02:47:39.4554120+00:00,2054.199,1,1,1,1,1,255,0,0,96,96,1,1,0
2026-09-29T02:47:40.4577916+00:00,2055.202,1,1,1,1,1,255,0,0,96,96,1,1,0
2026-09-29T02:47:41.4596859+00:00,2056.203,1,1,1,1,1,255,0,0,96,96,1,1,0
2026-09-29T02:47:42.4618011+00:00,2057.206,1,1,1,1,1,255,0,0,96,96,1,1,0
2026-09-29T02:47:43.4638665+00:00,2058.208,1,1,1,1,1,255,0,0,96,96,1,1,0
2026-09-29T02:47:44.4660652+00:00,2059.210,1,1,1,1,1,255,0,0,96,96,1,1,0
2026-09-29T02:47:45.4677075+00:00,2060.211,1,1,1,1,1,255,0,0,96,96,1,1,0
2026-09-29T02:47:46.4694559+00:00,2061.213,1,1,1,1,1,255,0,0,96,96,1,1,0
2026-09-29T02:47:46.5294568+00:00,2061.273,1,1,1,1,1,255,0,0,96,96,1,1,0
2026-09-29T02:47:46.6234465+00:00,2061.367,1,1,1,1,1,255,0,0,96,96,1,1,0
2026-09-29T02:47:46.7044473+00:00,2061.448,1,1,1,1,1,255,0,0,96,96,1,1,0
2026-09-29T02:47:46.7634489+00:00,2061.507,1,1,1,1,1,255,0,0,96,96,1,1,0
2026-09-29T02:47:46.8384777+00:00,2061.582,1,1,1,1,1,255,0,0,96,96,1,1,0
2026-09-29T02:47:46.9241605+00:00,2061.668,1,1,1,1,1,255,0,0,96,96,1,1,0
2026-09-29T02:47:46.9886000+00:00,2061.732,1,1,1,1,1,255,0,0,96,96,1,1,0
2026-09-29T02:47:47.0645972+00:00,2061.808,1,1,1,1,1,255,0,0,96,96,1,1,0
2026-09-29T02:47:47.1337222+00:00,2061.877,1,1,1,1,1,255,0,0,96,96,1,1,0
2026-09-29T02:47:47.2087313+00:00,2061.952,1,1,1,1,1,255,0,0,96,96,1,1,0
2026-09-29T02:47:47.2977243+00:00,2062.041,1,1,1,1,1,255,0,0,96,96,1,1,0
2026-09-29T02:47:47.3917245+00:00,2062.136,1,1,1,1,1,255,0,0,96,96,1,1,0
2026-09-29T02:47:47.4687347+00:00,2062.212,1,1,1,1,1,255,0,0,96,96,1,1,0
2026-09-29T02:47:47.5317348+00:00,2062.275,1,1,1,1,1,255,0,0,96,96,1,1,0
2026-09-29T02:47:47.6167429+00:00,2062.360,1,1,1,1,1,255,0,0,96,96,1,1,0
2026-09-29T02:47:47.6847275+00:00,2062.428,1,1,1,1,1,255,0,0,96,96,1,1,0
2026-09-29T02:47:47.7667276+00:00,2062.510,1,1,1,1,1,255,0,0,96,96,1,1,0
2026-09-29T02:47:47.8327506+00:00,2062.576,1,1,1,1,1,255,0,0,96,96,1,1,0
2026-09-29T02:47:47.9100748+00:00,2062.654,1,1,1,1,1,255,0,0,96,96,1,1,0
2026-09-29T02:47:47.9920754+00:00,2062.736,1,1,1,1,1,255,0,0,96,96,1,1,0
2026-09-29T02:47:48.7606435+00:00,2063.504,1,1,1,1,1,255,0,0,96,96,1,1,0
2026-09-29T02:47:49.7626826+00:00,2064.506,1,1,1,1,1,255,0,0,96,96,1,1,0
2026-09-29T02:47:50.7647603+00:00,2065.508,1,1,1,1,1,255,0,0,96,96,1,1,0
2026-09-29T02:47:51.7665160+00:00,2066.510,1,1,1,1,1,255,0,0,96,96,1,1,0
2026-09-29T02:47:52.7680575+00:00,2067.512,1,1,1,1,1,255,0,0,96,96,1,1,0
2026-09-29T02:47:53.7697049+00:00,2068.513,1,1,1,1,1,255,0,0,96,96,1,1,0
2026-09-29T02:47:54.7713154+00:00,2069.515,1,1,1,1,1,255,0,0,96,96,1,1,0
2026-09-29T02:47:55.7731034+00:00,2070.517,1,1,1,1,1,255,0,0,96,96,1,1,0
2026-09-29T02:47:56.7734371+00:00,2071.517,1,1,1,1,1,255,0,0,96,96,1,1,0
2026-09-29T02:47:57.7747959+00:00,2072.518,1,1,1,1,1,255,0,0,96,96,1,1,0
2026-09-29T02:47:58.7871216+00:00,2073.532,1,1,1,1,1,255,0,0,96,96,1,1,0
2026-09-29T02:47:59.7895001+00:00,2074.533,1,1,1,1,1,255,0,0,96,96,1,1,0
2026-09-29T02:48:00.7909818+00:00,2075.535,1,1,1,1,1,255,0,0,96,96,1,1,0
2026-09-29T02:48:01.7930828+00:00,2076.537,1,1,1,1,1,255,0,0,96,96,1,1,0
2026-09-29T02:48:02.7948434+00:00,2077.538,1,1,1,1,1,255,0,0,96,96,1,1,0
2026-09-29T02:48:03.7969352+00:00,2078.541,1,1,1,1,1,255,0,0,96,96,1,1,0
2026-09-29T02:48:04.7982124+00:00,2079.542,1,1,1,1,1,255,0,0,96,96,1,1,0
2026-09-29T02:48:05.7994140+00:00,2080.543,1,1,1,1,1,255,0,0,96,96,1,1,0
2026-09-29T02:48:06.8009713+00:00,2081.545,1,1,1,1,1,255,0,0,96,96,1,1,0
2026-09-29T02:48:07.8026545+00:00,2082.546,1,1,1,1,1,255,0,0,96,96,1,1,0
2026-09-29T02:48:08.8048207+00:00,2083.548,1,1,1,1,1,255,0,0,96,96,1,1,0
2026-09-29T02:48:08.8753532+00:00,2083.619,1,1,1,1,1,255,0,0,96,96,1,1,0
2026-09-29T02:48:08.9533666+00:00,2083.697,1,1,1,1,1,255,0,0,96,96,1,1,0
2026-09-29T02:48:09.0293668+00:00,2083.773,1,1,1,1,1,255,0,0,96,96,1,1,0
2026-09-29T02:48:09.1079935+00:00,2083.852,1,1,1,1,1,255,0,0,96,96,1,1,0
2026-09-29T02:48:09.1829818+00:00,2083.927,1,1,1,1,1,255,0,0,96,96,1,1,0
2026-09-29T02:48:09.2509895+00:00,2083.995,1,1,1,1,1,255,0,0,96,96,1,1,0
2026-09-29T02:48:09.3349828+00:00,2084.079,1,1,1,1,1,255,0,0,96,96,1,1,0
2026-09-29T02:48:09.4039836+00:00,2084.148,1,1,1,1,1,255,0,0,96,96,1,1,0
2026-09-29T02:48:09.4797927+00:00,2084.223,1,1,1,1,1,255,0,0,96,96,1,1,0
2026-09-29T02:48:09.5457794+00:00,2084.290,1,1,1,1,1,255,0,0,96,96,1,1,0
2026-09-29T02:48:09.6237910+00:00,2084.367,1,1,1,1,1,255,0,0,96,96,1,1,0
2026-09-29T02:48:09.6967884+00:00,2084.440,1,1,1,1,1,255,0,0,96,96,1,1,0
2026-09-29T02:48:09.7647924+00:00,2084.508,1,1,1,1,1,255,0,0,96,96,1,1,0
2026-09-29T02:48:09.8368788+00:00,2084.580,1,1,1,1,1,255,0,0,96,96,1,1,0
2026-09-29T02:48:09.9044334+00:00,2084.648,1,1,1,1,1,255,0,0,96,96,1,1,0
2026-09-29T02:48:09.9794337+00:00,2084.723,1,1,1,1,1,255,0,0,96,96,1,1,0
2026-09-29T02:48:10.0464370+00:00,2084.790,1,1,1,1,1,255,0,0,96,96,1,1,0
2026-09-29T02:48:10.1464522+00:00,2084.890,1,1,1,1,1,255,0,0,96,96,1,1,0
2026-09-29T02:48:10.2214472+00:00,2084.965,1,1,1,1,1,255,0,0,96,96,1,1,0
2026-09-29T02:48:10.2954385+00:00,2085.039,1,1,1,1,1,255,0,0,96,96,1,1,0
2026-09-29T02:48:11.0530557+00:00,2085.797,1,1,1,1,1,255,0,0,96,96,1,1,0
2026-09-29T02:48:12.0551423+00:00,2086.799,1,1,1,1,1,255,0,0,96,96,1,1,0
2026-09-29T02:48:13.0637065+00:00,2087.808,1,1,1,1,1,255,0,0,96,96,1,1,0
2026-09-29T02:48:14.0656082+00:00,2088.809,1,1,1,1,1,255,0,0,96,96,1,1,0
2026-09-29T02:48:15.0668873+00:00,2089.810,1,1,1,1,1,255,0,0,96,96,1,1,0
2026-09-29T02:48:16.0690378+00:00,2090.813,1,1,1,1,1,255,0,0,96,96,1,1,0
2026-09-29T02:48:17.0851699+00:00,2091.829,1,1,1,1,1,255,0,0,96,96,1,1,0
2026-09-29T02:48:18.0868563+00:00,2092.830,1,1,1,1,1,255,0,0,96,96,1,1,0
2026-09-29T02:48:19.0886620+00:00,2093.832,1,1,1,1,1,255,0,0,96,96,1,1,0
2026-09-29T02:48:20.0897156+00:00,2094.833,1,1,1,1,1,255,0,0,96,96,1,1,0
2026-09-29T02:48:21.0992239+00:00,2095.844,1,1,1,1,1,255,0,0,96,96,1,1,0
2026-09-29T02:48:22.1018146+00:00,2096.845,1,1,1,1,1,255,0,0,96,96,1,1,0
2026-09-29T02:48:23.1034525+00:00,2097.847,1,1,1,1,1,255,0,0,96,96,1,1,0
2026-09-29T02:48:24.1040784+00:00,2098.847,1,1,1,1,1,255,0,0,96,96,1,1,0
2026-09-29T02:48:25.1066959+00:00,2099.850,1,1,1,1,1,255,0,0,96,96,1,1,0
2026-09-29T02:48:26.1084423+00:00,2100.852,1,1,1,1,1,255,0,0,96,96,1,1,0
2026-09-29T02:48:27.1100794+00:00,2101.853,1,1,1,1,1,255,0,0,96,96,1,1,0
2026-09-29T02:48:28.1121812+00:00,2102.856,1,1,1,1,1,255,0,0,96,96,1,1,0
2026-09-29T02:48:29.1139303+00:00,2103.857,1,1,1,1,1,255,0,0,96,96,1,1,0
2026-09-29T02:48:30.1156188+00:00,2104.859,1,1,1,1,1,255,0,0,96,96,1,1,0
2026-09-29T02:48:31.1168677+00:00,2105.860,1,1,1,1,1,255,0,0,96,96,1,1,0
2026-09-29T02:48:31.1848610+00:00,2105.928,1,1,1,1,1,255,0,0,96,96,1,1,0
2026-09-29T02:48:31.2548620+00:00,2105.998,1,1,1,1,1,255,0,0,96,96,1,1,0
2026-09-29T02:48:31.3228623+00:00,2106.066,1,1,1,1,1,255,0,0,96,96,1,1,0
2026-09-29T02:48:31.3918632+00:00,2106.135,1,1,1,1,1,255,0,0,96,96,1,1,0
2026-09-29T02:48:31.4578653+00:00,2106.201,1,1,1,1,1,255,0,0,96,96,1,1,0
2026-09-29T02:48:31.5348819+00:00,2106.278,1,1,1,1,1,255,0,0,96,96,1,1,0
2026-09-29T02:48:31.5978747+00:00,2106.341,1,1,1,1,1,255,0,0,96,96,1,1,0
2026-09-29T02:48:31.6688661+00:00,2106.412,1,1,1,1,1,255,0,0,96,96,1,1,0
2026-09-29T02:48:31.7328774+00:00,2106.476,1,1,1,1,1,255,0,0,96,96,1,1,0
2026-09-29T02:48:31.8048675+00:00,2106.548,1,1,1,1,1,255,0,0,96,96,1,1,0
2026-09-29T02:48:31.8844296+00:00,2106.628,1,1,1,1,1,255,0,0,96,96,1,1,0
2026-09-29T02:48:31.9554177+00:00,2106.699,1,1,1,1,1,255,0,0,96,96,1,1,0
2026-09-29T02:48:32.0294165+00:00,2106.773,1,1,1,1,1,255,0,0,96,96,1,1,0
2026-09-29T02:48:32.1004235+00:00,2106.844,1,1,1,1,1,255,0,0,96,96,1,1,0
2026-09-29T02:48:32.1734141+00:00,2106.917,1,1,1,1,1,255,0,0,96,96,1,1,0
2026-09-29T02:48:32.2454215+00:00,2106.989,1,1,1,1,1,255,0,0,96,96,1,1,0
2026-09-29T02:48:32.3284159+00:00,2107.072,1,1,1,1,1,255,0,0,96,96,1,1,0
2026-09-29T02:48:32.3974167+00:00,2107.141,1,1,1,1,1,255,0,0,96,96,1,1,0
2026-09-29T02:48:32.4784244+00:00,2107.222,1,1,1,1,1,255,0,0,96,96,1,1,0
2026-09-29T02:48:32.5414180+00:00,2107.285,1,1,1,1,1,255,0,0,96,96,1,1,0
2026-09-29T02:48:33.3131496+00:00,2108.056,1,1,1,1,1,255,0,0,96,96,1,1,0
2026-09-29T02:48:34.3154054+00:00,2109.059,1,1,1,1,1,255,0,0,96,96,1,1,0
2026-09-29T02:48:35.3172144+00:00,2110.060,1,1,1,1,1,255,0,0,96,96,1,1,0
2026-09-29T02:48:36.3188505+00:00,2111.062,1,1,1,1,1,255,0,0,96,96,1,1,0
2026-09-29T02:48:37.3209139+00:00,2112.064,1,1,1,1,1,255,0,0,96,96,1,1,0
2026-09-29T02:48:38.3224696+00:00,2113.066,1,1,1,1,1,255,0,0,96,96,1,1,0
2026-09-29T02:48:39.3242426+00:00,2114.067,1,1,1,1,1,255,0,0,96,96,1,1,0
2026-09-29T02:48:40.3265923+00:00,2115.070,1,1,1,1,1,255,0,0,96,96,1,1,0
2026-09-29T02:48:41.3363297+00:00,2116.080,1,1,1,1,1,255,0,0,96,96,1,1,0
2026-09-29T02:48:42.3478736+00:00,2117.091,1,1,1,1,1,255,0,0,96,96,1,1,0
2026-09-29T02:48:43.3546055+00:00,2118.098,1,1,1,1,1,255,0,0,96,96,1,1,0
2026-09-29T02:48:44.3558637+00:00,2119.099,1,1,1,1,1,255,0,0,96,96,1,1,0
2026-09-29T02:48:45.3572012+00:00,2120.100,1,1,1,1,1,255,0,0,96,96,1,1,0
2026-09-29T02:48:46.3593697+00:00,2121.103,1,1,1,1,1,255,0,0,96,96,1,1,0
2026-09-29T02:48:47.3705930+00:00,2122.114,1,1,1,1,1,255,0,0,96,96,1,1,0
2026-09-29T02:48:48.3728020+00:00,2123.116,1,1,1,1,1,255,0,0,96,96,1,1,0
2026-09-29T02:48:49.3741338+00:00,2124.117,1,1,1,1,1,255,0,0,96,96,1,1,0
2026-09-29T02:48:50.3760279+00:00,2125.119,1,1,1,1,1,255,0,0,96,96,1,1,0
2026-09-29T02:48:51.3776452+00:00,2126.121,1,1,1,1,1,255,0,0,96,96,1,1,0
2026-09-29T02:48:52.3788442+00:00,2127.122,1,1,1,1,1,255,0,0,96,96,1,1,0
2026-09-29T02:48:53.3807440+00:00,2128.124,1,1,1,1,1,255,0,0,96,96,1,1,0
2026-09-29T02:48:53.4557403+00:00,2128.199,1,1,1,1,1,255,0,0,96,96,1,1,0
2026-09-29T02:48:53.5317415+00:00,2128.275,1,1,1,1,1,255,0,0,96,96,1,1,0
2026-09-29T02:48:53.6067382+00:00,2128.350,1,1,1,1,1,255,0,0,96,96,1,1,0
2026-09-29T02:48:53.6797417+00:00,2128.423,1,1,1,1,1,255,0,0,96,96,1,1,0
2026-09-29T02:48:53.7397398+00:00,2128.483,1,1,1,1,1,255,0,0,96,96,1,1,0
2026-09-29T02:48:53.8317787+00:00,2128.575,1,1,1,1,1,255,0,0,96,96,1,1,0
2026-09-29T02:48:53.9091174+00:00,2128.652,1,1,1,1,1,255,0,0,96,96,1,1,0
2026-09-29T02:48:53.9821191+00:00,2128.725,1,1,1,1,1,255,0,0,96,96,1,1,0
2026-09-29T02:48:54.0431302+00:00,2128.786,1,1,1,1,1,255,0,0,96,96,1,1,0
2026-09-29T02:48:54.1231192+00:00,2128.866,1,1,1,1,1,255,0,0,96,96,1,1,0
2026-09-29T02:48:54.2101197+00:00,2128.953,1,1,1,1,1,255,0,0,96,96,1,1,0
2026-09-29T02:48:54.2909507+00:00,2129.034,1,1,1,1,1,255,0,0,96,96,1,1,0
2026-09-29T02:48:54.3671209+00:00,2129.110,1,1,1,1,1,255,0,0,96,96,1,1,0
2026-09-29T02:48:54.4511220+00:00,2129.194,1,1,1,1,1,255,0,0,96,96,1,1,0
2026-09-29T02:48:54.5231254+00:00,2129.266,1,1,1,1,1,255,0,0,96,96,1,1,0
2026-09-29T02:48:54.5951230+00:00,2129.338,1,1,1,1,1,255,0,0,96,96,1,1,0
2026-09-29T02:48:54.6691347+00:00,2129.412,1,1,1,1,1,255,0,0,96,96,1,1,0
2026-09-29T02:48:54.7311240+00:00,2129.474,1,1,1,1,1,255,0,0,96,96,1,1,0
2026-09-29T02:48:54.8071457+00:00,2129.550,1,1,1,1,1,255,0,0,96,96,1,1,0
2026-09-29T02:48:54.8666967+00:00,2129.610,1,1,1,1,1,255,0,0,96,96,1,1,0
2026-09-29T02:48:55.6401687+00:00,2130.383,1,1,1,1,1,255,0,0,96,96,1,1,0
2026-09-29T02:48:56.6432299+00:00,2131.386,1,1,1,1,1,255,0,0,96,96,1,1,0
2026-09-29T02:48:57.6450593+00:00,2132.388,1,1,1,1,1,255,0,0,96,96,1,1,0
2026-09-29T02:48:58.6466141+00:00,2133.390,1,1,1,1,1,255,0,0,96,96,1,1,0
2026-09-29T02:48:59.6485737+00:00,2134.392,1,1,1,1,1,255,0,0,96,96,1,1,0
2026-09-29T02:49:00.6502107+00:00,2135.393,1,1,1,1,1,255,0,0,96,96,1,1,0
2026-09-29T02:49:01.6523479+00:00,2136.395,1,1,1,1,1,255,0,0,96,96,1,1,0
2026-09-29T02:49:02.6539088+00:00,2137.397,1,1,1,1,1,255,0,0,96,96,1,1,0
2026-09-29T02:49:03.6549928+00:00,2138.398,1,1,1,1,1,255,0,0,96,96,1,1,0
2026-09-29T02:49:04.6663753+00:00,2139.409,1,1,1,1,1,255,0,0,96,96,1,1,0
2026-09-29T02:49:05.6810138+00:00,2140.424,1,1,1,1,1,255,0,0,96,96,1,1,0
2026-09-29T02:49:06.6812233+00:00,2141.424,1,1,1,1,1,255,0,0,96,96,1,1,0
2026-09-29T02:49:07.6833124+00:00,2142.426,1,1,1,1,1,255,0,0,96,96,1,1,0
2026-09-29T02:49:08.6839604+00:00,2143.427,1,1,1,1,1,255,0,0,96,96,1,1,0
2026-09-29T02:49:09.6862443+00:00,2144.429,1,1,1,1,1,255,0,0,96,96,1,1,0
2026-09-29T02:49:10.6875436+00:00,2145.430,1,1,1,1,1,255,0,0,96,96,1,1,0
2026-09-29T02:49:11.6899369+00:00,2146.433,1,1,1,1,1,255,0,0,96,96,1,1,0
2026-09-29T02:49:12.6914942+00:00,2147.434,1,1,1,1,1,255,0,0,96,96,1,1,0
2026-09-29T02:49:13.6932137+00:00,2148.436,1,1,1,1,1,255,0,0,96,96,1,1,0
2026-09-29T02:49:14.6934781+00:00,2149.436,1,1,1,1,1,255,0,0,96,96,1,1,0
2026-09-29T02:49:15.6957363+00:00,2150.439,1,1,1,1,1,255,0,0,96,96,1,1,0
2026-09-29T02:49:15.7811323+00:00,2150.524,1,1,1,1,1,255,0,0,96,96,1,1,0
2026-09-29T02:49:15.8459308+00:00,2150.589,1,1,1,1,1,255,0,0,96,96,1,1,0
2026-09-29T02:49:15.9169567+00:00,2150.660,1,1,1,1,1,255,0,0,96,96,1,1,0
2026-09-29T02:49:15.9889403+00:00,2150.732,1,1,1,1,1,255,0,0,96,96,1,1,0
2026-09-29T02:49:16.0579412+00:00,2150.801,1,1,1,1,1,255,0,0,96,96,1,1,0
2026-09-29T02:49:16.1289422+00:00,2150.872,1,1,1,1,1,255,0,0,96,96,1,1,0
2026-09-29T02:49:16.1999551+00:00,2150.943,1,1,1,1,1,255,0,0,96,96,1,1,0
2026-09-29T02:49:16.2729472+00:00,2151.016,1,1,1,1,1,255,0,0,96,96,1,1,0
2026-09-29T02:49:16.3339449+00:00,2151.077,1,1,1,1,1,255,0,0,96,96,1,1,0
2026-09-29T02:49:16.4069461+00:00,2151.150,1,1,1,1,1,255,0,0,96,96,1,1,0
2026-09-29T02:49:16.4729466+00:00,2151.216,1,1,1,1,1,255,0,0,96,96,1,1,0
2026-09-29T02:49:16.5549589+00:00,2151.298,1,1,1,1,1,255,0,0,96,96,1,1,0
2026-09-29T02:49:16.6259554+00:00,2151.369,1,1,1,1,1,255,0,0,96,96,1,1,0
2026-09-29T02:49:16.7009500+00:00,2151.444,1,1,1,1,1,255,0,0,96,96,1,1,0
2026-09-29T02:49:16.7689604+00:00,2151.512,1,1,1,1,1,255,0,0,96,96,1,1,0
2026-09-29T02:49:16.8489506+00:00,2151.592,1,1,1,1,1,255,0,0,96,96,1,1,0
2026-09-29T02:49:16.9396147+00:00,2151.683,1,1,1,1,1,255,0,0,96,96,1,1,0
2026-09-29T02:49:17.0072674+00:00,2151.750,1,1,1,1,1,255,0,0,96,96,1,1,0
2026-09-29T02:49:17.0896147+00:00,2151.833,1,1,1,1,1,255,0,0,96,96,1,1,0
2026-09-29T02:49:17.1558422+00:00,2151.899,1,1,1,1,1,255,0,0,96,96,1,1,0
2026-09-29T02:49:17.9112119+00:00,2152.654,1,1,1,1,1,255,0,0,96,96,1,1,0
2026-09-29T02:49:18.9135761+00:00,2153.656,1,1,1,1,1,255,0,0,96,96,1,1,0
2026-09-29T02:49:19.9150153+00:00,2154.658,1,1,1,1,1,255,0,0,96,96,1,1,0
2026-09-29T02:49:20.9167792+00:00,2155.660,1,1,1,1,1,255,0,0,96,96,1,1,0
2026-09-29T02:49:21.9184182+00:00,2156.661,1,1,1,1,1,255,0,0,96,96,1,1,0
2026-09-29T02:49:22.9199654+00:00,2157.663,1,1,1,1,1,255,0,0,96,96,1,1,0
2026-09-29T02:49:23.9215918+00:00,2158.664,1,1,1,1,1,255,0,0,96,96,1,1,0
2026-09-29T02:49:24.9236874+00:00,2159.667,1,1,1,1,1,255,0,0,96,96,1,1,0
2026-09-29T02:49:25.9360332+00:00,2160.679,1,1,1,1,1,255,0,0,96,96,1,1,0
2026-09-29T02:49:26.9461319+00:00,2161.689,1,1,1,1,1,255,0,0,96,96,1,1,0
2026-09-29T02:49:27.9473483+00:00,2162.690,1,1,1,1,1,255,0,0,96,96,1,1,0
2026-09-29T02:49:28.9496816+00:00,2163.692,1,1,1,1,1,255,0,0,96,96,1,1,0
2026-09-29T02:49:29.9511098+00:00,2164.694,1,1,1,1,1,255,0,0,96,96,1,1,0
2026-09-29T02:49:30.9526369+00:00,2165.695,1,1,1,1,1,255,0,0,96,96,1,1,0
2026-09-29T02:49:31.9547438+00:00,2166.698,1,1,1,1,1,255,0,0,96,96,1,1,0
2026-09-29T02:49:32.9568220+00:00,2167.700,1,1,1,1,1,255,0,0,96,96,1,1,0
2026-09-29T02:49:33.9584424+00:00,2168.701,1,1,1,1,1,255,0,0,96,96,1,1,0
2026-09-29T02:49:34.9605667+00:00,2169.703,1,1,1,1,1,255,0,0,96,96,1,1,0
2026-09-29T02:49:35.9619698+00:00,2170.705,1,1,1,1,1,255,0,0,96,96,1,1,0
2026-09-29T02:49:36.9635313+00:00,2171.706,1,1,1,1,1,255,0,0,96,96,1,1,0
2026-09-29T02:49:37.9656515+00:00,2172.708,1,1,1,1,1,255,0,0,96,96,1,1,0
2026-09-29T02:49:38.0482166+00:00,2172.791,1,1,1,1,1,255,0,0,96,96,1,1,0
2026-09-29T02:49:38.1166510+00:00,2172.859,1,1,1,1,1,255,0,0,96,96,1,1,0
2026-09-29T02:49:38.1896480+00:00,2172.932,1,1,1,1,1,255,0,0,96,96,1,1,0
2026-09-29T02:49:38.2612118+00:00,2173.004,1,1,1,1,1,255,0,0,96,96,1,1,0
2026-09-29T02:49:38.3302186+00:00,2173.073,1,1,1,1,1,255,0,0,96,96,1,1,0
2026-09-29T02:49:38.4036507+00:00,2173.146,1,1,1,1,1,255,0,0,96,96,1,1,0
2026-09-29T02:49:38.4746517+00:00,2173.217,1,1,1,1,1,255,0,0,96,96,1,1,0
2026-09-29T02:49:38.5382905+00:00,2173.281,1,1,1,1,1,255,0,0,96,96,1,1,0
2026-09-29T02:49:38.6053025+00:00,2173.348,1,1,1,1,1,255,0,0,96,96,1,1,0
2026-09-29T02:49:38.6989199+00:00,2173.442,1,1,1,1,1,255,0,0,96,96,1,1,0
2026-09-29T02:49:38.7685907+00:00,2173.511,1,1,1,1,1,255,0,0,96,96,1,1,0
2026-09-29T02:49:38.8530482+00:00,2173.596,1,1,1,1,1,255,0,0,96,96,1,1,0
2026-09-29T02:49:38.9137056+00:00,2173.656,1,1,1,1,1,255,0,0,96,96,1,1,0
2026-09-29T02:49:38.9836964+00:00,2173.726,1,1,1,1,1,255,0,0,96,96,1,1,0
2026-09-29T02:49:39.0687038+00:00,2173.811,1,1,1,1,1,255,0,0,96,96,1,1,0
2026-09-29T02:49:39.1452594+00:00,2173.888,1,1,1,1,1,255,0,0,96,96,1,1,0
2026-09-29T02:49:39.2132554+00:00,2173.956,1,1,1,1,1,255,0,0,96,96,1,1,0
2026-09-29T02:49:39.2772678+00:00,2174.020,1,1,1,1,1,255,0,0,96,96,1,1,0
2026-09-29T02:49:39.3392563+00:00,2174.082,1,1,1,1,1,255,0,0,96,96,1,1,0
2026-09-29T02:49:39.4152599+00:00,2174.158,1,1,1,1,1,255,0,0,96,96,1,1,0
2026-09-29T02:49:40.1605065+00:00,2174.903,1,1,1,1,1,255,0,0,96,96,1,1,0
2026-09-29T02:49:41.1637381+00:00,2175.906,1,1,1,1,1,255,0,0,96,96,1,1,0
2026-09-29T02:49:42.1658284+00:00,2176.908,1,1,1,1,1,255,0,0,96,96,1,1,0
2026-09-29T02:49:43.1679171+00:00,2177.911,1,1,1,1,1,255,0,0,96,96,1,1,0
2026-09-29T02:49:44.1699954+00:00,2178.913,1,1,1,1,1,255,0,0,96,96,1,1,0
2026-09-29T02:49:45.1722127+00:00,2179.915,1,1,1,1,1,255,0,0,96,96,1,1,0
2026-09-29T02:49:46.1739110+00:00,2180.917,1,1,1,1,1,255,0,0,96,96,1,1,0
2026-09-29T02:49:47.1846979+00:00,2181.927,1,1,1,1,1,255,0,0,96,96,1,1,0
2026-09-29T02:49:48.1952782+00:00,2182.938,1,1,1,1,1,255,0,0,96,96,1,1,0
2026-09-29T02:49:49.2110438+00:00,2183.954,1,1,1,1,1,255,0,0,96,96,1,1,0
2026-09-29T02:49:50.2122472+00:00,2184.955,1,1,1,1,1,255,0,0,96,96,1,1,0
2026-09-29T02:49:51.2139634+00:00,2185.957,1,1,1,1,1,255,0,0,96,96,1,1,0
2026-09-29T02:49:52.2160532+00:00,2186.959,1,1,1,1,1,255,0,0,96,96,1,1,0
2026-09-29T02:49:53.2181518+00:00,2187.961,1,1,1,1,1,255,0,0,96,96,1,1,0
2026-09-29T02:49:54.2197971+00:00,2188.962,1,1,1,1,1,255,0,0,96,96,1,1,0
2026-09-29T02:49:55.2216827+00:00,2189.964,1,1,1,1,1,255,0,0,96,96,1,1,0
2026-09-29T02:49:56.2238392+00:00,2190.966,1,1,1,1,1,255,0,0,96,96,1,1,0
2026-09-29T02:49:57.2258048+00:00,2191.968,1,1,1,1,1,255,0,0,96,96,1,1,0
2026-09-29T02:49:58.2278905+00:00,2192.970,1,1,1,1,1,255,0,0,96,96,1,1,0
2026-09-29T02:49:59.2294210+00:00,2193.972,1,1,1,1,1,255,0,0,96,96,1,1,0
2026-09-29T02:50:00.2311815+00:00,2194.974,1,1,1,1,1,255,0,0,96,96,1,1,0
2026-09-29T02:50:00.3191901+00:00,2195.062,1,1,1,1,1,255,0,0,96,96,1,1,0
2026-09-29T02:50:00.3921784+00:00,2195.135,1,1,1,1,1,255,0,0,96,96,1,1,0
2026-09-29T02:50:00.4591792+00:00,2195.202,1,1,1,1,1,255,0,0,96,96,1,1,0
2026-09-29T02:50:00.5421885+00:00,2195.285,1,1,1,1,1,255,0,0,96,96,1,1,0
2026-09-29T02:50:00.6111801+00:00,2195.354,1,1,1,1,1,255,0,0,96,96,1,1,0
2026-09-29T02:50:00.6821934+00:00,2195.425,1,1,1,1,1,255,0,0,96,96,1,1,0
2026-09-29T02:50:00.7631919+00:00,2195.506,1,1,1,1,1,255,0,0,96,96,1,1,0
2026-09-29T02:50:00.8303241+00:00,2195.573,1,1,1,1,1,255,0,0,96,96,1,1,0
2026-09-29T02:50:00.9094773+00:00,2195.652,1,1,1,1,1,255,0,0,96,96,1,1,0
2026-09-29T02:50:00.9854895+00:00,2195.728,1,1,1,1,1,255,0,0,96,96,1,1,0
2026-09-29T02:50:01.0554783+00:00,2195.798,1,1,1,1,1,255,0,0,96,96,1,1,0
2026-09-29T02:50:01.1376641+00:00,2195.880,1,1,1,1,1,255,0,0,96,96,1,1,0
2026-09-29T02:50:01.2070619+00:00,2195.950,1,1,1,1,1,255,0,0,96,96,1,1,0
2026-09-29T02:50:01.2810518+00:00,2196.024,1,1,1,1,1,255,0,0,96,96,1,1,0
2026-09-29T02:50:01.3476766+00:00,2196.090,1,1,1,1,1,255,0,0,96,96,1,1,0
2026-09-29T02:50:01.4310649+00:00,2196.174,1,1,1,1,1,255,0,0,96,96,1,1,0
2026-09-29T02:50:01.5010525+00:00,2196.244,1,1,1,1,1,255,0,0,96,96,1,1,0
2026-09-29T02:50:01.5776670+00:00,2196.320,1,1,1,1,1,255,0,0,96,96,1,1,0
2026-09-29T02:50:01.6526794+00:00,2196.395,1,1,1,1,1,255,0,0,96,96,1,1,0
2026-09-29T02:50:01.7268237+00:00,2196.469,1,1,1,1,1,255,0,0,96,96,1,1,0
2026-09-29T02:50:02.4851202+00:00,2197.228,1,1,1,1,1,255,0,0,96,96,1,1,0
2026-09-29T02:50:03.4877579+00:00,2198.230,1,1,1,1,1,255,0,0,96,96,1,1,0
2026-09-29T02:50:04.4893476+00:00,2199.232,1,1,1,1,1,255,0,0,96,96,1,1,0
2026-09-29T02:50:05.4913188+00:00,2200.234,1,1,1,1,1,255,0,0,96,96,1,1,0
2026-09-29T02:50:06.4935283+00:00,2201.236,1,1,1,1,1,255,0,0,96,96,1,1,0
2026-09-29T02:50:07.4956125+00:00,2202.238,1,1,1,1,1,255,0,0,96,96,1,1,0
2026-09-29T02:50:08.4971713+00:00,2203.240,1,1,1,1,1,255,0,0,96,96,1,1,0
2026-09-29T02:50:09.4985434+00:00,2204.241,1,1,1,1,1,255,0,0,96,96,1,1,0
2026-09-29T02:50:10.5096391+00:00,2205.252,1,1,1,1,1,255,0,0,96,96,1,1,0
2026-09-29T02:50:11.5146451+00:00,2206.257,1,1,1,1,1,255,0,0,96,96,1,1,0
2026-09-29T02:50:12.5231959+00:00,2207.266,1,1,1,1,1,255,0,0,96,96,1,1,0
2026-09-29T02:50:13.5249307+00:00,2208.267,1,1,1,1,1,255,0,0,96,96,1,1,0
2026-09-29T02:50:14.5262331+00:00,2209.269,1,1,1,1,1,255,0,0,96,96,1,1,0
2026-09-29T02:50:15.5280151+00:00,2210.270,1,1,1,1,1,255,0,0,96,96,1,1,0
2026-09-29T02:50:16.5296380+00:00,2211.272,1,1,1,1,1,255,0,0,96,96,1,1,0
2026-09-29T02:50:17.5393254+00:00,2212.282,1,1,1,1,1,255,0,0,96,96,1,1,0
2026-09-29T02:50:18.5416022+00:00,2213.284,1,1,1,1,1,255,0,0,96,96,1,1,0
2026-09-29T02:50:19.5429636+00:00,2214.285,1,1,1,1,1,255,0,0,96,96,1,1,0
2026-09-29T02:50:20.5451630+00:00,2215.287,1,1,1,1,1,255,0,0,96,96,1,1,0
2026-09-29T02:50:21.5469411+00:00,2216.289,1,1,1,1,1,255,0,0,96,96,1,1,0
2026-09-29T02:50:22.5489991+00:00,2217.291,1,1,1,1,1,255,0,0,96,96,1,1,0
2026-09-29T02:50:22.6149958+00:00,2217.357,1,1,1,1,1,255,0,0,96,96,1,1,0
2026-09-29T02:50:22.7059967+00:00,2217.448,1,1,1,1,1,255,0,0,96,96,1,1,0
2026-09-29T02:50:22.7759976+00:00,2217.518,1,1,1,1,1,255,0,0,96,96,1,1,0
2026-09-29T02:50:22.8410137+00:00,2217.583,1,1,1,1,1,255,0,0,96,96,1,1,0
2026-09-29T02:50:22.9259384+00:00,2217.668,1,1,1,1,1,255,0,0,96,96,1,1,0
2026-09-29T02:50:23.0009387+00:00,2217.743,1,1,1,1,1,255,0,0,96,96,1,1,0
2026-09-29T02:50:23.0739515+00:00,2217.816,1,1,1,1,1,255,0,0,96,96,1,1,0
2026-09-29T02:50:23.1339806+00:00,2217.876,1,1,1,1,1,255,0,0,96,96,1,1,0
2026-09-29T02:50:23.2245140+00:00,2217.967,1,1,1,1,1,255,0,0,96,96,1,1,0
2026-09-29T02:50:23.3009729+00:00,2218.043,1,1,1,1,1,255,0,0,96,96,1,1,0
2026-09-29T02:50:23.3729764+00:00,2218.115,1,1,1,1,1,255,0,0,96,96,1,1,0
2026-09-29T02:50:23.4405328+00:00,2218.183,1,1,1,1,1,255,0,0,96,96,1,1,0
2026-09-29T02:50:23.5235168+00:00,2218.266,1,1,1,1,1,255,0,0,96,96,1,1,0
2026-09-29T02:50:23.5969970+00:00,2218.340,1,1,1,1,1,255,0,0,96,96,1,1,0
2026-09-29T02:50:23.6715202+00:00,2218.414,1,1,1,1,1,255,0,0,96,96,1,1,0
2026-09-29T02:50:23.7395194+00:00,2218.482,1,1,1,1,1,255,0,0,96,96,1,1,0
2026-09-29T02:50:23.8319779+00:00,2218.574,1,1,1,1,1,255,0,0,96,96,1,1,0
2026-09-29T02:50:23.9101984+00:00,2218.652,1,1,1,1,1,255,0,0,96,96,1,1,0
2026-09-29T02:50:23.9851988+00:00,2218.727,1,1,1,1,1,255,0,0,96,96,1,1,0
2026-09-29T02:50:24.0532027+00:00,2218.795,1,1,1,1,1,255,0,0,96,96,1,1,0
2026-09-29T02:50:24.8179178+00:00,2219.560,1,1,1,1,1,255,0,0,96,96,1,1,0
2026-09-29T02:50:25.8202841+00:00,2220.563,1,1,1,1,1,255,0,0,96,96,1,1,0
2026-09-29T02:50:26.8219486+00:00,2221.564,1,1,1,1,1,255,0,0,96,96,1,1,0
2026-09-29T02:50:27.8232900+00:00,2222.566,1,1,1,1,1,255,0,0,96,96,1,1,0
2026-09-29T02:50:28.8248725+00:00,2223.567,1,1,1,1,1,255,0,0,96,96,1,1,0
2026-09-29T02:50:29.8267033+00:00,2224.569,1,1,1,1,1,255,0,0,96,96,1,1,0
2026-09-29T02:50:30.8290886+00:00,2225.571,1,1,1,1,1,255,0,0,96,96,1,1,0
2026-09-29T02:50:31.8307907+00:00,2226.573,1,1,1,1,1,255,0,0,96,96,1,1,0
2026-09-29T02:50:32.8378520+00:00,2227.580,1,1,1,1,1,255,0,0,96,96,1,1,0
2026-09-29T02:50:33.8520756+00:00,2228.594,1,1,1,1,1,255,0,0,96,96,1,1,0
2026-09-29T02:50:34.8540076+00:00,2229.596,1,1,1,1,1,255,0,0,96,96,1,1,0
2026-09-29T02:50:35.8551963+00:00,2230.597,1,1,1,1,1,255,0,0,96,96,1,1,0
2026-09-29T02:50:36.8568230+00:00,2231.599,1,1,1,1,1,255,0,0,96,96,1,1,0
2026-09-29T02:50:37.8585406+00:00,2232.601,1,1,1,1,1,255,0,0,96,96,1,1,0
2026-09-29T02:50:38.8603677+00:00,2233.602,1,1,1,1,1,255,0,0,96,96,1,1,0
2026-09-29T02:50:39.8623600+00:00,2234.604,1,1,1,1,1,255,0,0,96,96,1,1,0
2026-09-29T02:50:40.8641583+00:00,2235.606,1,1,1,1,1,255,0,0,96,96,1,1,0
2026-09-29T02:50:41.8658226+00:00,2236.608,1,1,1,1,1,255,0,0,96,96,1,1,0
2026-09-29T02:50:42.8673765+00:00,2237.609,1,1,1,1,1,255,0,0,96,96,1,1,0
2026-09-29T02:50:43.8691111+00:00,2238.611,1,1,1,1,1,255,0,0,96,96,1,1,0
2026-09-29T02:50:44.8708048+00:00,2239.613,1,1,1,1,1,255,0,0,96,96,1,1,0
2026-09-29T02:50:44.9523437+00:00,2239.694,1,1,1,1,1,255,0,0,96,96,1,1,0
2026-09-29T02:50:45.0173564+00:00,2239.759,1,1,1,1,1,255,0,0,96,96,1,1,0
2026-09-29T02:50:45.0863447+00:00,2239.828,1,1,1,1,1,255,0,0,96,96,1,1,0
2026-09-29T02:50:45.1589292+00:00,2239.901,1,1,1,1,1,255,0,0,96,96,1,1,0
2026-09-29T02:50:45.2275637+00:00,2239.970,1,1,1,1,1,255,0,0,96,96,1,1,0
2026-09-29T02:50:45.2989299+00:00,2240.041,1,1,1,1,1,255,0,0,96,96,1,1,0
2026-09-29T02:50:45.3645759+00:00,2240.107,1,1,1,1,1,255,0,0,96,96,1,1,0
2026-09-29T02:50:45.4289319+00:00,2240.171,1,1,1,1,1,255,0,0,96,96,1,1,0
2026-09-29T02:50:45.5039328+00:00,2240.246,1,1,1,1,1,255,0,0,96,96,1,1,0
2026-09-29T02:50:45.5879264+00:00,2240.330,1,1,1,1,1,255,0,0,96,96,1,1,0
2026-09-29T02:50:45.6559160+00:00,2240.398,1,1,1,1,1,255,0,0,96,96,1,1,0
2026-09-29T02:50:45.7235677+00:00,2240.466,1,1,1,1,1,255,0,0,96,96,1,1,0
2026-09-29T02:50:45.8022362+00:00,2240.544,1,1,1,1,1,255,0,0,96,96,1,1,0
2026-09-29T02:50:45.8822285+00:00,2240.624,1,1,1,1,1,255,0,0,96,96,1,1,0
2026-09-29T02:50:45.9577666+00:00,2240.700,1,1,1,1,1,255,0,0,96,96,1,1,0
2026-09-29T02:50:46.0287707+00:00,2240.771,1,1,1,1,1,255,0,0,96,96,1,1,0
2026-09-29T02:50:46.0957761+00:00,2240.838,1,1,1,1,1,255,0,0,96,96,1,1,0
2026-09-29T02:50:46.1677649+00:00,2240.910,1,1,1,1,1,255,0,0,96,96,1,1,0
2026-09-29T02:50:46.2397653+00:00,2240.982,1,1,1,1,1,255,0,0,96,96,1,1,0
2026-09-29T02:50:46.3117716+00:00,2241.054,1,1,1,1,1,255,0,0,96,96,1,1,0
2026-09-29T02:50:47.0916168+00:00,2241.834,1,1,1,1,1,255,0,0,96,96,1,1,0
2026-09-29T02:50:48.0937095+00:00,2242.836,1,1,1,1,1,255,0,0,96,96,1,1,0
2026-09-29T02:50:49.0959075+00:00,2243.838,1,1,1,1,1,255,0,0,96,96,1,1,0
2026-09-29T02:50:50.0974014+00:00,2244.839,1,1,1,1,1,255,0,0,96,96,1,1,0
2026-09-29T02:50:51.0986611+00:00,2245.841,1,1,1,1,1,255,0,0,96,96,1,1,0
2026-09-29T02:50:52.1008455+00:00,2246.843,1,1,1,1,1,255,0,0,96,96,1,1,0
2026-09-29T02:50:53.1030675+00:00,2247.845,1,1,1,1,1,255,0,0,96,96,1,1,0
2026-09-29T02:50:54.1046799+00:00,2248.847,1,1,1,1,1,255,0,0,96,96,1,1,0
2026-09-29T02:50:55.1088759+00:00,2249.851,1,1,1,1,1,255,0,0,96,96,1,1,0
2026-09-29T02:50:56.1121309+00:00,2250.854,1,1,1,1,1,255,0,0,96,96,1,1,0
2026-09-29T02:50:57.1233518+00:00,2251.865,1,1,1,1,1,255,0,0,96,96,1,1,0
2026-09-29T02:50:58.1250862+00:00,2252.867,1,1,1,1,1,255,0,0,96,96,1,1,0
2026-09-29T02:50:59.1264896+00:00,2253.868,1,1,1,1,1,255,0,0,96,96,1,1,0
2026-09-29T02:51:00.1279024+00:00,2254.870,1,1,1,1,1,255,0,0,96,96,1,1,0
2026-09-29T02:51:01.1301035+00:00,2255.872,1,1,1,1,1,255,0,0,96,96,1,1,0
2026-09-29T02:51:02.1319835+00:00,2256.874,1,1,1,1,1,255,0,0,96,96,1,1,0
2026-09-29T02:51:03.1340683+00:00,2257.876,1,1,1,1,1,255,0,0,96,96,1,1,0
2026-09-29T02:51:04.1357187+00:00,2258.878,1,1,1,1,1,255,0,0,96,96,1,1,0
2026-09-29T02:51:05.1372657+00:00,2259.879,1,1,1,1,1,255,0,0,96,96,1,1,0
2026-09-29T02:51:06.1385246+00:00,2260.880,1,1,1,1,1,255,0,0,96,96,1,1,0
2026-09-29T02:51:07.1406094+00:00,2261.882,1,1,1,1,1,255,0,0,96,96,1,1,0
2026-09-29T02:51:07.2046016+00:00,2261.946,1,1,1,1,1,255,0,0,96,96,1,1,0
2026-09-29T02:51:07.2866020+00:00,2262.028,1,1,1,1,1,255,0,0,96,96,1,1,0
2026-09-29T02:51:07.3666145+00:00,2262.108,1,1,1,1,1,255,0,0,96,96,1,1,0
2026-09-29T02:51:07.4346032+00:00,2262.176,1,1,1,1,1,255,0,0,96,96,1,1,0
2026-09-29T02:51:07.5126036+00:00,2262.254,1,1,1,1,1,255,0,0,96,96,1,1,0
2026-09-29T02:51:07.5946125+00:00,2262.336,1,1,1,1,1,255,0,0,96,96,1,1,0
2026-09-29T02:51:07.6646045+00:00,2262.406,1,1,1,1,1,255,0,0,96,96,1,1,0
2026-09-29T02:51:07.7466049+00:00,2262.488,1,1,1,1,1,255,0,0,96,96,1,1,0
2026-09-29T02:51:07.8146054+00:00,2262.556,1,1,1,1,1,255,0,0,96,96,1,1,0
2026-09-29T02:51:07.8876096+00:00,2262.629,1,1,1,1,1,255,0,0,96,96,1,1,0
2026-09-29T02:51:07.9651648+00:00,2262.707,1,1,1,1,1,255,0,0,96,96,1,1,0
2026-09-29T02:51:08.0421655+00:00,2262.784,1,1,1,1,1,255,0,0,96,96,1,1,0
2026-09-29T02:51:08.1151825+00:00,2262.857,1,1,1,1,1,255,0,0,96,96,1,1,0
2026-09-29T02:51:08.1861777+00:00,2262.928,1,1,1,1,1,255,0,0,96,96,1,1,0
2026-09-29T02:51:08.2511848+00:00,2262.993,1,1,1,1,1,255,0,0,96,96,1,1,0
2026-09-29T02:51:08.3201768+00:00,2263.062,1,1,1,1,1,255,0,0,96,96,1,1,0
2026-09-29T02:51:08.3911672+00:00,2263.133,1,1,1,1,1,255,0,0,96,96,1,1,0
2026-09-29T02:51:08.4641790+00:00,2263.206,1,1,1,1,1,255,0,0,96,96,1,1,0
2026-09-29T02:51:08.5279162+00:00,2263.270,1,1,1,1,1,255,0,0,96,96,1,1,0
2026-09-29T02:51:08.5959283+00:00,2263.338,1,1,1,1,1,255,0,0,96,96,1,1,0
2026-09-29T02:51:09.3765569+00:00,2264.118,1,1,1,1,1,255,0,0,96,96,1,1,0
2026-09-29T02:51:10.3788432+00:00,2265.121,1,1,1,1,1,255,0,0,96,96,1,1,0
2026-09-29T02:51:11.3805269+00:00,2266.122,1,1,1,1,1,255,0,0,96,96,1,1,0
2026-09-29T02:51:12.3820842+00:00,2267.124,1,1,1,1,1,255,0,0,96,96,1,1,0
2026-09-29T02:51:13.3836833+00:00,2268.126,1,1,1,1,1,255,0,0,96,96,1,1,0
2026-09-29T02:51:14.3857595+00:00,2269.128,1,1,1,1,1,255,0,0,96,96,1,1,0
2026-09-29T02:51:15.3879043+00:00,2270.130,1,1,1,1,1,255,0,0,96,96,1,1,0
2026-09-29T02:51:16.3896803+00:00,2271.131,1,1,1,1,1,255,0,0,96,96,1,1,0
2026-09-29T02:51:17.4003827+00:00,2272.142,1,1,1,1,1,255,0,0,96,96,1,1,0
2026-09-29T02:51:18.4024372+00:00,2273.144,1,1,1,1,1,255,0,0,96,96,1,1,0
2026-09-29T02:51:19.4148340+00:00,2274.157,1,1,1,1,1,255,0,0,96,96,1,1,0
2026-09-29T02:51:20.4171370+00:00,2275.159,1,1,1,1,1,255,0,0,96,96,1,1,0
2026-09-29T02:51:21.4190498+00:00,2276.161,1,1,1,1,1,255,0,0,96,96,1,1,0
2026-09-29T02:51:22.4211681+00:00,2277.163,1,1,1,1,1,255,0,0,96,96,1,1,0
2026-09-29T02:51:23.4232543+00:00,2278.165,1,1,1,1,1,255,0,0,96,96,1,1,0
2026-09-29T02:51:24.4253380+00:00,2279.167,1,1,1,1,1,255,0,0,96,96,1,1,0
2026-09-29T02:51:25.4266979+00:00,2280.168,1,1,1,1,1,255,0,0,96,96,1,1,0
2026-09-29T02:51:26.4288694+00:00,2281.171,1,1,1,1,1,255,0,0,96,96,1,1,0
2026-09-29T02:51:27.4306982+00:00,2282.172,1,1,1,1,1,255,0,0,96,96,1,1,0
2026-09-29T02:51:28.4322714+00:00,2283.174,1,1,1,1,1,255,0,0,96,96,1,1,0
2026-09-29T02:51:29.4337066+00:00,2284.175,1,1,1,1,1,255,0,0,96,96,1,1,0
2026-09-29T02:51:29.5156374+00:00,2284.257,1,1,1,1,1,255,0,0,96,96,1,1,0
2026-09-29T02:51:29.5836406+00:00,2284.325,1,1,1,1,1,255,0,0,96,96,1,1,0
2026-09-29T02:51:29.6576389+00:00,2284.399,1,1,1,1,1,255,0,0,96,96,1,1,0
2026-09-29T02:51:29.7316403+00:00,2284.473,1,1,1,1,1,255,0,0,96,96,1,1,0
2026-09-29T02:51:29.8066422+00:00,2284.548,1,1,1,1,1,255,0,0,96,96,1,1,0
2026-09-29T02:51:29.8817610+00:00,2284.623,1,1,1,1,1,255,0,0,96,96,1,1,0
2026-09-29T02:51:29.9547182+00:00,2284.696,1,1,1,1,1,255,0,0,96,96,1,1,0
2026-09-29T02:51:30.0271985+00:00,2284.769,1,1,1,1,1,255,0,0,96,96,1,1,0
2026-09-29T02:51:30.0944865+00:00,2284.836,1,1,1,1,1,255,0,0,96,96,1,1,0
2026-09-29T02:51:30.1754914+00:00,2284.917,1,1,1,1,1,255,0,0,96,96,1,1,0
2026-09-29T02:51:30.2484855+00:00,2284.990,1,1,1,1,1,255,0,0,96,96,1,1,0
2026-09-29T02:51:30.3214883+00:00,2285.063,1,1,1,1,1,255,0,0,96,96,1,1,0
2026-09-29T02:51:30.4014897+00:00,2285.143,1,1,1,1,1,255,0,0,96,96,1,1,0
2026-09-29T02:51:30.4754881+00:00,2285.217,1,1,1,1,1,255,0,0,96,96,1,1,0
2026-09-29T02:51:30.5404913+00:00,2285.282,1,1,1,1,1,255,0,0,96,96,1,1,0
2026-09-29T02:51:30.6235036+00:00,2285.365,1,1,1,1,1,255,0,0,96,96,1,1,0
2026-09-29T02:51:30.6904902+00:00,2285.432,1,1,1,1,1,255,0,0,96,96,1,1,0
2026-09-29T02:51:30.7635021+00:00,2285.505,1,1,1,1,1,255,0,0,96,96,1,1,0
2026-09-29T02:51:30.8377390+00:00,2285.579,1,1,1,1,1,255,0,0,96,96,1,1,0
2026-09-29T02:51:30.9097393+00:00,2285.651,1,1,1,1,1,255,0,0,96,96,1,1,0
2026-09-29T02:51:31.6538600+00:00,2286.396,1,1,1,1,1,255,0,0,96,96,1,1,0
2026-09-29T02:51:32.6564314+00:00,2287.398,1,1,1,1,1,255,0,0,96,96,1,1,0
2026-09-29T02:51:33.6585125+00:00,2288.400,1,1,1,1,1,255,0,0,96,96,1,1,0
2026-09-29T02:51:34.6599378+00:00,2289.402,1,1,1,1,1,255,0,0,96,96,1,1,0
2026-09-29T02:51:35.6611382+00:00,2290.403,1,1,1,1,1,255,0,0,96,96,1,1,0
2026-09-29T02:51:36.6628855+00:00,2291.404,1,1,1,1,1,255,0,0,96,96,1,1,0
2026-09-29T02:51:37.6649749+00:00,2292.407,1,1,1,1,1,255,0,0,96,96,1,1,0
2026-09-29T02:51:38.6669552+00:00,2293.409,1,1,1,1,1,255,0,0,96,96,1,1,0
2026-09-29T02:51:39.6685591+00:00,2294.410,1,1,1,1,1,255,0,0,96,96,1,1,0
2026-09-29T02:51:40.6709185+00:00,2295.412,1,1,1,1,1,255,0,0,96,96,1,1,0
2026-09-29T02:51:41.6813876+00:00,2296.423,1,1,1,1,1,255,0,0,96,96,1,1,0
2026-09-29T02:51:42.6839559+00:00,2297.425,1,1,1,1,1,255,0,0,96,96,1,1,0
2026-09-29T02:51:43.6860651+00:00,2298.428,1,1,1,1,1,255,0,0,96,96,1,1,0
2026-09-29T02:51:44.6877749+00:00,2299.429,1,1,1,1,1,255,0,0,96,96,1,1,0
2026-09-29T02:51:45.6894119+00:00,2300.431,1,1,1,1,1,255,0,0,96,96,1,1,0
2026-09-29T02:51:46.6907323+00:00,2301.432,1,1,1,1,1,255,0,0,96,96,1,1,0
2026-09-29T02:51:47.7015091+00:00,2302.443,1,1,1,1,1,255,0,0,96,96,1,1,0
2026-09-29T02:51:48.7031426+00:00,2303.445,1,1,1,1,1,255,0,0,96,96,1,1,0
2026-09-29T02:51:49.7051059+00:00,2304.447,1,1,1,1,1,255,0,0,96,96,1,1,0
2026-09-29T02:51:50.7071954+00:00,2305.449,1,1,1,1,1,255,0,0,96,96,1,1,0
2026-09-29T02:51:51.7092011+00:00,2306.451,1,1,1,1,1,255,0,0,96,96,1,1,0
2026-09-29T02:51:51.7811957+00:00,2306.523,1,1,1,1,1,255,0,0,96,96,1,1,0
2026-09-29T02:51:51.8541840+00:00,2306.596,1,1,1,1,1,255,0,0,96,96,1,1,0
2026-09-29T02:51:51.9342090+00:00,2306.676,1,1,1,1,1,255,0,0,96,96,1,1,0
2026-09-29T02:51:52.0098046+00:00,2306.751,1,1,1,1,1,255,0,0,96,96,1,1,0
2026-09-29T02:51:52.0834288+00:00,2306.825,1,1,1,1,1,255,0,0,96,96,1,1,0
2026-09-29T02:51:52.1534408+00:00,2306.895,1,1,1,1,1,255,0,0,96,96,1,1,0
2026-09-29T02:51:52.2334300+00:00,2306.975,1,1,1,1,1,255,0,0,96,96,1,1,0
2026-09-29T02:51:52.3074421+00:00,2307.049,1,1,1,1,1,255,0,0,96,96,1,1,0
2026-09-29T02:51:52.3778017+00:00,2307.119,1,1,1,1,1,255,0,0,96,96,1,1,0
2026-09-29T02:51:52.4454323+00:00,2307.187,1,1,1,1,1,255,0,0,96,96,1,1,0
2026-09-29T02:51:52.5204321+00:00,2307.262,1,1,1,1,1,255,0,0,96,96,1,1,0
2026-09-29T02:51:52.5958081+00:00,2307.337,1,1,1,1,1,255,0,0,96,96,1,1,0
2026-09-29T02:51:52.6678087+00:00,2307.409,1,1,1,1,1,255,0,0,96,96,1,1,0
2026-09-29T02:51:52.7408126+00:00,2307.482,1,1,1,1,1,255,0,0,96,96,1,1,0
2026-09-29T02:51:52.8118098+00:00,2307.553,1,1,1,1,1,255,0,0,96,96,1,1,0
2026-09-29T02:51:52.8888055+00:00,2307.630,1,1,1,1,1,255,0,0,96,96,1,1,0
2026-09-29T02:51:52.9669296+00:00,2307.708,1,1,1,1,1,255,0,0,96,96,1,1,0
2026-09-29T02:51:53.0439257+00:00,2307.785,1,1,1,1,1,255,0,0,96,96,1,1,0
2026-09-29T02:51:53.1184787+00:00,2307.860,1,1,1,1,1,255,0,0,96,96,1,1,0
2026-09-29T02:51:53.1934781+00:00,2307.935,1,1,1,1,1,255,0,0,96,96,1,1,0
2026-09-29T02:51:53.9648212+00:00,2308.706,1,1,1,1,1,255,0,0,96,96,1,1,0
2026-09-29T02:51:54.9664865+00:00,2309.708,1,1,1,1,1,255,0,0,96,96,1,1,0
2026-09-29T02:51:55.9687488+00:00,2310.710,1,1,1,1,1,255,0,0,96,96,1,1,0
2026-09-29T02:51:56.9704574+00:00,2311.712,1,1,1,1,1,255,0,0,96,96,1,1,0
2026-09-29T02:51:57.9720957+00:00,2312.713,1,1,1,1,1,255,0,0,96,96,1,1,0
2026-09-29T02:51:58.9742618+00:00,2313.716,1,1,1,1,1,255,0,0,96,96,1,1,0
2026-09-29T02:51:59.9755805+00:00,2314.717,1,1,1,1,1,255,0,0,96,96,1,1,0
2026-09-29T02:52:00.9773278+00:00,2315.719,1,1,1,1,1,255,0,0,96,96,1,1,0
2026-09-29T02:52:01.9789506+00:00,2316.720,1,1,1,1,1,255,0,0,96,96,1,1,0
2026-09-29T02:52:02.9935032+00:00,2317.735,1,1,1,1,1,255,0,0,96,96,1,1,0
2026-09-29T02:52:03.9947032+00:00,2318.736,1,1,1,1,1,255,0,0,96,96,1,1,0
2026-09-29T02:52:04.9962304+00:00,2319.738,1,1,1,1,1,255,0,0,96,96,1,1,0
2026-09-29T02:52:05.9976554+00:00,2320.739,1,1,1,1,1,255,0,0,96,96,1,1,0
2026-09-29T02:52:06.9991948+00:00,2321.740,1,1,1,1,1,255,0,0,96,96,1,1,0
2026-09-29T02:52:08.0015294+00:00,2322.743,1,1,1,1,1,255,0,0,96,96,1,1,0
2026-09-29T02:52:09.0032472+00:00,2323.745,1,1,1,1,1,255,0,0,96,96,1,1,0
2026-09-29T02:52:10.0053067+00:00,2324.747,1,1,1,1,1,255,0,0,96,96,1,1,0
2026-09-29T02:52:11.0069091+00:00,2325.748,1,1,1,1,1,255,0,0,96,96,1,1,0
2026-09-29T02:52:12.0086049+00:00,2326.750,1,1,1,1,1,255,0,0,96,96,1,1,0
2026-09-29T02:52:13.0101434+00:00,2327.751,1,1,1,1,1,255,0,0,96,96,1,1,0
2026-09-29T02:52:14.0116296+00:00,2328.753,1,1,1,1,1,255,0,0,96,96,1,1,0
2026-09-29T02:52:14.0949925+00:00,2328.836,1,1,1,1,1,255,0,0,96,96,1,1,0
2026-09-29T02:52:14.1630052+00:00,2328.904,1,1,1,1,1,255,0,0,96,96,1,1,0
2026-09-29T02:52:14.2319938+00:00,2328.973,1,1,1,1,1,255,0,0,96,96,1,1,0
2026-09-29T02:52:14.3109937+00:00,2329.052,1,1,1,1,1,255,0,0,96,96,1,1,0
2026-09-29T02:52:14.3856132+00:00,2329.127,1,1,1,1,1,255,0,0,96,96,1,1,0
2026-09-29T02:52:14.4589944+00:00,2329.200,1,1,1,1,1,255,0,0,96,96,1,1,0
2026-09-29T02:52:14.5356260+00:00,2329.277,1,1,1,1,1,255,0,0,96,96,1,1,0
2026-09-29T02:52:14.6076318+00:00,2329.349,1,1,1,1,1,255,0,0,96,96,1,1,0
2026-09-29T02:52:14.6839961+00:00,2329.425,1,1,1,1,1,255,0,0,96,96,1,1,0
2026-09-29T02:52:14.7530049+00:00,2329.494,1,1,1,1,1,255,0,0,96,96,1,1,0
2026-09-29T02:52:14.8385793+00:00,2329.580,1,1,1,1,1,255,0,0,96,96,1,1,0
2026-09-29T02:52:14.9057002+00:00,2329.647,1,1,1,1,1,255,0,0,96,96,1,1,0
2026-09-29T02:52:14.9872917+00:00,2329.729,1,1,1,1,1,255,0,0,96,96,1,1,0
2026-09-29T02:52:15.0602958+00:00,2329.802,1,1,1,1,1,255,0,0,96,96,1,1,0
2026-09-29T02:52:15.1404183+00:00,2329.882,1,1,1,1,1,255,0,0,96,96,1,1,0
2026-09-29T02:52:15.2154210+00:00,2329.957,1,1,1,1,1,255,0,0,96,96,1,1,0
2026-09-29T02:52:15.2984195+00:00,2330.040,1,1,1,1,1,255,0,0,96,96,1,1,0
2026-09-29T02:52:15.3834248+00:00,2330.125,1,1,1,1,1,255,0,0,96,96,1,1,0
2026-09-29T02:52:15.4564330+00:00,2330.198,1,1,1,1,1,255,0,0,96,96,1,1,0
2026-09-29T02:52:15.5354204+00:00,2330.277,1,1,1,1,1,255,0,0,96,96,1,1,0
2026-09-29T02:52:16.3154315+00:00,2331.057,1,1,1,1,1,255,0,0,96,96,1,1,0
2026-09-29T02:52:17.3256774+00:00,2332.067,1,1,1,1,1,255,0,0,96,96,1,1,0
2026-09-29T02:52:18.3272319+00:00,2333.068,1,1,1,1,1,255,0,0,96,96,1,1,0
2026-09-29T02:52:19.3290777+00:00,2334.070,1,1,1,1,1,255,0,0,96,96,1,1,0
2026-09-29T02:52:20.3307717+00:00,2335.072,1,1,1,1,1,255,0,0,96,96,1,1,0
2026-09-29T02:52:21.3326731+00:00,2336.074,1,1,1,1,1,255,0,0,96,96,1,1,0
2026-09-29T02:52:22.3347777+00:00,2337.076,1,1,1,1,1,255,0,0,96,96,1,1,0
2026-09-29T02:52:23.3368509+00:00,2338.078,1,1,1,1,1,255,0,0,96,96,1,1,0
2026-09-29T02:52:24.3389202+00:00,2339.080,1,1,1,1,1,255,0,0,96,96,1,1,0
2026-09-29T02:52:25.3405633+00:00,2340.082,1,1,1,1,1,255,0,0,96,96,1,1,0
2026-09-29T02:52:26.3534486+00:00,2341.095,1,1,1,1,1,255,0,0,96,96,1,1,0
2026-09-29T02:52:27.3550946+00:00,2342.096,1,1,1,1,1,255,0,0,96,96,1,1,0
2026-09-29T02:52:28.3566598+00:00,2343.098,1,1,1,1,1,255,0,0,96,96,1,1,0
2026-09-29T02:52:29.3585766+00:00,2344.100,1,1,1,1,1,255,0,0,96,96,1,1,0
2026-09-29T02:52:30.3601460+00:00,2345.101,1,1,1,1,1,255,0,0,96,96,1,1,0
2026-09-29T02:52:31.3614786+00:00,2346.103,1,1,1,1,1,255,0,0,96,96,1,1,0
2026-09-29T02:52:32.3636352+00:00,2347.105,1,1,1,1,1,255,0,0,96,96,1,1,0
2026-09-29T02:52:33.3657163+00:00,2348.107,1,1,1,1,1,255,0,0,96,96,1,1,0
2026-09-29T02:52:34.3678064+00:00,2349.109,1,1,1,1,1,255,0,0,96,96,1,1,0
2026-09-29T02:52:35.3693736+00:00,2350.110,1,1,1,1,1,255,0,0,96,96,1,1,0
2026-09-29T02:52:36.3715421+00:00,2351.113,1,1,1,1,1,255,0,0,96,96,1,1,0
2026-09-29T02:52:36.4565459+00:00,2351.198,1,1,1,1,1,255,0,0,96,96,1,1,0
2026-09-29T02:52:36.5255366+00:00,2351.267,1,1,1,1,1,255,0,0,96,96,1,1,0
2026-09-29T02:52:36.6005489+00:00,2351.342,1,1,1,1,1,255,0,0,96,96,1,1,0
2026-09-29T02:52:36.6775528+00:00,2351.419,1,1,1,1,1,255,0,0,96,96,1,1,0
2026-09-29T02:52:36.7445414+00:00,2351.486,1,1,1,1,1,255,0,0,96,96,1,1,0
2026-09-29T02:52:36.8325383+00:00,2351.574,1,1,1,1,1,255,0,0,96,96,1,1,0
2026-09-29T02:52:36.9045395+00:00,2351.646,1,1,1,1,1,255,0,0,96,96,1,1,0
2026-09-29T02:52:36.9821073+00:00,2351.723,1,1,1,1,1,255,0,0,96,96,1,1,0
2026-09-29T02:52:37.0491246+00:00,2351.790,1,1,1,1,1,255,0,0,96,96,1,1,0
2026-09-29T02:52:37.1221294+00:00,2351.863,1,1,1,1,1,255,0,0,96,96,1,1,0
2026-09-29T02:52:37.2106572+00:00,2351.952,1,1,1,1,1,255,0,0,96,96,1,1,0
2026-09-29T02:52:37.2796577+00:00,2352.021,1,1,1,1,1,255,0,0,96,96,1,1,0
2026-09-29T02:52:37.3706587+00:00,2352.112,1,1,1,1,1,255,0,0,96,96,1,1,0
2026-09-29T02:52:37.4466690+00:00,2352.188,1,1,1,1,1,255,0,0,96,96,1,1,0
2026-09-29T02:52:37.5146603+00:00,2352.256,1,1,1,1,1,255,0,0,96,96,1,1,0
2026-09-29T02:52:37.5956604+00:00,2352.337,1,1,1,1,1,255,0,0,96,96,1,1,0
2026-09-29T02:52:37.6646614+00:00,2352.406,1,1,1,1,1,255,0,0,96,96,1,1,0
2026-09-29T02:52:37.7376740+00:00,2352.479,1,1,1,1,1,255,0,0,96,96,1,1,0
2026-09-29T02:52:37.8076747+00:00,2352.549,1,1,1,1,1,255,0,0,96,96,1,1,0
2026-09-29T02:52:37.8846667+00:00,2352.626,1,1,1,1,1,255,0,0,96,96,1,1,0
2026-09-29T02:52:38.6405465+00:00,2353.382,1,1,1,1,1,255,0,0,96,96,1,1,0
2026-09-29T02:52:39.6425419+00:00,2354.384,1,1,1,1,1,255,0,0,96,96,1,1,0
2026-09-29T02:52:40.6448139+00:00,2355.386,1,1,1,1,1,255,0,0,96,96,1,1,0
2026-09-29T02:52:41.6471877+00:00,2356.388,1,1,1,1,1,255,0,0,96,96,1,1,0
2026-09-29T02:52:42.6491590+00:00,2357.390,1,1,1,1,1,255,0,0,96,96,1,1,0
2026-09-29T02:52:43.6508225+00:00,2358.392,1,1,1,1,1,255,0,0,96,96,1,1,0
2026-09-29T02:52:44.6524780+00:00,2359.393,1,1,1,1,1,255,0,0,96,96,1,1,0
2026-09-29T02:52:45.6543552+00:00,2360.395,1,1,1,1,1,255,0,0,96,96,1,1,0
2026-09-29T02:52:46.6661518+00:00,2361.407,1,1,1,1,1,255,0,0,96,96,1,1,0
2026-09-29T02:52:47.6689564+00:00,2362.410,1,1,1,1,1,255,0,0,96,96,1,1,0
2026-09-29T02:52:48.6845968+00:00,2363.427,1,1,1,1,1,255,0,0,96,96,1,1,0
2026-09-29T02:52:49.6876677+00:00,2364.429,1,1,1,1,1,255,0,0,96,96,1,1,0
2026-09-29T02:52:50.6892880+00:00,2365.430,1,1,1,1,1,255,0,0,96,96,1,1,0
2026-09-29T02:52:51.6906218+00:00,2366.432,1,1,1,1,1,255,0,0,96,96,1,1,0
2026-09-29T02:52:52.6927476+00:00,2367.434,1,1,1,1,1,255,0,0,96,96,1,1,0
2026-09-29T02:52:53.6947231+00:00,2368.436,1,1,1,1,1,255,0,0,96,96,1,1,0
2026-09-29T02:52:54.6968058+00:00,2369.438,1,1,1,1,1,255,0,0,96,96,1,1,0
2026-09-29T02:52:55.6984249+00:00,2370.439,1,1,1,1,1,255,0,0,96,96,1,1,0
2026-09-29T02:52:56.6996572+00:00,2371.441,1,1,1,1,1,255,0,0,96,96,1,1,0
2026-09-29T02:52:57.7018785+00:00,2372.443,1,1,1,1,1,255,0,0,96,96,1,1,0
2026-09-29T02:52:58.7033503+00:00,2373.444,1,1,1,1,1,255,0,0,96,96,1,1,0
2026-09-29T02:52:58.7783506+00:00,2373.519,1,1,1,1,1,255,0,0,96,96,1,1,0
2026-09-29T02:52:58.8433713+00:00,2373.584,1,1,1,1,1,255,0,0,96,96,1,1,0
2026-09-29T02:52:58.9255216+00:00,2373.666,1,1,1,1,1,255,0,0,96,96,1,1,0
2026-09-29T02:52:59.0052108+00:00,2373.746,1,1,1,1,1,255,0,0,96,96,1,1,0
2026-09-29T02:52:59.0762075+00:00,2373.817,1,1,1,1,1,255,0,0,96,96,1,1,0
2026-09-29T02:52:59.1434172+00:00,2373.884,1,1,1,1,1,255,0,0,96,96,1,1,0
2026-09-29T02:52:59.2177949+00:00,2373.959,1,1,1,1,1,255,0,0,96,96,1,1,0
2026-09-29T02:52:59.2954237+00:00,2374.036,1,1,1,1,1,255,0,0,96,96,1,1,0
2026-09-29T02:52:59.3667957+00:00,2374.108,1,1,1,1,1,255,0,0,96,96,1,1,0
2026-09-29T02:52:59.4397886+00:00,2374.181,1,1,1,1,1,255,0,0,96,96,1,1,0
2026-09-29T02:52:59.5154417+00:00,2374.256,1,1,1,1,1,255,0,0,96,96,1,1,0
2026-09-29T02:52:59.5773912+00:00,2374.318,1,1,1,1,1,255,0,0,96,96,1,1,0
2026-09-29T02:52:59.6623962+00:00,2374.403,1,1,1,1,1,255,0,0,96,96,1,1,0
2026-09-29T02:52:59.7383930+00:00,2374.479,1,1,1,1,1,255,0,0,96,96,1,1,0
2026-09-29T02:52:59.8104059+00:00,2374.551,1,1,1,1,1,255,0,0,96,96,1,1,0
2026-09-29T02:52:59.8794809+00:00,2374.620,1,1,1,1,1,255,0,0,96,96,1,1,0
2026-09-29T02:52:59.9547958+00:00,2374.696,1,1,1,1,1,255,0,0,96,96,1,1,0
2026-09-29T02:53:00.0316464+00:00,2374.772,1,1,1,1,1,255,0,0,96,96,1,1,0
2026-09-29T02:53:00.1046507+00:00,2374.845,1,1,1,1,1,255,0,0,96,96,1,1,0
2026-09-29T02:53:00.1796493+00:00,2374.920,1,1,1,1,1,255,0,0,96,96,1,1,0
2026-09-29T02:53:00.9245106+00:00,2375.665,1,1,1,1,1,255,0,0,96,96,1,1,0
2026-09-29T02:53:01.9282175+00:00,2376.669,1,1,1,1,1,255,0,0,96,96,1,1,0
2026-09-29T02:53:02.9298945+00:00,2377.671,1,1,1,1,1,255,0,0,96,96,1,1,0
2026-09-29T02:53:03.9315148+00:00,2378.672,1,1,1,1,1,255,0,0,96,96,1,1,0
2026-09-29T02:53:04.9336695+00:00,2379.674,1,1,1,1,1,255,0,0,96,96,1,1,0
2026-09-29T02:53:05.9355508+00:00,2380.676,1,1,1,1,1,255,0,0,96,96,1,1,0
2026-09-29T02:53:06.9376256+00:00,2381.678,1,1,1,1,1,255,0,0,96,96,1,1,0
2026-09-29T02:53:07.9397058+00:00,2382.680,1,1,1,1,1,255,0,0,96,96,1,1,0
2026-09-29T02:53:08.9496315+00:00,2383.690,1,1,1,1,1,255,0,0,96,96,1,1,0
2026-09-29T02:53:09.9634994+00:00,2384.704,1,1,1,1,1,255,0,0,96,96,1,1,0
2026-09-29T02:53:10.9658606+00:00,2385.707,1,1,1,1,1,255,0,0,96,96,1,1,0
2026-09-29T02:53:11.9676014+00:00,2386.708,1,1,1,1,1,255,0,0,96,96,1,1,0
2026-09-29T02:53:12.9691724+00:00,2387.710,1,1,1,1,1,255,0,0,96,96,1,1,0
2026-09-29T02:53:13.9709461+00:00,2388.712,1,1,1,1,1,255,0,0,96,96,1,1,0
2026-09-29T02:53:14.9730358+00:00,2389.714,1,1,1,1,1,255,0,0,96,96,1,1,0
2026-09-29T02:53:15.9743902+00:00,2390.715,1,1,1,1,1,255,0,0,96,96,1,1,0
2026-09-29T02:53:16.9850910+00:00,2391.726,1,1,1,1,1,255,0,0,96,96,1,1,0
2026-09-29T02:53:17.9867511+00:00,2392.727,1,1,1,1,1,255,0,0,96,96,1,1,0
2026-09-29T02:53:18.9879140+00:00,2393.729,1,1,1,1,1,255,0,0,96,96,1,1,0
2026-09-29T02:53:19.9898441+00:00,2394.730,1,1,1,1,1,255,0,0,96,96,1,1,0
2026-09-29T02:53:20.9914542+00:00,2395.732,1,1,1,1,1,255,0,0,96,96,1,1,0
2026-09-29T02:53:21.0794507+00:00,2395.820,1,1,1,1,1,255,0,0,96,96,1,1,0
2026-09-29T02:53:21.1505774+00:00,2395.891,1,1,1,1,1,255,0,0,96,96,1,1,0
2026-09-29T02:53:21.2255777+00:00,2395.966,1,1,1,1,1,255,0,0,96,96,1,1,0
2026-09-29T02:53:21.2995775+00:00,2396.040,1,1,1,1,1,255,0,0,96,96,1,1,0
2026-09-29T02:53:21.3755786+00:00,2396.116,1,1,1,1,1,255,0,0,96,96,1,1,0
2026-09-29T02:53:21.4405786+00:00,2396.181,1,1,1,1,1,255,0,0,96,96,1,1,0
2026-09-29T02:53:21.5205838+00:00,2396.261,1,1,1,1,1,255,0,0,96,96,1,1,0
2026-09-29T02:53:21.5855798+00:00,2396.326,1,1,1,1,1,255,0,0,96,96,1,1,0
2026-09-29T02:53:21.6705987+00:00,2396.411,1,1,1,1,1,255,0,0,96,96,1,1,0
2026-09-29T02:53:21.7435814+00:00,2396.484,1,1,1,1,1,255,0,0,96,96,1,1,0
2026-09-29T02:53:21.8205849+00:00,2396.562,1,1,1,1,1,255,0,0,96,96,1,1,0
2026-09-29T02:53:21.8975941+00:00,2396.638,1,1,1,1,1,255,0,0,96,96,1,1,0
2026-09-29T02:53:21.9665944+00:00,2396.707,1,1,1,1,1,255,0,0,96,96,1,1,0
2026-09-29T02:53:22.0311335+00:00,2396.772,1,1,1,1,1,255,0,0,96,96,1,1,0
2026-09-29T02:53:22.1121223+00:00,2396.853,1,1,1,1,1,255,0,0,96,96,1,1,0
2026-09-29T02:53:22.1891232+00:00,2396.930,1,1,1,1,1,255,0,0,96,96,1,1,0
2026-09-29T02:53:22.2631236+00:00,2397.004,1,1,1,1,1,255,0,0,96,96,1,1,0
2026-09-29T02:53:22.3371238+00:00,2397.078,1,1,1,1,1,255,0,0,96,96,1,1,0
2026-09-29T02:53:22.4101372+00:00,2397.151,1,1,1,1,1,255,0,0,96,96,1,1,0
2026-09-29T02:53:22.4861255+00:00,2397.227,1,1,1,1,1,255,0,0,96,96,1,1,0
2026-09-29T02:53:23.2467937+00:00,2397.987,1,1,1,1,1,255,0,0,96,96,1,1,0
2026-09-29T02:53:24.2490856+00:00,2398.990,1,1,1,1,1,255,0,0,96,96,1,1,0
2026-09-29T02:53:25.2505349+00:00,2399.991,1,1,1,1,1,255,0,0,96,96,1,1,0
2026-09-29T02:53:26.2526957+00:00,2400.993,1,1,1,1,1,255,0,0,96,96,1,1,0
2026-09-29T02:53:27.2539343+00:00,2401.995,1,1,1,1,1,255,0,0,96,96,1,1,0
2026-09-29T02:53:28.2560240+00:00,2402.997,1,1,1,1,1,255,0,0,96,96,1,1,0
2026-09-29T02:53:29.2578309+00:00,2403.998,1,1,1,1,1,255,0,0,96,96,1,1,0
2026-09-29T02:53:30.2597507+00:00,2405.000,1,1,1,1,1,255,0,0,96,96,1,1,0
2026-09-29T02:53:31.2616177+00:00,2406.002,1,1,1,1,1,255,0,0,96,96,1,1,0
2026-09-29T02:53:32.2631891+00:00,2407.004,1,1,1,1,1,255,0,0,96,96,1,1,0
2026-09-29T02:53:33.2768213+00:00,2408.017,1,1,1,1,1,255,0,0,96,96,1,1,0
2026-09-29T02:53:34.2784559+00:00,2409.019,1,1,1,1,1,255,0,0,96,96,1,1,0
2026-09-29T02:53:35.2802948+00:00,2410.021,1,1,1,1,1,255,0,0,96,96,1,1,0
2026-09-29T02:53:36.2819163+00:00,2411.022,1,1,1,1,1,255,0,0,96,96,1,1,0
2026-09-29T02:53:37.2836923+00:00,2412.024,1,1,1,1,1,255,0,0,96,96,1,1,0
2026-09-29T02:53:38.2857503+00:00,2413.026,1,1,1,1,1,255,0,0,96,96,1,1,0
2026-09-29T02:53:39.2875664+00:00,2414.028,1,1,1,1,1,255,0,0,96,96,1,1,0
2026-09-29T02:53:40.2895301+00:00,2415.030,1,1,1,1,1,255,0,0,96,96,1,1,0
2026-09-29T02:53:41.2908361+00:00,2416.031,1,1,1,1,1,255,0,0,96,96,1,1,0
2026-09-29T02:53:42.2928591+00:00,2417.033,1,1,1,1,1,255,0,0,96,96,1,1,0
2026-09-29T02:53:43.2944684+00:00,2418.035,1,1,1,1,1,255,0,0,96,96,1,1,0
2026-09-29T02:53:43.3754691+00:00,2418.116,1,1,1,1,1,255,0,0,96,96,1,1,0
2026-09-29T02:53:43.4394583+00:00,2418.180,1,1,1,1,1,255,0,0,96,96,1,1,0
2026-09-29T02:53:43.5114586+00:00,2418.252,1,1,1,1,1,255,0,0,96,96,1,1,0
2026-09-29T02:53:43.5934595+00:00,2418.334,1,1,1,1,1,255,0,0,96,96,1,1,0
2026-09-29T02:53:43.6674687+00:00,2418.408,1,1,1,1,1,255,0,0,96,96,1,1,0
2026-09-29T02:53:43.7424718+00:00,2418.483,1,1,1,1,1,255,0,0,96,96,1,1,0
2026-09-29T02:53:43.8174610+00:00,2418.558,1,1,1,1,1,255,0,0,96,96,1,1,0
2026-09-29T02:53:43.8900237+00:00,2418.631,1,1,1,1,1,255,0,0,96,96,1,1,0
2026-09-29T02:53:43.9625071+00:00,2418.703,1,1,1,1,1,255,0,0,96,96,1,1,0
2026-09-29T02:53:44.0355702+00:00,2418.776,1,1,1,1,1,255,0,0,96,96,1,1,0
2026-09-29T02:53:44.1115706+00:00,2418.852,1,1,1,1,1,255,0,0,96,96,1,1,0
2026-09-29T02:53:44.1795833+00:00,2418.920,1,1,1,1,1,255,0,0,96,96,1,1,0
2026-09-29T02:53:44.2635717+00:00,2419.004,1,1,1,1,1,255,0,0,96,96,1,1,0
2026-09-29T02:53:44.3395725+00:00,2419.080,1,1,1,1,1,255,0,0,96,96,1,1,0
2026-09-29T02:53:44.4145851+00:00,2419.155,1,1,1,1,1,255,0,0,96,96,1,1,0
2026-09-29T02:53:44.4915731+00:00,2419.232,1,1,1,1,1,255,0,0,96,96,1,1,0
2026-09-29T02:53:44.5655857+00:00,2419.306,1,1,1,1,1,255,0,0,96,96,1,1,0
2026-09-29T02:53:44.6315749+00:00,2419.372,1,1,1,1,1,255,0,0,96,96,1,1,0
2026-09-29T02:53:44.7145803+00:00,2419.455,1,1,1,1,1,255,0,0,96,96,1,1,0
2026-09-29T02:53:44.7875863+00:00,2419.528,1,1,1,1,1,255,0,0,96,96,1,1,0
2026-09-29T02:53:45.5628378+00:00,2420.303,1,1,1,1,1,255,0,0,96,96,1,1,0
2026-09-29T02:53:46.5653598+00:00,2421.306,1,1,1,1,1,255,0,0,96,96,1,1,0
2026-09-29T02:53:47.5728085+00:00,2422.313,1,1,1,1,1,255,0,0,96,96,1,1,0
2026-09-29T02:53:48.5743067+00:00,2423.315,1,1,1,1,1,255,0,0,96,96,1,1,0
2026-09-29T02:53:49.5763663+00:00,2424.317,1,1,1,1,1,255,0,0,96,96,1,1,0
2026-09-29T02:53:50.5784608+00:00,2425.319,1,1,1,1,1,255,0,0,96,96,1,1,0
2026-09-29T02:53:51.5803262+00:00,2426.321,1,1,1,1,1,255,0,0,96,96,1,1,0
2026-09-29T02:53:52.5824234+00:00,2427.323,1,1,1,1,1,255,0,0,96,96,1,1,0
2026-09-29T02:53:53.5905208+00:00,2428.331,1,1,1,1,1,255,0,0,96,96,1,1,0
2026-09-29T02:53:54.5921478+00:00,2429.332,1,1,1,1,1,255,0,0,96,96,1,1,0
2026-09-29T02:53:55.5939385+00:00,2430.334,1,1,1,1,1,255,0,0,96,96,1,1,0
2026-09-29T02:53:56.5957072+00:00,2431.336,1,1,1,1,1,255,0,0,96,96,1,1,0
2026-09-29T02:53:57.5971372+00:00,2432.337,1,1,1,1,1,255,0,0,96,96,1,1,0
2026-09-29T02:53:58.5987741+00:00,2433.339,1,1,1,1,1,255,0,0,96,96,1,1,0
2026-09-29T02:53:59.6005852+00:00,2434.341,1,1,1,1,1,255,0,0,96,96,1,1,0
2026-09-29T02:54:00.6024679+00:00,2435.343,1,1,1,1,1,255,0,0,96,96,1,1,0
2026-09-29T02:54:01.6037266+00:00,2436.344,1,1,1,1,1,255,0,0,96,96,1,1,0
2026-09-29T02:54:02.6049505+00:00,2437.345,1,1,1,1,1,255,0,0,96,96,1,1,0
2026-09-29T02:54:03.6070376+00:00,2438.347,1,1,1,1,1,255,0,0,96,96,1,1,0
2026-09-29T02:54:04.6087000+00:00,2439.349,1,1,1,1,1,255,0,0,96,96,1,1,0
2026-09-29T02:54:05.6102251+00:00,2440.350,1,1,1,1,1,255,0,0,96,96,1,1,0
2026-09-29T02:54:05.6942282+00:00,2440.434,1,1,1,1,1,255,0,0,96,96,1,1,0
2026-09-29T02:54:05.7532174+00:00,2440.493,1,1,1,1,1,255,0,0,96,96,1,1,0
2026-09-29T02:54:05.8364975+00:00,2440.577,1,1,1,1,1,255,0,0,96,96,1,1,0
2026-09-29T02:54:05.9105101+00:00,2440.651,1,1,1,1,1,255,0,0,96,96,1,1,0
2026-09-29T02:54:05.9855156+00:00,2440.726,1,1,1,1,1,255,0,0,96,96,1,1,0
2026-09-29T02:54:06.0587626+00:00,2440.799,1,1,1,1,1,255,0,0,96,96,1,1,0
2026-09-29T02:54:06.1310805+00:00,2440.872,1,1,1,1,1,255,0,0,96,96,1,1,0
2026-09-29T02:54:06.2077642+00:00,2440.948,1,1,1,1,1,255,0,0,96,96,1,1,0
2026-09-29T02:54:06.2790731+00:00,2441.019,1,1,1,1,1,255,0,0,96,96,1,1,0
2026-09-29T02:54:06.3460729+00:00,2441.086,1,1,1,1,1,255,0,0,96,96,1,1,0
2026-09-29T02:54:06.4562059+00:00,2441.196,1,1,1,1,1,255,0,0,96,96,1,1,0
2026-09-29T02:54:06.5332184+00:00,2441.273,1,1,1,1,1,255,0,0,96,96,1,1,0
2026-09-29T02:54:06.6072077+00:00,2441.347,1,1,1,1,1,255,0,0,96,96,1,1,0
2026-09-29T02:54:06.6722082+00:00,2441.412,1,1,1,1,1,255,0,0,96,96,1,1,0
2026-09-29T02:54:06.7472086+00:00,2441.487,1,1,1,1,1,255,0,0,96,96,1,1,0
2026-09-29T02:54:06.8322095+00:00,2441.572,1,1,1,1,1,255,0,0,96,96,1,1,0
2026-09-29T02:54:06.8922191+00:00,2441.632,1,1,1,1,1,255,0,0,96,96,1,1,0
2026-09-29T02:54:06.9732222+00:00,2441.713,1,1,1,1,1,255,0,0,96,96,1,1,0
2026-09-29T02:54:07.0537838+00:00,2441.794,1,1,1,1,1,255,0,0,96,96,1,1,0
2026-09-29T02:54:07.1277952+00:00,2441.868,1,1,1,1,1,255,0,0,96,96,1,1,0
2026-09-29T02:54:07.8931570+00:00,2442.633,1,1,1,1,1,255,0,0,96,96,1,1,0
2026-09-29T02:54:08.8966726+00:00,2443.637,1,1,1,1,1,255,0,0,96,96,1,1,0
2026-09-29T02:54:09.8986004+00:00,2444.639,1,1,1,1,1,255,0,0,96,96,1,1,0
2026-09-29T02:54:10.9002272+00:00,2445.640,1,1,1,1,1,255,0,0,96,96,1,1,0
2026-09-29T02:54:11.9020524+00:00,2446.642,1,1,1,1,1,255,0,0,96,96,1,1,0
2026-09-29T02:54:12.9032992+00:00,2447.643,1,1,1,1,1,255,0,0,96,96,1,1,0
2026-09-29T02:54:13.9050349+00:00,2448.645,1,1,1,1,1,255,0,0,96,96,1,1,0
2026-09-29T02:54:14.9062819+00:00,2449.646,1,1,1,1,1,255,0,0,96,96,1,1,0
2026-09-29T02:54:15.9087126+00:00,2450.649,1,1,1,1,1,255,0,0,96,96,1,1,0
2026-09-29T02:54:16.9168022+00:00,2451.657,1,1,1,1,1,255,0,0,96,96,1,1,0
2026-09-29T02:54:17.9189031+00:00,2452.659,1,1,1,1,1,255,0,0,96,96,1,1,0
2026-09-29T02:54:18.9207576+00:00,2453.661,1,1,1,1,1,255,0,0,96,96,1,1,0
2026-09-29T02:54:19.9226556+00:00,2454.663,1,1,1,1,1,255,0,0,96,96,1,1,0
2026-09-29T02:54:20.9249474+00:00,2455.665,1,1,1,1,1,255,0,0,96,96,1,1,0
2026-09-29T02:54:21.9266604+00:00,2456.667,1,1,1,1,1,255,0,0,96,96,1,1,0
2026-09-29T02:54:22.9287494+00:00,2457.669,1,1,1,1,1,255,0,0,96,96,1,1,0
2026-09-29T02:54:23.9299519+00:00,2458.670,1,1,1,1,1,255,0,0,96,96,1,1,0
2026-09-29T02:54:24.9315815+00:00,2459.672,1,1,1,1,1,255,0,0,96,96,1,1,0
2026-09-29T02:54:25.9330020+00:00,2460.673,1,1,1,1,1,255,0,0,96,96,1,1,0
2026-09-29T02:54:26.9346207+00:00,2461.675,1,1,1,1,1,255,0,0,96,96,1,1,0
2026-09-29T02:54:27.9367064+00:00,2462.677,1,1,1,1,1,255,0,0,96,96,1,1,0
2026-09-29T02:54:28.0088511+00:00,2462.749,1,1,1,1,1,255,0,0,96,96,1,1,0
2026-09-29T02:54:28.0828542+00:00,2462.823,1,1,1,1,1,255,0,0,96,96,1,1,0
2026-09-29T02:54:28.1518553+00:00,2462.892,1,1,1,1,1,255,0,0,96,96,1,1,0
2026-09-29T02:54:28.2258540+00:00,2462.966,1,1,1,1,1,255,0,0,96,96,1,1,0
2026-09-29T02:54:28.2948477+00:00,2463.035,1,1,1,1,1,255,0,0,96,96,1,1,0
2026-09-29T02:54:28.3788473+00:00,2463.119,1,1,1,1,1,255,0,0,96,96,1,1,0
2026-09-29T02:54:28.4428482+00:00,2463.183,1,1,1,1,1,255,0,0,96,96,1,1,0
2026-09-29T02:54:28.5195079+00:00,2463.260,1,1,1,1,1,255,0,0,96,96,1,1,0
2026-09-29T02:54:28.5855156+00:00,2463.326,1,1,1,1,1,255,0,0,96,96,1,1,0
2026-09-29T02:54:28.6615089+00:00,2463.402,1,1,1,1,1,255,0,0,96,96,1,1,0
2026-09-29T02:54:28.7295093+00:00,2463.470,1,1,1,1,1,255,0,0,96,96,1,1,0
2026-09-29T02:54:28.8105099+00:00,2463.551,1,1,1,1,1,255,0,0,96,96,1,1,0
2026-09-29T02:54:28.8830858+00:00,2463.623,1,1,1,1,1,255,0,0,96,96,1,1,0
2026-09-29T02:54:28.9500901+00:00,2463.690,1,1,1,1,1,255,0,0,96,96,1,1,0
2026-09-29T02:54:29.0222461+00:00,2463.762,1,1,1,1,1,255,0,0,96,96,1,1,0
2026-09-29T02:54:29.0982353+00:00,2463.838,1,1,1,1,1,255,0,0,96,96,1,1,0
2026-09-29T02:54:29.1703922+00:00,2463.910,1,1,1,1,1,255,0,0,96,96,1,1,0
2026-09-29T02:54:29.2493930+00:00,2463.989,1,1,1,1,1,255,0,0,96,96,1,1,0
2026-09-29T02:54:29.3274043+00:00,2464.067,1,1,1,1,1,255,0,0,96,96,1,1,0
2026-09-29T02:54:29.4008286+00:00,2464.141,1,1,1,1,1,255,0,0,96,96,1,1,0
2026-09-29T02:54:30.1569374+00:00,2464.897,1,1,1,1,1,255,0,0,96,96,1,1,0
2026-09-29T02:54:31.1595283+00:00,2465.900,1,1,1,1,1,255,0,0,96,96,1,1,0
2026-09-29T02:54:32.1610686+00:00,2466.901,1,1,1,1,1,255,0,0,96,96,1,1,0
2026-09-29T02:54:33.1626942+00:00,2467.903,1,1,1,1,1,255,0,0,96,96,1,1,0
2026-09-29T02:54:34.1647890+00:00,2468.905,1,1,1,1,1,255,0,0,96,96,1,1,0
2026-09-29T02:54:35.1666129+00:00,2469.907,1,1,1,1,1,255,0,0,96,96,1,1,0
2026-09-29T02:54:36.1683131+00:00,2470.908,1,1,1,1,1,255,0,0,96,96,1,1,0
2026-09-29T02:54:37.1704068+00:00,2471.910,1,1,1,1,1,255,0,0,96,96,1,1,0
2026-09-29T02:54:38.1855347+00:00,2472.926,1,1,1,1,1,255,0,0,96,96,1,1,0
2026-09-29T02:54:39.1950145+00:00,2473.935,1,1,1,1,1,255,0,0,96,96,1,1,0
2026-09-29T02:54:40.2123486+00:00,2474.952,1,1,1,1,1,255,0,0,96,96,1,1,0
2026-09-29T02:54:41.2140478+00:00,2475.954,1,1,1,1,1,255,0,0,96,96,1,1,0
2026-09-29T02:54:42.2156047+00:00,2476.956,1,1,1,1,1,255,0,0,96,96,1,1,0
2026-09-29T02:54:43.2172332+00:00,2477.957,1,1,1,1,1,255,0,0,96,96,1,1,0
2026-09-29T02:54:44.2193110+00:00,2478.959,1,1,1,1,1,255,0,0,96,96,1,1,0
2026-09-29T02:54:45.2206521+00:00,2479.961,1,1,1,1,1,255,0,0,96,96,1,1,0
2026-09-29T02:54:46.2218175+00:00,2480.962,1,1,1,1,1,255,0,0,96,96,1,1,0
2026-09-29T02:54:47.2304599+00:00,2481.970,1,1,1,1,1,255,0,0,96,96,1,1,0
2026-09-29T02:54:48.2321533+00:00,2482.972,1,1,1,1,1,255,0,0,96,96,1,1,0
2026-09-29T02:54:49.2334685+00:00,2483.973,1,1,1,1,1,255,0,0,96,96,1,1,0
2026-09-29T02:54:50.2354841+00:00,2484.975,1,1,1,1,1,255,0,0,96,96,1,1,0
2026-09-29T02:54:50.3174857+00:00,2485.057,1,1,1,1,1,255,0,0,96,96,1,1,0
2026-09-29T02:54:50.3844741+00:00,2485.124,1,1,1,1,1,255,0,0,96,96,1,1,0
2026-09-29T02:54:50.4564744+00:00,2485.196,1,1,1,1,1,255,0,0,96,96,1,1,0
2026-09-29T02:54:50.5314780+00:00,2485.271,1,1,1,1,1,255,0,0,96,96,1,1,0
2026-09-29T02:54:50.6065104+00:00,2485.346,1,1,1,1,1,255,0,0,96,96,1,1,0
2026-09-29T02:54:50.6810480+00:00,2485.421,1,1,1,1,1,255,0,0,96,96,1,1,0
2026-09-29T02:54:50.7450535+00:00,2485.485,1,1,1,1,1,255,0,0,96,96,1,1,0
2026-09-29T02:54:50.8311824+00:00,2485.571,1,1,1,1,1,255,0,0,96,96,1,1,0
2026-09-29T02:54:50.9132004+00:00,2485.653,1,1,1,1,1,255,0,0,96,96,1,1,0
2026-09-29T02:54:50.9747293+00:00,2485.715,1,1,1,1,1,255,0,0,96,96,1,1,0
2026-09-29T02:54:51.0622822+00:00,2485.803,1,1,1,1,1,255,0,0,96,96,1,1,0
2026-09-29T02:54:51.1447408+00:00,2485.885,1,1,1,1,1,255,0,0,96,96,1,1,0
2026-09-29T02:54:51.2138397+00:00,2485.954,1,1,1,1,1,255,0,0,96,96,1,1,0
2026-09-29T02:54:51.2888414+00:00,2486.029,1,1,1,1,1,255,0,0,96,96,1,1,0
2026-09-29T02:54:51.3538449+00:00,2486.094,1,1,1,1,1,255,0,0,96,96,1,1,0
2026-09-29T02:54:51.4408428+00:00,2486.181,1,1,1,1,1,255,0,0,96,96,1,1,0
2026-09-29T02:54:51.5238539+00:00,2486.264,1,1,1,1,1,255,0,0,96,96,1,1,0
2026-09-29T02:54:51.5988446+00:00,2486.339,1,1,1,1,1,255,0,0,96,96,1,1,0
2026-09-29T02:54:51.6758482+00:00,2486.416,1,1,1,1,1,255,0,0,96,96,1,1,0
2026-09-29T02:54:51.7448511+00:00,2486.485,1,1,1,1,1,255,0,0,96,96,1,1,0
2026-09-29T02:54:52.5374909+00:00,2487.277,1,1,1,1,1,255,0,0,96,96,1,1,0
2026-09-29T02:54:53.5392386+00:00,2488.279,1,1,1,1,1,255,0,0,96,96,1,1,0
2026-09-29T02:54:54.5415051+00:00,2489.281,1,1,1,1,1,255,0,0,96,96,1,1,0
2026-09-29T02:54:55.5433061+00:00,2490.283,1,1,1,1,1,255,0,0,96,96,1,1,0
2026-09-29T02:54:56.5450237+00:00,2491.285,1,1,1,1,1,255,0,0,96,96,1,1,0
2026-09-29T02:54:57.5468336+00:00,2492.287,1,1,1,1,1,255,0,0,96,96,1,1,0
2026-09-29T02:54:58.5484738+00:00,2493.288,1,1,1,1,1,255,0,0,96,96,1,1,0
2026-09-29T02:54:59.5503541+00:00,2494.290,1,1,1,1,1,255,0,0,96,96,1,1,0
2026-09-29T02:55:00.5591365+00:00,2495.299,1,1,1,1,1,255,0,0,96,96,1,1,0
2026-09-29T02:55:01.5605070+00:00,2496.300,1,1,1,1,1,255,0,0,96,96,1,1,0
2026-09-29T02:55:02.5770499+00:00,2497.317,1,1,1,1,1,255,0,0,96,96,1,1,0
2026-09-29T02:55:03.5791327+00:00,2498.319,1,1,1,1,1,255,0,0,96,96,1,1,0
2026-09-29T02:55:04.5812091+00:00,2499.321,1,1,1,1,1,255,0,0,96,96,1,1,0
2026-09-29T02:55:05.5828440+00:00,2500.323,1,1,1,1,1,255,0,0,96,96,1,1,0
2026-09-29T02:55:06.5845198+00:00,2501.324,1,1,1,1,1,255,0,0,96,96,1,1,0
2026-09-29T02:55:07.5862266+00:00,2502.326,1,1,1,1,1,255,0,0,96,96,1,1,0
2026-09-29T02:55:08.5884278+00:00,2503.328,1,1,1,1,1,255,0,0,96,96,1,1,0
2026-09-29T02:55:09.5905583+00:00,2504.330,1,1,1,1,1,255,0,0,96,96,1,1,0
2026-09-29T02:55:10.5917978+00:00,2505.331,1,1,1,1,1,255,0,0,96,96,1,1,0
2026-09-29T02:55:11.5932912+00:00,2506.333,1,1,1,1,1,255,0,0,96,96,1,1,0
2026-09-29T02:55:12.5945386+00:00,2507.334,1,1,1,1,1,255,0,0,96,96,1,1,0
2026-09-29T02:55:12.6775455+00:00,2507.417,1,1,1,1,1,255,0,0,96,96,1,1,0
2026-09-29T02:55:12.7428535+00:00,2507.483,1,1,1,1,1,255,0,0,96,96,1,1,0
2026-09-29T02:55:12.8248569+00:00,2507.565,1,1,1,1,1,255,0,0,96,96,1,1,0
2026-09-29T02:55:12.8995359+00:00,2507.639,1,1,1,1,1,255,0,0,96,96,1,1,0
2026-09-29T02:55:12.9715368+00:00,2507.711,1,1,1,1,1,255,0,0,96,96,1,1,0
2026-09-29T02:55:13.0361029+00:00,2507.776,1,1,1,1,1,255,0,0,96,96,1,1,0
2026-09-29T02:55:13.1121212+00:00,2507.852,1,1,1,1,1,255,0,0,96,96,1,1,0
2026-09-29T02:55:13.1856758+00:00,2507.925,1,1,1,1,1,255,0,0,96,96,1,1,0
2026-09-29T02:55:13.2506685+00:00,2507.990,1,1,1,1,1,255,0,0,96,96,1,1,0
2026-09-29T02:55:13.3216687+00:00,2508.061,1,1,1,1,1,255,0,0,96,96,1,1,0
2026-09-29T02:55:13.4096692+00:00,2508.149,1,1,1,1,1,255,0,0,96,96,1,1,0
2026-09-29T02:55:13.4756809+00:00,2508.215,1,1,1,1,1,255,0,0,96,96,1,1,0
2026-09-29T02:55:13.5676706+00:00,2508.307,1,1,1,1,1,255,0,0,96,96,1,1,0
2026-09-29T02:55:13.6326806+00:00,2508.372,1,1,1,1,1,255,0,0,96,96,1,1,0
2026-09-29T02:55:13.7136827+00:00,2508.453,1,1,1,1,1,255,0,0,96,96,1,1,0
2026-09-29T02:55:13.7886730+00:00,2508.528,1,1,1,1,1,255,0,0,96,96,1,1,0
2026-09-29T02:55:13.8576985+00:00,2508.597,1,1,1,1,1,255,0,0,96,96,1,1,0
2026-09-29T02:55:13.9318668+00:00,2508.672,1,1,1,1,1,255,0,0,96,96,1,1,0
2026-09-29T02:55:14.0052823+00:00,2508.745,1,1,1,1,1,255,0,0,96,96,1,1,0
2026-09-29T02:55:14.0764053+00:00,2508.816,1,1,1,1,1,255,0,0,96,96,1,1,0
2026-09-29T02:55:14.8409876+00:00,2509.581,1,1,1,1,1,255,0,0,96,96,1,1,0
2026-09-29T02:55:15.8444299+00:00,2510.584,1,1,1,1,1,255,0,0,96,96,1,1,0
2026-09-29T02:55:16.8544997+00:00,2511.594,1,1,1,1,1,255,0,0,96,96,1,1,0
2026-09-29T02:55:17.8565780+00:00,2512.596,1,1,1,1,1,255,0,0,96,96,1,1,0
2026-09-29T02:55:18.8583329+00:00,2513.598,1,1,1,1,1,255,0,0,96,96,1,1,0
2026-09-29T02:55:19.8596650+00:00,2514.599,1,1,1,1,1,255,0,0,96,96,1,1,0
2026-09-29T02:55:20.8611370+00:00,2515.601,1,1,1,1,1,255,0,0,96,96,1,1,0
2026-09-29T02:55:21.8632225+00:00,2516.603,1,1,1,1,1,255,0,0,96,96,1,1,0
2026-09-29T02:55:22.8653152+00:00,2517.605,1,1,1,1,1,255,0,0,96,96,1,1,0
2026-09-29T02:55:23.8764926+00:00,2518.616,1,1,1,1,1,255,0,0,96,96,1,1,0
2026-09-29T02:55:24.8861380+00:00,2519.626,1,1,1,1,1,255,0,0,96,96,1,1,0
2026-09-29T02:55:25.8879919+00:00,2520.628,1,1,1,1,1,255,0,0,96,96,1,1,0
2026-09-29T02:55:26.8900963+00:00,2521.630,1,1,1,1,1,255,0,0,96,96,1,1,0
2026-09-29T02:55:27.8918003+00:00,2522.631,1,1,1,1,1,255,0,0,96,96,1,1,0
2026-09-29T02:55:28.8934240+00:00,2523.633,1,1,1,1,1,255,0,0,96,96,1,1,0
2026-09-29T02:55:29.8952538+00:00,2524.635,1,1,1,1,1,255,0,0,96,96,1,1,0
2026-09-29T02:55:30.8965831+00:00,2525.636,1,1,1,1,1,255,0,0,96,96,1,1,0
2026-09-29T02:55:31.8978098+00:00,2526.637,1,1,1,1,1,255,0,0,96,96,1,1,0
2026-09-29T02:55:32.8990082+00:00,2527.639,1,1,1,1,1,255,0,0,96,96,1,1,0
2026-09-29T02:55:33.9001830+00:00,2528.640,1,1,1,1,1,255,0,0,96,96,1,1,0
2026-09-29T02:55:34.9018544+00:00,2529.641,1,1,1,1,1,255,0,0,96,96,1,1,0
2026-09-29T02:55:34.9748833+00:00,2529.714,1,1,1,1,1,255,0,0,96,96,1,1,0
2026-09-29T02:55:35.0632393+00:00,2529.803,1,1,1,1,1,255,0,0,96,96,1,1,0
2026-09-29T02:55:35.1342723+00:00,2529.874,1,1,1,1,1,255,0,0,96,96,1,1,0
2026-09-29T02:55:35.2108562+00:00,2529.950,1,1,1,1,1,255,0,0,96,96,1,1,0
2026-09-29T02:55:35.2788491+00:00,2530.018,1,1,1,1,1,255,0,0,96,96,1,1,0
2026-09-29T02:55:35.3525184+00:00,2530.092,1,1,1,1,1,255,0,0,96,96,1,1,0
2026-09-29T02:55:35.4325184+00:00,2530.172,1,1,1,1,1,255,0,0,96,96,1,1,0
2026-09-29T02:55:35.5075191+00:00,2530.247,1,1,1,1,1,255,0,0,96,96,1,1,0
2026-09-29T02:55:35.5768603+00:00,2530.316,1,1,1,1,1,255,0,0,96,96,1,1,0
2026-09-29T02:55:35.6368709+00:00,2530.376,1,1,1,1,1,255,0,0,96,96,1,1,0
2026-09-29T02:55:35.7185692+00:00,2530.458,1,1,1,1,1,255,0,0,96,96,1,1,0
2026-09-29T02:55:35.7908642+00:00,2530.530,1,1,1,1,1,255,0,0,96,96,1,1,0
2026-09-29T02:55:35.8608025+00:00,2530.600,1,1,1,1,1,255,0,0,96,96,1,1,0
2026-09-29T02:55:35.9317937+00:00,2530.671,1,1,1,1,1,255,0,0,96,96,1,1,0
2026-09-29T02:55:36.0047905+00:00,2530.744,1,1,1,1,1,255,0,0,96,96,1,1,0
2026-09-29T02:55:36.0783573+00:00,2530.818,1,1,1,1,1,255,0,0,96,96,1,1,0
2026-09-29T02:55:36.1483741+00:00,2530.888,1,1,1,1,1,255,0,0,96,96,1,1,0
2026-09-29T02:55:36.2223584+00:00,2530.962,1,1,1,1,1,255,0,0,96,96,1,1,0
2026-09-29T02:55:36.3083701+00:00,2531.048,1,1,1,1,1,255,0,0,96,96,1,1,0
2026-09-29T02:55:36.3763596+00:00,2531.116,1,1,1,1,1,255,0,0,96,96,1,1,0
2026-09-29T02:55:37.1292998+00:00,2531.869,1,1,1,1,1,255,0,0,96,96,1,1,0
2026-09-29T02:55:38.1306370+00:00,2532.871,1,1,1,1,1,255,0,0,96,96,1,1,0
2026-09-29T02:55:39.1330529+00:00,2533.873,1,1,1,1,1,255,0,0,96,96,1,1,0
2026-09-29T02:55:40.1350948+00:00,2534.875,1,1,1,1,1,255,0,0,96,96,1,1,0
2026-09-29T02:55:41.1372544+00:00,2535.877,1,1,1,1,1,255,0,0,96,96,1,1,0
2026-09-29T02:55:42.1393502+00:00,2536.879,1,1,1,1,1,255,0,0,96,96,1,1,0
2026-09-29T02:55:43.1414464+00:00,2537.881,1,1,1,1,1,255,0,0,96,96,1,1,0
2026-09-29T02:55:44.1430621+00:00,2538.882,1,1,1,1,1,255,0,0,96,96,1,1,0
2026-09-29T02:55:45.1531517+00:00,2539.893,1,1,1,1,1,255,0,0,96,96,1,1,0
2026-09-29T02:55:46.1680144+00:00,2540.907,1,1,1,1,1,255,0,0,96,96,1,1,0
2026-09-29T02:55:47.1697736+00:00,2541.909,1,1,1,1,1,255,0,0,96,96,1,1,0
2026-09-29T02:55:48.1713213+00:00,2542.911,1,1,1,1,1,255,0,0,96,96,1,1,0
2026-09-29T02:55:49.1727178+00:00,2543.912,1,1,1,1,1,255,0,0,96,96,1,1,0
2026-09-29T02:55:50.1744884+00:00,2544.914,1,1,1,1,1,255,0,0,96,96,1,1,0
2026-09-29T02:55:51.1758121+00:00,2545.915,1,1,1,1,1,255,0,0,96,96,1,1,0
2026-09-29T02:55:52.1779293+00:00,2546.917,1,1,1,1,1,255,0,0,96,96,1,1,0
2026-09-29T02:55:53.1800050+00:00,2547.919,1,1,1,1,1,255,0,0,96,96,1,1,0
2026-09-29T02:55:54.1820829+00:00,2548.921,1,1,1,1,1,255,0,0,96,96,1,1,0
2026-09-29T02:55:55.1834619+00:00,2549.923,1,1,1,1,1,255,0,0,96,96,1,1,0
2026-09-29T02:55:56.1836240+00:00,2550.924,1,1,1,1,1,255,0,0,96,96,1,1,0
2026-09-29T02:55:57.1859351+00:00,2551.925,1,1,1,1,1,255,0,0,96,96,1,1,0
2026-09-29T02:55:57.2583661+00:00,2551.998,1,1,1,1,1,255,0,0,96,96,1,1,0
2026-09-29T02:55:57.3309523+00:00,2552.070,1,1,1,1,1,255,0,0,96,96,1,1,0
2026-09-29T02:55:57.4013726+00:00,2552.141,1,1,1,1,1,255,0,0,96,96,1,1,0
2026-09-29T02:55:57.4729358+00:00,2552.212,1,1,1,1,1,255,0,0,96,96,1,1,0
2026-09-29T02:55:57.5309376+00:00,2552.270,1,1,1,1,1,255,0,0,96,96,1,1,0
2026-09-29T02:55:57.6243571+00:00,2552.364,1,1,1,1,1,255,0,0,96,96,1,1,0
2026-09-29T02:55:57.7003579+00:00,2552.440,1,1,1,1,1,255,0,0,96,96,1,1,0
2026-09-29T02:55:57.7823588+00:00,2552.522,1,1,1,1,1,255,0,0,96,96,1,1,0
2026-09-29T02:55:57.8503704+00:00,2552.590,1,1,1,1,1,255,0,0,96,96,1,1,0
2026-09-29T02:55:57.9209526+00:00,2552.660,1,1,1,1,1,255,0,0,96,96,1,1,0
2026-09-29T02:55:58.0009436+00:00,2552.740,1,1,1,1,1,255,0,0,96,96,1,1,0
2026-09-29T02:55:58.0840223+00:00,2552.823,1,1,1,1,1,255,0,0,96,96,1,1,0
2026-09-29T02:55:58.1470302+00:00,2552.886,1,1,1,1,1,255,0,0,96,96,1,1,0
2026-09-29T02:55:58.2330222+00:00,2552.972,1,1,1,1,1,255,0,0,96,96,1,1,0
2026-09-29T02:55:58.3080272+00:00,2553.047,1,1,1,1,1,255,0,0,96,96,1,1,0
2026-09-29T02:55:58.3820363+00:00,2553.121,1,1,1,1,1,255,0,0,96,96,1,1,0
2026-09-29T02:55:58.4550250+00:00,2553.194,1,1,1,1,1,255,0,0,96,96,1,1,0
2026-09-29T02:55:58.5325923+00:00,2553.272,1,1,1,1,1,255,0,0,96,96,1,1,0
2026-09-29T02:55:58.6066039+00:00,2553.346,1,1,1,1,1,255,0,0,96,96,1,1,0
2026-09-29T02:55:58.6811502+00:00,2553.420,1,1,1,1,1,255,0,0,96,96,1,1,0
2026-09-29T02:55:59.4356554+00:00,2554.175,1,1,1,1,1,255,0,0,96,96,1,1,0
2026-09-29T02:56:00.4388635+00:00,2555.178,1,1,1,1,1,255,0,0,96,96,1,1,0
2026-09-29T02:56:01.4407206+00:00,2556.180,1,1,1,1,1,255,0,0,96,96,1,1,0
2026-09-29T02:56:02.4429268+00:00,2557.182,1,1,1,1,1,255,0,0,96,96,1,1,0
2026-09-29T02:56:03.4450184+00:00,2558.184,1,1,1,1,1,255,0,0,96,96,1,1,0
2026-09-29T02:56:04.4467129+00:00,2559.186,1,1,1,1,1,255,0,0,96,96,1,1,0
2026-09-29T02:56:05.4485609+00:00,2560.188,1,1,1,1,1,255,0,0,96,96,1,1,0
2026-09-29T02:56:06.4501721+00:00,2561.189,1,1,1,1,1,255,0,0,96,96,1,1,0
2026-09-29T02:56:07.4642930+00:00,2562.203,1,1,1,1,1,255,0,0,96,96,1,1,0
2026-09-29T02:56:08.4663909+00:00,2563.206,1,1,1,1,1,255,0,0,96,96,1,1,0
2026-09-29T02:56:09.4682866+00:00,2564.207,1,1,1,1,1,255,0,0,96,96,1,1,0
2026-09-29T02:56:10.4701324+00:00,2565.209,1,1,1,1,1,255,0,0,96,96,1,1,0
2026-09-29T02:56:11.4718941+00:00,2566.211,1,1,1,1,1,255,0,0,96,96,1,1,0
2026-09-29T02:56:12.4734530+00:00,2567.213,1,1,1,1,1,255,0,0,96,96,1,1,0
2026-09-29T02:56:13.4755752+00:00,2568.215,1,1,1,1,1,255,0,0,96,96,1,1,0
2026-09-29T02:56:14.4768598+00:00,2569.216,1,1,1,1,1,255,0,0,96,96,1,1,0
2026-09-29T02:56:15.4787465+00:00,2570.218,1,1,1,1,1,255,0,0,96,96,1,1,0
2026-09-29T02:56:16.4799951+00:00,2571.219,1,1,1,1,1,255,0,0,96,96,1,1,0
2026-09-29T02:56:17.4950626+00:00,2572.235,1,1,1,1,1,255,0,0,96,96,1,1,0
2026-09-29T02:56:18.4971640+00:00,2573.236,1,1,1,1,1,255,0,0,96,96,1,1,0
2026-09-29T02:56:19.4985925+00:00,2574.238,1,1,1,1,1,255,0,0,96,96,1,1,0
2026-09-29T02:56:19.5830247+00:00,2574.322,1,1,1,1,1,255,0,0,96,96,1,1,0
2026-09-29T02:56:19.6470131+00:00,2574.386,1,1,1,1,1,255,0,0,96,96,1,1,0
2026-09-29T02:56:19.7330235+00:00,2574.472,1,1,1,1,1,255,0,0,96,96,1,1,0
2026-09-29T02:56:19.8120173+00:00,2574.551,1,1,1,1,1,255,0,0,96,96,1,1,0
2026-09-29T02:56:19.8875890+00:00,2574.627,1,1,1,1,1,255,0,0,96,96,1,1,0
2026-09-29T02:56:19.9635887+00:00,2574.703,1,1,1,1,1,255,0,0,96,96,1,1,0
2026-09-29T02:56:20.0315899+00:00,2574.771,1,1,1,1,1,255,0,0,96,96,1,1,0
2026-09-29T02:56:20.1152192+00:00,2574.854,1,1,1,1,1,255,0,0,96,96,1,1,0
2026-09-29T02:56:20.1912352+00:00,2574.930,1,1,1,1,1,255,0,0,96,96,1,1,0
2026-09-29T02:56:20.2592366+00:00,2574.998,1,1,1,1,1,255,0,0,96,96,1,1,0
2026-09-29T02:56:20.3452212+00:00,2575.084,1,1,1,1,1,255,0,0,96,96,1,1,0
2026-09-29T02:56:20.4152388+00:00,2575.154,1,1,1,1,1,255,0,0,96,96,1,1,0
2026-09-29T02:56:20.5012378+00:00,2575.240,1,1,1,1,1,255,0,0,96,96,1,1,0
2026-09-29T02:56:20.5772405+00:00,2575.316,1,1,1,1,1,255,0,0,96,96,1,1,0
2026-09-29T02:56:20.6549173+00:00,2575.394,1,1,1,1,1,255,0,0,96,96,1,1,0
2026-09-29T02:56:20.7312422+00:00,2575.470,1,1,1,1,1,255,0,0,96,96,1,1,0
2026-09-29T02:56:20.8029441+00:00,2575.542,1,1,1,1,1,255,0,0,96,96,1,1,0
2026-09-29T02:56:20.8748482+00:00,2575.614,1,1,1,1,1,255,0,0,96,96,1,1,0
2026-09-29T02:56:20.9428442+00:00,2575.682,1,1,1,1,1,255,0,0,96,96,1,1,0
2026-09-29T02:56:21.0168450+00:00,2575.756,1,1,1,1,1,255,0,0,96,96,1,1,0
2026-09-29T02:56:21.7869293+00:00,2576.526,1,1,1,1,1,255,0,0,96,96,1,1,0
2026-09-29T02:56:22.7885715+00:00,2577.528,1,1,1,1,1,255,0,0,96,96,1,1,0
2026-09-29T02:56:23.7906936+00:00,2578.530,1,1,1,1,1,255,0,0,96,96,1,1,0
2026-09-29T02:56:24.7928589+00:00,2579.532,1,1,1,1,1,255,0,0,96,96,1,1,0
2026-09-29T02:56:25.7947579+00:00,2580.534,1,1,1,1,1,255,0,0,96,96,1,1,0
2026-09-29T02:56:26.7965393+00:00,2581.536,1,1,1,1,1,255,0,0,96,96,1,1,0
2026-09-29T02:56:27.7982628+00:00,2582.537,1,1,1,1,1,255,0,0,96,96,1,1,0
2026-09-29T02:56:28.8004411+00:00,2583.539,1,1,1,1,1,255,0,0,96,96,1,1,0
2026-09-29T02:56:29.8013192+00:00,2584.540,1,1,1,1,1,255,0,0,96,96,1,1,0
2026-09-29T02:56:30.8081603+00:00,2585.547,1,1,1,1,1,255,0,0,96,96,1,1,0
2026-09-29T02:56:31.8099819+00:00,2586.549,1,1,1,1,1,255,0,0,96,96,1,1,0
2026-09-29T02:56:32.8113517+00:00,2587.550,1,1,1,1,1,255,0,0,96,96,1,1,0
2026-09-29T02:56:33.8130469+00:00,2588.552,1,1,1,1,1,255,0,0,96,96,1,1,0
2026-09-29T02:56:34.8151359+00:00,2589.554,1,1,1,1,1,255,0,0,96,96,1,1,0
2026-09-29T02:56:35.8171930+00:00,2590.556,1,1,1,1,1,255,0,0,96,96,1,1,0
2026-09-29T02:56:36.8185105+00:00,2591.557,1,1,1,1,1,255,0,0,96,96,1,1,0
2026-09-29T02:56:37.8202323+00:00,2592.559,1,1,1,1,1,255,0,0,96,96,1,1,0
2026-09-29T02:56:38.8215057+00:00,2593.560,1,1,1,1,1,255,0,0,96,96,1,1,0
2026-09-29T02:56:39.8233602+00:00,2594.562,1,1,1,1,1,255,0,0,96,96,1,1,0
2026-09-29T02:56:40.8252146+00:00,2595.564,1,1,1,1,1,255,0,0,96,96,1,1,0
2026-09-29T02:56:41.8265430+00:00,2596.565,1,1,1,1,1,255,0,0,96,96,1,1,0
2026-09-29T02:56:41.9085309+00:00,2596.647,1,1,1,1,1,255,0,0,96,96,1,1,0
2026-09-29T02:56:41.9765344+00:00,2596.715,1,1,1,1,1,255,0,0,96,96,1,1,0
2026-09-29T02:56:42.0475494+00:00,2596.786,1,1,1,1,1,255,0,0,96,96,1,1,0
2026-09-29T02:56:42.1223924+00:00,2596.861,1,1,1,1,1,255,0,0,96,96,1,1,0
2026-09-29T02:56:42.1864000+00:00,2596.925,1,1,1,1,1,255,0,0,96,96,1,1,0
2026-09-29T02:56:42.2603843+00:00,2596.999,1,1,1,1,1,255,0,0,96,96,1,1,0
2026-09-29T02:56:42.3483966+00:00,2597.087,1,1,1,1,1,255,0,0,96,96,1,1,0
2026-09-29T02:56:42.4213861+00:00,2597.160,1,1,1,1,1,255,0,0,96,96,1,1,0
2026-09-29T02:56:42.4923969+00:00,2597.231,1,1,1,1,1,255,0,0,96,96,1,1,0
2026-09-29T02:56:42.5693982+00:00,2597.308,1,1,1,1,1,255,0,0,96,96,1,1,0
2026-09-29T02:56:42.6443986+00:00,2597.383,1,1,1,1,1,255,0,0,96,96,1,1,0
2026-09-29T02:56:42.7263883+00:00,2597.465,1,1,1,1,1,255,0,0,96,96,1,1,0
2026-09-29T02:56:42.7974072+00:00,2597.536,1,1,1,1,1,255,0,0,96,96,1,1,0
2026-09-29T02:56:42.8813903+00:00,2597.620,1,1,1,1,1,255,0,0,96,96,1,1,0
2026-09-29T02:56:42.9643914+00:00,2597.703,1,1,1,1,1,255,0,0,96,96,1,1,0
2026-09-29T02:56:43.0313994+00:00,2597.770,1,1,1,1,1,255,0,0,96,96,1,1,0
2026-09-29T02:56:43.1139630+00:00,2597.853,1,1,1,1,1,255,0,0,96,96,1,1,0
2026-09-29T02:56:43.1985815+00:00,2597.937,1,1,1,1,1,255,0,0,96,96,1,1,0
2026-09-29T02:56:43.2775823+00:00,2598.016,1,1,1,1,1,255,0,0,96,96,1,1,0
2026-09-29T02:56:43.3615840+00:00,2598.100,1,1,1,1,1,255,0,0,96,96,1,1,0
2026-09-29T02:56:44.1261172+00:00,2598.865,1,1,1,1,1,255,0,0,96,96,1,1,0
2026-09-29T02:56:45.1283154+00:00,2599.867,1,1,1,1,1,255,0,0,96,96,1,1,0
2026-09-29T02:56:46.1301695+00:00,2600.869,1,1,1,1,1,255,0,0,96,96,1,1,0
2026-09-29T02:56:47.1415370+00:00,2601.880,1,1,1,1,1,255,0,0,96,96,1,1,0
2026-09-29T02:56:48.1437314+00:00,2602.883,1,1,1,1,1,255,0,0,96,96,1,1,0
2026-09-29T02:56:49.1450555+00:00,2603.884,1,1,1,1,1,255,0,0,96,96,1,1,0
2026-09-29T02:56:50.1472247+00:00,2604.886,1,1,1,1,1,255,0,0,96,96,1,1,0
2026-09-29T02:56:51.1484645+00:00,2605.887,1,1,1,1,1,255,0,0,96,96,1,1,0
2026-09-29T02:56:52.1576701+00:00,2606.896,1,1,1,1,1,255,0,0,96,96,1,1,0
2026-09-29T02:56:53.1716309+00:00,2607.911,1,1,1,1,1,255,0,0,96,96,1,1,0
2026-09-29T02:56:54.1844645+00:00,2608.923,1,1,1,1,1,255,0,0,96,96,1,1,0
2026-09-29T02:56:55.1860312+00:00,2609.925,1,1,1,1,1,255,0,0,96,96,1,1,0
2026-09-29T02:56:56.1877664+00:00,2610.927,1,1,1,1,1,255,0,0,96,96,1,1,0
2026-09-29T02:56:57.1891785+00:00,2611.928,1,1,1,1,1,255,0,0,96,96,1,1,0
2026-09-29T02:56:58.1912665+00:00,2612.930,1,1,1,1,1,255,0,0,96,96,1,1,0
2026-09-29T02:56:59.1927903+00:00,2613.932,1,1,1,1,1,255,0,0,96,96,1,1,0
2026-09-29T02:57:00.1948078+00:00,2614.934,1,1,1,1,1,255,0,0,96,96,1,1,0
2026-09-29T02:57:01.1960783+00:00,2615.935,1,1,1,1,1,255,0,0,96,96,1,1,0
2026-09-29T02:57:02.1979493+00:00,2616.937,1,1,1,1,1,255,0,0,96,96,1,1,0
2026-09-29T02:57:03.1996701+00:00,2617.938,1,1,1,1,1,255,0,0,96,96,1,1,0
2026-09-29T02:57:04.2019495+00:00,2618.941,1,1,1,1,1,255,0,0,96,96,1,1,0
2026-09-29T02:57:04.2733433+00:00,2619.012,1,1,1,1,1,255,0,0,96,96,1,1,0
2026-09-29T02:57:04.3553511+00:00,2619.094,1,1,1,1,1,255,0,0,96,96,1,1,0
2026-09-29T02:57:04.4319505+00:00,2619.171,1,1,1,1,1,255,0,0,96,96,1,1,0
2026-09-29T02:57:04.4999532+00:00,2619.239,1,1,1,1,1,255,0,0,96,96,1,1,0
2026-09-29T02:57:04.5763450+00:00,2619.315,1,1,1,1,1,255,0,0,96,96,1,1,0
2026-09-29T02:57:04.6409619+00:00,2619.380,1,1,1,1,1,255,0,0,96,96,1,1,0
2026-09-29T02:57:04.7109533+00:00,2619.450,1,1,1,1,1,255,0,0,96,96,1,1,0
2026-09-29T02:57:04.7863487+00:00,2619.525,1,1,1,1,1,255,0,0,96,96,1,1,0
2026-09-29T02:57:04.8553476+00:00,2619.594,1,1,1,1,1,255,0,0,96,96,1,1,0
2026-09-29T02:57:04.9360513+00:00,2619.675,1,1,1,1,1,255,0,0,96,96,1,1,0
2026-09-29T02:57:05.0070371+00:00,2619.746,1,1,1,1,1,255,0,0,96,96,1,1,0
2026-09-29T02:57:05.0881251+00:00,2619.827,1,1,1,1,1,255,0,0,96,96,1,1,0
2026-09-29T02:57:05.1535748+00:00,2619.892,1,1,1,1,1,255,0,0,96,96,1,1,0
2026-09-29T02:57:05.2430512+00:00,2619.982,1,1,1,1,1,255,0,0,96,96,1,1,0
2026-09-29T02:57:05.3160573+00:00,2620.055,1,1,1,1,1,255,0,0,96,96,1,1,0
2026-09-29T02:57:05.3860887+00:00,2620.125,1,1,1,1,1,255,0,0,96,96,1,1,0
2026-09-29T02:57:05.4551017+00:00,2620.194,1,1,1,1,1,255,0,0,96,96,1,1,0
2026-09-29T02:57:05.5211015+00:00,2620.260,1,1,1,1,1,255,0,0,96,96,1,1,0
2026-09-29T02:57:05.5920906+00:00,2620.331,1,1,1,1,1,255,0,0,96,96,1,1,0
2026-09-29T02:57:05.6640920+00:00,2620.403,1,1,1,1,1,255,0,0,96,96,1,1,0
2026-09-29T02:57:06.4355676+00:00,2621.174,1,1,1,1,1,255,0,0,96,96,1,1,0
2026-09-29T02:57:07.4384829+00:00,2622.177,1,1,1,1,1,255,0,0,96,96,1,1,0
2026-09-29T02:57:08.4400239+00:00,2623.179,1,1,1,1,1,255,0,0,96,96,1,1,0
2026-09-29T02:57:09.4417196+00:00,2624.180,1,1,1,1,1,255,0,0,96,96,1,1,0
2026-09-29T02:57:10.4430403+00:00,2625.182,1,1,1,1,1,255,0,0,96,96,1,1,0
2026-09-29T02:57:11.4459964+00:00,2626.185,1,1,1,1,1,255,0,0,96,96,1,1,0
2026-09-29T02:57:12.4475501+00:00,2627.186,1,1,1,1,1,255,0,0,96,96,1,1,0
2026-09-29T02:57:13.4492581+00:00,2628.188,1,1,1,1,1,255,0,0,96,96,1,1,0
2026-09-29T02:57:14.4509024+00:00,2629.190,1,1,1,1,1,255,0,0,96,96,1,1,0
2026-09-29T02:57:15.4645239+00:00,2630.203,1,1,1,1,1,255,0,0,96,96,1,1,0
2026-09-29T02:57:16.4662523+00:00,2631.205,1,1,1,1,1,255,0,0,96,96,1,1,0
2026-09-29T02:57:17.4813490+00:00,2632.220,1,1,1,1,1,255,0,0,96,96,1,1,0
2026-09-29T02:57:18.4830275+00:00,2633.222,1,1,1,1,1,255,0,0,96,96,1,1,0
2026-09-29T02:57:19.4844377+00:00,2634.223,1,1,1,1,1,255,0,0,96,96,1,1,0
2026-09-29T02:57:20.4863430+00:00,2635.225,1,1,1,1,1,255,0,0,96,96,1,1,0
2026-09-29T02:57:21.4876300+00:00,2636.226,1,1,1,1,1,255,0,0,96,96,1,1,0
2026-09-29T02:57:22.4897329+00:00,2637.228,1,1,1,1,1,255,0,0,96,96,1,1,0
2026-09-29T02:57:23.4918153+00:00,2638.230,1,1,1,1,1,255,0,0,96,96,1,1,0
2026-09-29T02:57:24.4939016+00:00,2639.232,1,1,1,1,1,255,0,0,96,96,1,1,0
2026-09-29T02:57:25.4952734+00:00,2640.234,1,1,1,1,1,255,0,0,96,96,1,1,0
2026-09-29T02:57:26.4974234+00:00,2641.236,1,1,1,1,1,255,0,0,96,96,1,1,0
2026-09-29T02:57:26.5854140+00:00,2641.324,1,1,1,1,1,255,0,0,96,96,1,1,0
2026-09-29T02:57:26.6674146+00:00,2641.406,1,1,1,1,1,255,0,0,96,96,1,1,0
2026-09-29T02:57:26.7379825+00:00,2641.476,1,1,1,1,1,255,0,0,96,96,1,1,0
2026-09-29T02:57:26.8259788+00:00,2641.564,1,1,1,1,1,255,0,0,96,96,1,1,0
2026-09-29T02:57:26.9049690+00:00,2641.643,1,1,1,1,1,255,0,0,96,96,1,1,0
2026-09-29T02:57:26.9669697+00:00,2641.705,1,1,1,1,1,255,0,0,96,96,1,1,0
2026-09-29T02:57:27.0459776+00:00,2641.784,1,1,1,1,1,255,0,0,96,96,1,1,0
2026-09-29T02:57:27.1213289+00:00,2641.860,1,1,1,1,1,255,0,0,96,96,1,1,0
2026-09-29T02:57:27.2040168+00:00,2641.943,1,1,1,1,1,255,0,0,96,96,1,1,0
2026-09-29T02:57:27.2800295+00:00,2642.019,1,1,1,1,1,255,0,0,96,96,1,1,0
2026-09-29T02:57:27.3560298+00:00,2642.095,1,1,1,1,1,255,0,0,96,96,1,1,0
2026-09-29T02:57:27.4440318+00:00,2642.183,1,1,1,1,1,255,0,0,96,96,1,1,0
2026-09-29T02:57:27.5270218+00:00,2642.266,1,1,1,1,1,255,0,0,96,96,1,1,0
2026-09-29T02:57:27.5950192+00:00,2642.334,1,1,1,1,1,255,0,0,96,96,1,1,0
2026-09-29T02:57:27.6810322+00:00,2642.420,1,1,1,1,1,255,0,0,96,96,1,1,0
2026-09-29T02:57:27.7450412+00:00,2642.484,1,1,1,1,1,255,0,0,96,96,1,1,0
2026-09-29T02:57:27.8340266+00:00,2642.573,1,1,1,1,1,255,0,0,96,96,1,1,0
2026-09-29T02:57:27.9000217+00:00,2642.639,1,1,1,1,1,255,0,0,96,96,1,1,0
2026-09-29T02:57:27.9830221+00:00,2642.722,1,1,1,1,1,255,0,0,96,96,1,1,0
2026-09-29T02:57:28.0580324+00:00,2642.797,1,1,1,1,1,255,0,0,96,96,1,1,0
2026-09-29T02:57:28.8279806+00:00,2643.566,1,1,1,1,1,255,0,0,96,96,1,1,0
2026-09-29T02:57:29.8307623+00:00,2644.569,1,1,1,1,1,255,0,0,96,96,1,1,0
2026-09-29T02:57:30.8323912+00:00,2645.571,1,1,1,1,1,255,0,0,96,96,1,1,0
2026-09-29T02:57:31.8346177+00:00,2646.573,1,1,1,1,1,255,0,0,96,96,1,1,0
2026-09-29T02:57:32.8361640+00:00,2647.575,1,1,1,1,1,255,0,0,96,96,1,1,0
2026-09-29T02:57:33.8382614+00:00,2648.577,1,1,1,1,1,255,0,0,96,96,1,1,0
2026-09-29T02:57:34.8399492+00:00,2649.578,1,1,1,1,1,255,0,0,96,96,1,1,0
2026-09-29T02:57:35.8412972+00:00,2650.580,1,1,1,1,1,255,0,0,96,96,1,1,0
2026-09-29T02:57:36.8494599+00:00,2651.588,1,1,1,1,1,255,0,0,96,96,1,1,0
2026-09-29T02:57:37.8555852+00:00,2652.594,1,1,1,1,1,255,0,0,96,96,1,1,0
2026-09-29T02:57:38.8578910+00:00,2653.596,1,1,1,1,1,255,0,0,96,96,1,1,0
2026-09-29T02:57:39.8601499+00:00,2654.599,1,1,1,1,1,255,0,0,96,96,1,1,0
2026-09-29T02:57:40.8616363+00:00,2655.600,1,1,1,1,1,255,0,0,96,96,1,1,0
2026-09-29T02:57:41.8637307+00:00,2656.602,1,1,1,1,1,255,0,0,96,96,1,1,0
2026-09-29T02:57:42.8652695+00:00,2657.604,1,1,1,1,1,255,0,0,96,96,1,1,0
2026-09-29T02:57:43.8673728+00:00,2658.606,1,1,1,1,1,255,0,0,96,96,1,1,0
2026-09-29T02:57:44.8695398+00:00,2659.608,1,1,1,1,1,255,0,0,96,96,1,1,0
2026-09-29T02:57:45.8709615+00:00,2660.609,1,1,1,1,1,255,0,0,96,96,1,1,0
2026-09-29T02:57:46.8725217+00:00,2661.611,1,1,1,1,1,255,0,0,96,96,1,1,0
2026-09-29T02:57:47.8742562+00:00,2662.613,1,1,1,1,1,255,0,0,96,96,1,1,0
2026-09-29T02:57:48.8759479+00:00,2663.614,1,1,1,1,1,255,0,0,96,96,1,1,0
2026-09-29T02:57:48.9569998+00:00,2663.695,1,1,1,1,1,255,0,0,96,96,1,1,0
2026-09-29T02:57:49.0280125+00:00,2663.766,1,1,1,1,1,255,0,0,96,96,1,1,0
2026-09-29T02:57:49.1025599+00:00,2663.841,1,1,1,1,1,255,0,0,96,96,1,1,0
2026-09-29T02:57:49.1775807+00:00,2663.916,1,1,1,1,1,255,0,0,96,96,1,1,0
2026-09-29T02:57:49.2417253+00:00,2663.980,1,1,1,1,1,255,0,0,96,96,1,1,0
2026-09-29T02:57:49.3237324+00:00,2664.062,1,1,1,1,1,255,0,0,96,96,1,1,0
2026-09-29T02:57:49.3951574+00:00,2664.133,1,1,1,1,1,255,0,0,96,96,1,1,0
2026-09-29T02:57:49.4671579+00:00,2664.205,1,1,1,1,1,255,0,0,96,96,1,1,0
2026-09-29T02:57:49.5401619+00:00,2664.278,1,1,1,1,1,255,0,0,96,96,1,1,0
2026-09-29T02:57:49.6172202+00:00,2664.356,1,1,1,1,1,255,0,0,96,96,1,1,0
2026-09-29T02:57:49.6922320+00:00,2664.431,1,1,1,1,1,255,0,0,96,96,1,1,0
2026-09-29T02:57:49.7552230+00:00,2664.494,1,1,1,1,1,255,0,0,96,96,1,1,0
2026-09-29T02:57:49.8322350+00:00,2664.571,1,1,1,1,1,255,0,0,96,96,1,1,0
2026-09-29T02:57:49.9012814+00:00,2664.640,1,1,1,1,1,255,0,0,96,96,1,1,0
2026-09-29T02:57:49.9838165+00:00,2664.722,1,1,1,1,1,255,0,0,96,96,1,1,0
2026-09-29T02:57:50.0568158+00:00,2664.795,1,1,1,1,1,255,0,0,96,96,1,1,0
2026-09-29T02:57:50.1243817+00:00,2664.863,1,1,1,1,1,255,0,0,96,96,1,1,0
2026-09-29T02:57:50.1998450+00:00,2664.938,1,1,1,1,1,255,0,0,96,96,1,1,0
2026-09-29T02:57:50.2728449+00:00,2665.012,1,1,1,1,1,255,0,0,96,96,1,1,0
2026-09-29T02:57:50.3438466+00:00,2665.082,1,1,1,1,1,255,0,0,96,96,1,1,0
2026-09-29T02:57:51.1144087+00:00,2665.853,1,1,1,1,1,255,0,0,96,96,1,1,0
2026-09-29T02:57:52.1174599+00:00,2666.856,1,1,1,1,1,255,0,0,96,96,1,1,0
2026-09-29T02:57:53.1189964+00:00,2667.857,1,1,1,1,1,255,0,0,96,96,1,1,0
2026-09-29T02:57:54.1202271+00:00,2668.858,1,1,1,1,1,255,0,0,96,96,1,1,0
2026-09-29T02:57:55.1214921+00:00,2669.860,1,1,1,1,1,255,0,0,96,96,1,1,0
2026-09-29T02:57:56.1234128+00:00,2670.862,1,1,1,1,1,255,0,0,96,96,1,1,0
2026-09-29T02:57:57.1246661+00:00,2671.863,1,1,1,1,1,255,0,0,96,96,1,1,0
2026-09-29T02:57:58.1357944+00:00,2672.874,1,1,1,1,1,255,0,0,96,96,1,1,0
2026-09-29T02:57:59.1375639+00:00,2673.876,1,1,1,1,1,255,0,0,96,96,1,1,0
2026-09-29T02:58:00.1534959+00:00,2674.892,1,1,1,1,1,255,0,0,96,96,1,1,0
2026-09-29T02:58:01.1549208+00:00,2675.893,1,1,1,1,1,255,0,0,96,96,1,1,0
2026-09-29T02:58:02.1565046+00:00,2676.895,1,1,1,1,1,255,0,0,96,96,1,1,0
2026-09-29T02:58:03.1580665+00:00,2677.896,1,1,1,1,1,255,0,0,96,96,1,1,0
2026-09-29T02:58:04.1594514+00:00,2678.898,1,1,1,1,1,255,0,0,96,96,1,1,0
2026-09-29T02:58:05.1607363+00:00,2679.899,1,1,1,1,1,255,0,0,96,96,1,1,0
2026-09-29T02:58:06.1621033+00:00,2680.900,1,1,1,1,1,255,0,0,96,96,1,1,0
2026-09-29T02:58:07.1646441+00:00,2681.903,1,1,1,1,1,255,0,0,96,96,1,1,0
2026-09-29T02:58:08.1667232+00:00,2682.905,1,1,1,1,1,255,0,0,96,96,1,1,0
2026-09-29T02:58:09.1680579+00:00,2683.906,1,1,1,1,1,255,0,0,96,96,1,1,0
2026-09-29T02:58:10.1693562+00:00,2684.907,1,1,1,1,1,255,0,0,96,96,1,1,0
2026-09-29T02:58:11.1707329+00:00,2685.909,1,1,1,1,1,255,0,0,96,96,1,1,0
2026-09-29T02:58:11.2673430+00:00,2686.005,1,1,1,1,1,255,0,0,96,96,1,1,0
2026-09-29T02:58:11.3453462+00:00,2686.083,1,1,1,1,1,255,0,0,96,96,1,1,0
2026-09-29T02:58:11.4123468+00:00,2686.150,1,1,1,1,1,255,0,0,96,96,1,1,0
2026-09-29T02:58:11.4863451+00:00,2686.224,1,1,1,1,1,255,0,0,96,96,1,1,0
2026-09-29T02:58:11.5433473+00:00,2686.281,1,1,1,1,1,255,0,0,96,96,1,1,0
2026-09-29T02:58:11.6203461+00:00,2686.358,1,1,1,1,1,255,0,0,96,96,1,1,0
2026-09-29T02:58:11.6993589+00:00,2686.437,1,1,1,1,1,255,0,0,96,96,1,1,0
2026-09-29T02:58:11.7723536+00:00,2686.510,1,1,1,1,1,255,0,0,96,96,1,1,0
2026-09-29T02:58:11.8363479+00:00,2686.574,1,1,1,1,1,255,0,0,96,96,1,1,0
2026-09-29T02:58:11.9073490+00:00,2686.645,1,1,1,1,1,255,0,0,96,96,1,1,0
2026-09-29T02:58:11.9863610+00:00,2686.724,1,1,1,1,1,255,0,0,96,96,1,1,0
2026-09-29T02:58:12.0693567+00:00,2686.807,1,1,1,1,1,255,0,0,96,96,1,1,0
2026-09-29T02:58:12.1349368+00:00,2686.873,1,1,1,1,1,255,0,0,96,96,1,1,0
2026-09-29T02:58:12.2133841+00:00,2686.951,1,1,1,1,1,255,0,0,96,96,1,1,0
2026-09-29T02:58:12.2899280+00:00,2687.028,1,1,1,1,1,255,0,0,96,96,1,1,0
2026-09-29T02:58:12.3643967+00:00,2687.103,1,1,1,1,1,255,0,0,96,96,1,1,0
2026-09-29T02:58:12.4393972+00:00,2687.178,1,1,1,1,1,255,0,0,96,96,1,1,0
2026-09-29T02:58:12.5133899+00:00,2687.251,1,1,1,1,1,255,0,0,96,96,1,1,0
2026-09-29T02:58:12.5849406+00:00,2687.323,1,1,1,1,1,255,0,0,96,96,1,1,0
2026-09-29T02:58:12.6569298+00:00,2687.395,1,1,1,1,1,255,0,0,96,96,1,1,0
2026-09-29T02:58:13.4283348+00:00,2688.166,1,1,1,1,1,255,0,0,96,96,1,1,0
2026-09-29T02:58:14.4322679+00:00,2689.170,1,1,1,1,1,255,0,0,96,96,1,1,0
2026-09-29T02:58:15.4344399+00:00,2690.173,1,1,1,1,1,255,0,0,96,96,1,1,0
2026-09-29T02:58:16.4360398+00:00,2691.174,1,1,1,1,1,255,0,0,96,96,1,1,0
2026-09-29T02:58:17.4501114+00:00,2692.188,1,1,1,1,1,255,0,0,96,96,1,1,0
2026-09-29T02:58:18.4516651+00:00,2693.190,1,1,1,1,1,255,0,0,96,96,1,1,0
2026-09-29T02:58:19.4535198+00:00,2694.192,1,1,1,1,1,255,0,0,96,96,1,1,0
2026-09-29T02:58:20.4554142+00:00,2695.193,1,1,1,1,1,255,0,0,96,96,1,1,0
2026-09-29T02:58:21.4658535+00:00,2696.204,1,1,1,1,1,255,0,0,96,96,1,1,0
2026-09-29T02:58:22.4668694+00:00,2697.205,1,1,1,1,1,255,0,0,96,96,1,1,0
2026-09-29T02:58:23.4681028+00:00,2698.206,1,1,1,1,1,255,0,0,96,96,1,1,0
2026-09-29T02:58:24.4696979+00:00,2699.208,1,1,1,1,1,255,0,0,96,96,1,1,0
2026-09-29T02:58:25.4715161+00:00,2700.210,1,1,1,1,1,255,0,0,96,96,1,1,0
2026-09-29T02:58:26.4731285+00:00,2701.211,1,1,1,1,1,255,0,0,96,96,1,1,0
2026-09-29T02:58:27.4749711+00:00,2702.213,1,1,1,1,1,255,0,0,96,96,1,1,0
2026-09-29T02:58:28.4764581+00:00,2703.214,1,1,1,1,1,255,0,0,96,96,1,1,0
2026-09-29T02:58:29.4785529+00:00,2704.217,1,1,1,1,1,255,0,0,96,96,1,1,0
2026-09-29T02:58:30.4803039+00:00,2705.218,1,1,1,1,1,255,0,0,96,96,1,1,0
2026-09-29T02:58:31.4839796+00:00,2706.222,1,1,1,1,1,255,0,0,96,96,1,1,0
2026-09-29T02:58:32.4865199+00:00,2707.224,1,1,1,1,1,255,0,0,96,96,1,1,0
2026-09-29T02:58:33.4892142+00:00,2708.227,1,1,1,1,1,255,0,0,96,96,1,1,0
2026-09-29T02:58:33.6744351+00:00,2708.412,1,1,1,1,1,255,0,0,96,96,1,1,0
2026-09-29T02:58:33.7474478+00:00,2708.485,1,1,1,1,1,255,0,0,96,96,1,1,0
2026-09-29T02:58:33.8144538+00:00,2708.552,1,1,1,1,1,255,0,0,96,96,1,1,0
2026-09-29T02:58:33.8879967+00:00,2708.626,1,1,1,1,1,255,0,0,96,96,1,1,0
2026-09-29T02:58:33.9629920+00:00,2708.701,1,1,1,1,1,255,0,0,96,96,1,1,0
2026-09-29T02:58:34.0340006+00:00,2708.772,1,1,1,1,1,255,0,0,96,96,1,1,0
2026-09-29T02:58:34.1505882+00:00,2708.889,1,1,1,1,1,255,0,0,96,96,1,1,0
2026-09-29T02:58:34.2725773+00:00,2709.010,1,1,1,1,1,255,0,0,96,96,1,1,0
2026-09-29T02:58:34.3405808+00:00,2709.078,1,1,1,1,1,255,0,0,96,96,1,1,0
2026-09-29T02:58:34.4115877+00:00,2709.150,1,1,1,1,1,255,0,0,96,96,1,1,0
2026-09-29T02:58:34.4855785+00:00,2709.223,1,1,1,1,1,255,0,0,96,96,1,1,0
2026-09-29T02:58:34.5605855+00:00,2709.299,1,1,1,1,1,255,0,0,96,96,1,1,0
2026-09-29T02:58:34.6425899+00:00,2709.381,1,1,1,1,1,255,0,0,96,96,1,1,0
2026-09-29T02:58:34.6945912+00:00,2709.433,1,1,1,1,1,255,0,0,96,96,1,1,0
2026-09-29T02:58:34.7615939+00:00,2709.500,1,1,1,1,1,255,0,0,96,96,1,1,0
2026-09-29T02:58:34.8366007+00:00,2709.575,1,1,1,1,1,255,0,0,96,96,1,1,0
2026-09-29T02:58:34.9081436+00:00,2709.646,1,1,1,1,1,255,0,0,96,96,1,1,0
2026-09-29T02:58:34.9811448+00:00,2709.719,1,1,1,1,1,255,0,0,96,96,1,1,0
2026-09-29T02:58:35.0501459+00:00,2709.788,1,1,1,1,1,255,0,0,96,96,1,1,0
2026-09-29T02:58:35.1298231+00:00,2709.868,1,1,1,1,1,255,0,0,96,96,1,1,0
2026-09-29T02:58:35.9230490+00:00,2710.661,1,1,1,1,1,255,0,0,96,96,1,1,0
2026-09-29T02:58:36.9253407+00:00,2711.663,1,1,1,1,1,255,0,0,96,96,1,1,0
2026-09-29T02:58:37.9274236+00:00,2712.665,1,1,1,1,1,255,0,0,96,96,1,1,0
2026-09-29T02:58:38.9287985+00:00,2713.667,1,1,1,1,1,255,0,0,96,96,1,1,0
2026-09-29T02:58:39.9301665+00:00,2714.668,1,1,1,1,1,255,0,0,96,96,1,1,0
2026-09-29T02:58:40.9323221+00:00,2715.670,1,1,1,1,1,255,0,0,96,96,1,1,0
2026-09-29T02:58:41.9344041+00:00,2716.672,1,1,1,1,1,255,0,0,96,96,1,1,0
2026-09-29T02:58:42.9364998+00:00,2717.674,1,1,1,1,1,255,0,0,96,96,1,1,0
2026-09-29T02:58:43.9537089+00:00,2718.692,1,1,1,1,1,255,0,0,96,96,1,1,0
2026-09-29T02:58:44.9673382+00:00,2719.705,1,1,1,1,1,255,0,0,96,96,1,1,0
2026-09-29T02:58:45.9691405+00:00,2720.707,1,1,1,1,1,255,0,0,96,96,1,1,0
2026-09-29T02:58:46.9702615+00:00,2721.708,1,1,1,1,1,255,0,0,96,96,1,1,0
2026-09-29T02:58:47.9730267+00:00,2722.711,1,1,1,1,1,255,0,0,96,96,1,1,0
2026-09-29T02:58:48.9748809+00:00,2723.713,1,1,1,1,1,255,0,0,96,96,1,1,0
2026-09-29T02:58:49.9768547+00:00,2724.715,1,1,1,1,1,255,0,0,96,96,1,1,0
2026-09-29T02:58:50.9785869+00:00,2725.716,1,1,1,1,1,255,0,0,96,96,1,1,0
2026-09-29T02:58:51.9807166+00:00,2726.718,1,1,1,1,1,255,0,0,96,96,1,1,0
2026-09-29T02:58:52.9824151+00:00,2727.720,1,1,1,1,1,255,0,0,96,96,1,1,0
2026-09-29T02:58:53.9847484+00:00,2728.722,1,1,1,1,1,255,0,0,96,96,1,1,0
2026-09-29T02:58:54.9869918+00:00,2729.725,1,1,1,1,1,255,0,0,96,96,1,1,0
2026-09-29T02:58:55.9895128+00:00,2730.727,1,1,1,1,1,255,0,0,96,96,1,1,0
2026-09-29T02:58:56.0695087+00:00,2730.807,1,1,1,1,1,255,0,0,96,96,1,1,0
2026-09-29T02:58:56.1569730+00:00,2730.895,1,1,1,1,1,255,0,0,96,96,1,1,0
2026-09-29T02:58:56.2439734+00:00,2730.982,1,1,1,1,1,255,0,0,96,96,1,1,0
2026-09-29T02:58:56.3269763+00:00,2731.065,1,1,1,1,1,255,0,0,96,96,1,1,0
2026-09-29T02:58:56.3989625+00:00,2731.137,1,1,1,1,1,255,0,0,96,96,1,1,0
2026-09-29T02:58:56.4799668+00:00,2731.218,1,1,1,1,1,255,0,0,96,96,1,1,0
2026-09-29T02:58:56.5639713+00:00,2731.302,1,1,1,1,1,255,0,0,96,96,1,1,0
2026-09-29T02:58:56.6439649+00:00,2731.382,1,1,1,1,1,255,0,0,96,96,1,1,0
2026-09-29T02:58:56.7316036+00:00,2731.470,1,1,1,1,1,255,0,0,96,96,1,1,0
2026-09-29T02:58:56.8161295+00:00,2731.554,1,1,1,1,1,255,0,0,96,96,1,1,0
2026-09-29T02:58:56.9260424+00:00,2731.664,1,1,1,1,1,255,0,0,96,96,1,1,0
2026-09-29T02:58:57.0100465+00:00,2731.748,1,1,1,1,1,255,0,0,96,96,1,1,0
2026-09-29T02:58:57.0820454+00:00,2731.820,1,1,1,1,1,255,0,0,96,96,1,1,0
2026-09-29T02:58:57.1571843+00:00,2731.895,1,1,1,1,1,255,0,0,96,96,1,1,0
2026-09-29T02:58:57.2317639+00:00,2731.969,1,1,1,1,1,255,0,0,96,96,1,1,0
2026-09-29T02:58:57.3137626+00:00,2732.051,1,1,1,1,1,255,0,0,96,96,1,1,0
2026-09-29T02:58:57.4137720+00:00,2732.151,1,1,1,1,1,255,0,0,96,96,1,1,0
2026-09-29T02:58:57.4947639+00:00,2732.232,1,1,1,1,1,255,0,0,96,96,1,1,0
2026-09-29T02:58:57.5777617+00:00,2732.315,1,1,1,1,1,255,0,0,96,96,1,1,0
2026-09-29T02:58:57.6607648+00:00,2732.398,1,1,1,1,1,255,0,0,96,96,1,1,0
2026-09-29T02:58:58.4691560+00:00,2733.207,1,1,1,1,1,255,0,0,96,96,1,1,0
2026-09-29T02:58:59.4724998+00:00,2734.210,1,1,1,1,1,255,0,0,96,96,1,1,0
2026-09-29T02:59:00.4744450+00:00,2735.212,1,1,1,1,1,255,0,0,96,96,1,1,0
2026-09-29T02:59:01.4762994+00:00,2736.214,1,1,1,1,1,255,0,0,96,96,1,1,0
2026-09-29T02:59:02.4779674+00:00,2737.216,1,1,1,1,1,255,0,0,96,96,1,1,0
2026-09-29T02:59:03.4800834+00:00,2738.218,1,1,1,1,1,255,0,0,96,96,1,1,0
2026-09-29T02:59:04.4817648+00:00,2739.219,1,1,1,1,1,255,0,0,96,96,1,1,0
2026-09-29T02:59:05.4837990+00:00,2740.221,1,1,1,1,1,255,0,0,96,96,1,1,0
2026-09-29T02:59:06.4976484+00:00,2741.235,1,1,1,1,1,255,0,0,96,96,1,1,0
2026-09-29T02:59:07.4997176+00:00,2742.237,1,1,1,1,1,255,0,0,96,96,1,1,0
2026-09-29T02:59:08.5015318+00:00,2743.239,1,1,1,1,1,255,0,0,96,96,1,1,0
2026-09-29T02:59:09.5035714+00:00,2744.241,1,1,1,1,1,255,0,0,96,96,1,1,0
2026-09-29T02:59:10.5055713+00:00,2745.243,1,1,1,1,1,255,0,0,96,96,1,1,0
2026-09-29T02:59:11.5078632+00:00,2746.245,1,1,1,1,1,255,0,0,96,96,1,1,0
2026-09-29T02:59:12.5094299+00:00,2747.247,1,1,1,1,1,255,0,0,96,96,1,1,0
2026-09-29T02:59:13.5111751+00:00,2748.249,1,1,1,1,1,255,0,0,96,96,1,1,0
2026-09-29T02:59:14.5127482+00:00,2749.250,1,1,1,1,1,255,0,0,96,96,1,1,0
2026-09-29T02:59:15.5146089+00:00,2750.252,1,1,1,1,1,255,0,0,96,96,1,1,0
2026-09-29T02:59:16.5158116+00:00,2751.253,1,1,1,1,1,255,0,0,96,96,1,1,0
2026-09-29T02:59:17.5328912+00:00,2752.270,1,1,1,1,1,255,0,0,96,96,1,1,0
2026-09-29T02:59:18.5341511+00:00,2753.272,1,1,1,1,1,255,0,0,96,96,1,1,0
2026-09-29T02:59:18.6341528+00:00,2753.372,1,1,1,1,1,255,0,0,96,96,1,1,0
2026-09-29T02:59:18.7118691+00:00,2753.449,1,1,1,1,1,255,0,0,96,96,1,1,0
2026-09-29T02:59:18.7998727+00:00,2753.537,1,1,1,1,1,255,0,0,96,96,1,1,0
2026-09-29T02:59:18.8889827+00:00,2753.627,1,1,1,1,1,255,0,0,96,96,1,1,0
2026-09-29T02:59:18.9739892+00:00,2753.712,1,1,1,1,1,255,0,0,96,96,1,1,0
2026-09-29T02:59:19.0549978+00:00,2753.793,1,1,1,1,1,255,0,0,96,96,1,1,0
2026-09-29T02:59:19.1555652+00:00,2753.893,1,1,1,1,1,255,0,0,96,96,1,1,0
2026-09-29T02:59:19.2321267+00:00,2753.970,1,1,1,1,1,255,0,0,96,96,1,1,0
2026-09-29T02:59:19.3171330+00:00,2754.055,1,1,1,1,1,255,0,0,96,96,1,1,0
2026-09-29T02:59:19.4011356+00:00,2754.139,1,1,1,1,1,255,0,0,96,96,1,1,0
2026-09-29T02:59:19.4771359+00:00,2754.215,1,1,1,1,1,255,0,0,96,96,1,1,0
2026-09-29T02:59:19.5681335+00:00,2754.306,1,1,1,1,1,255,0,0,96,96,1,1,0
2026-09-29T02:59:19.6491502+00:00,2754.387,1,1,1,1,1,255,0,0,96,96,1,1,0
2026-09-29T02:59:19.7323402+00:00,2754.470,1,1,1,1,1,255,0,0,96,96,1,1,0
2026-09-29T02:59:19.8153477+00:00,2754.553,1,1,1,1,1,255,0,0,96,96,1,1,0
2026-09-29T02:59:19.8940515+00:00,2754.632,1,1,1,1,1,255,0,0,96,96,1,1,0
2026-09-29T02:59:19.9810485+00:00,2754.719,1,1,1,1,1,255,0,0,96,96,1,1,0
2026-09-29T02:59:20.0630572+00:00,2754.801,1,1,1,1,1,255,0,0,96,96,1,1,0
2026-09-29T02:59:20.1521185+00:00,2754.890,1,1,1,1,1,255,0,0,96,96,1,1,0
2026-09-29T02:59:20.2331216+00:00,2754.971,1,1,1,1,1,255,0,0,96,96,1,1,0
2026-09-29T02:59:21.0398008+00:00,2755.777,1,1,1,1,1,255,0,0,96,96,1,1,0
2026-09-29T02:59:22.0433516+00:00,2756.781,1,1,1,1,1,255,0,0,96,96,1,1,0
2026-09-29T02:59:23.0448989+00:00,2757.782,1,1,1,1,1,255,0,0,96,96,1,1,0
2026-09-29T02:59:24.0461587+00:00,2758.784,1,1,1,1,1,255,0,0,96,96,1,1,0
2026-09-29T02:59:25.0482460+00:00,2759.786,1,1,1,1,1,255,0,0,96,96,1,1,0
2026-09-29T02:59:26.0499978+00:00,2760.787,1,1,1,1,1,255,0,0,96,96,1,1,0
2026-09-29T02:59:27.0516985+00:00,2761.789,1,1,1,1,1,255,0,0,96,96,1,1,0
2026-09-29T02:59:28.0533949+00:00,2762.791,1,1,1,1,1,255,0,0,96,96,1,1,0
2026-09-29T02:59:29.0627889+00:00,2763.800,1,1,1,1,1,255,0,0,96,96,1,1,0
2026-09-29T02:59:30.0762605+00:00,2764.814,1,1,1,1,1,255,0,0,96,96,1,1,0
2026-09-29T02:59:31.0780929+00:00,2765.815,1,1,1,1,1,255,0,0,96,96,1,1,0
2026-09-29T02:59:32.0802468+00:00,2766.818,1,1,1,1,1,255,0,0,96,96,1,1,0
2026-09-29T02:59:33.0819188+00:00,2767.819,1,1,1,1,1,255,0,0,96,96,1,1,0
2026-09-29T02:59:34.0835922+00:00,2768.821,1,1,1,1,1,255,0,0,96,96,1,1,0
2026-09-29T02:59:35.0864105+00:00,2769.824,1,1,1,1,1,255,0,0,96,96,1,1,0
2026-09-29T02:59:36.0881995+00:00,2770.826,1,1,1,1,1,255,0,0,96,96,1,1,0
2026-09-29T02:59:37.0897589+00:00,2771.827,1,1,1,1,1,255,0,0,96,96,1,1,0
2026-09-29T02:59:38.0914478+00:00,2772.829,1,1,1,1,1,255,0,0,96,96,1,1,0
2026-09-29T02:59:39.0939204+00:00,2773.831,1,1,1,1,1,255,0,0,96,96,1,1,0
2026-09-29T02:59:40.0959161+00:00,2774.833,1,1,1,1,1,255,0,0,96,96,1,1,0
2026-09-29T02:59:41.0977545+00:00,2775.835,1,1,1,1,1,255,0,0,96,96,1,1,0
2026-09-29T02:59:41.1943066+00:00,2775.932,1,1,1,1,1,255,0,0,96,96,1,1,0
2026-09-29T02:59:41.2703191+00:00,2776.008,1,1,1,1,1,255,0,0,96,96,1,1,0
2026-09-29T02:59:41.3478574+00:00,2776.085,1,1,1,1,1,255,0,0,96,96,1,1,0
2026-09-29T02:59:41.4388498+00:00,2776.176,1,1,1,1,1,255,0,0,96,96,1,1,0
2026-09-29T02:59:41.5173312+00:00,2776.255,1,1,1,1,1,255,0,0,96,96,1,1,0
2026-09-29T02:59:41.5973334+00:00,2776.335,1,1,1,1,1,255,0,0,96,96,1,1,0
2026-09-29T02:59:41.6863277+00:00,2776.424,1,1,1,1,1,255,0,0,96,96,1,1,0
2026-09-29T02:59:41.7763326+00:00,2776.514,1,1,1,1,1,255,0,0,96,96,1,1,0
2026-09-29T02:59:41.8503351+00:00,2776.588,1,1,1,1,1,255,0,0,96,96,1,1,0
2026-09-29T02:59:41.9243315+00:00,2776.662,1,1,1,1,1,255,0,0,96,96,1,1,0
2026-09-29T02:59:42.0367009+00:00,2776.774,1,1,1,1,1,255,0,0,96,96,1,1,0
2026-09-29T02:59:42.1227038+00:00,2776.860,1,1,1,1,1,255,0,0,96,96,1,1,0
2026-09-29T02:59:42.2090195+00:00,2776.946,1,1,1,1,1,255,0,0,96,96,1,1,0
2026-09-29T02:59:42.2824458+00:00,2777.020,1,1,1,1,1,255,0,0,96,96,1,1,0
2026-09-29T02:59:42.3644339+00:00,2777.102,1,1,1,1,1,255,0,0,96,96,1,1,0
2026-09-29T02:59:42.4484438+00:00,2777.186,1,1,1,1,1,255,0,0,96,96,1,1,0
2026-09-29T02:59:42.5320341+00:00,2777.269,1,1,1,1,1,255,0,0,96,96,1,1,0
2026-09-29T02:59:42.6100229+00:00,2777.347,1,1,1,1,1,255,0,0,96,96,1,1,0
2026-09-29T02:59:42.6960185+00:00,2777.433,1,1,1,1,1,255,0,0,96,96,1,1,0
2026-09-29T02:59:42.7764405+00:00,2777.514,1,1,1,1,1,255,0,0,96,96,1,1,0
2026-09-29T02:59:43.5927675+00:00,2778.330,1,1,1,1,1,255,0,0,96,96,1,1,0
2026-09-29T02:59:44.5955655+00:00,2779.333,1,1,1,1,1,255,0,0,96,96,1,1,0
2026-09-29T02:59:45.5977108+00:00,2780.335,1,1,1,1,1,255,0,0,96,96,1,1,0
2026-09-29T02:59:46.5994612+00:00,2781.337,1,1,1,1,1,255,0,0,96,96,1,1,0
2026-09-29T02:59:47.6087773+00:00,2782.346,1,1,1,1,1,255,0,0,96,96,1,1,0
2026-09-29T02:59:48.6108944+00:00,2783.348,1,1,1,1,1,255,0,0,96,96,1,1,0
2026-09-29T02:59:49.6133119+00:00,2784.351,1,1,1,1,1,255,0,0,96,96,1,1,0
2026-09-29T02:59:50.6154500+00:00,2785.353,1,1,1,1,1,255,0,0,96,96,1,1,0
2026-09-29T02:59:51.6277237+00:00,2786.365,1,1,1,1,1,255,0,0,96,96,1,1,0
2026-09-29T02:59:52.6382988+00:00,2787.376,1,1,1,1,1,255,0,0,96,96,1,1,0
2026-09-29T02:59:53.6399824+00:00,2788.377,1,1,1,1,1,255,0,0,96,96,1,1,0
2026-09-29T02:59:54.6422652+00:00,2789.379,1,1,1,1,1,255,0,0,96,96,1,1,0
2026-09-29T02:59:55.6440975+00:00,2790.381,1,1,1,1,1,255,0,0,96,96,1,1,0
2026-09-29T02:59:56.6462941+00:00,2791.383,1,1,1,1,1,255,0,0,96,96,1,1,0
2026-09-29T02:59:57.6486363+00:00,2792.386,1,1,1,1,1,255,0,0,96,96,1,1,0
2026-09-29T02:59:58.6508777+00:00,2793.388,1,1,1,1,1,255,0,0,96,96,1,1,0
2026-09-29T02:59:59.6527114+00:00,2794.390,1,1,1,1,1,255,0,0,96,96,1,1,0
2026-09-29T03:00:00.6546907+00:00,2795.392,1,1,1,1,1,255,0,0,96,96,1,1,0
2026-09-29T03:00:01.6571599+00:00,2796.394,1,1,1,1,1,255,0,0,96,96,1,1,0
2026-09-29T03:00:02.6591362+00:00,2797.396,1,1,1,1,1,255,0,0,96,96,1,1,0
2026-09-29T03:00:03.6612155+00:00,2798.398,1,1,1,1,1,255,0,0,96,96,1,1,0
2026-09-29T03:00:03.7482253+00:00,2798.485,1,1,1,1,1,255,0,0,96,96,1,1,0
2026-09-29T03:00:03.8152247+00:00,2798.552,1,1,1,1,1,255,0,0,96,96,1,1,0
2026-09-29T03:00:03.8887567+00:00,2798.626,1,1,1,1,1,255,0,0,96,96,1,1,0
2026-09-29T03:00:03.9637734+00:00,2798.701,1,1,1,1,1,255,0,0,96,96,1,1,0
2026-09-29T03:00:04.0347729+00:00,2798.772,1,1,1,1,1,255,0,0,96,96,1,1,0
2026-09-29T03:00:04.1137897+00:00,2798.851,1,1,1,1,1,255,0,0,96,96,1,1,0
2026-09-29T03:00:04.1793388+00:00,2798.916,1,1,1,1,1,255,0,0,96,96,1,1,0
2026-09-29T03:00:04.2473442+00:00,2798.984,1,1,1,1,1,255,0,0,96,96,1,1,0
2026-09-29T03:00:04.3253497+00:00,2799.062,1,1,1,1,1,255,0,0,96,96,1,1,0
2026-09-29T03:00:04.4053411+00:00,2799.142,1,1,1,1,1,255,0,0,96,96,1,1,0
2026-09-29T03:00:04.4863367+00:00,2799.223,1,1,1,1,1,255,0,0,96,96,1,1,0
2026-09-29T03:00:04.5683434+00:00,2799.305,1,1,1,1,1,255,0,0,96,96,1,1,0
2026-09-29T03:00:04.6383394+00:00,2799.375,1,1,1,1,1,255,0,0,96,96,1,1,0
2026-09-29T03:00:04.7163363+00:00,2799.453,1,1,1,1,1,255,0,0,96,96,1,1,0
2026-09-29T03:00:04.7923371+00:00,2799.529,1,1,1,1,1,255,0,0,96,96,1,1,0
2026-09-29T03:00:04.8663657+00:00,2799.603,1,1,1,1,1,255,0,0,96,96,1,1,0
2026-09-29T03:00:04.9394448+00:00,2799.677,1,1,1,1,1,255,0,0,96,96,1,1,0
2026-09-29T03:00:05.0044405+00:00,2799.742,1,1,1,1,1,255,0,0,96,96,1,1,0
2026-09-29T03:00:05.0820081+00:00,2799.819,1,1,1,1,1,255,0,0,96,96,1,1,0
2026-09-29T03:00:05.1635630+00:00,2799.901,1,1,1,1,1,255,0,0,96,96,1,1,0
2026-09-29T03:00:05.9048732+00:00,2800.642,1,1,1,1,1,255,0,0,96,96,1,1,0
2026-09-29T03:00:06.9073299+00:00,2801.644,1,1,1,1,1,255,0,0,96,96,1,1,0
2026-09-29T03:00:07.9090079+00:00,2802.646,1,1,1,1,1,255,0,0,96,96,1,1,0
2026-09-29T03:00:08.9102270+00:00,2803.647,1,1,1,1,1,255,0,0,96,96,1,1,0
2026-09-29T03:00:09.9116317+00:00,2804.649,1,1,1,1,1,255,0,0,96,96,1,1,0
2026-09-29T03:00:10.9130052+00:00,2805.650,1,1,1,1,1,255,0,0,96,96,1,1,0
2026-09-29T03:00:11.9147182+00:00,2806.652,1,1,1,1,1,255,0,0,96,96,1,1,0
2026-09-29T03:00:12.9162693+00:00,2807.653,1,1,1,1,1,255,0,0,96,96,1,1,0
2026-09-29T03:00:13.9250066+00:00,2808.662,1,1,1,1,1,255,0,0,96,96,1,1,0
2026-09-29T03:00:14.9361247+00:00,2809.673,1,1,1,1,1,255,0,0,96,96,1,1,0
2026-09-29T03:00:15.9383595+00:00,2810.675,1,1,1,1,1,255,0,0,96,96,1,1,0
2026-09-29T03:00:16.9504990+00:00,2811.687,1,1,1,1,1,255,0,0,96,96,1,1,0
2026-09-29T03:00:17.9525854+00:00,2812.690,1,1,1,1,1,255,0,0,96,96,1,1,0
2026-09-29T03:00:18.9539457+00:00,2813.691,1,1,1,1,1,255,0,0,96,96,1,1,0
2026-09-29T03:00:19.9560199+00:00,2814.693,1,1,1,1,1,255,0,0,96,96,1,1,0
2026-09-29T03:00:20.9576180+00:00,2815.695,1,1,1,1,1,255,0,0,96,96,1,1,0
2026-09-29T03:00:21.9597127+00:00,2816.697,1,1,1,1,1,255,0,0,96,96,1,1,0
2026-09-29T03:00:22.9612524+00:00,2817.698,1,1,1,1,1,255,0,0,96,96,1,1,0
2026-09-29T03:00:23.9636513+00:00,2818.701,1,1,1,1,1,255,0,0,96,96,1,1,0
2026-09-29T03:00:24.9652896+00:00,2819.702,1,1,1,1,1,255,0,0,96,96,1,1,0
2026-09-29T03:00:25.9670067+00:00,2820.704,1,1,1,1,1,255,0,0,96,96,1,1,0
2026-09-29T03:00:26.0570061+00:00,2820.794,1,1,1,1,1,255,0,0,96,96,1,1,0
2026-09-29T03:00:26.1320142+00:00,2820.869,1,1,1,1,1,255,0,0,96,96,1,1,0
2026-09-29T03:00:26.2045514+00:00,2820.941,1,1,1,1,1,255,0,0,96,96,1,1,0
2026-09-29T03:00:26.2785411+00:00,2821.015,1,1,1,1,1,255,0,0,96,96,1,1,0
2026-09-29T03:00:26.3375470+00:00,2821.074,1,1,1,1,1,255,0,0,96,96,1,1,0
2026-09-29T03:00:26.4255577+00:00,2821.162,1,1,1,1,1,255,0,0,96,96,1,1,0
2026-09-29T03:00:26.4895432+00:00,2821.226,1,1,1,1,1,255,0,0,96,96,1,1,0
2026-09-29T03:00:26.5625542+00:00,2821.299,1,1,1,1,1,255,0,0,96,96,1,1,0
2026-09-29T03:00:26.6215441+00:00,2821.358,1,1,1,1,1,255,0,0,96,96,1,1,0
2026-09-29T03:00:26.7025713+00:00,2821.439,1,1,1,1,1,255,0,0,96,96,1,1,0
2026-09-29T03:00:26.7791471+00:00,2821.516,1,1,1,1,1,255,0,0,96,96,1,1,0
2026-09-29T03:00:26.8531569+00:00,2821.590,1,1,1,1,1,255,0,0,96,96,1,1,0
2026-09-29T03:00:26.9281575+00:00,2821.665,1,1,1,1,1,255,0,0,96,96,1,1,0
2026-09-29T03:00:27.0021466+00:00,2821.739,1,1,1,1,1,255,0,0,96,96,1,1,0
2026-09-29T03:00:27.0757073+00:00,2821.813,1,1,1,1,1,255,0,0,96,96,1,1,0
2026-09-29T03:00:27.1417441+00:00,2821.879,1,1,1,1,1,255,0,0,96,96,1,1,0
2026-09-29T03:00:27.2278406+00:00,2821.965,1,1,1,1,1,255,0,0,96,96,1,1,0
2026-09-29T03:00:27.3008416+00:00,2822.038,1,1,1,1,1,255,0,0,96,96,1,1,0
2026-09-29T03:00:27.3738427+00:00,2822.111,1,1,1,1,1,255,0,0,96,96,1,1,0
2026-09-29T03:00:27.4373718+00:00,2822.174,1,1,1,1,1,255,0,0,96,96,1,1,0
2026-09-29T03:00:28.2229017+00:00,2822.960,1,1,1,1,1,255,0,0,96,96,1,1,0
2026-09-29T03:00:29.2242114+00:00,2823.961,1,1,1,1,1,255,0,0,96,96,1,1,0
2026-09-29T03:00:30.2264172+00:00,2824.963,1,1,1,1,1,255,0,0,96,96,1,1,0
2026-09-29T03:00:31.2282157+00:00,2825.965,1,1,1,1,1,255,0,0,96,96,1,1,0
2026-09-29T03:00:32.2303339+00:00,2826.967,1,1,1,1,1,255,0,0,96,96,1,1,0
2026-09-29T03:00:33.2324246+00:00,2827.969,1,1,1,1,1,255,0,0,96,96,1,1,0
2026-09-29T03:00:34.2344977+00:00,2828.971,1,1,1,1,1,255,0,0,96,96,1,1,0
2026-09-29T03:00:35.2358510+00:00,2829.973,1,1,1,1,1,255,0,0,96,96,1,1,0
2026-09-29T03:00:36.2482422+00:00,2830.985,1,1,1,1,1,255,0,0,96,96,1,1,0
2026-09-29T03:00:37.2503369+00:00,2831.987,1,1,1,1,1,255,0,0,96,96,1,1,0
2026-09-29T03:00:38.2634481+00:00,2833.000,1,1,1,1,1,255,0,0,96,96,1,1,0
2026-09-29T03:00:39.2652566+00:00,2834.002,1,1,1,1,1,255,0,0,96,96,1,1,0
2026-09-29T03:00:40.2670918+00:00,2835.004,1,1,1,1,1,255,0,0,96,96,1,1,0
2026-09-29T03:00:41.2688669+00:00,2836.006,1,1,1,1,1,255,0,0,96,96,1,1,0
2026-09-29T03:00:42.2704265+00:00,2837.007,1,1,1,1,1,255,0,0,96,96,1,1,0
2026-09-29T03:00:43.2725651+00:00,2838.009,1,1,1,1,1,255,0,0,96,96,1,1,0
2026-09-29T03:00:44.2742016+00:00,2839.011,1,1,1,1,1,255,0,0,96,96,1,1,0
2026-09-29T03:00:45.2744330+00:00,2840.011,1,1,1,1,1,255,0,0,96,96,1,1,0
2026-09-29T03:00:46.2760370+00:00,2841.014,1,1,1,1,1,255,0,0,96,96,1,1,0
2026-09-29T03:00:47.2892346+00:00,2842.026,1,1,1,1,1,255,0,0,96,96,1,1,0
2026-09-29T03:00:48.2909945+00:00,2843.028,1,1,1,1,1,255,0,0,96,96,1,1,0
2026-09-29T03:00:48.4023119+00:00,2843.139,1,1,1,1,1,255,0,0,96,96,1,1,0
2026-09-29T03:00:48.4753165+00:00,2843.212,1,1,1,1,1,255,0,0,96,96,1,1,0
2026-09-29T03:00:48.5458272+00:00,2843.283,1,1,1,1,1,255,0,0,96,96,1,1,0
2026-09-29T03:00:48.6148367+00:00,2843.352,1,1,1,1,1,255,0,0,96,96,1,1,0
2026-09-29T03:00:48.6908382+00:00,2843.428,1,1,1,1,1,255,0,0,96,96,1,1,0
2026-09-29T03:00:48.7688284+00:00,2843.506,1,1,1,1,1,255,0,0,96,96,1,1,0
2026-09-29T03:00:48.8418285+00:00,2843.579,1,1,1,1,1,255,0,0,96,96,1,1,0
2026-09-29T03:00:48.9254057+00:00,2843.662,1,1,1,1,1,255,0,0,96,96,1,1,0
2026-09-29T03:00:48.9834180+00:00,2843.720,1,1,1,1,1,255,0,0,96,96,1,1,0
2026-09-29T03:00:49.0550860+00:00,2843.792,1,1,1,1,1,255,0,0,96,96,1,1,0
2026-09-29T03:00:49.1320968+00:00,2843.869,1,1,1,1,1,255,0,0,96,96,1,1,0
2026-09-29T03:00:49.1931748+00:00,2843.930,1,1,1,1,1,255,0,0,96,96,1,1,0
2026-09-29T03:00:49.2617516+00:00,2843.998,1,1,1,1,1,255,0,0,96,96,1,1,0
2026-09-29T03:00:49.3327619+00:00,2844.069,1,1,1,1,1,255,0,0,96,96,1,1,0
2026-09-29T03:00:49.4037627+00:00,2844.140,1,1,1,1,1,255,0,0,96,96,1,1,0
2026-09-29T03:00:49.4727523+00:00,2844.209,1,1,1,1,1,255,0,0,96,96,1,1,0
2026-09-29T03:00:49.5357552+00:00,2844.272,1,1,1,1,1,255,0,0,96,96,1,1,0
2026-09-29T03:00:49.6067534+00:00,2844.343,1,1,1,1,1,255,0,0,96,96,1,1,0
2026-09-29T03:00:49.6787859+00:00,2844.416,1,1,1,1,1,255,0,0,96,96,1,1,0
2026-09-29T03:00:49.7448909+00:00,2844.482,1,1,1,1,1,255,0,0,96,96,1,1,0
2026-09-29T03:00:50.4862951+00:00,2845.223,1,1,1,1,1,255,0,0,96,96,1,1,0
2026-09-29T03:00:51.4878480+00:00,2846.225,1,1,1,1,1,255,0,0,96,96,1,1,0
2026-09-29T03:00:52.4893890+00:00,2847.226,1,1,1,1,1,255,0,0,96,96,1,1,0
2026-09-29T03:00:53.4914183+00:00,2848.228,1,1,1,1,1,255,0,0,96,96,1,1,0
2026-09-29T03:00:54.4924920+00:00,2849.230,1,1,1,1,1,255,0,0,96,96,1,1,0
2026-09-29T03:00:55.4952214+00:00,2850.232,1,1,1,1,1,255,0,0,96,96,1,1,0
2026-09-29T03:00:56.4969260+00:00,2851.234,1,1,1,1,1,255,0,0,96,96,1,1,0
2026-09-29T03:00:57.4987136+00:00,2852.235,1,1,1,1,1,255,0,0,96,96,1,1,0
2026-09-29T03:00:58.4997622+00:00,2853.237,1,1,1,1,1,255,0,0,96,96,1,1,0
2026-09-29T03:00:59.5141256+00:00,2854.251,1,1,1,1,1,255,0,0,96,96,1,1,0
2026-09-29T03:01:00.5302402+00:00,2855.267,1,1,1,1,1,255,0,0,96,96,1,1,0
2026-09-29T03:01:01.5315628+00:00,2856.268,1,1,1,1,1,255,0,0,96,96,1,1,0
2026-09-29T03:01:02.5336499+00:00,2857.270,1,1,1,1,1,255,0,0,96,96,1,1,0
2026-09-29T03:01:03.5358338+00:00,2858.272,1,1,1,1,1,255,0,0,96,96,1,1,0
2026-09-29T03:01:04.5380531+00:00,2859.275,1,1,1,1,1,255,0,0,96,96,1,1,0
2026-09-29T03:01:05.5393034+00:00,2860.276,1,1,1,1,1,255,0,0,96,96,1,1,0
2026-09-29T03:01:06.5405885+00:00,2861.277,1,1,1,1,1,255,0,0,96,96,1,1,0
2026-09-29T03:01:07.5426685+00:00,2862.279,1,1,1,1,1,255,0,0,96,96,1,1,0
2026-09-29T03:01:08.5448467+00:00,2863.281,1,1,1,1,1,255,0,0,96,96,1,1,0
2026-09-29T03:01:09.5461743+00:00,2864.283,1,1,1,1,1,255,0,0,96,96,1,1,0
2026-09-29T03:01:10.5481870+00:00,2865.285,1,1,1,1,1,255,0,0,96,96,1,1,0
2026-09-29T03:01:10.6531881+00:00,2865.390,1,1,1,1,1,255,0,0,96,96,1,1,0
2026-09-29T03:01:10.7181800+00:00,2865.455,1,1,1,1,1,255,0,0,96,96,1,1,0
2026-09-29T03:01:10.7891898+00:00,2865.526,1,1,1,1,1,255,0,0,96,96,1,1,0
2026-09-29T03:01:10.8538083+00:00,2865.590,1,1,1,1,1,255,0,0,96,96,1,1,0
2026-09-29T03:01:10.9238203+00:00,2865.660,1,1,1,1,1,255,0,0,96,96,1,1,0
2026-09-29T03:01:10.9952075+00:00,2865.732,1,1,1,1,1,255,0,0,96,96,1,1,0
2026-09-29T03:01:11.0648217+00:00,2865.801,1,1,1,1,1,255,0,0,96,96,1,1,0
2026-09-29T03:01:11.1362039+00:00,2865.873,1,1,1,1,1,255,0,0,96,96,1,1,0
2026-09-29T03:01:11.2054062+00:00,2865.942,1,1,1,1,1,255,0,0,96,96,1,1,0
2026-09-29T03:01:11.2765316+00:00,2866.013,1,1,1,1,1,255,0,0,96,96,1,1,0
2026-09-29T03:01:11.3435358+00:00,2866.080,1,1,1,1,1,255,0,0,96,96,1,1,0
2026-09-29T03:01:11.4185344+00:00,2866.155,1,1,1,1,1,255,0,0,96,96,1,1,0
2026-09-29T03:01:11.4925350+00:00,2866.229,1,1,1,1,1,255,0,0,96,96,1,1,0
2026-09-29T03:01:11.5655450+00:00,2866.302,1,1,1,1,1,255,0,0,96,96,1,1,0
2026-09-29T03:01:11.6365353+00:00,2866.373,1,1,1,1,1,255,0,0,96,96,1,1,0
2026-09-29T03:01:11.7095358+00:00,2866.446,1,1,1,1,1,255,0,0,96,96,1,1,0
2026-09-29T03:01:11.7895383+00:00,2866.526,1,1,1,1,1,255,0,0,96,96,1,1,0
2026-09-29T03:01:11.8685372+00:00,2866.605,1,1,1,1,1,255,0,0,96,96,1,1,0
2026-09-29T03:01:11.9325446+00:00,2866.669,1,1,1,1,1,255,0,0,96,96,1,1,0
2026-09-29T03:01:12.0225387+00:00,2866.759,1,1,1,1,1,255,0,0,96,96,1,1,0
2026-09-29T03:01:12.7845108+00:00,2867.521,1,1,1,1,1,255,0,0,96,96,1,1,0
2026-09-29T03:01:13.7860933+00:00,2868.523,1,1,1,1,1,255,0,0,96,96,1,1,0
2026-09-29T03:01:14.7883562+00:00,2869.525,1,1,1,1,1,255,0,0,96,96,1,1,0
2026-09-29T03:01:15.7905004+00:00,2870.527,1,1,1,1,1,255,0,0,96,96,1,1,0
2026-09-29T03:01:16.8036581+00:00,2871.540,1,1,1,1,1,255,0,0,96,96,1,1,0
2026-09-29T03:01:17.8108671+00:00,2872.547,1,1,1,1,1,255,0,0,96,96,1,1,0
2026-09-29T03:01:18.8122726+00:00,2873.549,1,1,1,1,1,255,0,0,96,96,1,1,0
2026-09-29T03:01:19.8136911+00:00,2874.550,1,1,1,1,1,255,0,0,96,96,1,1,0
2026-09-29T03:01:20.8308926+00:00,2875.567,1,1,1,1,1,255,0,0,96,96,1,1,0
2026-09-29T03:01:21.8420419+00:00,2876.578,1,1,1,1,1,255,0,0,96,96,1,1,0
2026-09-29T03:01:22.8441408+00:00,2877.581,1,1,1,1,1,255,0,0,96,96,1,1,0
2026-09-29T03:01:23.8462195+00:00,2878.583,1,1,1,1,1,255,0,0,96,96,1,1,0
2026-09-29T03:01:24.8483120+00:00,2879.585,1,1,1,1,1,255,0,0,96,96,1,1,0
2026-09-29T03:01:25.8497470+00:00,2880.586,1,1,1,1,1,255,0,0,96,96,1,1,0
2026-09-29T03:01:26.8514112+00:00,2881.588,1,1,1,1,1,255,0,0,96,96,1,1,0
2026-09-29T03:01:27.8531293+00:00,2882.589,1,1,1,1,1,255,0,0,96,96,1,1,0
2026-09-29T03:01:28.8548904+00:00,2883.591,1,1,1,1,1,255,0,0,96,96,1,1,0
2026-09-29T03:01:29.8568182+00:00,2884.593,1,1,1,1,1,255,0,0,96,96,1,1,0
2026-09-29T03:01:30.8586190+00:00,2885.595,1,1,1,1,1,255,0,0,96,96,1,1,0
2026-09-29T03:01:31.8607039+00:00,2886.597,1,1,1,1,1,255,0,0,96,96,1,1,0
2026-09-29T03:01:32.8628022+00:00,2887.599,1,1,1,1,1,255,0,0,96,96,1,1,0
2026-09-29T03:01:32.9457922+00:00,2887.682,1,1,1,1,1,255,0,0,96,96,1,1,0
2026-09-29T03:01:33.0148021+00:00,2887.751,1,1,1,1,1,255,0,0,96,96,1,1,0
2026-09-29T03:01:33.0878054+00:00,2887.824,1,1,1,1,1,255,0,0,96,96,1,1,0
2026-09-29T03:01:33.1658259+00:00,2887.902,1,1,1,1,1,255,0,0,96,96,1,1,0
2026-09-29T03:01:33.2399263+00:00,2887.976,1,1,1,1,1,255,0,0,96,96,1,1,0
2026-09-29T03:01:33.3149261+00:00,2888.052,1,1,1,1,1,255,0,0,96,96,1,1,0
2026-09-29T03:01:33.3849269+00:00,2888.121,1,1,1,1,1,255,0,0,96,96,1,1,0
2026-09-29T03:01:33.4609297+00:00,2888.197,1,1,1,1,1,255,0,0,96,96,1,1,0
2026-09-29T03:01:33.5389403+00:00,2888.275,1,1,1,1,1,255,0,0,96,96,1,1,0
2026-09-29T03:01:33.6189351+00:00,2888.355,1,1,1,1,1,255,0,0,96,96,1,1,0
2026-09-29T03:01:33.6949376+00:00,2888.431,1,1,1,1,1,255,0,0,96,96,1,1,0
2026-09-29T03:01:33.7559311+00:00,2888.492,1,1,1,1,1,255,0,0,96,96,1,1,0
2026-09-29T03:01:33.8309359+00:00,2888.567,1,1,1,1,1,255,0,0,96,96,1,1,0
2026-09-29T03:01:33.9037515+00:00,2888.640,1,1,1,1,1,255,0,0,96,96,1,1,0
2026-09-29T03:01:33.9742399+00:00,2888.711,1,1,1,1,1,255,0,0,96,96,1,1,0
2026-09-29T03:01:34.0392409+00:00,2888.776,1,1,1,1,1,255,0,0,96,96,1,1,0
2026-09-29T03:01:34.1062453+00:00,2888.843,1,1,1,1,1,255,0,0,96,96,1,1,0
2026-09-29T03:01:34.1978206+00:00,2888.934,1,1,1,1,1,255,0,0,96,96,1,1,0
2026-09-29T03:01:34.2758144+00:00,2889.012,1,1,1,1,1,255,0,0,96,96,1,1,0
2026-09-29T03:01:34.3338178+00:00,2889.070,1,1,1,1,1,255,0,0,96,96,1,1,0
2026-09-29T03:01:35.1003448+00:00,2889.837,1,1,1,1,1,255,0,0,96,96,1,1,0
2026-09-29T03:01:36.1021583+00:00,2890.838,1,1,1,1,1,255,0,0,96,96,1,1,0
2026-09-29T03:01:37.1043112+00:00,2891.841,1,1,1,1,1,255,0,0,96,96,1,1,0
2026-09-29T03:01:38.1064016+00:00,2892.843,1,1,1,1,1,255,0,0,96,96,1,1,0
2026-09-29T03:01:39.1077905+00:00,2893.844,1,1,1,1,1,255,0,0,96,96,1,1,0
2026-09-29T03:01:40.1099360+00:00,2894.846,1,1,1,1,1,255,0,0,96,96,1,1,0
2026-09-29T03:01:41.1116115+00:00,2895.848,1,1,1,1,1,255,0,0,96,96,1,1,0
2026-09-29T03:01:42.1133229+00:00,2896.850,1,1,1,1,1,255,0,0,96,96,1,1,0
2026-09-29T03:01:43.1288586+00:00,2897.865,1,1,1,1,1,255,0,0,96,96,1,1,0
2026-09-29T03:01:44.1420095+00:00,2898.878,1,1,1,1,1,255,0,0,96,96,1,1,0
2026-09-29T03:01:45.1562819+00:00,2899.892,1,1,1,1,1,255,0,0,96,96,1,1,0
2026-09-29T03:01:46.1580540+00:00,2900.894,1,1,1,1,1,255,0,0,96,96,1,1,0
2026-09-29T03:01:47.1748322+00:00,2901.911,1,1,1,1,1,255,0,0,96,96,1,1,0
2026-09-29T03:01:48.1766437+00:00,2902.913,1,1,1,1,1,255,0,0,96,96,1,1,0
2026-09-29T03:01:49.1786891+00:00,2903.915,1,1,1,1,1,255,0,0,96,96,1,1,0
2026-09-29T03:01:50.1805218+00:00,2904.917,1,1,1,1,1,255,0,0,96,96,1,1,0
2026-09-29T03:01:51.1827731+00:00,2905.919,1,1,1,1,1,255,0,0,96,96,1,1,0
2026-09-29T03:01:52.1844995+00:00,2906.921,1,1,1,1,1,255,0,0,96,96,1,1,0
2026-09-29T03:01:53.1862176+00:00,2907.922,1,1,1,1,1,255,0,0,96,96,1,1,0
2026-09-29T03:01:54.1883843+00:00,2908.924,1,1,1,1,1,255,0,0,96,96,1,1,0
2026-09-29T03:01:55.1906021+00:00,2909.927,1,1,1,1,1,255,0,0,96,96,1,1,0
2026-09-29T03:01:55.2752023+00:00,2910.011,1,1,1,1,1,255,0,0,96,96,1,1,0
2026-09-29T03:01:55.3431863+00:00,2910.079,1,1,1,1,1,255,0,0,96,96,1,1,0
2026-09-29T03:01:55.4131895+00:00,2910.149,1,1,1,1,1,255,0,0,96,96,1,1,0
2026-09-29T03:01:55.4861892+00:00,2910.222,1,1,1,1,1,255,0,0,96,96,1,1,0
2026-09-29T03:01:55.5541873+00:00,2910.290,1,1,1,1,1,255,0,0,96,96,1,1,0
2026-09-29T03:01:55.6351991+00:00,2910.371,1,1,1,1,1,255,0,0,96,96,1,1,0
2026-09-29T03:01:55.7101963+00:00,2910.446,1,1,1,1,1,255,0,0,96,96,1,1,0
2026-09-29T03:01:55.7852010+00:00,2910.521,1,1,1,1,1,255,0,0,96,96,1,1,0
2026-09-29T03:01:55.8557956+00:00,2910.592,1,1,1,1,1,255,0,0,96,96,1,1,0
2026-09-29T03:01:55.9337957+00:00,2910.670,1,1,1,1,1,255,0,0,96,96,1,1,0
2026-09-29T03:01:56.0108090+00:00,2910.748,1,1,1,1,1,255,0,0,96,96,1,1,0
2026-09-29T03:01:56.0764464+00:00,2910.813,1,1,1,1,1,255,0,0,96,96,1,1,0
2026-09-29T03:01:56.1537983+00:00,2910.890,1,1,1,1,1,255,0,0,96,96,1,1,0
2026-09-29T03:01:56.2310013+00:00,2910.967,1,1,1,1,1,255,0,0,96,96,1,1,0
2026-09-29T03:01:56.3039975+00:00,2911.040,1,1,1,1,1,255,0,0,96,96,1,1,0
2026-09-29T03:01:56.3719944+00:00,2911.108,1,1,1,1,1,255,0,0,96,96,1,1,0
2026-09-29T03:01:56.4389945+00:00,2911.175,1,1,1,1,1,255,0,0,96,96,1,1,0
2026-09-29T03:01:56.5240142+00:00,2911.260,1,1,1,1,1,255,0,0,96,96,1,1,0
2026-09-29T03:01:56.5900095+00:00,2911.326,1,1,1,1,1,255,0,0,96,96,1,1,0
2026-09-29T03:01:56.6679967+00:00,2911.405,1,1,1,1,1,255,0,0,96,96,1,1,0
2026-09-29T03:01:57.4385649+00:00,2912.175,1,1,1,1,1,255,0,0,96,96,1,1,0
2026-09-29T03:01:58.4423484+00:00,2913.178,1,1,1,1,1,255,0,0,96,96,1,1,0
2026-09-29T03:01:59.4441532+00:00,2914.180,1,1,1,1,1,255,0,0,96,96,1,1,0
2026-09-29T03:02:00.4461248+00:00,2915.182,1,1,1,1,1,255,0,0,96,96,1,1,0
2026-09-29T03:02:01.4478154+00:00,2916.184,1,1,1,1,1,255,0,0,96,96,1,1,0
2026-09-29T03:02:02.4500648+00:00,2917.186,1,1,1,1,1,255,0,0,96,96,1,1,0
2026-09-29T03:02:03.4521465+00:00,2918.188,1,1,1,1,1,255,0,0,96,96,1,1,0
2026-09-29T03:02:04.4542380+00:00,2919.190,1,1,1,1,1,255,0,0,96,96,1,1,0
2026-09-29T03:02:05.4705616+00:00,2920.207,1,1,1,1,1,255,0,0,96,96,1,1,0
2026-09-29T03:02:06.4719174+00:00,2921.208,1,1,1,1,1,255,0,0,96,96,1,1,0
2026-09-29T03:02:07.4830050+00:00,2922.219,1,1,1,1,1,255,0,0,96,96,1,1,0
2026-09-29T03:02:08.4845591+00:00,2923.221,1,1,1,1,1,255,0,0,96,96,1,1,0
2026-09-29T03:02:09.4865534+00:00,2924.223,1,1,1,1,1,255,0,0,96,96,1,1,0
2026-09-29T03:02:10.4885110+00:00,2925.224,1,1,1,1,1,255,0,0,96,96,1,1,0
2026-09-29T03:02:11.4898873+00:00,2926.226,1,1,1,1,1,255,0,0,96,96,1,1,0
2026-09-29T03:02:12.4914330+00:00,2927.227,1,1,1,1,1,255,0,0,96,96,1,1,0
2026-09-29T03:02:13.4935257+00:00,2928.229,1,1,1,1,1,255,0,0,96,96,1,1,0
2026-09-29T03:02:14.4952068+00:00,2929.231,1,1,1,1,1,255,0,0,96,96,1,1,0
2026-09-29T03:02:15.4970289+00:00,2930.233,1,1,1,1,1,255,0,0,96,96,1,1,0
2026-09-29T03:02:16.4987370+00:00,2931.235,1,1,1,1,1,255,0,0,96,96,1,1,0
2026-09-29T03:02:17.5144408+00:00,2932.250,1,1,1,1,1,255,0,0,96,96,1,1,0
2026-09-29T03:02:17.6014286+00:00,2932.337,1,1,1,1,1,255,0,0,96,96,1,1,0
2026-09-29T03:02:17.6694399+00:00,2932.405,1,1,1,1,1,255,0,0,96,96,1,1,0
2026-09-29T03:02:17.7414342+00:00,2932.477,1,1,1,1,1,255,0,0,96,96,1,1,0
2026-09-29T03:02:17.8144302+00:00,2932.550,1,1,1,1,1,255,0,0,96,96,1,1,0
2026-09-29T03:02:17.8864419+00:00,2932.622,1,1,1,1,1,255,0,0,96,96,1,1,0
2026-09-29T03:02:17.9614309+00:00,2932.697,1,1,1,1,1,255,0,0,96,96,1,1,0
2026-09-29T03:02:18.0334435+00:00,2932.769,1,1,1,1,1,255,0,0,96,96,1,1,0
2026-09-29T03:02:18.1094318+00:00,2932.845,1,1,1,1,1,255,0,0,96,96,1,1,0
2026-09-29T03:02:18.1814512+00:00,2932.917,1,1,1,1,1,255,0,0,96,96,1,1,0
2026-09-29T03:02:18.2510684+00:00,2932.987,1,1,1,1,1,255,0,0,96,96,1,1,0
2026-09-29T03:02:18.3290762+00:00,2933.065,1,1,1,1,1,255,0,0,96,96,1,1,0
2026-09-29T03:02:18.4116306+00:00,2933.148,1,1,1,1,1,255,0,0,96,96,1,1,0
2026-09-29T03:02:18.4776309+00:00,2933.214,1,1,1,1,1,255,0,0,96,96,1,1,0
2026-09-29T03:02:18.5577030+00:00,2933.294,1,1,1,1,1,255,0,0,96,96,1,1,0
2026-09-29T03:02:18.6316921+00:00,2933.368,1,1,1,1,1,255,0,0,96,96,1,1,0
2026-09-29T03:02:18.7131214+00:00,2933.449,1,1,1,1,1,255,0,0,96,96,1,1,0
2026-09-29T03:02:18.7781162+00:00,2933.514,1,1,1,1,1,255,0,0,96,96,1,1,0
2026-09-29T03:02:18.8511245+00:00,2933.587,1,1,1,1,1,255,0,0,96,96,1,1,0
2026-09-29T03:02:18.9382641+00:00,2933.674,1,1,1,1,1,255,0,0,96,96,1,1,0
2026-09-29T03:02:19.0132638+00:00,2933.749,1,1,1,1,1,255,0,0,96,96,1,1,0
2026-09-29T03:02:19.7716975+00:00,2934.508,1,1,1,1,1,255,0,0,96,96,1,1,0
2026-09-29T03:02:20.7738895+00:00,2935.510,1,1,1,1,1,255,0,0,96,96,1,1,0
2026-09-29T03:02:21.7757855+00:00,2936.512,1,1,1,1,1,255,0,0,96,96,1,1,0
2026-09-29T03:02:22.7779022+00:00,2937.514,1,1,1,1,1,255,0,0,96,96,1,1,0
2026-09-29T03:02:23.7799741+00:00,2938.516,1,1,1,1,1,255,0,0,96,96,1,1,0
2026-09-29T03:02:24.7816429+00:00,2939.517,1,1,1,1,1,255,0,0,96,96,1,1,0
2026-09-29T03:02:25.7833778+00:00,2940.519,1,1,1,1,1,255,0,0,96,96,1,1,0
2026-09-29T03:02:26.7847305+00:00,2941.521,1,1,1,1,1,255,0,0,96,96,1,1,0
2026-09-29T03:02:27.7965229+00:00,2942.532,1,1,1,1,1,255,0,0,96,96,1,1,0
2026-09-29T03:02:28.8116199+00:00,2943.547,1,1,1,1,1,255,0,0,96,96,1,1,0
2026-09-29T03:02:29.8286757+00:00,2944.564,1,1,1,1,1,255,0,0,96,96,1,1,0
2026-09-29T03:02:30.8307674+00:00,2945.567,1,1,1,1,1,255,0,0,96,96,1,1,0
2026-09-29T03:02:31.8329212+00:00,2946.569,1,1,1,1,1,255,0,0,96,96,1,1,0
2026-09-29T03:02:32.8349951+00:00,2947.571,1,1,1,1,1,255,0,0,96,96,1,1,0
2026-09-29T03:02:33.8370859+00:00,2948.573,1,1,1,1,1,255,0,0,96,96,1,1,0
2026-09-29T03:02:34.8387177+00:00,2949.574,1,1,1,1,1,255,0,0,96,96,1,1,0
2026-09-29T03:02:35.8403860+00:00,2950.576,1,1,1,1,1,255,0,0,96,96,1,1,0
2026-09-29T03:02:36.8421298+00:00,2951.578,1,1,1,1,1,255,0,0,96,96,1,1,0
2026-09-29T03:02:37.8438711+00:00,2952.580,1,1,1,1,1,255,0,0,96,96,1,1,0
2026-09-29T03:02:38.8460849+00:00,2953.582,1,1,1,1,1,255,0,0,96,96,1,1,0
2026-09-29T03:02:39.8478948+00:00,2954.584,1,1,1,1,1,255,0,0,96,96,1,1,0
2026-09-29T03:02:39.9484485+00:00,2954.684,1,1,1,1,1,255,0,0,96,96,1,1,0
2026-09-29T03:02:40.0160103+00:00,2954.752,1,1,1,1,1,255,0,0,96,96,1,1,0
2026-09-29T03:02:40.0890113+00:00,2954.825,1,1,1,1,1,255,0,0,96,96,1,1,0
2026-09-29T03:02:40.1620121+00:00,2954.898,1,1,1,1,1,255,0,0,96,96,1,1,0
2026-09-29T03:02:40.2350775+00:00,2954.971,1,1,1,1,1,255,0,0,96,96,1,1,0
2026-09-29T03:02:40.3110953+00:00,2955.047,1,1,1,1,1,255,0,0,96,96,1,1,0
2026-09-29T03:02:40.3840908+00:00,2955.120,1,1,1,1,1,255,0,0,96,96,1,1,0
2026-09-29T03:02:40.4494504+00:00,2955.185,1,1,1,1,1,255,0,0,96,96,1,1,0
2026-09-29T03:02:40.5220809+00:00,2955.258,1,1,1,1,1,255,0,0,96,96,1,1,0
2026-09-29T03:02:40.6094517+00:00,2955.345,1,1,1,1,1,255,0,0,96,96,1,1,0
2026-09-29T03:02:40.6900941+00:00,2955.426,1,1,1,1,1,255,0,0,96,96,1,1,0
2026-09-29T03:02:40.7594696+00:00,2955.495,1,1,1,1,1,255,0,0,96,96,1,1,0
2026-09-29T03:02:40.8334693+00:00,2955.569,1,1,1,1,1,255,0,0,96,96,1,1,0
2026-09-29T03:02:40.9048114+00:00,2955.640,1,1,1,1,1,255,0,0,96,96,1,1,0
2026-09-29T03:02:40.9898125+00:00,2955.725,1,1,1,1,1,255,0,0,96,96,1,1,0
2026-09-29T03:02:41.0748131+00:00,2955.810,1,1,1,1,1,255,0,0,96,96,1,1,0
2026-09-29T03:02:41.1578214+00:00,2955.893,1,1,1,1,1,255,0,0,96,96,1,1,0
2026-09-29T03:02:41.2268678+00:00,2955.963,1,1,1,1,1,255,0,0,96,96,1,1,0
2026-09-29T03:02:41.3025997+00:00,2956.038,1,1,1,1,1,255,0,0,96,96,1,1,0
2026-09-29T03:02:41.3756076+00:00,2956.111,1,1,1,1,1,255,0,0,96,96,1,1,0
2026-09-29T03:02:42.1453733+00:00,2956.881,1,1,1,1,1,255,0,0,96,96,1,1,0
2026-09-29T03:02:43.1477209+00:00,2957.883,1,1,1,1,1,255,0,0,96,96,1,1,0
2026-09-29T03:02:44.1498847+00:00,2958.886,1,1,1,1,1,255,0,0,96,96,1,1,0
2026-09-29T03:02:45.1516132+00:00,2959.887,1,1,1,1,1,255,0,0,96,96,1,1,0
2026-09-29T03:02:46.1534419+00:00,2960.889,1,1,1,1,1,255,0,0,96,96,1,1,0
2026-09-29T03:02:47.1556993+00:00,2961.891,1,1,1,1,1,255,0,0,96,96,1,1,0
2026-09-29T03:02:48.1577847+00:00,2962.893,1,1,1,1,1,255,0,0,96,96,1,1,0
2026-09-29T03:02:49.1597912+00:00,2963.895,1,1,1,1,1,255,0,0,96,96,1,1,0
2026-09-29T03:02:50.1740984+00:00,2964.910,1,1,1,1,1,255,0,0,96,96,1,1,0
2026-09-29T03:02:51.1908221+00:00,2965.926,1,1,1,1,1,255,0,0,96,96,1,1,0
2026-09-29T03:02:52.2026211+00:00,2966.938,1,1,1,1,1,255,0,0,96,96,1,1,0
2026-09-29T03:02:53.2046532+00:00,2967.940,1,1,1,1,1,255,0,0,96,96,1,1,0
2026-09-29T03:02:54.2063256+00:00,2968.942,1,1,1,1,1,255,0,0,96,96,1,1,0
2026-09-29T03:02:55.2080604+00:00,2969.944,1,1,1,1,1,255,0,0,96,96,1,1,0
2026-09-29T03:02:56.2098582+00:00,2970.945,1,1,1,1,1,255,0,0,96,96,1,1,0
2026-09-29T03:02:57.2113256+00:00,2971.947,1,1,1,1,1,255,0,0,96,96,1,1,0
2026-09-29T03:02:58.2130104+00:00,2972.949,1,1,1,1,1,255,0,0,96,96,1,1,0
2026-09-29T03:02:59.2151561+00:00,2973.951,1,1,1,1,1,255,0,0,96,96,1,1,0
2026-09-29T03:03:00.2171783+00:00,2974.953,1,1,1,1,1,255,0,0,96,96,1,1,0
2026-09-29T03:03:01.2193360+00:00,2975.955,1,1,1,1,1,255,0,0,96,96,1,1,0
2026-09-29T03:03:02.2207315+00:00,2976.956,1,1,1,1,1,255,0,0,96,96,1,1,0
2026-09-29T03:03:02.3051519+00:00,2977.041,1,1,1,1,1,255,0,0,96,96,1,1,0
2026-09-29T03:03:02.3717426+00:00,2977.107,1,1,1,1,1,255,0,0,96,96,1,1,0
2026-09-29T03:03:02.4357305+00:00,2977.171,1,1,1,1,1,255,0,0,96,96,1,1,0
2026-09-29T03:03:02.5207313+00:00,2977.256,1,1,1,1,1,255,0,0,96,96,1,1,0
2026-09-29T03:03:02.5857320+00:00,2977.321,1,1,1,1,1,255,0,0,96,96,1,1,0
2026-09-29T03:03:02.6741471+00:00,2977.410,1,1,1,1,1,255,0,0,96,96,1,1,0
2026-09-29T03:03:02.7461482+00:00,2977.482,1,1,1,1,1,255,0,0,96,96,1,1,0
2026-09-29T03:03:02.8197342+00:00,2977.555,1,1,1,1,1,255,0,0,96,96,1,1,0
2026-09-29T03:03:02.8867457+00:00,2977.622,1,1,1,1,1,255,0,0,96,96,1,1,0
2026-09-29T03:03:02.9637523+00:00,2977.699,1,1,1,1,1,255,0,0,96,96,1,1,0
2026-09-29T03:03:03.0387535+00:00,2977.774,1,1,1,1,1,255,0,0,96,96,1,1,0
2026-09-29T03:03:03.1101685+00:00,2977.846,1,1,1,1,1,255,0,0,96,96,1,1,0
2026-09-29T03:03:03.1961589+00:00,2977.932,1,1,1,1,1,255,0,0,96,96,1,1,0
2026-09-29T03:03:03.2665520+00:00,2978.002,1,1,1,1,1,255,0,0,96,96,1,1,0
2026-09-29T03:03:03.3419167+00:00,2978.078,1,1,1,1,1,255,0,0,96,96,1,1,0
2026-09-29T03:03:03.4149270+00:00,2978.150,1,1,1,1,1,255,0,0,96,96,1,1,0
2026-09-29T03:03:03.4829100+00:00,2978.218,1,1,1,1,1,255,0,0,96,96,1,1,0
2026-09-29T03:03:03.5455421+00:00,2978.281,1,1,1,1,1,255,0,0,96,96,1,1,0
2026-09-29T03:03:03.6215430+00:00,2978.357,1,1,1,1,1,255,0,0,96,96,1,1,0
2026-09-29T03:03:03.6985432+00:00,2978.434,1,1,1,1,1,255,0,0,96,96,1,1,0
2026-09-29T03:03:04.4564278+00:00,2979.192,1,1,1,1,1,255,0,0,96,96,1,1,0
2026-09-29T03:03:05.4586538+00:00,2980.194,1,1,1,1,1,255,0,0,96,96,1,1,0
2026-09-29T03:03:06.4607456+00:00,2981.196,1,1,1,1,1,255,0,0,96,96,1,1,0
2026-09-29T03:03:07.4623808+00:00,2982.198,1,1,1,1,1,255,0,0,96,96,1,1,0
2026-09-29T03:03:08.4639209+00:00,2983.199,1,1,1,1,1,255,0,0,96,96,1,1,0
2026-09-29T03:03:09.4657114+00:00,2984.201,1,1,1,1,1,255,0,0,96,96,1,1,0
2026-09-29T03:03:10.4673455+00:00,2985.203,1,1,1,1,1,255,0,0,96,96,1,1,0
2026-09-29T03:03:11.4692722+00:00,2986.205,1,1,1,1,1,255,0,0,96,96,1,1,0
2026-09-29T03:03:12.4708394+00:00,2987.206,1,1,1,1,1,255,0,0,96,96,1,1,0
2026-09-29T03:03:13.4834366+00:00,2988.219,1,1,1,1,1,255,0,0,96,96,1,1,0
2026-09-29T03:03:14.4855252+00:00,2989.221,1,1,1,1,1,255,0,0,96,96,1,1,0
2026-09-29T03:03:15.4878562+00:00,2990.223,1,1,1,1,1,255,0,0,96,96,1,1,0
2026-09-29T03:03:16.4892375+00:00,2991.225,1,1,1,1,1,255,0,0,96,96,1,1,0
2026-09-29T03:03:17.5013274+00:00,2992.237,1,1,1,1,1,255,0,0,96,96,1,1,0
2026-09-29T03:03:18.5034359+00:00,2993.239,1,1,1,1,1,255,0,0,96,96,1,1,0
2026-09-29T03:03:19.5050003+00:00,2994.240,1,1,1,1,1,255,0,0,96,96,1,1,0
2026-09-29T03:03:20.5066913+00:00,2995.242,1,1,1,1,1,255,0,0,96,96,1,1,0
2026-09-29T03:03:21.5089757+00:00,2996.244,1,1,1,1,1,255,0,0,96,96,1,1,0
2026-09-29T03:03:22.5110728+00:00,2997.246,1,1,1,1,1,255,0,0,96,96,1,1,0
2026-09-29T03:03:23.5131570+00:00,2998.248,1,1,1,1,1,255,0,0,96,96,1,1,0
2026-09-29T03:03:24.5152465+00:00,2999.250,1,1,1,1,1,255,0,0,96,96,1,1,0
2026-09-29T03:03:24.5892412+00:00,2999.324,1,1,1,1,1,255,0,0,96,96,1,1,0
2026-09-29T03:03:24.6662486+00:00,2999.401,1,1,1,1,1,255,0,0,96,96,1,1,0
2026-09-29T03:03:24.7372508+00:00,2999.473,1,1,1,1,1,255,0,0,96,96,1,1,0
2026-09-29T03:03:24.8032428+00:00,2999.538,1,1,1,1,1,255,0,0,96,96,1,1,0
2026-09-29T03:03:24.8802644+00:00,2999.616,1,1,1,1,1,255,0,0,96,96,1,1,0
2026-09-29T03:03:24.9468117+00:00,2999.682,1,1,1,1,1,255,0,0,96,96,1,1,0
2026-09-29T03:03:25.0338231+00:00,2999.769,1,1,1,1,1,255,0,0,96,96,1,1,0
2026-09-29T03:03:25.1068279+00:00,2999.842,1,1,1,1,1,255,0,0,96,96,1,1,0
2026-09-29T03:03:25.1738143+00:00,2999.909,1,1,1,1,1,255,0,0,96,96,1,1,0
2026-09-29T03:03:25.2476571+00:00,2999.983,1,1,1,1,1,255,0,0,96,96,1,1,0
2026-09-29T03:03:25.3241432+00:00,3000.059,1,1,1,1,1,255,0,0,96,96,1,1,0
2026-09-29T03:03:25.3941354+00:00,3000.129,1,1,1,1,1,255,0,0,96,96,1,1,0
2026-09-29T03:03:25.4746599+00:00,3000.210,1,1,1,1,1,255,0,0,96,96,1,1,0
2026-09-29T03:03:25.5381461+00:00,3000.273,1,1,1,1,1,255,0,0,96,96,1,1,0
2026-09-29T03:03:25.6221451+00:00,3000.357,1,1,1,1,1,255,0,0,96,96,1,1,0
2026-09-29T03:03:25.6976740+00:00,3000.433,1,1,1,1,1,255,0,0,96,96,1,1,0
2026-09-29T03:03:25.7801353+00:00,3000.515,1,1,1,1,1,255,0,0,96,96,1,1,0
2026-09-29T03:03:25.8548175+00:00,3000.590,1,1,1,1,1,255,0,0,96,96,1,1,0
2026-09-29T03:03:25.9353802+00:00,3000.671,1,1,1,1,1,255,0,0,96,96,1,1,0
2026-09-29T03:03:26.0039319+00:00,3000.739,1,1,1,1,1,255,0,0,96,96,1,1,0
2026-09-29T03:03:26.7751895+00:00,3001.510,1,1,1,1,1,255,0,0,96,96,1,1,0
2026-09-29T03:03:27.7771253+00:00,3002.512,1,1,1,1,1,255,0,0,96,96,1,1,0
2026-09-29T03:03:28.7793250+00:00,3003.515,1,1,1,1,1,255,0,0,96,96,1,1,0
2026-09-29T03:03:29.7807041+00:00,3004.516,1,1,1,1,1,255,0,0,96,96,1,1,0
2026-09-29T03:03:30.7823128+00:00,3005.517,1,1,1,1,1,255,0,0,96,96,1,1,0
2026-09-29T03:03:31.7846429+00:00,3006.520,1,1,1,1,1,255,0,0,96,96,1,1,0
2026-09-29T03:03:32.7866665+00:00,3007.522,1,1,1,1,1,255,0,0,96,96,1,1,0
2026-09-29T03:03:33.7879159+00:00,3008.523,1,1,1,1,1,255,0,0,96,96,1,1,0
2026-09-29T03:03:34.7994933+00:00,3009.535,1,1,1,1,1,255,0,0,96,96,1,1,0
2026-09-29T03:03:35.8031125+00:00,3010.538,1,1,1,1,1,255,0,0,96,96,1,1,0
2026-09-29T03:03:36.8131167+00:00,3011.548,1,1,1,1,1,255,0,0,96,96,1,1,0
2026-09-29T03:03:37.8151916+00:00,3012.550,1,1,1,1,1,255,0,0,96,96,1,1,0
2026-09-29T03:03:38.8168637+00:00,3013.552,1,1,1,1,1,255,0,0,96,96,1,1,0
2026-09-29T03:03:39.8187730+00:00,3014.554,1,1,1,1,1,255,0,0,96,96,1,1,0
2026-09-29T03:03:40.8203748+00:00,3015.555,1,1,1,1,1,255,0,0,96,96,1,1,0
2026-09-29T03:03:41.8221535+00:00,3016.557,1,1,1,1,1,255,0,0,96,96,1,1,0
2026-09-29T03:03:42.8237121+00:00,3017.559,1,1,1,1,1,255,0,0,96,96,1,1,0
2026-09-29T03:03:43.8254225+00:00,3018.560,1,1,1,1,1,255,0,0,96,96,1,1,0
2026-09-29T03:03:44.8266810+00:00,3019.562,1,1,1,1,1,255,0,0,96,96,1,1,0
2026-09-29T03:03:45.8280079+00:00,3020.563,1,1,1,1,1,255,0,0,96,96,1,1,0
2026-09-29T03:03:46.8296198+00:00,3021.565,1,1,1,1,1,255,0,0,96,96,1,1,0
2026-09-29T03:03:46.9162271+00:00,3021.651,1,1,1,1,1,255,0,0,96,96,1,1,0
2026-09-29T03:03:46.9862926+00:00,3021.721,1,1,1,1,1,255,0,0,96,96,1,1,0
2026-09-29T03:03:47.0662818+00:00,3021.801,1,1,1,1,1,255,0,0,96,96,1,1,0
2026-09-29T03:03:47.1426136+00:00,3021.878,1,1,1,1,1,255,0,0,96,96,1,1,0
2026-09-29T03:03:47.2143077+00:00,3021.949,1,1,1,1,1,255,0,0,96,96,1,1,0
2026-09-29T03:03:47.2909008+00:00,3022.026,1,1,1,1,1,255,0,0,96,96,1,1,0
2026-09-29T03:03:47.3669094+00:00,3022.102,1,1,1,1,1,255,0,0,96,96,1,1,0
2026-09-29T03:03:47.4439044+00:00,3022.179,1,1,1,1,1,255,0,0,96,96,1,1,0
2026-09-29T03:03:47.5228998+00:00,3022.258,1,1,1,1,1,255,0,0,96,96,1,1,0
2026-09-29T03:03:47.5959123+00:00,3022.331,1,1,1,1,1,255,0,0,96,96,1,1,0
2026-09-29T03:03:47.6679010+00:00,3022.403,1,1,1,1,1,255,0,0,96,96,1,1,0
2026-09-29T03:03:47.7349014+00:00,3022.470,1,1,1,1,1,255,0,0,96,96,1,1,0
2026-09-29T03:03:47.8079086+00:00,3022.543,1,1,1,1,1,255,0,0,96,96,1,1,0
2026-09-29T03:03:47.8809122+00:00,3022.616,1,1,1,1,1,255,0,0,96,96,1,1,0
2026-09-29T03:03:47.9539155+00:00,3022.689,1,1,1,1,1,255,0,0,96,96,1,1,0
2026-09-29T03:03:48.0309041+00:00,3022.766,1,1,1,1,1,255,0,0,96,96,1,1,0
2026-09-29T03:03:48.1019053+00:00,3022.837,1,1,1,1,1,255,0,0,96,96,1,1,0
2026-09-29T03:03:48.1839194+00:00,3022.919,1,1,1,1,1,255,0,0,96,96,1,1,0
2026-09-29T03:03:48.2537888+00:00,3022.989,1,1,1,1,1,255,0,0,96,96,1,1,0
2026-09-29T03:03:48.3267886+00:00,3023.062,1,1,1,1,1,255,0,0,96,96,1,1,0
2026-09-29T03:03:49.0976925+00:00,3023.833,1,1,1,1,1,255,0,0,96,96,1,1,0
2026-09-29T03:03:50.1001411+00:00,3024.835,1,1,1,1,1,255,0,0,96,96,1,1,0
2026-09-29T03:03:51.1014669+00:00,3025.836,1,1,1,1,1,255,0,0,96,96,1,1,0
2026-09-29T03:03:52.1036558+00:00,3026.839,1,1,1,1,1,255,0,0,96,96,1,1,0
2026-09-29T03:03:53.1051952+00:00,3027.840,1,1,1,1,1,255,0,0,96,96,1,1,0
2026-09-29T03:03:54.1069698+00:00,3028.842,1,1,1,1,1,255,0,0,96,96,1,1,0
2026-09-29T03:03:55.1092406+00:00,3029.844,1,1,1,1,1,255,0,0,96,96,1,1,0
2026-09-29T03:03:56.1105707+00:00,3030.846,1,1,1,1,1,255,0,0,96,96,1,1,0
2026-09-29T03:03:57.1248380+00:00,3031.860,1,1,1,1,1,255,0,0,96,96,1,1,0
2026-09-29T03:03:58.1265249+00:00,3032.861,1,1,1,1,1,255,0,0,96,96,1,1,0
2026-09-29T03:03:59.1400291+00:00,3033.875,1,1,1,1,1,255,0,0,96,96,1,1,0
2026-09-29T03:04:00.1413089+00:00,3034.876,1,1,1,1,1,255,0,0,96,96,1,1,0
2026-09-29T03:04:01.1429237+00:00,3035.878,1,1,1,1,1,255,0,0,96,96,1,1,0
2026-09-29T03:04:02.1446206+00:00,3036.880,1,1,1,1,1,255,0,0,96,96,1,1,0
2026-09-29T03:04:03.1466964+00:00,3037.882,1,1,1,1,1,255,0,0,96,96,1,1,0
2026-09-29T03:04:04.1484529+00:00,3038.883,1,1,1,1,1,255,0,0,96,96,1,1,0
2026-09-29T03:04:05.1505296+00:00,3039.885,1,1,1,1,1,255,0,0,96,96,1,1,0
2026-09-29T03:04:06.1523819+00:00,3040.887,1,1,1,1,1,255,0,0,96,96,1,1,0
2026-09-29T03:04:07.1539344+00:00,3041.889,1,1,1,1,1,255,0,0,96,96,1,1,0
2026-09-29T03:04:08.1555385+00:00,3042.890,1,1,1,1,1,255,0,0,96,96,1,1,0
2026-09-29T03:04:09.1567083+00:00,3043.892,1,1,1,1,1,255,0,0,96,96,1,1,0
2026-09-29T03:04:09.2601034+00:00,3043.995,1,1,1,1,1,255,0,0,96,96,1,1,0
2026-09-29T03:04:09.3364931+00:00,3044.071,1,1,1,1,1,255,0,0,96,96,1,1,0
2026-09-29T03:04:09.4015049+00:00,3044.136,1,1,1,1,1,255,0,0,96,96,1,1,0
2026-09-29T03:04:09.4811178+00:00,3044.216,1,1,1,1,1,255,0,0,96,96,1,1,0
2026-09-29T03:04:09.5464963+00:00,3044.281,1,1,1,1,1,255,0,0,96,96,1,1,0
2026-09-29T03:04:09.6171171+00:00,3044.352,1,1,1,1,1,255,0,0,96,96,1,1,0
2026-09-29T03:04:09.7041098+00:00,3044.439,1,1,1,1,1,255,0,0,96,96,1,1,0
2026-09-29T03:04:09.7774854+00:00,3044.512,1,1,1,1,1,255,0,0,96,96,1,1,0
2026-09-29T03:04:09.8555028+00:00,3044.590,1,1,1,1,1,255,0,0,96,96,1,1,0
2026-09-29T03:04:09.9240665+00:00,3044.659,1,1,1,1,1,255,0,0,96,96,1,1,0
2026-09-29T03:04:10.0130718+00:00,3044.748,1,1,1,1,1,255,0,0,96,96,1,1,0
2026-09-29T03:04:10.0900792+00:00,3044.825,1,1,1,1,1,255,0,0,96,96,1,1,0
2026-09-29T03:04:10.1660791+00:00,3044.901,1,1,1,1,1,255,0,0,96,96,1,1,0
2026-09-29T03:04:10.2486808+00:00,3044.984,1,1,1,1,1,255,0,0,96,96,1,1,0
2026-09-29T03:04:10.3216880+00:00,3045.057,1,1,1,1,1,255,0,0,96,96,1,1,0
2026-09-29T03:04:10.4076820+00:00,3045.143,1,1,1,1,1,255,0,0,96,96,1,1,0
2026-09-29T03:04:10.4856742+00:00,3045.220,1,1,1,1,1,255,0,0,96,96,1,1,0
2026-09-29T03:04:10.5616789+00:00,3045.297,1,1,1,1,1,255,0,0,96,96,1,1,0
2026-09-29T03:04:10.6486606+00:00,3045.383,1,1,1,1,1,255,0,0,96,96,1,1,0
2026-09-29T03:04:10.7246607+00:00,3045.459,1,1,1,1,1,255,0,0,96,96,1,1,0
2026-09-29T03:04:11.4960837+00:00,3046.231,1,1,1,1,1,255,0,0,96,96,1,1,0
2026-09-29T03:04:12.4999355+00:00,3047.235,1,1,1,1,1,255,0,0,96,96,1,1,0
2026-09-29T03:04:13.5016003+00:00,3048.236,1,1,1,1,1,255,0,0,96,96,1,1,0
2026-09-29T03:04:14.5036845+00:00,3049.238,1,1,1,1,1,255,0,0,96,96,1,1,0
2026-09-29T03:04:15.5053493+00:00,3050.240,1,1,1,1,1,255,0,0,96,96,1,1,0
2026-09-29T03:04:16.5067356+00:00,3051.241,1,1,1,1,1,255,0,0,96,96,1,1,0
2026-09-29T03:04:17.5164548+00:00,3052.251,1,1,1,1,1,255,0,0,96,96,1,1,0
2026-09-29T03:04:18.5181396+00:00,3053.253,1,1,1,1,1,255,0,0,96,96,1,1,0
2026-09-29T03:04:19.5200425+00:00,3054.255,1,1,1,1,1,255,0,0,96,96,1,1,0
2026-09-29T03:04:20.5217582+00:00,3055.256,1,1,1,1,1,255,0,0,96,96,1,1,0
2026-09-29T03:04:21.5324098+00:00,3056.267,1,1,1,1,1,255,0,0,96,96,1,1,0
2026-09-29T03:04:22.5339645+00:00,3057.269,1,1,1,1,1,255,0,0,96,96,1,1,0
2026-09-29T03:04:23.5356748+00:00,3058.270,1,1,1,1,1,255,0,0,96,96,1,1,0
2026-09-29T03:04:24.5375376+00:00,3059.272,1,1,1,1,1,255,0,0,96,96,1,1,0
2026-09-29T03:04:25.5401495+00:00,3060.275,1,1,1,1,1,255,0,0,96,96,1,1,0
2026-09-29T03:04:26.5418846+00:00,3061.277,1,1,1,1,1,255,0,0,96,96,1,1,0
2026-09-29T03:04:27.5441922+00:00,3062.279,1,1,1,1,1,255,0,0,96,96,1,1,0
2026-09-29T03:04:28.5458539+00:00,3063.281,1,1,1,1,1,255,0,0,96,96,1,1,0
2026-09-29T03:04:29.5476548+00:00,3064.282,1,1,1,1,1,255,0,0,96,96,1,1,0
2026-09-29T03:04:30.5499387+00:00,3065.285,1,1,1,1,1,255,0,0,96,96,1,1,0
2026-09-29T03:04:31.5516230+00:00,3066.286,1,1,1,1,1,255,0,0,96,96,1,1,0
2026-09-29T03:04:31.6506251+00:00,3066.385,1,1,1,1,1,255,0,0,96,96,1,1,0
2026-09-29T03:04:31.7196192+00:00,3066.454,1,1,1,1,1,255,0,0,96,96,1,1,0
2026-09-29T03:04:31.7946181+00:00,3066.529,1,1,1,1,1,255,0,0,96,96,1,1,0
2026-09-29T03:04:31.8716149+00:00,3066.606,1,1,1,1,1,255,0,0,96,96,1,1,0
2026-09-29T03:04:31.9386182+00:00,3066.673,1,1,1,1,1,255,0,0,96,96,1,1,0
2026-09-29T03:04:32.0286249+00:00,3066.763,1,1,1,1,1,255,0,0,96,96,1,1,0
2026-09-29T03:04:32.1046355+00:00,3066.839,1,1,1,1,1,255,0,0,96,96,1,1,0
2026-09-29T03:04:32.1846207+00:00,3066.919,1,1,1,1,1,255,0,0,96,96,1,1,0
2026-09-29T03:04:32.2559546+00:00,3066.991,1,1,1,1,1,255,0,0,96,96,1,1,0
2026-09-29T03:04:32.3279588+00:00,3067.063,1,1,1,1,1,255,0,0,96,96,1,1,0
2026-09-29T03:04:32.4159439+00:00,3067.151,1,1,1,1,1,255,0,0,96,96,1,1,0
2026-09-29T03:04:32.4989476+00:00,3067.234,1,1,1,1,1,255,0,0,96,96,1,1,0
2026-09-29T03:04:32.5719469+00:00,3067.307,1,1,1,1,1,255,0,0,96,96,1,1,0
2026-09-29T03:04:32.6389571+00:00,3067.374,1,1,1,1,1,255,0,0,96,96,1,1,0
2026-09-29T03:04:32.7169472+00:00,3067.452,1,1,1,1,1,255,0,0,96,96,1,1,0
2026-09-29T03:04:32.7969656+00:00,3067.532,1,1,1,1,1,255,0,0,96,96,1,1,0
2026-09-29T03:04:32.8759595+00:00,3067.611,1,1,1,1,1,255,0,0,96,96,1,1,0
2026-09-29T03:04:32.9439552+00:00,3067.679,1,1,1,1,1,255,0,0,96,96,1,1,0
2026-09-29T03:04:33.0209637+00:00,3067.756,1,1,1,1,1,255,0,0,96,96,1,1,0
2026-09-29T03:04:33.0879615+00:00,3067.823,1,1,1,1,1,255,0,0,96,96,1,1,0
2026-09-29T03:04:33.8488392+00:00,3068.583,1,1,1,1,1,255,0,0,96,96,1,1,0
2026-09-29T03:04:34.8508570+00:00,3069.585,1,1,1,1,1,255,0,0,96,96,1,1,0
2026-09-29T03:04:35.8523910+00:00,3070.587,1,1,1,1,1,255,0,0,96,96,1,1,0
2026-09-29T03:04:36.8538469+00:00,3071.588,1,1,1,1,1,255,0,0,96,96,1,1,0
2026-09-29T03:04:37.8559576+00:00,3072.591,1,1,1,1,1,255,0,0,96,96,1,1,0
2026-09-29T03:04:38.8577019+00:00,3073.592,1,1,1,1,1,255,0,0,96,96,1,1,0
2026-09-29T03:04:39.8599655+00:00,3074.595,1,1,1,1,1,255,0,0,96,96,1,1,0
2026-09-29T03:04:40.8616992+00:00,3075.596,1,1,1,1,1,255,0,0,96,96,1,1,0
2026-09-29T03:04:41.8763084+00:00,3076.611,1,1,1,1,1,255,0,0,96,96,1,1,0
2026-09-29T03:04:42.8783951+00:00,3077.613,1,1,1,1,1,255,0,0,96,96,1,1,0
2026-09-29T03:04:43.8804819+00:00,3078.615,1,1,1,1,1,255,0,0,96,96,1,1,0
2026-09-29T03:04:44.8825743+00:00,3079.617,1,1,1,1,1,255,0,0,96,96,1,1,0
2026-09-29T03:04:45.8841161+00:00,3080.619,1,1,1,1,1,255,0,0,96,96,1,1,0
2026-09-29T03:04:46.8853087+00:00,3081.620,1,1,1,1,1,255,0,0,96,96,1,1,0
2026-09-29T03:04:47.8960309+00:00,3082.630,1,1,1,1,1,255,0,0,96,96,1,1,0
2026-09-29T03:04:48.8979869+00:00,3083.632,1,1,1,1,1,255,0,0,96,96,1,1,0
2026-09-29T03:04:49.8998790+00:00,3084.634,1,1,1,1,1,255,0,0,96,96,1,1,0
2026-09-29T03:04:50.9018670+00:00,3085.636,1,1,1,1,1,255,0,0,96,96,1,1,0
2026-09-29T03:04:51.9035464+00:00,3086.638,1,1,1,1,1,255,0,0,96,96,1,1,0
2026-09-29T03:04:52.9051655+00:00,3087.640,1,1,1,1,1,255,0,0,96,96,1,1,0
2026-09-29T03:04:53.9067998+00:00,3088.641,1,1,1,1,1,255,0,0,96,96,1,1,0
2026-09-29T03:04:53.9781192+00:00,3088.713,1,1,1,1,1,255,0,0,96,96,1,1,0
2026-09-29T03:04:54.0481013+00:00,3088.783,1,1,1,1,1,255,0,0,96,96,1,1,0
2026-09-29T03:04:54.1301014+00:00,3088.865,1,1,1,1,1,255,0,0,96,96,1,1,0
2026-09-29T03:04:54.2104630+00:00,3088.945,1,1,1,1,1,255,0,0,96,96,1,1,0
2026-09-29T03:04:54.2856863+00:00,3089.020,1,1,1,1,1,255,0,0,96,96,1,1,0
2026-09-29T03:04:54.3496900+00:00,3089.084,1,1,1,1,1,255,0,0,96,96,1,1,0
2026-09-29T03:04:54.4346756+00:00,3089.169,1,1,1,1,1,255,0,0,96,96,1,1,0
2026-09-29T03:04:54.5056827+00:00,3089.240,1,1,1,1,1,255,0,0,96,96,1,1,0
2026-09-29T03:04:54.5846882+00:00,3089.319,1,1,1,1,1,255,0,0,96,96,1,1,0
2026-09-29T03:04:54.6496775+00:00,3089.384,1,1,1,1,1,255,0,0,96,96,1,1,0
2026-09-29T03:04:54.7206904+00:00,3089.455,1,1,1,1,1,255,0,0,96,96,1,1,0
2026-09-29T03:04:54.7976807+00:00,3089.532,1,1,1,1,1,255,0,0,96,96,1,1,0
2026-09-29T03:04:54.8766792+00:00,3089.611,1,1,1,1,1,255,0,0,96,96,1,1,0
2026-09-29T03:04:54.9442396+00:00,3089.679,1,1,1,1,1,255,0,0,96,96,1,1,0
2026-09-29T03:04:55.0187243+00:00,3089.753,1,1,1,1,1,255,0,0,96,96,1,1,0
2026-09-29T03:04:55.0937212+00:00,3089.828,1,1,1,1,1,255,0,0,96,96,1,1,0
2026-09-29T03:04:55.1737188+00:00,3089.908,1,1,1,1,1,255,0,0,96,96,1,1,0
2026-09-29T03:04:55.2397194+00:00,3089.974,1,1,1,1,1,255,0,0,96,96,1,1,0
2026-09-29T03:04:55.3181129+00:00,3090.053,1,1,1,1,1,255,0,0,96,96,1,1,0
2026-09-29T03:04:55.3991254+00:00,3090.134,1,1,1,1,1,255,0,0,96,96,1,1,0
2026-09-29T03:04:56.1531802+00:00,3090.888,1,1,1,1,1,255,0,0,96,96,1,1,0
2026-09-29T03:04:57.1560413+00:00,3091.890,1,1,1,1,1,255,0,0,96,96,1,1,0
2026-09-29T03:04:58.1577260+00:00,3092.892,1,1,1,1,1,255,0,0,96,96,1,1,0
2026-09-29T03:04:59.1600231+00:00,3093.894,1,1,1,1,1,255,0,0,96,96,1,1,0
2026-09-29T03:05:00.1619728+00:00,3094.896,1,1,1,1,1,255,0,0,96,96,1,1,0
2026-09-29T03:05:01.1638348+00:00,3095.898,1,1,1,1,1,255,0,0,96,96,1,1,0
2026-09-29T03:05:02.1662282+00:00,3096.901,1,1,1,1,1,255,0,0,96,96,1,1,0
2026-09-29T03:05:03.1674478+00:00,3097.902,1,1,1,1,1,255,0,0,96,96,1,1,0
2026-09-29T03:05:04.1795279+00:00,3098.914,1,1,1,1,1,255,0,0,96,96,1,1,0
2026-09-29T03:05:05.1891631+00:00,3099.923,1,1,1,1,1,255,0,0,96,96,1,1,0
2026-09-29T03:05:06.2067683+00:00,3100.941,1,1,1,1,1,255,0,0,96,96,1,1,0
2026-09-29T03:05:07.2088640+00:00,3101.943,1,1,1,1,1,255,0,0,96,96,1,1,0
2026-09-29T03:05:08.2109443+00:00,3102.945,1,1,1,1,1,255,0,0,96,96,1,1,0
2026-09-29T03:05:09.2126703+00:00,3103.947,1,1,1,1,1,255,0,0,96,96,1,1,0
2026-09-29T03:05:10.2143193+00:00,3104.949,1,1,1,1,1,255,0,0,96,96,1,1,0
2026-09-29T03:05:11.2168529+00:00,3105.951,1,1,1,1,1,255,0,0,96,96,1,1,0
2026-09-29T03:05:12.2185757+00:00,3106.953,1,1,1,1,1,255,0,0,96,96,1,1,0
2026-09-29T03:05:13.2201165+00:00,3107.954,1,1,1,1,1,255,0,0,96,96,1,1,0
2026-09-29T03:05:14.2221953+00:00,3108.956,1,1,1,1,1,255,0,0,96,96,1,1,0
2026-09-29T03:05:15.2242812+00:00,3109.959,1,1,1,1,1,255,0,0,96,96,1,1,0
2026-09-29T03:05:16.2265235+00:00,3110.961,1,1,1,1,1,255,0,0,96,96,1,1,0
2026-09-29T03:05:16.2991274+00:00,3111.033,1,1,1,1,1,255,0,0,96,96,1,1,0
2026-09-29T03:05:16.3831244+00:00,3111.117,1,1,1,1,1,255,0,0,96,96,1,1,0
2026-09-29T03:05:16.4531423+00:00,3111.187,1,1,1,1,1,255,0,0,96,96,1,1,0
2026-09-29T03:05:16.5371413+00:00,3111.271,1,1,1,1,1,255,0,0,96,96,1,1,0
2026-09-29T03:05:16.6101431+00:00,3111.344,1,1,1,1,1,255,0,0,96,96,1,1,0
2026-09-29T03:05:16.6881437+00:00,3111.422,1,1,1,1,1,255,0,0,96,96,1,1,0
2026-09-29T03:05:16.7621452+00:00,3111.496,1,1,1,1,1,255,0,0,96,96,1,1,0
2026-09-29T03:05:16.8301325+00:00,3111.564,1,1,1,1,1,255,0,0,96,96,1,1,0
2026-09-29T03:05:16.9171327+00:00,3111.651,1,1,1,1,1,255,0,0,96,96,1,1,0
2026-09-29T03:05:16.9991492+00:00,3111.733,1,1,1,1,1,255,0,0,96,96,1,1,0
2026-09-29T03:05:17.0847474+00:00,3111.819,1,1,1,1,1,255,0,0,96,96,1,1,0
2026-09-29T03:05:17.1681373+00:00,3111.902,1,1,1,1,1,255,0,0,96,96,1,1,0
2026-09-29T03:05:17.2401383+00:00,3111.974,1,1,1,1,1,255,0,0,96,96,1,1,0
2026-09-29T03:05:17.3193803+00:00,3112.054,1,1,1,1,1,255,0,0,96,96,1,1,0
2026-09-29T03:05:17.3953974+00:00,3112.130,1,1,1,1,1,255,0,0,96,96,1,1,0
2026-09-29T03:05:17.4663950+00:00,3112.201,1,1,1,1,1,255,0,0,96,96,1,1,0
2026-09-29T03:05:17.5333811+00:00,3112.268,1,1,1,1,1,255,0,0,96,96,1,1,0
2026-09-29T03:05:17.6083825+00:00,3112.343,1,1,1,1,1,255,0,0,96,96,1,1,0
2026-09-29T03:05:17.6823833+00:00,3112.417,1,1,1,1,1,255,0,0,96,96,1,1,0
2026-09-29T03:05:17.7473844+00:00,3112.482,1,1,1,1,1,255,0,0,96,96,1,1,0
2026-09-29T03:05:18.5176922+00:00,3113.252,1,1,1,1,1,255,0,0,96,96,1,1,0
2026-09-29T03:05:19.5195728+00:00,3114.254,1,1,1,1,1,255,0,0,96,96,1,1,0
2026-09-29T03:05:20.5218119+00:00,3115.256,1,1,1,1,1,255,0,0,96,96,1,1,0
2026-09-29T03:05:21.5241485+00:00,3116.258,1,1,1,1,1,255,0,0,96,96,1,1,0
2026-09-29T03:05:22.5256114+00:00,3117.260,1,1,1,1,1,255,0,0,96,96,1,1,0
2026-09-29T03:05:23.5277095+00:00,3118.262,1,1,1,1,1,255,0,0,96,96,1,1,0
2026-09-29T03:05:24.5297800+00:00,3119.264,1,1,1,1,1,255,0,0,96,96,1,1,0
2026-09-29T03:05:25.5320318+00:00,3120.266,1,1,1,1,1,255,0,0,96,96,1,1,0
2026-09-29T03:05:26.5497334+00:00,3121.284,1,1,1,1,1,255,0,0,96,96,1,1,0
2026-09-29T03:05:27.5629742+00:00,3122.297,1,1,1,1,1,255,0,0,96,96,1,1,0
2026-09-29T03:05:28.5797906+00:00,3123.314,1,1,1,1,1,255,0,0,96,96,1,1,0
2026-09-29T03:05:29.5819665+00:00,3124.316,1,1,1,1,1,255,0,0,96,96,1,1,0
2026-09-29T03:05:30.5842358+00:00,3125.318,1,1,1,1,1,255,0,0,96,96,1,1,0
2026-09-29T03:05:31.5859270+00:00,3126.320,1,1,1,1,1,255,0,0,96,96,1,1,0
2026-09-29T03:05:32.5874793+00:00,3127.322,1,1,1,1,1,255,0,0,96,96,1,1,0
2026-09-29T03:05:33.5895530+00:00,3128.324,1,1,1,1,1,255,0,0,96,96,1,1,0
2026-09-29T03:05:34.5916369+00:00,3129.326,1,1,1,1,1,255,0,0,96,96,1,1,0
2026-09-29T03:05:35.5928727+00:00,3130.327,1,1,1,1,1,255,0,0,96,96,1,1,0
2026-09-29T03:05:36.5944121+00:00,3131.328,1,1,1,1,1,255,0,0,96,96,1,1,0
2026-09-29T03:05:37.5961093+00:00,3132.330,1,1,1,1,1,255,0,0,96,96,1,1,0
2026-09-29T03:05:38.5982106+00:00,3133.332,1,1,1,1,1,255,0,0,96,96,1,1,0
2026-09-29T03:05:38.6692281+00:00,3133.403,1,1,1,1,1,255,0,0,96,96,1,1,0
2026-09-29T03:05:38.7497657+00:00,3133.484,1,1,1,1,1,255,0,0,96,96,1,1,0
2026-09-29T03:05:38.8177644+00:00,3133.552,1,1,1,1,1,255,0,0,96,96,1,1,0
2026-09-29T03:05:38.8847713+00:00,3133.619,1,1,1,1,1,255,0,0,96,96,1,1,0
2026-09-29T03:05:38.9643306+00:00,3133.698,1,1,1,1,1,255,0,0,96,96,1,1,0
2026-09-29T03:05:39.0353386+00:00,3133.769,1,1,1,1,1,255,0,0,96,96,1,1,0
2026-09-29T03:05:39.1153447+00:00,3133.849,1,1,1,1,1,255,0,0,96,96,1,1,0
2026-09-29T03:05:39.1853326+00:00,3133.919,1,1,1,1,1,255,0,0,96,96,1,1,0
2026-09-29T03:05:39.2583541+00:00,3133.992,1,1,1,1,1,255,0,0,96,96,1,1,0
2026-09-29T03:05:39.3434148+00:00,3134.077,1,1,1,1,1,255,0,0,96,96,1,1,0
2026-09-29T03:05:39.4164299+00:00,3134.150,1,1,1,1,1,255,0,0,96,96,1,1,0
2026-09-29T03:05:39.4994161+00:00,3134.233,1,1,1,1,1,255,0,0,96,96,1,1,0
2026-09-29T03:05:39.5674283+00:00,3134.301,1,1,1,1,1,255,0,0,96,96,1,1,0
2026-09-29T03:05:39.6484178+00:00,3134.382,1,1,1,1,1,255,0,0,96,96,1,1,0
2026-09-29T03:05:39.7094186+00:00,3134.443,1,1,1,1,1,255,0,0,96,96,1,1,0
2026-09-29T03:05:39.7941692+00:00,3134.528,1,1,1,1,1,255,0,0,96,96,1,1,0
2026-09-29T03:05:39.8621615+00:00,3134.596,1,1,1,1,1,255,0,0,96,96,1,1,0
2026-09-29T03:05:39.9527167+00:00,3134.687,1,1,1,1,1,255,0,0,96,96,1,1,0
2026-09-29T03:05:40.0307286+00:00,3134.765,1,1,1,1,1,255,0,0,96,96,1,1,0
2026-09-29T03:05:40.1037178+00:00,3134.838,1,1,1,1,1,255,0,0,96,96,1,1,0
2026-09-29T03:05:40.8638427+00:00,3135.598,1,1,1,1,1,255,0,0,96,96,1,1,0
2026-09-29T03:05:41.8661007+00:00,3136.600,1,1,1,1,1,255,0,0,96,96,1,1,0
2026-09-29T03:05:42.8676398+00:00,3137.602,1,1,1,1,1,255,0,0,96,96,1,1,0
2026-09-29T03:05:43.8697157+00:00,3138.604,1,1,1,1,1,255,0,0,96,96,1,1,0
2026-09-29T03:05:44.8715765+00:00,3139.606,1,1,1,1,1,255,0,0,96,96,1,1,0
2026-09-29T03:05:45.8734294+00:00,3140.607,1,1,1,1,1,255,0,0,96,96,1,1,0
2026-09-29T03:05:46.8756212+00:00,3141.610,1,1,1,1,1,255,0,0,96,96,1,1,0
2026-09-29T03:05:47.8772352+00:00,3142.611,1,1,1,1,1,255,0,0,96,96,1,1,0
2026-09-29T03:05:48.8793611+00:00,3143.613,1,1,1,1,1,255,0,0,96,96,1,1,0
2026-09-29T03:05:49.8820559+00:00,3144.616,1,1,1,1,1,255,0,0,96,96,1,1,0
2026-09-29T03:05:50.8912178+00:00,3145.625,1,1,1,1,1,255,0,0,96,96,1,1,0
2026-09-29T03:05:51.8924583+00:00,3146.626,1,1,1,1,1,255,0,0,96,96,1,1,0
2026-09-29T03:05:52.8940131+00:00,3147.628,1,1,1,1,1,255,0,0,96,96,1,1,0
2026-09-29T03:05:53.8960808+00:00,3148.630,1,1,1,1,1,255,0,0,96,96,1,1,0
2026-09-29T03:05:54.8983061+00:00,3149.632,1,1,1,1,1,255,0,0,96,96,1,1,0
2026-09-29T03:05:55.8995129+00:00,3150.633,1,1,1,1,1,255,0,0,96,96,1,1,0
2026-09-29T03:05:56.9009465+00:00,3151.635,1,1,1,1,1,255,0,0,96,96,1,1,0
2026-09-29T03:05:57.9026172+00:00,3152.636,1,1,1,1,1,255,0,0,96,96,1,1,0
2026-09-29T03:05:58.9043638+00:00,3153.638,1,1,1,1,1,255,0,0,96,96,1,1,0
2026-09-29T03:05:59.9057485+00:00,3154.640,1,1,1,1,1,255,0,0,96,96,1,1,0
2026-09-29T03:06:00.9075714+00:00,3155.641,1,1,1,1,1,255,0,0,96,96,1,1,0
2026-09-29T03:06:00.9825747+00:00,3155.716,1,1,1,1,1,255,0,0,96,96,1,1,0
2026-09-29T03:06:01.0725639+00:00,3155.806,1,1,1,1,1,255,0,0,96,96,1,1,0
2026-09-29T03:06:01.1415645+00:00,3155.875,1,1,1,1,1,255,0,0,96,96,1,1,0
2026-09-29T03:06:01.2155645+00:00,3155.949,1,1,1,1,1,255,0,0,96,96,1,1,0
2026-09-29T03:06:01.2908469+00:00,3156.025,1,1,1,1,1,255,0,0,96,96,1,1,0
2026-09-29T03:06:01.3638474+00:00,3156.098,1,1,1,1,1,255,0,0,96,96,1,1,0
2026-09-29T03:06:01.4378661+00:00,3156.172,1,1,1,1,1,255,0,0,96,96,1,1,0
2026-09-29T03:06:01.5098601+00:00,3156.244,1,1,1,1,1,255,0,0,96,96,1,1,0
2026-09-29T03:06:01.5838584+00:00,3156.318,1,1,1,1,1,255,0,0,96,96,1,1,0
2026-09-29T03:06:01.6468496+00:00,3156.381,1,1,1,1,1,255,0,0,96,96,1,1,0
2026-09-29T03:06:01.7318500+00:00,3156.466,1,1,1,1,1,255,0,0,96,96,1,1,0
2026-09-29T03:06:01.7928555+00:00,3156.527,1,1,1,1,1,255,0,0,96,96,1,1,0
2026-09-29T03:06:01.8779640+00:00,3156.612,1,1,1,1,1,255,0,0,96,96,1,1,0
2026-09-29T03:06:01.9439706+00:00,3156.678,1,1,1,1,1,255,0,0,96,96,1,1,0
2026-09-29T03:06:02.0339644+00:00,3156.768,1,1,1,1,1,255,0,0,96,96,1,1,0
2026-09-29T03:06:02.0959781+00:00,3156.830,1,1,1,1,1,255,0,0,96,96,1,1,0
2026-09-29T03:06:02.1629783+00:00,3156.897,1,1,1,1,1,255,0,0,96,96,1,1,0
2026-09-29T03:06:02.2479661+00:00,3156.982,1,1,1,1,1,255,0,0,96,96,1,1,0
2026-09-29T03:06:02.3185716+00:00,3157.052,1,1,1,1,1,255,0,0,96,96,1,1,0
2026-09-29T03:06:02.3950831+00:00,3157.129,1,1,1,1,1,255,0,0,96,96,1,1,0
2026-09-29T03:06:03.1587221+00:00,3157.892,1,1,1,1,1,255,0,0,96,96,1,1,0
2026-09-29T03:06:04.1610653+00:00,3158.895,1,1,1,1,1,255,0,0,96,96,1,1,0
2026-09-29T03:06:05.1623873+00:00,3159.896,1,1,1,1,1,255,0,0,96,96,1,1,0
2026-09-29T03:06:06.1645286+00:00,3160.898,1,1,1,1,1,255,0,0,96,96,1,1,0
2026-09-29T03:06:07.1660693+00:00,3161.900,1,1,1,1,1,255,0,0,96,96,1,1,0
2026-09-29T03:06:08.1683828+00:00,3162.902,1,1,1,1,1,255,0,0,96,96,1,1,0
2026-09-29T03:06:09.1701178+00:00,3163.904,1,1,1,1,1,255,0,0,96,96,1,1,0
2026-09-29T03:06:10.1714321+00:00,3164.905,1,1,1,1,1,255,0,0,96,96,1,1,0
2026-09-29T03:06:11.1737887+00:00,3165.908,1,1,1,1,1,255,0,0,96,96,1,1,0
2026-09-29T03:06:12.1898682+00:00,3166.924,1,1,1,1,1,255,0,0,96,96,1,1,0
2026-09-29T03:06:13.1914111+00:00,3167.925,1,1,1,1,1,255,0,0,96,96,1,1,0
2026-09-29T03:06:14.1930303+00:00,3168.927,1,1,1,1,1,255,0,0,96,96,1,1,0
2026-09-29T03:06:15.1952169+00:00,3169.929,1,1,1,1,1,255,0,0,96,96,1,1,0
2026-09-29T03:06:16.1969690+00:00,3170.931,1,1,1,1,1,255,0,0,96,96,1,1,0
2026-09-29T03:06:17.2075016+00:00,3171.941,1,1,1,1,1,255,0,0,96,96,1,1,0
2026-09-29T03:06:18.2097262+00:00,3172.943,1,1,1,1,1,255,0,0,96,96,1,1,0
2026-09-29T03:06:19.2110777+00:00,3173.945,1,1,1,1,1,255,0,0,96,96,1,1,0
2026-09-29T03:06:20.2129495+00:00,3174.947,1,1,1,1,1,255,0,0,96,96,1,1,0
2026-09-29T03:06:21.2145751+00:00,3175.948,1,1,1,1,1,255,0,0,96,96,1,1,0
2026-09-29T03:06:22.2166414+00:00,3176.950,1,1,1,1,1,255,0,0,96,96,1,1,0
2026-09-29T03:06:23.2182055+00:00,3177.952,1,1,1,1,1,255,0,0,96,96,1,1,0
2026-09-29T03:06:23.2923087+00:00,3178.026,1,1,1,1,1,255,0,0,96,96,1,1,0
2026-09-29T03:06:23.3573190+00:00,3178.091,1,1,1,1,1,255,0,0,96,96,1,1,0
2026-09-29T03:06:23.4293189+00:00,3178.163,1,1,1,1,1,255,0,0,96,96,1,1,0
2026-09-29T03:06:23.5133172+00:00,3178.247,1,1,1,1,1,255,0,0,96,96,1,1,0
2026-09-29T03:06:23.5853174+00:00,3178.319,1,1,1,1,1,255,0,0,96,96,1,1,0
2026-09-29T03:06:23.6513142+00:00,3178.385,1,1,1,1,1,255,0,0,96,96,1,1,0
2026-09-29T03:06:23.7283116+00:00,3178.462,1,1,1,1,1,255,0,0,96,96,1,1,0
2026-09-29T03:06:23.8093130+00:00,3178.543,1,1,1,1,1,255,0,0,96,96,1,1,0
2026-09-29T03:06:23.8753140+00:00,3178.609,1,1,1,1,1,255,0,0,96,96,1,1,0
2026-09-29T03:06:23.9509910+00:00,3178.685,1,1,1,1,1,255,0,0,96,96,1,1,0
2026-09-29T03:06:24.0295649+00:00,3178.763,1,1,1,1,1,255,0,0,96,96,1,1,0
2026-09-29T03:06:24.1175548+00:00,3178.851,1,1,1,1,1,255,0,0,96,96,1,1,0
2026-09-29T03:06:24.1880094+00:00,3178.922,1,1,1,1,1,255,0,0,96,96,1,1,0
2026-09-29T03:06:24.2739959+00:00,3179.008,1,1,1,1,1,255,0,0,96,96,1,1,0
2026-09-29T03:06:24.3506995+00:00,3179.084,1,1,1,1,1,255,0,0,96,96,1,1,0
2026-09-29T03:06:24.4227047+00:00,3179.156,1,1,1,1,1,255,0,0,96,96,1,1,0
2026-09-29T03:06:24.5067177+00:00,3179.240,1,1,1,1,1,255,0,0,96,96,1,1,0
2026-09-29T03:06:24.5907122+00:00,3179.324,1,1,1,1,1,255,0,0,96,96,1,1,0
2026-09-29T03:06:24.6607072+00:00,3179.394,1,1,1,1,1,255,0,0,96,96,1,1,0
2026-09-29T03:06:24.7447044+00:00,3179.478,1,1,1,1,1,255,0,0,96,96,1,1,0
2026-09-29T03:06:25.4962509+00:00,3180.230,1,1,1,1,1,255,0,0,96,96,1,1,0
2026-09-29T03:06:26.4987376+00:00,3181.232,1,1,1,1,1,255,0,0,96,96,1,1,0
2026-09-29T03:06:27.5009197+00:00,3182.234,1,1,1,1,1,255,0,0,96,96,1,1,0
2026-09-29T03:06:28.5024747+00:00,3183.236,1,1,1,1,1,255,0,0,96,96,1,1,0
2026-09-29T03:06:29.5046438+00:00,3184.238,1,1,1,1,1,255,0,0,96,96,1,1,0
2026-09-29T03:06:30.5060046+00:00,3185.240,1,1,1,1,1,255,0,0,96,96,1,1,0
2026-09-29T03:06:31.5074319+00:00,3186.241,1,1,1,1,1,255,0,0,96,96,1,1,0
2026-09-29T03:06:32.5089693+00:00,3187.242,1,1,1,1,1,255,0,0,96,96,1,1,0
2026-09-29T03:06:33.5196307+00:00,3188.253,1,1,1,1,1,255,0,0,96,96,1,1,0
2026-09-29T03:06:34.5323109+00:00,3189.266,1,1,1,1,1,255,0,0,96,96,1,1,0
2026-09-29T03:06:35.5485031+00:00,3190.282,1,1,1,1,1,255,0,0,96,96,1,1,0
2026-09-29T03:06:36.5510640+00:00,3191.285,1,1,1,1,1,255,0,0,96,96,1,1,0
2026-09-29T03:06:37.5527609+00:00,3192.286,1,1,1,1,1,255,0,0,96,96,1,1,0
2026-09-29T03:06:38.5544113+00:00,3193.288,1,1,1,1,1,255,0,0,96,96,1,1,0
2026-09-29T03:06:39.5559229+00:00,3194.289,1,1,1,1,1,255,0,0,96,96,1,1,0
2026-09-29T03:06:40.5580321+00:00,3195.291,1,1,1,1,1,255,0,0,96,96,1,1,0
2026-09-29T03:06:41.5597415+00:00,3196.293,1,1,1,1,1,255,0,0,96,96,1,1,0
2026-09-29T03:06:42.5612919+00:00,3197.295,1,1,1,1,1,255,0,0,96,96,1,1,0
2026-09-29T03:06:43.5635308+00:00,3198.297,1,1,1,1,1,255,0,0,96,96,1,1,0
2026-09-29T03:06:44.5656292+00:00,3199.299,1,1,1,1,1,255,0,0,96,96,1,1,0
2026-09-29T03:06:45.5673803+00:00,3200.301,1,1,1,1,1,255,0,0,96,96,1,1,0
2026-09-29T03:06:45.6503719+00:00,3200.384,1,1,1,1,1,255,0,0,96,96,1,1,0
2026-09-29T03:06:45.7209740+00:00,3200.454,1,1,1,1,1,255,0,0,96,96,1,1,0
2026-09-29T03:06:45.7929743+00:00,3200.526,1,1,1,1,1,255,0,0,96,96,1,1,0
2026-09-29T03:06:45.8776028+00:00,3200.611,1,1,1,1,1,255,0,0,96,96,1,1,0
2026-09-29T03:06:45.9455980+00:00,3200.679,1,1,1,1,1,255,0,0,96,96,1,1,0
2026-09-29T03:06:46.0155976+00:00,3200.749,1,1,1,1,1,255,0,0,96,96,1,1,0
2026-09-29T03:06:46.0906111+00:00,3200.824,1,1,1,1,1,255,0,0,96,96,1,1,0
2026-09-29T03:06:46.1665957+00:00,3200.900,1,1,1,1,1,255,0,0,96,96,1,1,0
2026-09-29T03:06:46.2415961+00:00,3200.975,1,1,1,1,1,255,0,0,96,96,1,1,0
2026-09-29T03:06:46.3151700+00:00,3201.049,1,1,1,1,1,255,0,0,96,96,1,1,0
2026-09-29T03:06:46.3901643+00:00,3201.124,1,1,1,1,1,255,0,0,96,96,1,1,0
2026-09-29T03:06:46.4671658+00:00,3201.201,1,1,1,1,1,255,0,0,96,96,1,1,0
2026-09-29T03:06:46.5421660+00:00,3201.276,1,1,1,1,1,255,0,0,96,96,1,1,0
2026-09-29T03:06:46.6142037+00:00,3201.348,1,1,1,1,1,255,0,0,96,96,1,1,0
2026-09-29T03:06:46.6907250+00:00,3201.424,1,1,1,1,1,255,0,0,96,96,1,1,0
2026-09-29T03:06:46.7552046+00:00,3201.489,1,1,1,1,1,255,0,0,96,96,1,1,0
2026-09-29T03:06:46.8392055+00:00,3201.573,1,1,1,1,1,255,0,0,96,96,1,1,0
2026-09-29T03:06:46.9027268+00:00,3201.636,1,1,1,1,1,255,0,0,96,96,1,1,0
2026-09-29T03:06:46.9873292+00:00,3201.721,1,1,1,1,1,255,0,0,96,96,1,1,0
2026-09-29T03:06:47.0580033+00:00,3201.791,1,1,1,1,1,255,0,0,96,96,1,1,0
2026-09-29T03:06:47.8432839+00:00,3202.577,1,1,1,1,1,255,0,0,96,96,1,1,0
2026-09-29T03:06:48.8465372+00:00,3203.580,1,1,1,1,1,255,0,0,96,96,1,1,0
2026-09-29T03:06:49.8490547+00:00,3204.582,1,1,1,1,1,255,0,0,96,96,1,1,0
2026-09-29T03:06:50.8508970+00:00,3205.584,1,1,1,1,1,255,0,0,96,96,1,1,0
2026-09-29T03:06:51.8526879+00:00,3206.586,1,1,1,1,1,255,0,0,96,96,1,1,0
2026-09-29T03:06:52.8542379+00:00,3207.588,1,1,1,1,1,255,0,0,96,96,1,1,0
2026-09-29T03:06:53.8557933+00:00,3208.589,1,1,1,1,1,255,0,0,96,96,1,1,0
2026-09-29T03:06:54.8580615+00:00,3209.591,1,1,1,1,1,255,0,0,96,96,1,1,0
2026-09-29T03:06:55.8692195+00:00,3210.602,1,1,1,1,1,255,0,0,96,96,1,1,0
2026-09-29T03:06:56.8817451+00:00,3211.615,1,1,1,1,1,255,0,0,96,96,1,1,0
2026-09-29T03:06:57.8838317+00:00,3212.617,1,1,1,1,1,255,0,0,96,96,1,1,0
2026-09-29T03:06:58.8850173+00:00,3213.618,1,1,1,1,1,255,0,0,96,96,1,1,0
2026-09-29T03:06:59.8869292+00:00,3214.620,1,1,1,1,1,255,0,0,96,96,1,1,0
2026-09-29T03:07:00.8886998+00:00,3215.622,1,1,1,1,1,255,0,0,96,96,1,1,0
2026-09-29T03:07:01.8907765+00:00,3216.624,1,1,1,1,1,255,0,0,96,96,1,1,0
2026-09-29T03:07:02.8923279+00:00,3217.626,1,1,1,1,1,255,0,0,96,96,1,1,0
2026-09-29T03:07:03.8944244+00:00,3218.628,1,1,1,1,1,255,0,0,96,96,1,1,0
2026-09-29T03:07:04.8966244+00:00,3219.630,1,1,1,1,1,255,0,0,96,96,1,1,0
2026-09-29T03:07:05.8980470+00:00,3220.631,1,1,1,1,1,255,0,0,96,96,1,1,0
2026-09-29T03:07:06.8997762+00:00,3221.633,1,1,1,1,1,255,0,0,96,96,1,1,0
2026-09-29T03:07:07.9014533+00:00,3222.635,1,1,1,1,1,255,0,0,96,96,1,1,0
2026-09-29T03:07:07.9754431+00:00,3222.709,1,1,1,1,1,255,0,0,96,96,1,1,0
2026-09-29T03:07:08.0494443+00:00,3222.783,1,1,1,1,1,255,0,0,96,96,1,1,0
2026-09-29T03:07:08.1234519+00:00,3222.857,1,1,1,1,1,255,0,0,96,96,1,1,0
2026-09-29T03:07:08.1964463+00:00,3222.930,1,1,1,1,1,255,0,0,96,96,1,1,0
2026-09-29T03:07:08.2654468+00:00,3222.999,1,1,1,1,1,255,0,0,96,96,1,1,0
2026-09-29T03:07:08.3460253+00:00,3223.079,1,1,1,1,1,255,0,0,96,96,1,1,0
2026-09-29T03:07:08.4140271+00:00,3223.147,1,1,1,1,1,255,0,0,96,96,1,1,0
2026-09-29T03:07:08.4870275+00:00,3223.220,1,1,1,1,1,255,0,0,96,96,1,1,0
2026-09-29T03:07:08.5585830+00:00,3223.292,1,1,1,1,1,255,0,0,96,96,1,1,0
2026-09-29T03:07:08.6345840+00:00,3223.368,1,1,1,1,1,255,0,0,96,96,1,1,0
2026-09-29T03:07:08.7235848+00:00,3223.457,1,1,1,1,1,255,0,0,96,96,1,1,0
2026-09-29T03:07:08.7935940+00:00,3223.527,1,1,1,1,1,255,0,0,96,96,1,1,0
2026-09-29T03:07:08.8765912+00:00,3223.610,1,1,1,1,1,255,0,0,96,96,1,1,0
2026-09-29T03:07:08.9622090+00:00,3223.695,1,1,1,1,1,255,0,0,96,96,1,1,0
2026-09-29T03:07:09.0392281+00:00,3223.772,1,1,1,1,1,255,0,0,96,96,1,1,0
2026-09-29T03:07:09.1138230+00:00,3223.847,1,1,1,1,1,255,0,0,96,96,1,1,0
2026-09-29T03:07:09.1852293+00:00,3223.918,1,1,1,1,1,255,0,0,96,96,1,1,0
2026-09-29T03:07:09.2612131+00:00,3223.994,1,1,1,1,1,255,0,0,96,96,1,1,0
2026-09-29T03:07:09.3402862+00:00,3224.073,1,1,1,1,1,255,0,0,96,96,1,1,0
2026-09-29T03:07:09.4172843+00:00,3224.150,1,1,1,1,1,255,0,0,96,96,1,1,0
2026-09-29T03:07:10.1966677+00:00,3224.930,1,1,1,1,1,255,0,0,96,96,1,1,0
2026-09-29T03:07:11.1995896+00:00,3225.933,1,1,1,1,1,255,0,0,96,96,1,1,0
2026-09-29T03:07:12.2019390+00:00,3226.935,1,1,1,1,1,255,0,0,96,96,1,1,0
2026-09-29T03:07:13.2034719+00:00,3227.937,1,1,1,1,1,255,0,0,96,96,1,1,0
2026-09-29T03:07:14.2057810+00:00,3228.939,1,1,1,1,1,255,0,0,96,96,1,1,0
2026-09-29T03:07:15.2070134+00:00,3229.940,1,1,1,1,1,255,0,0,96,96,1,1,0
2026-09-29T03:07:16.2087387+00:00,3230.942,1,1,1,1,1,255,0,0,96,96,1,1,0
2026-09-29T03:07:17.2228568+00:00,3231.956,1,1,1,1,1,255,0,0,96,96,1,1,0
2026-09-29T03:07:18.2240654+00:00,3232.957,1,1,1,1,1,255,0,0,96,96,1,1,0
2026-09-29T03:07:19.2393088+00:00,3233.972,1,1,1,1,1,255,0,0,96,96,1,1,0
2026-09-29T03:07:20.2535908+00:00,3234.987,1,1,1,1,1,255,0,0,96,96,1,1,0
2026-09-29T03:07:21.2559078+00:00,3235.989,1,1,1,1,1,255,0,0,96,96,1,1,0
2026-09-29T03:07:22.2579872+00:00,3236.991,1,1,1,1,1,255,0,0,96,96,1,1,0
2026-09-29T03:07:23.2595326+00:00,3237.993,1,1,1,1,1,255,0,0,96,96,1,1,0
2026-09-29T03:07:24.2611627+00:00,3238.994,1,1,1,1,1,255,0,0,96,96,1,1,0
2026-09-29T03:07:25.2627988+00:00,3239.996,1,1,1,1,1,255,0,0,96,96,1,1,0
2026-09-29T03:07:26.2639630+00:00,3240.997,1,1,1,1,1,255,0,0,96,96,1,1,0
2026-09-29T03:07:27.2660505+00:00,3241.999,1,1,1,1,1,255,0,0,96,96,1,1,0
2026-09-29T03:07:28.2677106+00:00,3243.001,1,1,1,1,1,255,0,0,96,96,1,1,0
2026-09-29T03:07:29.2693450+00:00,3244.002,1,1,1,1,1,255,0,0,96,96,1,1,0
2026-09-29T03:07:30.2715801+00:00,3245.005,1,1,1,1,1,255,0,0,96,96,1,1,0
2026-09-29T03:07:30.3571600+00:00,3245.090,1,1,1,1,1,255,0,0,96,96,1,1,0
2026-09-29T03:07:30.4341533+00:00,3245.167,1,1,1,1,1,255,0,0,96,96,1,1,0
2026-09-29T03:07:30.5091609+00:00,3245.242,1,1,1,1,1,255,0,0,96,96,1,1,0
2026-09-29T03:07:30.5891724+00:00,3245.322,1,1,1,1,1,255,0,0,96,96,1,1,0
2026-09-29T03:07:30.6581559+00:00,3245.391,1,1,1,1,1,255,0,0,96,96,1,1,0
2026-09-29T03:07:30.7401609+00:00,3245.473,1,1,1,1,1,255,0,0,96,96,1,1,0
2026-09-29T03:07:30.8241571+00:00,3245.557,1,1,1,1,1,255,0,0,96,96,1,1,0
2026-09-29T03:07:30.8973473+00:00,3245.630,1,1,1,1,1,255,0,0,96,96,1,1,0
2026-09-29T03:07:30.9703490+00:00,3245.703,1,1,1,1,1,255,0,0,96,96,1,1,0
2026-09-29T03:07:31.0453574+00:00,3245.778,1,1,1,1,1,255,0,0,96,96,1,1,0
2026-09-29T03:07:31.1243531+00:00,3245.857,1,1,1,1,1,255,0,0,96,96,1,1,0
2026-09-29T03:07:31.2063682+00:00,3245.939,1,1,1,1,1,255,0,0,96,96,1,1,0
2026-09-29T03:07:31.2813764+00:00,3246.014,1,1,1,1,1,255,0,0,96,96,1,1,0
2026-09-29T03:07:31.3495037+00:00,3246.082,1,1,1,1,1,255,0,0,96,96,1,1,0
2026-09-29T03:07:31.4261332+00:00,3246.159,1,1,1,1,1,255,0,0,96,96,1,1,0
2026-09-29T03:07:31.5115050+00:00,3246.244,1,1,1,1,1,255,0,0,96,96,1,1,0
2026-09-29T03:07:31.5875049+00:00,3246.320,1,1,1,1,1,255,0,0,96,96,1,1,0
2026-09-29T03:07:31.6574928+00:00,3246.390,1,1,1,1,1,255,0,0,96,96,1,1,0
2026-09-29T03:07:31.7321363+00:00,3246.465,1,1,1,1,1,255,0,0,96,96,1,1,0
2026-09-29T03:07:31.8061365+00:00,3246.539,1,1,1,1,1,255,0,0,96,96,1,1,0
2026-09-29T03:07:32.5926738+00:00,3247.326,1,1,1,1,1,255,0,0,96,96,1,1,0
2026-09-29T03:07:33.5948003+00:00,3248.328,1,1,1,1,1,255,0,0,96,96,1,1,0
2026-09-29T03:07:34.5964408+00:00,3249.329,1,1,1,1,1,255,0,0,96,96,1,1,0
2026-09-29T03:07:35.5985407+00:00,3250.331,1,1,1,1,1,255,0,0,96,96,1,1,0
2026-09-29T03:07:36.6003391+00:00,3251.333,1,1,1,1,1,255,0,0,96,96,1,1,0
2026-09-29T03:07:37.6019968+00:00,3252.335,1,1,1,1,1,255,0,0,96,96,1,1,0
2026-09-29T03:07:38.6040706+00:00,3253.337,1,1,1,1,1,255,0,0,96,96,1,1,0
2026-09-29T03:07:39.6059889+00:00,3254.339,1,1,1,1,1,255,0,0,96,96,1,1,0
2026-09-29T03:07:40.6075383+00:00,3255.340,1,1,1,1,1,255,0,0,96,96,1,1,0
2026-09-29T03:07:41.6148939+00:00,3256.348,1,1,1,1,1,255,0,0,96,96,1,1,0
2026-09-29T03:07:42.6264496+00:00,3257.359,1,1,1,1,1,255,0,0,96,96,1,1,0
2026-09-29T03:07:43.6280995+00:00,3258.361,1,1,1,1,1,255,0,0,96,96,1,1,0
2026-09-29T03:07:44.6297393+00:00,3259.363,1,1,1,1,1,255,0,0,96,96,1,1,0
2026-09-29T03:07:45.6319706+00:00,3260.365,1,1,1,1,1,255,0,0,96,96,1,1,0
2026-09-29T03:07:46.6343449+00:00,3261.367,1,1,1,1,1,255,0,0,96,96,1,1,0
2026-09-29T03:07:47.6446643+00:00,3262.377,1,1,1,1,1,255,0,0,96,96,1,1,0
2026-09-29T03:07:48.6468225+00:00,3263.380,1,1,1,1,1,255,0,0,96,96,1,1,0
2026-09-29T03:07:49.6485706+00:00,3264.381,1,1,1,1,1,255,0,0,96,96,1,1,0
2026-09-29T03:07:50.6500881+00:00,3265.383,1,1,1,1,1,255,0,0,96,96,1,1,0
2026-09-29T03:07:51.6515870+00:00,3266.384,1,1,1,1,1,255,0,0,96,96,1,1,0
2026-09-29T03:07:52.6531382+00:00,3267.386,1,1,1,1,1,255,0,0,96,96,1,1,0
2026-09-29T03:07:52.7321462+00:00,3267.465,1,1,1,1,1,255,0,0,96,96,1,1,0
2026-09-29T03:07:52.8061340+00:00,3267.539,1,1,1,1,1,255,0,0,96,96,1,1,0
2026-09-29T03:07:52.8701298+00:00,3267.603,1,1,1,1,1,255,0,0,96,96,1,1,0
2026-09-29T03:07:52.9451360+00:00,3267.678,1,1,1,1,1,255,0,0,96,96,1,1,0
2026-09-29T03:07:53.0121415+00:00,3267.745,1,1,1,1,1,255,0,0,96,96,1,1,0
2026-09-29T03:07:53.0881373+00:00,3267.821,1,1,1,1,1,255,0,0,96,96,1,1,0
2026-09-29T03:07:53.1571320+00:00,3267.890,1,1,1,1,1,255,0,0,96,96,1,1,0
2026-09-29T03:07:53.2291414+00:00,3267.962,1,1,1,1,1,255,0,0,96,96,1,1,0
2026-09-29T03:07:53.3017164+00:00,3268.034,1,1,1,1,1,255,0,0,96,96,1,1,0
2026-09-29T03:07:53.3693015+00:00,3268.102,1,1,1,1,1,255,0,0,96,96,1,1,0
2026-09-29T03:07:53.4398979+00:00,3268.173,1,1,1,1,1,255,0,0,96,96,1,1,0
2026-09-29T03:07:53.5312850+00:00,3268.264,1,1,1,1,1,255,0,0,96,96,1,1,0
2026-09-29T03:07:53.5959106+00:00,3268.329,1,1,1,1,1,255,0,0,96,96,1,1,0
2026-09-29T03:07:53.6828999+00:00,3268.416,1,1,1,1,1,255,0,0,96,96,1,1,0
2026-09-29T03:07:53.7512872+00:00,3268.484,1,1,1,1,1,255,0,0,96,96,1,1,0
2026-09-29T03:07:53.8402881+00:00,3268.573,1,1,1,1,1,255,0,0,96,96,1,1,0
2026-09-29T03:07:53.9273722+00:00,3268.660,1,1,1,1,1,255,0,0,96,96,1,1,0
2026-09-29T03:07:53.9990496+00:00,3268.732,1,1,1,1,1,255,0,0,96,96,1,1,0
2026-09-29T03:07:54.0730408+00:00,3268.806,1,1,1,1,1,255,0,0,96,96,1,1,0
2026-09-29T03:07:54.1420450+00:00,3268.875,1,1,1,1,1,255,0,0,96,96,1,1,0
2026-09-29T03:07:54.9158540+00:00,3269.649,1,1,1,1,1,255,0,0,96,96,1,1,0
2026-09-29T03:07:55.9173794+00:00,3270.650,1,1,1,1,1,255,0,0,96,96,1,1,0
2026-09-29T03:07:56.9197301+00:00,3271.652,1,1,1,1,1,255,0,0,96,96,1,1,0
2026-09-29T03:07:57.9216828+00:00,3272.654,1,1,1,1,1,255,0,0,96,96,1,1,0
2026-09-29T03:07:58.9230481+00:00,3273.656,1,1,1,1,1,255,0,0,96,96,1,1,0
2026-09-29T03:07:59.9251157+00:00,3274.658,1,1,1,1,1,255,0,0,96,96,1,1,0
2026-09-29T03:08:00.9274653+00:00,3275.660,1,1,1,1,1,255,0,0,96,96,1,1,0
2026-09-29T03:08:01.9297154+00:00,3276.662,1,1,1,1,1,255,0,0,96,96,1,1,0
2026-09-29T03:08:02.9428238+00:00,3277.675,1,1,1,1,1,255,0,0,96,96,1,1,0
2026-09-29T03:08:03.9455515+00:00,3278.678,1,1,1,1,1,255,0,0,96,96,1,1,0
2026-09-29T03:08:04.9471923+00:00,3279.680,1,1,1,1,1,255,0,0,96,96,1,1,0
2026-09-29T03:08:05.9491015+00:00,3280.682,1,1,1,1,1,255,0,0,96,96,1,1,0
2026-09-29T03:08:06.9504507+00:00,3281.683,1,1,1,1,1,255,0,0,96,96,1,1,0
2026-09-29T03:08:07.9521333+00:00,3282.685,1,1,1,1,1,255,0,0,96,96,1,1,0
2026-09-29T03:08:08.9544776+00:00,3283.687,1,1,1,1,1,255,0,0,96,96,1,1,0
2026-09-29T03:08:09.9558714+00:00,3284.688,1,1,1,1,1,255,0,0,96,96,1,1,0
2026-09-29T03:08:10.9581867+00:00,3285.691,1,1,1,1,1,255,0,0,96,96,1,1,0
2026-09-29T03:08:11.9594571+00:00,3286.692,1,1,1,1,1,255,0,0,96,96,1,1,0
2026-09-29T03:08:12.9609984+00:00,3287.694,1,1,1,1,1,255,0,0,96,96,1,1,0
2026-09-29T03:08:13.9626192+00:00,3288.695,1,1,1,1,1,255,0,0,96,96,1,1,0
2026-09-29T03:08:14.9642455+00:00,3289.697,1,1,1,1,1,255,0,0,96,96,1,1,0
2026-09-29T03:08:15.0282430+00:00,3289.761,1,1,1,1,1,255,0,0,96,96,1,1,0
2026-09-29T03:08:15.1132561+00:00,3289.846,1,1,1,1,1,255,0,0,96,96,1,1,0
2026-09-29T03:08:15.1852549+00:00,3289.918,1,1,1,1,1,255,0,0,96,96,1,1,0
2026-09-29T03:08:15.2512555+00:00,3289.984,1,1,1,1,1,255,0,0,96,96,1,1,0
2026-09-29T03:08:15.3198364+00:00,3290.052,1,1,1,1,1,255,0,0,96,96,1,1,0
2026-09-29T03:08:15.4043779+00:00,3290.137,1,1,1,1,1,255,0,0,96,96,1,1,0
2026-09-29T03:08:15.4783688+00:00,3290.211,1,1,1,1,1,255,0,0,96,96,1,1,0
2026-09-29T03:08:15.5493809+00:00,3290.282,1,1,1,1,1,255,0,0,96,96,1,1,0
2026-09-29T03:08:15.6233780+00:00,3290.356,1,1,1,1,1,255,0,0,96,96,1,1,0
2026-09-29T03:08:15.6943882+00:00,3290.427,1,1,1,1,1,255,0,0,96,96,1,1,0
2026-09-29T03:08:15.7803810+00:00,3290.513,1,1,1,1,1,255,0,0,96,96,1,1,0
2026-09-29T03:08:15.8463827+00:00,3290.579,1,1,1,1,1,255,0,0,96,96,1,1,0
2026-09-29T03:08:15.9320837+00:00,3290.665,1,1,1,1,1,255,0,0,96,96,1,1,0
2026-09-29T03:08:15.9980823+00:00,3290.731,1,1,1,1,1,255,0,0,96,96,1,1,0
2026-09-29T03:08:16.0717318+00:00,3290.804,1,1,1,1,1,255,0,0,96,96,1,1,0
2026-09-29T03:08:16.1500921+00:00,3290.883,1,1,1,1,1,255,0,0,96,96,1,1,0
2026-09-29T03:08:16.2280921+00:00,3290.961,1,1,1,1,1,255,0,0,96,96,1,1,0
2026-09-29T03:08:16.3010927+00:00,3291.034,1,1,1,1,1,255,0,0,96,96,1,1,0
2026-09-29T03:08:16.3708475+00:00,3291.103,1,1,1,1,1,255,0,0,96,96,1,1,0
2026-09-29T03:08:16.4278487+00:00,3291.160,1,1,1,1,1,255,0,0,96,96,1,1,0
2026-09-29T03:08:17.2408528+00:00,3291.973,1,1,1,1,1,255,0,0,96,96,1,1,0
2026-09-29T03:08:18.2424590+00:00,3292.975,1,1,1,1,1,255,0,0,96,96,1,1,0
2026-09-29T03:08:19.2442584+00:00,3293.977,1,1,1,1,1,255,0,0,96,96,1,1,0
2026-09-29T03:08:20.2461521+00:00,3294.979,1,1,1,1,1,255,0,0,96,96,1,1,0
2026-09-29T03:08:21.2483555+00:00,3295.981,1,1,1,1,1,255,0,0,96,96,1,1,0
2026-09-29T03:08:22.2505324+00:00,3296.983,1,1,1,1,1,255,0,0,96,96,1,1,0
2026-09-29T03:08:23.2520907+00:00,3297.985,1,1,1,1,1,255,0,0,96,96,1,1,0
2026-09-29T03:08:24.2543439+00:00,3298.987,1,1,1,1,1,255,0,0,96,96,1,1,0
2026-09-29T03:08:25.2560113+00:00,3299.988,1,1,1,1,1,255,0,0,96,96,1,1,0
2026-09-29T03:08:26.2682836+00:00,3301.001,1,1,1,1,1,255,0,0,96,96,1,1,0
2026-09-29T03:08:27.2690222+00:00,3302.001,1,1,1,1,1,255,0,0,96,96,1,1,0
2026-09-29T03:08:28.2706629+00:00,3303.003,1,1,1,1,1,255,0,0,96,96,1,1,0
2026-09-29T03:08:29.2724208+00:00,3304.005,1,1,1,1,1,255,0,0,96,96,1,1,0
2026-09-29T03:08:30.2741106+00:00,3305.007,1,1,1,1,1,255,0,0,96,96,1,1,0
2026-09-29T03:08:31.2758540+00:00,3306.008,1,1,1,1,1,255,0,0,96,96,1,1,0
2026-09-29T03:08:32.2774761+00:00,3307.010,1,1,1,1,1,255,0,0,96,96,1,1,0
2026-09-29T03:08:33.2796621+00:00,3308.012,1,1,1,1,1,255,0,0,96,96,1,1,0
2026-09-29T03:08:34.2814084+00:00,3309.014,1,1,1,1,1,255,0,0,96,96,1,1,0
2026-09-29T03:08:35.2835111+00:00,3310.016,1,1,1,1,1,255,0,0,96,96,1,1,0
2026-09-29T03:08:36.2848525+00:00,3311.017,1,1,1,1,1,255,0,0,96,96,1,1,0
2026-09-29T03:08:37.2865947+00:00,3312.019,1,1,1,1,1,255,0,0,96,96,1,1,0
2026-09-29T03:08:37.3707815+00:00,3312.103,1,1,1,1,1,255,0,0,96,96,1,1,0
2026-09-29T03:08:37.4397813+00:00,3312.172,1,1,1,1,1,255,0,0,96,96,1,1,0
2026-09-29T03:08:37.5167577+00:00,3312.249,1,1,1,1,1,255,0,0,96,96,1,1,0
2026-09-29T03:08:37.5917700+00:00,3312.324,1,1,1,1,1,255,0,0,96,96,1,1,0
2026-09-29T03:08:37.6667834+00:00,3312.399,1,1,1,1,1,255,0,0,96,96,1,1,0
2026-09-29T03:08:37.7407832+00:00,3312.473,1,1,1,1,1,255,0,0,96,96,1,1,0
2026-09-29T03:08:37.8134718+00:00,3312.546,1,1,1,1,1,255,0,0,96,96,1,1,0
2026-09-29T03:08:37.8867824+00:00,3312.619,1,1,1,1,1,255,0,0,96,96,1,1,0
2026-09-29T03:08:37.9607855+00:00,3312.693,1,1,1,1,1,255,0,0,96,96,1,1,0
2026-09-29T03:08:38.0347633+00:00,3312.767,1,1,1,1,1,255,0,0,96,96,1,1,0
2026-09-29T03:08:38.1124718+00:00,3312.845,1,1,1,1,1,255,0,0,96,96,1,1,0
2026-09-29T03:08:38.1874601+00:00,3312.920,1,1,1,1,1,255,0,0,96,96,1,1,0
2026-09-29T03:08:38.2707890+00:00,3313.003,1,1,1,1,1,255,0,0,96,96,1,1,0
2026-09-29T03:08:38.3484646+00:00,3313.081,1,1,1,1,1,255,0,0,96,96,1,1,0
2026-09-29T03:08:38.4200141+00:00,3313.152,1,1,1,1,1,255,0,0,96,96,1,1,0
2026-09-29T03:08:38.4940248+00:00,3313.226,1,1,1,1,1,255,0,0,96,96,1,1,0
2026-09-29T03:08:38.5641656+00:00,3313.296,1,1,1,1,1,255,0,0,96,96,1,1,0
2026-09-29T03:08:38.6431602+00:00,3313.375,1,1,1,1,1,255,0,0,96,96,1,1,0
2026-09-29T03:08:38.7327011+00:00,3313.465,1,1,1,1,1,255,0,0,96,96,1,1,0
2026-09-29T03:08:38.8117017+00:00,3313.544,1,1,1,1,1,255,0,0,96,96,1,1,0
2026-09-29T03:08:39.5708250+00:00,3314.303,1,1,1,1,1,255,0,0,96,96,1,1,0
2026-09-29T03:08:40.5730470+00:00,3315.305,1,1,1,1,1,255,0,0,96,96,1,1,0
2026-09-29T03:08:41.5752966+00:00,3316.308,1,1,1,1,1,255,0,0,96,96,1,1,0
2026-09-29T03:08:42.5768433+00:00,3317.309,1,1,1,1,1,255,0,0,96,96,1,1,0
2026-09-29T03:08:43.5785805+00:00,3318.311,1,1,1,1,1,255,0,0,96,96,1,1,0
2026-09-29T03:08:44.5806841+00:00,3319.313,1,1,1,1,1,255,0,0,96,96,1,1,0
2026-09-29T03:08:45.5823343+00:00,3320.315,1,1,1,1,1,255,0,0,96,96,1,1,0
2026-09-29T03:08:46.5840034+00:00,3321.316,1,1,1,1,1,255,0,0,96,96,1,1,0
2026-09-29T03:08:47.5987094+00:00,3322.331,1,1,1,1,1,255,0,0,96,96,1,1,0
2026-09-29T03:08:48.5997947+00:00,3323.332,1,1,1,1,1,255,0,0,96,96,1,1,0
2026-09-29T03:08:49.6117156+00:00,3324.344,1,1,1,1,1,255,0,0,96,96,1,1,0
2026-09-29T03:08:50.6131169+00:00,3325.345,1,1,1,1,1,255,0,0,96,96,1,1,0
2026-09-29T03:08:51.6150697+00:00,3326.347,1,1,1,1,1,255,0,0,96,96,1,1,0
2026-09-29T03:08:52.6166148+00:00,3327.349,1,1,1,1,1,255,0,0,96,96,1,1,0
2026-09-29T03:08:53.6184075+00:00,3328.351,1,1,1,1,1,255,0,0,96,96,1,1,0
2026-09-29T03:08:54.6203096+00:00,3329.352,1,1,1,1,1,255,0,0,96,96,1,1,0
2026-09-29T03:08:55.6214997+00:00,3330.354,1,1,1,1,1,255,0,0,96,96,1,1,0
2026-09-29T03:08:56.6236691+00:00,3331.356,1,1,1,1,1,255,0,0,96,96,1,1,0
2026-09-29T03:08:57.6259012+00:00,3332.358,1,1,1,1,1,255,0,0,96,96,1,1,0
2026-09-29T03:08:58.6279784+00:00,3333.360,1,1,1,1,1,255,0,0,96,96,1,1,0
2026-09-29T03:08:59.6298271+00:00,3334.362,1,1,1,1,1,255,0,0,96,96,1,1,0
2026-09-29T03:08:59.7182956+00:00,3334.450,1,1,1,1,1,255,0,0,96,96,1,1,0
2026-09-29T03:08:59.7908452+00:00,3334.523,1,1,1,1,1,255,0,0,96,96,1,1,0
2026-09-29T03:08:59.8628576+00:00,3334.595,1,1,1,1,1,255,0,0,96,96,1,1,0
2026-09-29T03:08:59.9304181+00:00,3334.663,1,1,1,1,1,255,0,0,96,96,1,1,0
2026-09-29T03:09:00.0034279+00:00,3334.736,1,1,1,1,1,255,0,0,96,96,1,1,0
2026-09-29T03:09:00.0761697+00:00,3334.808,1,1,1,1,1,255,0,0,96,96,1,1,0
2026-09-29T03:09:00.1391822+00:00,3334.871,1,1,1,1,1,255,0,0,96,96,1,1,0
2026-09-29T03:09:00.2241716+00:00,3334.956,1,1,1,1,1,255,0,0,96,96,1,1,0
2026-09-29T03:09:00.3004833+00:00,3335.033,1,1,1,1,1,255,0,0,96,96,1,1,0
2026-09-29T03:09:00.3810700+00:00,3335.113,1,1,1,1,1,255,0,0,96,96,1,1,0
2026-09-29T03:09:00.4490769+00:00,3335.181,1,1,1,1,1,255,0,0,96,96,1,1,0
2026-09-29T03:09:00.5210779+00:00,3335.253,1,1,1,1,1,255,0,0,96,96,1,1,0
2026-09-29T03:09:00.5820669+00:00,3335.314,1,1,1,1,1,255,0,0,96,96,1,1,0
2026-09-29T03:09:00.6660721+00:00,3335.398,1,1,1,1,1,255,0,0,96,96,1,1,0
2026-09-29T03:09:00.7510738+00:00,3335.483,1,1,1,1,1,255,0,0,96,96,1,1,0
2026-09-29T03:09:00.8220670+00:00,3335.554,1,1,1,1,1,255,0,0,96,96,1,1,0
2026-09-29T03:09:00.8952014+00:00,3335.627,1,1,1,1,1,255,0,0,96,96,1,1,0
2026-09-29T03:09:00.9651992+00:00,3335.697,1,1,1,1,1,255,0,0,96,96,1,1,0
2026-09-29T03:09:01.0382002+00:00,3335.770,1,1,1,1,1,255,0,0,96,96,1,1,0
2026-09-29T03:09:01.1042009+00:00,3335.836,1,1,1,1,1,255,0,0,96,96,1,1,0
2026-09-29T03:09:01.8689194+00:00,3336.601,1,1,1,1,1,255,0,0,96,96,1,1,0
2026-09-29T03:09:02.8710415+00:00,3337.603,1,1,1,1,1,255,0,0,96,96,1,1,0
2026-09-29T03:09:03.8722746+00:00,3338.604,1,1,1,1,1,255,0,0,96,96,1,1,0
2026-09-29T03:09:04.8743621+00:00,3339.606,1,1,1,1,1,255,0,0,96,96,1,1,0
2026-09-29T03:09:05.8762798+00:00,3340.608,1,1,1,1,1,255,0,0,96,96,1,1,0
2026-09-29T03:09:06.8778862+00:00,3341.610,1,1,1,1,1,255,0,0,96,96,1,1,0
2026-09-29T03:09:07.8795011+00:00,3342.612,1,1,1,1,1,255,0,0,96,96,1,1,0
2026-09-29T03:09:08.8811015+00:00,3343.613,1,1,1,1,1,255,0,0,96,96,1,1,0
2026-09-29T03:09:09.8830922+00:00,3344.615,1,1,1,1,1,255,0,0,96,96,1,1,0
2026-09-29T03:09:10.8993292+00:00,3345.631,1,1,1,1,1,255,0,0,96,96,1,1,0
2026-09-29T03:09:11.9114086+00:00,3346.643,1,1,1,1,1,255,0,0,96,96,1,1,0
2026-09-29T03:09:12.9129446+00:00,3347.645,1,1,1,1,1,255,0,0,96,96,1,1,0
2026-09-29T03:09:13.9150319+00:00,3348.647,1,1,1,1,1,255,0,0,96,96,1,1,0
2026-09-29T03:09:14.9161342+00:00,3349.648,1,1,1,1,1,255,0,0,96,96,1,1,0
2026-09-29T03:09:15.9182077+00:00,3350.650,1,1,1,1,1,255,0,0,96,96,1,1,0
2026-09-29T03:09:16.9299396+00:00,3351.662,1,1,1,1,1,255,0,0,96,96,1,1,0
2026-09-29T03:09:17.9431947+00:00,3352.675,1,1,1,1,1,255,0,0,96,96,1,1,0
2026-09-29T03:09:18.9450686+00:00,3353.677,1,1,1,1,1,255,0,0,96,96,1,1,0
2026-09-29T03:09:19.9466264+00:00,3354.679,1,1,1,1,1,255,0,0,96,96,1,1,0
2026-09-29T03:09:20.9468815+00:00,3355.679,1,1,1,1,1,255,0,0,96,96,1,1,0
2026-09-29T03:09:21.9485625+00:00,3356.680,1,1,1,1,1,255,0,0,96,96,1,1,0
2026-09-29T03:09:22.0265697+00:00,3356.758,1,1,1,1,1,255,0,0,96,96,1,1,0
2026-09-29T03:09:22.0945600+00:00,3356.826,1,1,1,1,1,255,0,0,96,96,1,1,0
2026-09-29T03:09:22.1695722+00:00,3356.901,1,1,1,1,1,255,0,0,96,96,1,1,0
2026-09-29T03:09:22.2405731+00:00,3356.972,1,1,1,1,1,255,0,0,96,96,1,1,0
2026-09-29T03:09:22.3085624+00:00,3357.040,1,1,1,1,1,255,0,0,96,96,1,1,0
2026-09-29T03:09:22.3791217+00:00,3357.111,1,1,1,1,1,255,0,0,96,96,1,1,0
2026-09-29T03:09:22.4361145+00:00,3357.168,1,1,1,1,1,255,0,0,96,96,1,1,0
2026-09-29T03:09:22.5091110+00:00,3357.241,1,1,1,1,1,255,0,0,96,96,1,1,0
2026-09-29T03:09:22.5721119+00:00,3357.304,1,1,1,1,1,255,0,0,96,96,1,1,0
2026-09-29T03:09:22.6421290+00:00,3357.374,1,1,1,1,1,255,0,0,96,96,1,1,0
2026-09-29T03:09:22.7181307+00:00,3357.450,1,1,1,1,1,255,0,0,96,96,1,1,0
2026-09-29T03:09:22.7781171+00:00,3357.510,1,1,1,1,1,255,0,0,96,96,1,1,0
2026-09-29T03:09:22.8751269+00:00,3357.607,1,1,1,1,1,255,0,0,96,96,1,1,0
2026-09-29T03:09:22.9441193+00:00,3357.676,1,1,1,1,1,255,0,0,96,96,1,1,0
2026-09-29T03:09:23.0291160+00:00,3357.761,1,1,1,1,1,255,0,0,96,96,1,1,0
2026-09-29T03:09:23.1011256+00:00,3357.833,1,1,1,1,1,255,0,0,96,96,1,1,0
2026-09-29T03:09:23.1681290+00:00,3357.900,1,1,1,1,1,255,0,0,96,96,1,1,0
2026-09-29T03:09:23.2431176+00:00,3357.975,1,1,1,1,1,255,0,0,96,96,1,1,0
2026-09-29T03:09:23.3167115+00:00,3358.049,1,1,1,1,1,255,0,0,96,96,1,1,0
2026-09-29T03:09:23.3874438+00:00,3358.119,1,1,1,1,1,255,0,0,96,96,1,1,0
2026-09-29T03:09:24.1438482+00:00,3358.876,1,1,1,1,1,255,0,0,96,96,1,1,0
2026-09-29T03:09:25.1464583+00:00,3359.878,1,1,1,1,1,255,0,0,96,96,1,1,0
2026-09-29T03:09:26.1483574+00:00,3360.880,1,1,1,1,1,255,0,0,96,96,1,1,0
2026-09-29T03:09:27.1501201+00:00,3361.882,1,1,1,1,1,255,0,0,96,96,1,1,0
2026-09-29T03:09:28.1519002+00:00,3362.884,1,1,1,1,1,255,0,0,96,96,1,1,0
2026-09-29T03:09:29.1536373+00:00,3363.885,1,1,1,1,1,255,0,0,96,96,1,1,0
2026-09-29T03:09:30.1555924+00:00,3364.887,1,1,1,1,1,255,0,0,96,96,1,1,0
2026-09-29T03:09:31.1572083+00:00,3365.889,1,1,1,1,1,255,0,0,96,96,1,1,0
2026-09-29T03:09:32.1592932+00:00,3366.891,1,1,1,1,1,255,0,0,96,96,1,1,0
2026-09-29T03:09:33.1618371+00:00,3367.894,1,1,1,1,1,255,0,0,96,96,1,1,0
2026-09-29T03:09:34.1635802+00:00,3368.895,1,1,1,1,1,255,0,0,96,96,1,1,0
2026-09-29T03:09:35.1654323+00:00,3369.897,1,1,1,1,1,255,0,0,96,96,1,1,0
2026-09-29T03:09:36.1668067+00:00,3370.899,1,1,1,1,1,255,0,0,96,96,1,1,0
2026-09-29T03:09:37.1686764+00:00,3371.900,1,1,1,1,1,255,0,0,96,96,1,1,0
2026-09-29T03:09:38.1703901+00:00,3372.902,1,1,1,1,1,255,0,0,96,96,1,1,0
2026-09-29T03:09:39.1716477+00:00,3373.903,1,1,1,1,1,255,0,0,96,96,1,1,0
2026-09-29T03:09:40.1735934+00:00,3374.905,1,1,1,1,1,255,0,0,96,96,1,1,0
2026-09-29T03:09:41.1748802+00:00,3375.907,1,1,1,1,1,255,0,0,96,96,1,1,0
2026-09-29T03:09:42.1769696+00:00,3376.909,1,1,1,1,1,255,0,0,96,96,1,1,0
2026-09-29T03:09:43.1789886+00:00,3377.911,1,1,1,1,1,255,0,0,96,96,1,1,0
2026-09-29T03:09:44.1802488+00:00,3378.912,1,1,1,1,1,255,0,0,96,96,1,1,0
2026-09-29T03:09:44.2422379+00:00,3378.974,1,1,1,1,1,255,0,0,96,96,1,1,0
2026-09-29T03:09:44.3262386+00:00,3379.058,1,1,1,1,1,255,0,0,96,96,1,1,0
2026-09-29T03:09:44.4038655+00:00,3379.136,1,1,1,1,1,255,0,0,96,96,1,1,0
2026-09-29T03:09:44.4804992+00:00,3379.212,1,1,1,1,1,255,0,0,96,96,1,1,0
2026-09-29T03:09:44.5538771+00:00,3379.286,1,1,1,1,1,255,0,0,96,96,1,1,0
2026-09-29T03:09:44.6178704+00:00,3379.350,1,1,1,1,1,255,0,0,96,96,1,1,0
2026-09-29T03:09:44.6965007+00:00,3379.428,1,1,1,1,1,255,0,0,96,96,1,1,0
2026-09-29T03:09:44.7625012+00:00,3379.494,1,1,1,1,1,255,0,0,96,96,1,1,0
2026-09-29T03:09:44.8458705+00:00,3379.578,1,1,1,1,1,255,0,0,96,96,1,1,0
2026-09-29T03:09:44.9188843+00:00,3379.651,1,1,1,1,1,255,0,0,96,96,1,1,0
2026-09-29T03:09:44.9938870+00:00,3379.726,1,1,1,1,1,255,0,0,96,96,1,1,0
2026-09-29T03:09:45.0539163+00:00,3379.786,1,1,1,1,1,255,0,0,96,96,1,1,0
2026-09-29T03:09:45.1328926+00:00,3379.865,1,1,1,1,1,255,0,0,96,96,1,1,0
2026-09-29T03:09:45.2069052+00:00,3379.939,1,1,1,1,1,255,0,0,96,96,1,1,0
2026-09-29T03:09:45.2749120+00:00,3380.007,1,1,1,1,1,255,0,0,96,96,1,1,0
2026-09-29T03:09:45.3351625+00:00,3380.067,1,1,1,1,1,255,0,0,96,96,1,1,0
2026-09-29T03:09:45.4067380+00:00,3380.138,1,1,1,1,1,255,0,0,96,96,1,1,0
2026-09-29T03:09:45.4771955+00:00,3380.209,1,1,1,1,1,255,0,0,96,96,1,1,0
2026-09-29T03:09:45.5397383+00:00,3380.271,1,1,1,1,1,255,0,0,96,96,1,1,0
2026-09-29T03:09:45.6072025+00:00,3380.339,1,1,1,1,1,255,0,0,96,96,1,1,0
2026-09-29T03:09:46.3622346+00:00,3381.094,1,1,1,1,1,255,0,0,96,96,1,1,0
2026-09-29T03:09:47.3634377+00:00,3382.095,1,1,1,1,1,255,0,0,96,96,1,1,0
2026-09-29T03:09:48.3649956+00:00,3383.097,1,1,1,1,1,255,0,0,96,96,1,1,0
2026-09-29T03:09:49.3669300+00:00,3384.099,1,1,1,1,1,255,0,0,96,96,1,1,0
2026-09-29T03:09:50.3688438+00:00,3385.100,1,1,1,1,1,255,0,0,96,96,1,1,0
2026-09-29T03:09:51.3696225+00:00,3386.101,1,1,1,1,1,255,0,0,96,96,1,1,0
2026-09-29T03:09:52.3721610+00:00,3387.104,1,1,1,1,1,255,0,0,96,96,1,1,0
2026-09-29T03:09:53.3743735+00:00,3388.106,1,1,1,1,1,255,0,0,96,96,1,1,0
2026-09-29T03:09:54.3884904+00:00,3389.120,1,1,1,1,1,255,0,0,96,96,1,1,0
2026-09-29T03:09:55.3938841+00:00,3390.125,1,1,1,1,1,255,0,0,96,96,1,1,0
2026-09-29T03:09:56.3952614+00:00,3391.127,1,1,1,1,1,255,0,0,96,96,1,1,0
2026-09-29T03:09:57.3964122+00:00,3392.128,1,1,1,1,1,255,0,0,96,96,1,1,0
2026-09-29T03:09:58.3979666+00:00,3393.130,1,1,1,1,1,255,0,0,96,96,1,1,0
2026-09-29T03:09:59.3998966+00:00,3394.131,1,1,1,1,1,255,0,0,96,96,1,1,0
2026-09-29T03:10:00.4014687+00:00,3395.133,1,1,1,1,1,255,0,0,96,96,1,1,0
2026-09-29T03:10:01.4027936+00:00,3396.134,1,1,1,1,1,255,0,0,96,96,1,1,0
2026-09-29T03:10:02.4043416+00:00,3397.136,1,1,1,1,1,255,0,0,96,96,1,1,0
2026-09-29T03:10:03.4064647+00:00,3398.138,1,1,1,1,1,255,0,0,96,96,1,1,0
2026-09-29T03:10:04.4086304+00:00,3399.140,1,1,1,1,1,255,0,0,96,96,1,1,0
2026-09-29T03:10:05.4107911+00:00,3400.142,1,1,1,1,1,255,0,0,96,96,1,1,0
2026-09-29T03:10:06.4125214+00:00,3401.144,1,1,1,1,1,255,0,0,96,96,1,1,0
2026-09-29T03:10:06.4946822+00:00,3401.226,1,1,1,1,1,255,0,0,96,96,1,1,0
2026-09-29T03:10:06.5653195+00:00,3401.297,1,1,1,1,1,255,0,0,96,96,1,1,0
2026-09-29T03:10:06.6433298+00:00,3401.375,1,1,1,1,1,255,0,0,96,96,1,1,0
2026-09-29T03:10:06.7183208+00:00,3401.450,1,1,1,1,1,255,0,0,96,96,1,1,0
2026-09-29T03:10:06.7883263+00:00,3401.520,1,1,1,1,1,255,0,0,96,96,1,1,0
2026-09-29T03:10:06.8633355+00:00,3401.595,1,1,1,1,1,255,0,0,96,96,1,1,0
2026-09-29T03:10:06.9363340+00:00,3401.668,1,1,1,1,1,255,0,0,96,96,1,1,0
2026-09-29T03:10:07.0093240+00:00,3401.741,1,1,1,1,1,255,0,0,96,96,1,1,0
2026-09-29T03:10:07.0673312+00:00,3401.799,1,1,1,1,1,255,0,0,96,96,1,1,0
2026-09-29T03:10:07.1473302+00:00,3401.879,1,1,1,1,1,255,0,0,96,96,1,1,0
2026-09-29T03:10:07.2183257+00:00,3401.950,1,1,1,1,1,255,0,0,96,96,1,1,0
2026-09-29T03:10:07.3033426+00:00,3402.035,1,1,1,1,1,255,0,0,96,96,1,1,0
2026-09-29T03:10:07.3801373+00:00,3402.112,1,1,1,1,1,255,0,0,96,96,1,1,0
2026-09-29T03:10:07.4402317+00:00,3402.172,1,1,1,1,1,255,0,0,96,96,1,1,0
2026-09-29T03:10:07.5172456+00:00,3402.250,1,1,1,1,1,255,0,0,96,96,1,1,0
2026-09-29T03:10:07.6052329+00:00,3402.337,1,1,1,1,1,255,0,0,96,96,1,1,0
2026-09-29T03:10:07.6662334+00:00,3402.398,1,1,1,1,1,255,0,0,96,96,1,1,0
2026-09-29T03:10:07.7672343+00:00,3402.499,1,1,1,1,1,255,0,0,96,96,1,1,0
2026-09-29T03:10:07.8432356+00:00,3402.575,1,1,1,1,1,255,0,0,96,96,1,1,0
2026-09-29T03:10:07.9222356+00:00,3402.654,1,1,1,1,1,255,0,0,96,96,1,1,0
2026-09-29T03:10:08.6640519+00:00,3403.396,1,1,1,1,1,255,0,0,96,96,1,1,0
2026-09-29T03:10:09.6660641+00:00,3404.398,1,1,1,1,1,255,0,0,96,96,1,1,0
2026-09-29T03:10:10.6677284+00:00,3405.399,1,1,1,1,1,255,0,0,96,96,1,1,0
2026-09-29T03:10:11.6699135+00:00,3406.401,1,1,1,1,1,255,0,0,96,96,1,1,0
2026-09-29T03:10:12.6714526+00:00,3407.403,1,1,1,1,1,255,0,0,96,96,1,1,0
2026-09-29T03:10:13.6730959+00:00,3408.405,1,1,1,1,1,255,0,0,96,96,1,1,0
2026-09-29T03:10:14.6747720+00:00,3409.406,1,1,1,1,1,255,0,0,96,96,1,1,0
2026-09-29T03:10:15.6764481+00:00,3410.408,1,1,1,1,1,255,0,0,96,96,1,1,0
2026-09-29T03:10:16.6772497+00:00,3411.409,1,1,1,1,1,255,0,0,96,96,1,1,0
2026-09-29T03:10:17.6933578+00:00,3412.425,1,1,1,1,1,255,0,0,96,96,1,1,0
2026-09-29T03:10:18.7095274+00:00,3413.441,1,1,1,1,1,255,0,0,96,96,1,1,0
2026-09-29T03:10:19.7117266+00:00,3414.443,1,1,1,1,1,255,0,0,96,96,1,1,0
2026-09-29T03:10:20.7131756+00:00,3415.445,1,1,1,1,1,255,0,0,96,96,1,1,0
2026-09-29T03:10:21.7145769+00:00,3416.446,1,1,1,1,1,255,0,0,96,96,1,1,0
2026-09-29T03:10:22.7161269+00:00,3417.448,1,1,1,1,1,255,0,0,96,96,1,1,0
2026-09-29T03:10:23.7182036+00:00,3418.450,1,1,1,1,1,255,0,0,96,96,1,1,0
2026-09-29T03:10:24.7202758+00:00,3419.452,1,1,1,1,1,255,0,0,96,96,1,1,0
2026-09-29T03:10:25.7224480+00:00,3420.454,1,1,1,1,1,255,0,0,96,96,1,1,0
2026-09-29T03:10:26.7239162+00:00,3421.455,1,1,1,1,1,255,0,0,96,96,1,1,0
2026-09-29T03:10:27.7254853+00:00,3422.457,1,1,1,1,1,255,0,0,96,96,1,1,0
2026-09-29T03:10:28.7270841+00:00,3423.458,1,1,1,1,1,255,0,0,96,96,1,1,0
2026-09-29T03:10:28.8040875+00:00,3423.535,1,1,1,1,1,255,0,0,96,96,1,1,0
2026-09-29T03:10:28.8800908+00:00,3423.611,1,1,1,1,1,255,0,0,96,96,1,1,0
2026-09-29T03:10:28.9446989+00:00,3423.676,1,1,1,1,1,255,0,0,96,96,1,1,0
2026-09-29T03:10:29.0306988+00:00,3423.762,1,1,1,1,1,255,0,0,96,96,1,1,0
2026-09-29T03:10:29.1017122+00:00,3423.833,1,1,1,1,1,255,0,0,96,96,1,1,0
2026-09-29T03:10:29.1816996+00:00,3423.913,1,1,1,1,1,255,0,0,96,96,1,1,0
2026-09-29T03:10:29.2456999+00:00,3423.977,1,1,1,1,1,255,0,0,96,96,1,1,0
2026-09-29T03:10:29.3189389+00:00,3424.050,1,1,1,1,1,255,0,0,96,96,1,1,0
2026-09-29T03:10:29.3920152+00:00,3424.123,1,1,1,1,1,255,0,0,96,96,1,1,0
2026-09-29T03:10:29.4641241+00:00,3424.195,1,1,1,1,1,255,0,0,96,96,1,1,0
2026-09-29T03:10:29.5381238+00:00,3424.269,1,1,1,1,1,255,0,0,96,96,1,1,0
2026-09-29T03:10:29.6231077+00:00,3424.355,1,1,1,1,1,255,0,0,96,96,1,1,0
2026-09-29T03:10:29.6851080+00:00,3424.416,1,1,1,1,1,255,0,0,96,96,1,1,0
2026-09-29T03:10:29.7721088+00:00,3424.503,1,1,1,1,1,255,0,0,96,96,1,1,0
2026-09-29T03:10:29.8370880+00:00,3424.568,1,1,1,1,1,255,0,0,96,96,1,1,0
2026-09-29T03:10:29.9063644+00:00,3424.638,1,1,1,1,1,255,0,0,96,96,1,1,0
2026-09-29T03:10:29.9799365+00:00,3424.711,1,1,1,1,1,255,0,0,96,96,1,1,0
2026-09-29T03:10:30.0539371+00:00,3424.785,1,1,1,1,1,255,0,0,96,96,1,1,0
2026-09-29T03:10:30.1271811+00:00,3424.859,1,1,1,1,1,255,0,0,96,96,1,1,0
2026-09-29T03:10:30.2041927+00:00,3424.936,1,1,1,1,1,255,0,0,96,96,1,1,0
2026-09-29T03:10:30.9658865+00:00,3425.697,1,1,1,1,1,255,0,0,96,96,1,1,0
2026-09-29T03:10:31.9688462+00:00,3426.700,1,1,1,1,1,255,0,0,96,96,1,1,0
2026-09-29T03:10:32.9713762+00:00,3427.703,1,1,1,1,1,255,0,0,96,96,1,1,0
2026-09-29T03:10:33.9736076+00:00,3428.705,1,1,1,1,1,255,0,0,96,96,1,1,0
2026-09-29T03:10:34.9752463+00:00,3429.707,1,1,1,1,1,255,0,0,96,96,1,1,0
2026-09-29T03:10:35.9769196+00:00,3430.708,1,1,1,1,1,255,0,0,96,96,1,1,0
2026-09-29T03:10:36.9783773+00:00,3431.710,1,1,1,1,1,255,0,0,96,96,1,1,0
2026-09-29T03:10:37.9804739+00:00,3432.712,1,1,1,1,1,255,0,0,96,96,1,1,0
2026-09-29T03:10:38.9906618+00:00,3433.722,1,1,1,1,1,255,0,0,96,96,1,1,0
2026-09-29T03:10:40.0036456+00:00,3434.735,1,1,1,1,1,255,0,0,96,96,1,1,0
2026-09-29T03:10:41.0050178+00:00,3435.736,1,1,1,1,1,255,0,0,96,96,1,1,0
2026-09-29T03:10:42.0070939+00:00,3436.738,1,1,1,1,1,255,0,0,96,96,1,1,0
2026-09-29T03:10:43.0086457+00:00,3437.740,1,1,1,1,1,255,0,0,96,96,1,1,0
2026-09-29T03:10:44.0103465+00:00,3438.742,1,1,1,1,1,255,0,0,96,96,1,1,0
2026-09-29T03:10:45.0119629+00:00,3439.743,1,1,1,1,1,255,0,0,96,96,1,1,0
2026-09-29T03:10:46.0137436+00:00,3440.745,1,1,1,1,1,255,0,0,96,96,1,1,0
2026-09-29T03:10:47.0158205+00:00,3441.747,1,1,1,1,1,255,0,0,96,96,1,1,0
2026-09-29T03:10:48.0285553+00:00,3442.760,1,1,1,1,1,255,0,0,96,96,1,1,0
2026-09-29T03:10:49.0307331+00:00,3443.762,1,1,1,1,1,255,0,0,96,96,1,1,0
2026-09-29T03:10:50.0322637+00:00,3444.763,1,1,1,1,1,255,0,0,96,96,1,1,0
2026-09-29T03:10:51.0340939+00:00,3445.765,1,1,1,1,1,255,0,0,96,96,1,1,0
2026-09-29T03:10:51.1090851+00:00,3445.840,1,1,1,1,1,255,0,0,96,96,1,1,0
2026-09-29T03:10:51.1860855+00:00,3445.917,1,1,1,1,1,255,0,0,96,96,1,1,0
2026-09-29T03:10:51.2500934+00:00,3445.981,1,1,1,1,1,255,0,0,96,96,1,1,0
2026-09-29T03:10:51.3431088+00:00,3446.074,1,1,1,1,1,255,0,0,96,96,1,1,0
2026-09-29T03:10:51.4171866+00:00,3446.148,1,1,1,1,1,255,0,0,96,96,1,1,0
2026-09-29T03:10:51.4891973+00:00,3446.220,1,1,1,1,1,255,0,0,96,96,1,1,0
2026-09-29T03:10:51.5621882+00:00,3446.293,1,1,1,1,1,255,0,0,96,96,1,1,0
2026-09-29T03:10:51.6392064+00:00,3446.370,1,1,1,1,1,255,0,0,96,96,1,1,0
2026-09-29T03:10:51.7112074+00:00,3446.442,1,1,1,1,1,255,0,0,96,96,1,1,0
2026-09-29T03:10:51.7781909+00:00,3446.509,1,1,1,1,1,255,0,0,96,96,1,1,0
2026-09-29T03:10:51.8461916+00:00,3446.577,1,1,1,1,1,255,0,0,96,96,1,1,0
2026-09-29T03:10:51.9322066+00:00,3446.663,1,1,1,1,1,255,0,0,96,96,1,1,0
2026-09-29T03:10:52.0121973+00:00,3446.743,1,1,1,1,1,255,0,0,96,96,1,1,0
2026-09-29T03:10:52.0881951+00:00,3446.819,1,1,1,1,1,255,0,0,96,96,1,1,0
2026-09-29T03:10:52.1552076+00:00,3446.886,1,1,1,1,1,255,0,0,96,96,1,1,0
2026-09-29T03:10:52.2402065+00:00,3446.971,1,1,1,1,1,255,0,0,96,96,1,1,0
2026-09-29T03:10:52.3102033+00:00,3447.041,1,1,1,1,1,255,0,0,96,96,1,1,0
2026-09-29T03:10:52.3822201+00:00,3447.113,1,1,1,1,1,255,0,0,96,96,1,1,0
2026-09-29T03:10:52.4417471+00:00,3447.173,1,1,1,1,1,255,0,0,96,96,1,1,0
2026-09-29T03:10:52.5257480+00:00,3447.257,1,1,1,1,1,255,0,0,96,96,1,1,0
2026-09-29T03:10:53.2788313+00:00,3448.010,1,1,1,1,1,255,0,0,96,96,1,1,0
2026-09-29T03:10:54.2822783+00:00,3449.013,1,1,1,1,1,255,0,0,96,96,1,1,0
2026-09-29T03:10:55.2845212+00:00,3450.016,1,1,1,1,1,255,0,0,96,96,1,1,0
2026-09-29T03:10:56.2859503+00:00,3451.017,1,1,1,1,1,255,0,0,96,96,1,1,0
2026-09-29T03:10:57.2873534+00:00,3452.018,1,1,1,1,1,255,0,0,96,96,1,1,0
2026-09-29T03:10:58.2894323+00:00,3453.020,1,1,1,1,1,255,0,0,96,96,1,1,0
2026-09-29T03:10:59.2917064+00:00,3454.023,1,1,1,1,1,255,0,0,96,96,1,1,0
2026-09-29T03:11:00.2933631+00:00,3455.024,1,1,1,1,1,255,0,0,96,96,1,1,0
2026-09-29T03:11:01.3011155+00:00,3456.032,1,1,1,1,1,255,0,0,96,96,1,1,0
2026-09-29T03:11:02.3038730+00:00,3457.035,1,1,1,1,1,255,0,0,96,96,1,1,0
2026-09-29T03:11:03.3190616+00:00,3458.050,1,1,1,1,1,255,0,0,96,96,1,1,0
2026-09-29T03:11:04.3207342+00:00,3459.052,1,1,1,1,1,255,0,0,96,96,1,1,0
2026-09-29T03:11:05.3222975+00:00,3460.053,1,1,1,1,1,255,0,0,96,96,1,1,0
2026-09-29T03:11:06.3237747+00:00,3461.055,1,1,1,1,1,255,0,0,96,96,1,1,0
2026-09-29T03:11:07.3258884+00:00,3462.057,1,1,1,1,1,255,0,0,96,96,1,1,0
2026-09-29T03:11:08.3275831+00:00,3463.059,1,1,1,1,1,255,0,0,96,96,1,1,0
2026-09-29T03:11:09.3295917+00:00,3464.061,1,1,1,1,1,255,0,0,96,96,1,1,0
2026-09-29T03:11:10.3315205+00:00,3465.062,1,1,1,1,1,255,0,0,96,96,1,1,0
2026-09-29T03:11:11.3329533+00:00,3466.064,1,1,1,1,1,255,0,0,96,96,1,1,0
2026-09-29T03:11:12.3350969+00:00,3467.066,1,1,1,1,1,255,0,0,96,96,1,1,0
2026-09-29T03:11:13.3371860+00:00,3468.068,1,1,1,1,1,255,0,0,96,96,1,1,0
2026-09-29T03:11:13.4077308+00:00,3468.139,1,1,1,1,1,255,0,0,96,96,1,1,0
2026-09-29T03:11:13.4967351+00:00,3468.228,1,1,1,1,1,255,0,0,96,96,1,1,0
2026-09-29T03:11:13.5727441+00:00,3468.304,1,1,1,1,1,255,0,0,96,96,1,1,0
2026-09-29T03:11:13.6337441+00:00,3468.365,1,1,1,1,1,255,0,0,96,96,1,1,0
2026-09-29T03:11:13.7177439+00:00,3468.449,1,1,1,1,1,255,0,0,96,96,1,1,0
2026-09-29T03:11:13.7947471+00:00,3468.526,1,1,1,1,1,255,0,0,96,96,1,1,0
2026-09-29T03:11:13.8667348+00:00,3468.598,1,1,1,1,1,255,0,0,96,96,1,1,0
2026-09-29T03:11:13.9432836+00:00,3468.674,1,1,1,1,1,255,0,0,96,96,1,1,0
2026-09-29T03:11:14.0162882+00:00,3468.747,1,1,1,1,1,255,0,0,96,96,1,1,0
2026-09-29T03:11:14.0842850+00:00,3468.815,1,1,1,1,1,255,0,0,96,96,1,1,0
2026-09-29T03:11:14.1552874+00:00,3468.886,1,1,1,1,1,255,0,0,96,96,1,1,0
2026-09-29T03:11:14.2322860+00:00,3468.963,1,1,1,1,1,255,0,0,96,96,1,1,0
2026-09-29T03:11:14.3142871+00:00,3469.045,1,1,1,1,1,255,0,0,96,96,1,1,0
2026-09-29T03:11:14.3903099+00:00,3469.121,1,1,1,1,1,255,0,0,96,96,1,1,0
2026-09-29T03:11:14.4644478+00:00,3469.195,1,1,1,1,1,255,0,0,96,96,1,1,0
2026-09-29T03:11:14.5364534+00:00,3469.267,1,1,1,1,1,255,0,0,96,96,1,1,0
2026-09-29T03:11:14.6054612+00:00,3469.336,1,1,1,1,1,255,0,0,96,96,1,1,0
2026-09-29T03:11:14.6798978+00:00,3469.411,1,1,1,1,1,255,0,0,96,96,1,1,0
2026-09-29T03:11:14.7394690+00:00,3469.470,1,1,1,1,1,255,0,0,96,96,1,1,0
2026-09-29T03:11:14.8144508+00:00,3469.545,1,1,1,1,1,255,0,0,96,96,1,1,0
2026-09-29T03:11:15.5705999+00:00,3470.302,1,1,1,1,1,255,0,0,96,96,1,1,0
2026-09-29T03:11:16.5729856+00:00,3471.304,1,1,1,1,1,255,0,0,96,96,1,1,0
2026-09-29T03:11:17.5826803+00:00,3472.314,1,1,1,1,1,255,0,0,96,96,1,1,0
2026-09-29T03:11:18.5844289+00:00,3473.315,1,1,1,1,1,255,0,0,96,96,1,1,0
2026-09-29T03:11:19.5859908+00:00,3474.317,1,1,1,1,1,255,0,0,96,96,1,1,0
2026-09-29T03:11:20.5873635+00:00,3475.318,1,1,1,1,1,255,0,0,96,96,1,1,0
2026-09-29T03:11:21.5890802+00:00,3476.320,1,1,1,1,1,255,0,0,96,96,1,1,0
2026-09-29T03:11:22.5906310+00:00,3477.321,1,1,1,1,1,255,0,0,96,96,1,1,0
2026-09-29T03:11:23.5983118+00:00,3478.329,1,1,1,1,1,255,0,0,96,96,1,1,0
2026-09-29T03:11:24.6129286+00:00,3479.344,1,1,1,1,1,255,0,0,96,96,1,1,0
2026-09-29T03:11:25.6151069+00:00,3480.346,1,1,1,1,1,255,0,0,96,96,1,1,0
2026-09-29T03:11:26.6162069+00:00,3481.347,1,1,1,1,1,255,0,0,96,96,1,1,0
2026-09-29T03:11:27.6184930+00:00,3482.349,1,1,1,1,1,255,0,0,96,96,1,1,0
2026-09-29T03:11:28.6200911+00:00,3483.351,1,1,1,1,1,255,0,0,96,96,1,1,0
2026-09-29T03:11:29.6214899+00:00,3484.352,1,1,1,1,1,255,0,0,96,96,1,1,0
2026-09-29T03:11:30.6229613+00:00,3485.354,1,1,1,1,1,255,0,0,96,96,1,1,0
2026-09-29T03:11:31.6242601+00:00,3486.355,1,1,1,1,1,255,0,0,96,96,1,1,0
2026-09-29T03:11:32.6258041+00:00,3487.357,1,1,1,1,1,255,0,0,96,96,1,1,0
2026-09-29T03:11:33.6270636+00:00,3488.358,1,1,1,1,1,255,0,0,96,96,1,1,0
2026-09-29T03:11:34.6286967+00:00,3489.359,1,1,1,1,1,255,0,0,96,96,1,1,0
2026-09-29T03:11:35.6299581+00:00,3490.361,1,1,1,1,1,255,0,0,96,96,1,1,0
2026-09-29T03:11:35.6949473+00:00,3490.426,1,1,1,1,1,255,0,0,96,96,1,1,0
2026-09-29T03:11:35.7659654+00:00,3490.497,1,1,1,1,1,255,0,0,96,96,1,1,0
2026-09-29T03:11:35.8369640+00:00,3490.568,1,1,1,1,1,255,0,0,96,96,1,1,0
2026-09-29T03:11:35.9067531+00:00,3490.637,1,1,1,1,1,255,0,0,96,96,1,1,0
2026-09-29T03:11:35.9717536+00:00,3490.702,1,1,1,1,1,255,0,0,96,96,1,1,0
2026-09-29T03:11:36.0417692+00:00,3490.773,1,1,1,1,1,255,0,0,96,96,1,1,0
2026-09-29T03:11:36.1147651+00:00,3490.846,1,1,1,1,1,255,0,0,96,96,1,1,0
2026-09-29T03:11:36.1857589+00:00,3490.916,1,1,1,1,1,255,0,0,96,96,1,1,0
2026-09-29T03:11:36.2497546+00:00,3490.980,1,1,1,1,1,255,0,0,96,96,1,1,0
2026-09-29T03:11:36.3247577+00:00,3491.055,1,1,1,1,1,255,0,0,96,96,1,1,0
2026-09-29T03:11:36.4017830+00:00,3491.133,1,1,1,1,1,255,0,0,96,96,1,1,0
2026-09-29T03:11:36.4845549+00:00,3491.215,1,1,1,1,1,255,0,0,96,96,1,1,0
2026-09-29T03:11:36.5485574+00:00,3491.279,1,1,1,1,1,255,0,0,96,96,1,1,0
2026-09-29T03:11:36.6285657+00:00,3491.359,1,1,1,1,1,255,0,0,96,96,1,1,0
2026-09-29T03:11:36.7086717+00:00,3491.439,1,1,1,1,1,255,0,0,96,96,1,1,0
2026-09-29T03:11:36.7847429+00:00,3491.515,1,1,1,1,1,255,0,0,96,96,1,1,0
2026-09-29T03:11:36.8487568+00:00,3491.579,1,1,1,1,1,255,0,0,96,96,1,1,0
2026-09-29T03:11:36.9347555+00:00,3491.665,1,1,1,1,1,255,0,0,96,96,1,1,0
2026-09-29T03:11:37.0017575+00:00,3491.732,1,1,1,1,1,255,0,0,96,96,1,1,0
2026-09-29T03:11:37.0647557+00:00,3491.795,1,1,1,1,1,255,0,0,96,96,1,1,0
2026-09-29T03:11:37.8171518+00:00,3492.548,1,1,1,1,1,255,0,0,96,96,1,1,0
2026-09-29T03:11:38.8200892+00:00,3493.551,1,1,1,1,1,255,0,0,96,96,1,1,0
2026-09-29T03:11:39.8218118+00:00,3494.553,1,1,1,1,1,255,0,0,96,96,1,1,0
2026-09-29T03:11:40.8235023+00:00,3495.554,1,1,1,1,1,255,0,0,96,96,1,1,0
2026-09-29T03:11:41.8248247+00:00,3496.556,1,1,1,1,1,255,0,0,96,96,1,1,0
2026-09-29T03:11:42.8263794+00:00,3497.557,1,1,1,1,1,255,0,0,96,96,1,1,0
2026-09-29T03:11:43.8280349+00:00,3498.559,1,1,1,1,1,255,0,0,96,96,1,1,0
2026-09-29T03:11:44.8296749+00:00,3499.560,1,1,1,1,1,255,0,0,96,96,1,1,0
2026-09-29T03:11:45.8318216+00:00,3500.562,1,1,1,1,1,255,0,0,96,96,1,1,0
2026-09-29T03:11:46.8336987+00:00,3501.564,1,1,1,1,1,255,0,0,96,96,1,1,0
2026-09-29T03:11:47.8478826+00:00,3502.579,1,1,1,1,1,255,0,0,96,96,1,1,0
2026-09-29T03:11:48.8499864+00:00,3503.581,1,1,1,1,1,255,0,0,96,96,1,1,0
2026-09-29T03:11:49.8519724+00:00,3504.583,1,1,1,1,1,255,0,0,96,96,1,1,0
2026-09-29T03:11:50.8535716+00:00,3505.584,1,1,1,1,1,255,0,0,96,96,1,1,0
2026-09-29T03:11:51.8553637+00:00,3506.586,1,1,1,1,1,255,0,0,96,96,1,1,0
2026-09-29T03:11:52.8569007+00:00,3507.587,1,1,1,1,1,255,0,0,96,96,1,1,0
2026-09-29T03:11:53.8589902+00:00,3508.590,1,1,1,1,1,255,0,0,96,96,1,1,0
2026-09-29T03:11:54.8610660+00:00,3509.592,1,1,1,1,1,255,0,0,96,96,1,1,0
2026-09-29T03:11:55.8622503+00:00,3510.593,1,1,1,1,1,255,0,0,96,96,1,1,0
2026-09-29T03:11:56.8638472+00:00,3511.594,1,1,1,1,1,255,0,0,96,96,1,1,0
2026-09-29T03:11:57.8652008+00:00,3512.596,1,1,1,1,1,255,0,0,96,96,1,1,0
2026-09-29T03:11:57.9571949+00:00,3512.688,1,1,1,1,1,255,0,0,96,96,1,1,0
2026-09-29T03:11:58.0285780+00:00,3512.759,1,1,1,1,1,255,0,0,96,96,1,1,0
2026-09-29T03:11:58.1015635+00:00,3512.832,1,1,1,1,1,255,0,0,96,96,1,1,0
2026-09-29T03:11:58.1755645+00:00,3512.906,1,1,1,1,1,255,0,0,96,96,1,1,0
2026-09-29T03:11:58.2432091+00:00,3512.974,1,1,1,1,1,255,0,0,96,96,1,1,0
2026-09-29T03:11:58.3255767+00:00,3513.056,1,1,1,1,1,255,0,0,96,96,1,1,0
2026-09-29T03:11:58.4075705+00:00,3513.138,1,1,1,1,1,255,0,0,96,96,1,1,0
2026-09-29T03:11:58.4847418+00:00,3513.215,1,1,1,1,1,255,0,0,96,96,1,1,0
2026-09-29T03:11:58.5497538+00:00,3513.280,1,1,1,1,1,255,0,0,96,96,1,1,0
2026-09-29T03:11:58.6220717+00:00,3513.353,1,1,1,1,1,255,0,0,96,96,1,1,0
2026-09-29T03:11:58.7029420+00:00,3513.433,1,1,1,1,1,255,0,0,96,96,1,1,0
2026-09-29T03:11:58.7769299+00:00,3513.507,1,1,1,1,1,255,0,0,96,96,1,1,0
2026-09-29T03:11:58.8509263+00:00,3513.581,1,1,1,1,1,255,0,0,96,96,1,1,0
2026-09-29T03:11:58.9269272+00:00,3513.657,1,1,1,1,1,255,0,0,96,96,1,1,0
2026-09-29T03:11:58.9995012+00:00,3513.730,1,1,1,1,1,255,0,0,96,96,1,1,0
2026-09-29T03:11:59.0685151+00:00,3513.799,1,1,1,1,1,255,0,0,96,96,1,1,0
2026-09-29T03:11:59.1421035+00:00,3513.873,1,1,1,1,1,255,0,0,96,96,1,1,0
2026-09-29T03:11:59.2165018+00:00,3513.947,1,1,1,1,1,255,0,0,96,96,1,1,0
2026-09-29T03:11:59.2855019+00:00,3514.017,1,1,1,1,1,255,0,0,96,96,1,1,0
2026-09-29T03:11:59.3441635+00:00,3514.075,1,1,1,1,1,255,0,0,96,96,1,1,0
2026-09-29T03:12:00.1312008+00:00,3514.862,1,1,1,1,1,255,0,0,96,96,1,1,0
2026-09-29T03:12:01.1342094+00:00,3515.865,1,1,1,1,1,255,0,0,96,96,1,1,0
2026-09-29T03:12:02.1354288+00:00,3516.866,1,1,1,1,1,255,0,0,96,96,1,1,0
2026-09-29T03:12:03.1369889+00:00,3517.867,1,1,1,1,1,255,0,0,96,96,1,1,0
2026-09-29T03:12:04.1390948+00:00,3518.870,1,1,1,1,1,255,0,0,96,96,1,1,0
2026-09-29T03:12:05.1407349+00:00,3519.871,1,1,1,1,1,255,0,0,96,96,1,1,0
2026-09-29T03:12:06.1425396+00:00,3520.873,1,1,1,1,1,255,0,0,96,96,1,1,0
2026-09-29T03:12:07.1442654+00:00,3521.875,1,1,1,1,1,255,0,0,96,96,1,1,0
2026-09-29T03:12:08.1459830+00:00,3522.876,1,1,1,1,1,255,0,0,96,96,1,1,0
2026-09-29T03:12:09.1481602+00:00,3523.879,1,1,1,1,1,255,0,0,96,96,1,1,0
2026-09-29T03:12:10.1495883+00:00,3524.880,1,1,1,1,1,255,0,0,96,96,1,1,0
2026-09-29T03:12:11.1513173+00:00,3525.882,1,1,1,1,1,255,0,0,96,96,1,1,0
2026-09-29T03:12:12.1525634+00:00,3526.883,1,1,1,1,1,255,0,0,96,96,1,1,0
2026-09-29T03:12:13.1541076+00:00,3527.885,1,1,1,1,1,255,0,0,96,96,1,1,0
2026-09-29T03:12:14.1557352+00:00,3528.886,1,1,1,1,1,255,0,0,96,96,1,1,0
2026-09-29T03:12:15.1578144+00:00,3529.888,1,1,1,1,1,255,0,0,96,96,1,1,0
2026-09-29T03:12:16.1596266+00:00,3530.890,1,1,1,1,1,255,0,0,96,96,1,1,0
2026-09-29T03:12:17.1621750+00:00,3531.893,1,1,1,1,1,255,0,0,96,96,1,1,0
2026-09-29T03:12:18.1643745+00:00,3532.895,1,1,1,1,1,255,0,0,96,96,1,1,0
2026-09-29T03:12:19.1662335+00:00,3533.897,1,1,1,1,1,255,0,0,96,96,1,1,0
2026-09-29T03:12:20.1682603+00:00,3534.899,1,1,1,1,1,255,0,0,96,96,1,1,0
2026-09-29T03:12:20.2492518+00:00,3534.980,1,1,1,1,1,255,0,0,96,96,1,1,0
2026-09-29T03:12:20.3202523+00:00,3535.051,1,1,1,1,1,255,0,0,96,96,1,1,0
2026-09-29T03:12:20.3902566+00:00,3535.121,1,1,1,1,1,255,0,0,96,96,1,1,0
2026-09-29T03:12:20.4645149+00:00,3535.195,1,1,1,1,1,255,0,0,96,96,1,1,0
2026-09-29T03:12:20.5375145+00:00,3535.268,1,1,1,1,1,255,0,0,96,96,1,1,0
2026-09-29T03:12:20.6124981+00:00,3535.343,1,1,1,1,1,255,0,0,96,96,1,1,0
2026-09-29T03:12:20.6845005+00:00,3535.415,1,1,1,1,1,255,0,0,96,96,1,1,0
2026-09-29T03:12:20.7515000+00:00,3535.482,1,1,1,1,1,255,0,0,96,96,1,1,0
2026-09-29T03:12:20.8254991+00:00,3535.556,1,1,1,1,1,255,0,0,96,96,1,1,0
2026-09-29T03:12:20.8960775+00:00,3535.626,1,1,1,1,1,255,0,0,96,96,1,1,0
2026-09-29T03:12:20.9737657+00:00,3535.704,1,1,1,1,1,255,0,0,96,96,1,1,0
2026-09-29T03:12:21.0457675+00:00,3535.776,1,1,1,1,1,255,0,0,96,96,1,1,0
2026-09-29T03:12:21.1137670+00:00,3535.844,1,1,1,1,1,255,0,0,96,96,1,1,0
2026-09-29T03:12:21.1877747+00:00,3535.918,1,1,1,1,1,255,0,0,96,96,1,1,0
2026-09-29T03:12:21.2547685+00:00,3535.985,1,1,1,1,1,255,0,0,96,96,1,1,0
2026-09-29T03:12:21.3227853+00:00,3536.053,1,1,1,1,1,255,0,0,96,96,1,1,0
2026-09-29T03:12:21.4003443+00:00,3536.131,1,1,1,1,1,255,0,0,96,96,1,1,0
2026-09-29T03:12:21.4788923+00:00,3536.209,1,1,1,1,1,255,0,0,96,96,1,1,0
2026-09-29T03:12:21.5528975+00:00,3536.283,1,1,1,1,1,255,0,0,96,96,1,1,0
2026-09-29T03:12:21.6219055+00:00,3536.352,1,1,1,1,1,255,0,0,96,96,1,1,0
2026-09-29T03:12:22.3831287+00:00,3537.113,1,1,1,1,1,255,0,0,96,96,1,1,0
2026-09-29T03:12:23.3868240+00:00,3538.117,1,1,1,1,1,255,0,0,96,96,1,1,0
2026-09-29T03:12:24.3884536+00:00,3539.119,1,1,1,1,1,255,0,0,96,96,1,1,0
2026-09-29T03:12:25.3900726+00:00,3540.120,1,1,1,1,1,255,0,0,96,96,1,1,0
2026-09-29T03:12:26.3918356+00:00,3541.122,1,1,1,1,1,255,0,0,96,96,1,1,0
2026-09-29T03:12:27.3936108+00:00,3542.124,1,1,1,1,1,255,0,0,96,96,1,1,0
2026-09-29T03:12:28.3951431+00:00,3543.125,1,1,1,1,1,255,0,0,96,96,1,1,0
2026-09-29T03:12:29.3965199+00:00,3544.127,1,1,1,1,1,255,0,0,96,96,1,1,0
2026-09-29T03:12:30.3977275+00:00,3545.128,1,1,1,1,1,255,0,0,96,96,1,1,0
2026-09-29T03:12:31.4105942+00:00,3546.141,1,1,1,1,1,255,0,0,96,96,1,1,0
2026-09-29T03:12:32.4121473+00:00,3547.142,1,1,1,1,1,255,0,0,96,96,1,1,0
2026-09-29T03:12:33.4137447+00:00,3548.144,1,1,1,1,1,255,0,0,96,96,1,1,0
2026-09-29T03:12:34.4154136+00:00,3549.146,1,1,1,1,1,255,0,0,96,96,1,1,0
2026-09-29T03:12:35.4171609+00:00,3550.147,1,1,1,1,1,255,0,0,96,96,1,1,0
2026-09-29T03:12:36.4189184+00:00,3551.149,1,1,1,1,1,255,0,0,96,96,1,1,0
2026-09-29T03:12:37.4208677+00:00,3552.151,1,1,1,1,1,255,0,0,96,96,1,1,0
2026-09-29T03:12:38.4225833+00:00,3553.153,1,1,1,1,1,255,0,0,96,96,1,1,0
2026-09-29T03:12:39.4239746+00:00,3554.154,1,1,1,1,1,255,0,0,96,96,1,1,0
2026-09-29T03:12:40.4258707+00:00,3555.156,1,1,1,1,1,255,0,0,96,96,1,1,0
2026-09-29T03:12:41.4273669+00:00,3556.158,1,1,1,1,1,255,0,0,96,96,1,1,0
2026-09-29T03:12:42.4294403+00:00,3557.160,1,1,1,1,1,255,0,0,96,96,1,1,0
2026-09-29T03:12:42.5144593+00:00,3557.245,1,1,1,1,1,255,0,0,96,96,1,1,0
2026-09-29T03:12:42.5844666+00:00,3557.315,1,1,1,1,1,255,0,0,96,96,1,1,0
2026-09-29T03:12:42.6590093+00:00,3557.389,1,1,1,1,1,255,0,0,96,96,1,1,0
2026-09-29T03:12:42.7374499+00:00,3557.468,1,1,1,1,1,255,0,0,96,96,1,1,0
2026-09-29T03:12:42.8110043+00:00,3557.541,1,1,1,1,1,255,0,0,96,96,1,1,0
2026-09-29T03:12:42.8944519+00:00,3557.625,1,1,1,1,1,255,0,0,96,96,1,1,0
2026-09-29T03:12:42.9634653+00:00,3557.694,1,1,1,1,1,255,0,0,96,96,1,1,0
2026-09-29T03:12:43.0454646+00:00,3557.776,1,1,1,1,1,255,0,0,96,96,1,1,0
2026-09-29T03:12:43.1219969+00:00,3557.852,1,1,1,1,1,255,0,0,96,96,1,1,0
2026-09-29T03:12:43.1959978+00:00,3557.926,1,1,1,1,1,255,0,0,96,96,1,1,0
2026-09-29T03:12:43.2630099+00:00,3557.993,1,1,1,1,1,255,0,0,96,96,1,1,0
2026-09-29T03:12:43.3370297+00:00,3558.067,1,1,1,1,1,255,0,0,96,96,1,1,0
2026-09-29T03:12:43.4065592+00:00,3558.137,1,1,1,1,1,255,0,0,96,96,1,1,0
2026-09-29T03:12:43.5031361+00:00,3558.233,1,1,1,1,1,255,0,0,96,96,1,1,0
2026-09-29T03:12:43.5841265+00:00,3558.314,1,1,1,1,1,255,0,0,96,96,1,1,0
2026-09-29T03:12:43.6571374+00:00,3558.387,1,1,1,1,1,255,0,0,96,96,1,1,0
2026-09-29T03:12:43.7221204+00:00,3558.452,1,1,1,1,1,255,0,0,96,96,1,1,0
2026-09-29T03:12:43.8051273+00:00,3558.535,1,1,1,1,1,255,0,0,96,96,1,1,0
2026-09-29T03:12:43.8771223+00:00,3558.607,1,1,1,1,1,255,0,0,96,96,1,1,0
2026-09-29T03:12:43.9431658+00:00,3558.673,1,1,1,1,1,255,0,0,96,96,1,1,0
2026-09-29T03:12:44.6919811+00:00,3559.422,1,1,1,1,1,255,0,0,96,96,1,1,0
2026-09-29T03:12:45.6944496+00:00,3560.425,1,1,1,1,1,255,0,0,96,96,1,1,0
2026-09-29T03:12:46.6958305+00:00,3561.426,1,1,1,1,1,255,0,0,96,96,1,1,0
2026-09-29T03:12:47.7089984+00:00,3562.439,1,1,1,1,1,255,0,0,96,96,1,1,0
2026-09-29T03:12:48.7106555+00:00,3563.441,1,1,1,1,1,255,0,0,96,96,1,1,0
2026-09-29T03:12:49.7120421+00:00,3564.442,1,1,1,1,1,255,0,0,96,96,1,1,0
2026-09-29T03:12:50.7135086+00:00,3565.444,1,1,1,1,1,255,0,0,96,96,1,1,0
2026-09-29T03:12:51.7156576+00:00,3566.446,1,1,1,1,1,255,0,0,96,96,1,1,0
2026-09-29T03:12:52.7272029+00:00,3567.457,1,1,1,1,1,255,0,0,96,96,1,1,0
2026-09-29T03:12:53.7406497+00:00,3568.471,1,1,1,1,1,255,0,0,96,96,1,1,0
2026-09-29T03:12:54.7418582+00:00,3569.472,1,1,1,1,1,255,0,0,96,96,1,1,0
2026-09-29T03:12:55.7432135+00:00,3570.473,1,1,1,1,1,255,0,0,96,96,1,1,0
2026-09-29T03:12:56.7445851+00:00,3571.475,1,1,1,1,1,255,0,0,96,96,1,1,0
2026-09-29T03:12:57.7466576+00:00,3572.477,1,1,1,1,1,255,0,0,96,96,1,1,0
2026-09-29T03:12:58.7482936+00:00,3573.478,1,1,1,1,1,255,0,0,96,96,1,1,0
2026-09-29T03:12:59.7496883+00:00,3574.480,1,1,1,1,1,255,0,0,96,96,1,1,0
2026-09-29T03:13:00.7511517+00:00,3575.481,1,1,1,1,1,255,0,0,96,96,1,1,0
2026-09-29T03:13:01.7533982+00:00,3576.483,1,1,1,1,1,255,0,0,96,96,1,1,0
2026-09-29T03:13:02.7549550+00:00,3577.485,1,1,1,1,1,255,0,0,96,96,1,1,0
2026-09-29T03:13:03.7570331+00:00,3578.487,1,1,1,1,1,255,0,0,96,96,1,1,0
2026-09-29T03:13:04.7586716+00:00,3579.489,1,1,1,1,1,255,0,0,96,96,1,1,0
2026-09-29T03:13:04.8411449+00:00,3579.571,1,1,1,1,1,255,0,0,96,96,1,1,0
2026-09-29T03:13:04.9101466+00:00,3579.640,1,1,1,1,1,255,0,0,96,96,1,1,0
2026-09-29T03:13:04.9817867+00:00,3579.712,1,1,1,1,1,255,0,0,96,96,1,1,0
2026-09-29T03:13:05.0467934+00:00,3579.777,1,1,1,1,1,255,0,0,96,96,1,1,0
2026-09-29T03:13:05.1207851+00:00,3579.851,1,1,1,1,1,255,0,0,96,96,1,1,0
2026-09-29T03:13:05.1937857+00:00,3579.924,1,1,1,1,1,255,0,0,96,96,1,1,0
2026-09-29T03:13:05.2567776+00:00,3579.987,1,1,1,1,1,255,0,0,96,96,1,1,0
2026-09-29T03:13:05.3297966+00:00,3580.060,1,1,1,1,1,255,0,0,96,96,1,1,0
2026-09-29T03:13:05.3993760+00:00,3580.129,1,1,1,1,1,255,0,0,96,96,1,1,0
2026-09-29T03:13:05.4791622+00:00,3580.209,1,1,1,1,1,255,0,0,96,96,1,1,0
2026-09-29T03:13:05.5601613+00:00,3580.291,1,1,1,1,1,255,0,0,96,96,1,1,0
2026-09-29T03:13:05.6351752+00:00,3580.365,1,1,1,1,1,255,0,0,96,96,1,1,0
2026-09-29T03:13:05.7111785+00:00,3580.441,1,1,1,1,1,255,0,0,96,96,1,1,0
2026-09-29T03:13:05.7791734+00:00,3580.509,1,1,1,1,1,255,0,0,96,96,1,1,0
2026-09-29T03:13:05.8461625+00:00,3580.576,1,1,1,1,1,255,0,0,96,96,1,1,0
2026-09-29T03:13:05.9234277+00:00,3580.653,1,1,1,1,1,255,0,0,96,96,1,1,0
2026-09-29T03:13:06.0084164+00:00,3580.738,1,1,1,1,1,255,0,0,96,96,1,1,0
2026-09-29T03:13:06.0824249+00:00,3580.812,1,1,1,1,1,255,0,0,96,96,1,1,0
2026-09-29T03:13:06.1434313+00:00,3580.873,1,1,1,1,1,255,0,0,96,96,1,1,0
2026-09-29T03:13:06.2274294+00:00,3580.957,1,1,1,1,1,255,0,0,96,96,1,1,0
2026-09-29T03:13:06.9943779+00:00,3581.724,1,1,1,1,1,255,0,0,96,96,1,1,0
2026-09-29T03:13:07.9971468+00:00,3582.727,1,1,1,1,1,255,0,0,96,96,1,1,0
2026-09-29T03:13:08.9994458+00:00,3583.729,1,1,1,1,1,255,0,0,96,96,1,1,0
2026-09-29T03:13:10.0013265+00:00,3584.731,1,1,1,1,1,255,0,0,96,96,1,1,0
2026-09-29T03:13:11.0034679+00:00,3585.733,1,1,1,1,1,255,0,0,96,96,1,1,0
2026-09-29T03:13:12.0056588+00:00,3586.736,1,1,1,1,1,255,0,0,96,96,1,1,0
2026-09-29T03:13:13.0076973+00:00,3587.738,1,1,1,1,1,255,0,0,96,96,1,1,0
2026-09-29T03:13:14.0090989+00:00,3588.739,1,1,1,1,1,255,0,0,96,96,1,1,0
2026-09-29T03:13:15.0213255+00:00,3589.751,1,1,1,1,1,255,0,0,96,96,1,1,0
2026-09-29T03:13:16.0316558+00:00,3590.762,1,1,1,1,1,255,0,0,96,96,1,1,0
2026-09-29T03:13:17.0428521+00:00,3591.773,1,1,1,1,1,255,0,0,96,96,1,1,0
2026-09-29T03:13:18.0445009+00:00,3592.774,1,1,1,1,1,255,0,0,96,96,1,1,0
2026-09-29T03:13:19.0458319+00:00,3593.776,1,1,1,1,1,255,0,0,96,96,1,1,0
2026-09-29T03:13:20.0478766+00:00,3594.778,1,1,1,1,1,255,0,0,96,96,1,1,0
2026-09-29T03:13:21.0499926+00:00,3595.780,1,1,1,1,1,255,0,0,96,96,1,1,0
2026-09-29T03:13:22.0522276+00:00,3596.782,1,1,1,1,1,255,0,0,96,96,1,1,0
2026-09-29T03:13:23.0543865+00:00,3597.784,1,1,1,1,1,255,0,0,96,96,1,1,0
2026-09-29T03:13:24.0565222+00:00,3598.786,1,1,1,1,1,255,0,0,96,96,1,1,0
2026-09-29T03:13:25.0586992+00:00,3599.788,1,1,1,1,1,255,0,0,96,96,1,1,0
2026-09-29T03:13:26.0601356+00:00,3600.790,1,1,1,1,1,255,0,0,96,96,1,1,0
2026-09-29T03:13:27.0624145+00:00,3601.792,1,1,1,1,1,255,0,0,96,96,1,1,0
