cycle,mode,ordinal,service_ms,ui_return_ms,apply_ms,layout_ms,bitmap_ms,command_overhead_ms,gate_wait_ms,worker_queue_ms,product_lookup_update_ms,snapshot_query_map_ms,snapshot_projection_ms,realized_rows,realized_grid,collection_changes,row_notifications,product_commands,commands_on_dispatcher,focus_scroll_wait_ms
0,Rows,1,12.330,2.227,1.211,0.001,31.756,73.569,0.200,0.077,0.487,11.026,0.095,26,12,0,22,2,0,47.560
0,Rows,2,19.146,0.236,1.154,0.001,25.916,35.284,0.004,0.054,0.727,18.031,0.214,26,12,0,22,2,0,26.344
0,Rows,3,11.057,1.528,0.732,0.001,26.873,32.122,0.001,0.056,0.583,10.223,0.093,26,12,0,22,2,0,24.872
0,Rows,4,34.254,0.143,0.959,0.001,26.152,28.319,0.001,0.058,0.626,33.281,0.164,26,12,0,22,2,0,19.375
0,Rows,5,11.074,0.597,0.711,0.001,23.218,28.193,0.001,0.053,0.556,10.253,0.094,26,12,0,22,2,0,20.151
0,Rows,6,10.480,1.625,0.718,0.001,26.818,33.162,0.001,0.054,0.498,9.733,0.094,26,12,0,22,2,0,25.538
0,Rows,7,19.134,5.064,1.183,0.001,24.888,27.852,0.001,0.056,0.693,18.118,0.168,27,12,0,22,2,0,19.588
0,Rows,8,11.126,1.992,0.677,0.001,25.469,21.674,0.001,0.055,0.609,10.264,0.093,27,12,0,22,2,0,15.041
0,Rows,9,19.294,0.200,1.150,0.001,35.613,31.722,0.001,0.053,0.775,18.185,0.168,27,12,0,22,2,0,19.491
0,Rows,10,18.410,0.341,0.937,0.001,24.625,33.420,0.001,0.049,0.719,17.377,0.164,27,12,0,22,2,0,26.092
0,Grid,1,26.854,0.916,1.217,0.001,37.860,39.962,0.001,0.055,0.518,26.028,0.161,27,12,0,22,2,0,30.134
0,Grid,2,21.225,0.327,0.846,0.001,29.080,27.302,0.001,0.069,0.741,20.146,0.151,27,12,0,22,2,0,19.074
0,Grid,3,13.886,2.161,1.250,0.001,28.697,37.837,0.001,0.059,0.620,13.013,0.093,27,12,0,22,2,0,28.546
0,Grid,4,12.303,2.040,0.840,0.001,24.752,31.195,0.001,0.061,0.593,11.360,0.147,27,12,0,22,2,0,22.944
0,Grid,5,10.382,1.544,0.793,0.001,24.361,33.554,0.001,0.057,0.442,9.684,0.093,27,12,0,22,2,0,25.612
0,Grid,6,10.847,1.341,0.805,0.001,24.422,29.631,0.001,0.052,0.574,9.956,0.165,27,12,0,22,2,0,21.471
0,Grid,7,10.340,1.716,0.844,0.001,25.727,33.165,0.002,0.054,0.490,9.592,0.104,27,12,0,22,2,0,25.026
0,Grid,8,10.440,2.837,0.783,0.001,24.354,22.788,0.001,0.058,0.555,9.602,0.092,27,12,0,22,2,0,16.005
0,Grid,9,16.284,1.975,1.298,0.001,24.901,32.339,0.001,0.048,0.511,15.464,0.169,27,12,0,22,2,0,24.444
0,Grid,10,18.703,0.132,1.237,0.001,28.543,32.599,0.001,0.047,0.630,17.666,0.266,27,12,0,22,2,0,20.666
1,Grid,1,15.923,0.237,0.891,0.001,24.753,40.840,0.001,0.058,0.536,15.064,0.159,27,12,0,22,2,0,32.294
1,Grid,2,11.577,5.781,1.198,0.001,25.193,33.558,0.001,0.050,0.549,10.784,0.094,27,12,0,22,2,0,25.088
1,Grid,3,15.790,0.247,0.834,0.001,28.788,29.382,0.001,0.058,0.545,14.936,0.161,27,12,0,22,2,0,21.234
1,Grid,4,16.123,0.429,0.854,0.001,24.282,30.298,0.001,0.049,0.557,15.260,0.160,27,12,0,22,2,0,22.130
1,Grid,5,10.420,1.889,0.828,0.001,25.497,33.586,0.001,0.085,0.483,9.649,0.101,27,12,0,22,2,0,25.507
1,Grid,6,11.564,1.388,0.833,0.001,24.537,23.312,0.001,0.079,0.538,10.657,0.168,27,12,0,22,2,0,16.556
1,Grid,7,17.960,0.223,1.297,0.001,26.281,31.656,0.001,0.063,0.583,17.047,0.161,27,12,0,22,2,0,23.299
1,Grid,8,11.565,0.232,0.869,0.020,28.536,35.154,0.001,0.059,0.584,10.718,0.093,27,12,0,22,2,0,23.347
1,Grid,9,10.428,1.582,0.819,0.001,25.131,31.171,0.001,0.057,0.508,9.658,0.093,27,12,0,22,2,0,23.222
1,Grid,10,10.477,2.683,0.847,0.001,23.997,26.494,0.001,0.056,0.469,9.755,0.093,27,12,0,22,2,0,19.820
1,Rows,1,18.252,6.731,0.774,0.001,19.956,32.963,0.001,0.053,0.479,17.407,0.197,27,12,0,22,2,0,25.301
1,Rows,2,18.377,0.166,0.967,0.001,23.661,33.236,0.001,0.069,0.641,17.412,0.160,27,12,0,22,2,0,24.672
1,Rows,3,10.379,2.093,1.075,0.001,24.634,22.598,0.001,0.050,0.524,9.613,0.094,27,12,0,22,2,0,15.388
1,Rows,4,18.540,0.498,1.193,0.001,25.617,25.701,0.001,0.059,0.603,17.600,0.168,27,12,0,22,2,0,17.074
1,Rows,5,11.709,0.898,0.702,0.001,19.279,35.217,0.001,0.056,0.943,10.503,0.092,27,12,0,22,2,0,24.588
1,Rows,6,16.969,1.168,1.122,0.001,23.571,26.189,0.001,0.054,0.564,16.067,0.168,27,12,0,22,2,0,17.840
1,Rows,7,16.358,2.285,1.032,0.001,23.508,33.182,0.001,0.050,0.737,15.324,0.154,27,12,0,22,2,0,24.660
1,Rows,8,16.618,2.773,1.141,0.001,18.862,35.238,0.001,0.064,0.598,15.645,0.168,27,12,0,22,2,0,26.876
1,Rows,9,18.170,0.089,1.232,0.001,25.106,32.262,0.001,0.065,0.604,17.211,0.192,27,12,0,22,2,0,23.452
1,Rows,10,18.679,0.074,1.043,0.001,25.804,25.599,0.001,0.054,0.650,17.688,0.167,27,12,0,22,2,0,17.094
2,Rows,1,10.558,1.501,0.740,0.002,18.873,47.945,0.001,0.055,0.420,9.857,0.113,27,12,0,22,2,0,39.524
2,Rows,2,10.646,1.555,0.755,0.001,23.330,23.280,0.001,0.053,0.695,9.672,0.123,27,12,0,22,2,0,15.960
2,Rows,3,16.714,0.867,1.107,0.001,27.361,25.879,0.001,0.052,0.530,15.841,0.192,27,12,0,22,2,0,17.490
2,Rows,4,19.957,0.223,1.216,0.001,31.013,39.002,0.001,0.062,0.724,18.876,0.189,27,12,0,22,2,0,24.695
2,Rows,5,11.781,1.738,0.771,0.001,24.463,24.389,0.001,0.058,0.622,10.877,0.115,27,12,0,22,2,0,15.991
2,Rows,6,16.450,2.762,1.129,0.001,26.476,35.475,0.001,0.049,0.525,15.610,0.169,27,12,0,22,2,0,27.293
2,Rows,7,10.738,1.429,0.736,0.001,24.866,32.529,0.001,0.060,0.471,9.995,0.094,27,12,0,22,2,0,24.287
2,Rows,8,10.327,1.355,0.735,0.001,23.593,34.016,0.001,0.048,0.553,9.538,0.098,27,12,0,22,2,0,25.983
2,Rows,9,10.331,1.561,0.702,0.001,23.787,29.004,0.001,0.055,0.518,9.562,0.094,27,12,0,22,2,0,20.618
2,Rows,10,10.362,1.415,0.735,0.001,26.100,34.043,0.001,0.051,0.563,9.553,0.095,27,12,0,22,2,0,25.986
2,Grid,1,10.585,1.580,0.819,0.001,24.616,36.236,0.001,0.051,0.495,9.846,0.094,27,12,0,22,2,0,27.881
2,Grid,2,12.379,1.128,0.841,0.001,24.572,23.350,0.001,0.050,0.669,11.472,0.093,27,12,0,22,2,0,16.494
2,Grid,3,19.131,0.366,1.227,0.001,27.842,37.755,0.001,0.053,0.621,18.163,0.175,27,12,0,22,2,0,25.488
2,Grid,4,11.835,1.645,0.976,0.001,22.714,26.856,0.001,0.051,0.834,10.721,0.101,27,12,0,22,2,0,19.676
2,Grid,5,19.024,0.203,1.341,0.001,24.144,24.843,0.002,0.054,0.581,18.079,0.186,27,12,0,22,2,0,15.760
2,Grid,6,12.813,1.272,0.893,0.001,26.573,33.988,0.001,0.054,0.504,11.965,0.174,27,12,0,22,2,0,25.704
2,Grid,7,10.604,1.400,0.835,0.001,24.366,29.984,0.001,0.062,0.498,9.834,0.093,27,12,0,22,2,0,21.792
2,Grid,8,10.526,1.604,0.837,0.001,27.914,22.719,0.001,0.056,0.545,9.711,0.112,27,12,0,22,2,0,15.896
2,Grid,9,17.811,0.144,1.353,0.001,25.697,33.306,0.001,0.043,0.609,16.859,0.195,27,12,0,22,2,0,24.691
2,Grid,10,10.332,1.502,0.828,0.001,24.641,30.595,0.001,0.055,0.470,9.598,0.106,27,12,0,22,2,0,22.441
3,Grid,1,10.546,1.245,0.798,0.001,19.248,45.724,0.001,0.049,0.484,9.821,0.095,27,12,0,22,2,0,37.707
3,Grid,2,18.447,0.209,1.236,0.001,17.011,29.056,0.001,0.050,0.654,17.537,0.108,27,12,0,22,2,0,20.852
3,Grid,3,16.526,2.207,1.307,0.001,19.995,31.964,0.001,0.057,0.574,15.626,0.169,27,12,0,22,2,0,24.222
3,Grid,4,17.979,0.240,1.234,0.001,24.055,33.348,0.001,0.054,0.634,17.023,0.169,27,12,0,22,2,0,25.159
3,Grid,5,10.395,1.285,0.815,0.001,25.615,35.710,0.001,0.048,0.522,9.641,0.093,27,12,0,22,2,0,27.923
3,Grid,6,10.547,1.422,0.816,0.001,23.334,22.043,0.001,0.071,0.559,9.728,0.093,27,12,0,22,2,0,15.362
3,Grid,7,18.239,0.209,1.264,0.001,26.193,37.339,0.001,0.054,0.561,17.345,0.173,27,12,0,22,2,0,29.443
3,Grid,8,12.472,0.839,0.873,0.001,22.556,21.810,0.001,0.054,0.634,11.533,0.093,27,12,0,22,2,0,14.905
3,Grid,9,10.203,1.237,0.800,0.001,24.236,26.313,0.001,0.064,0.430,9.516,0.092,27,12,0,22,2,0,19.944
3,Grid,10,16.235,1.609,1.249,0.001,23.660,32.249,0.001,0.046,0.553,15.364,0.172,27,12,0,22,2,0,24.173
3,Rows,1,10.227,3.212,0.864,0.001,22.988,30.187,0.001,0.064,0.390,9.576,0.093,27,12,0,22,2,0,21.959
3,Rows,2,19.728,0.074,1.077,0.001,18.314,32.086,0.001,0.045,1.692,17.735,0.161,27,12,0,22,2,0,19.259
3,Rows,3,18.144,0.177,1.140,0.001,22.994,23.357,0.001,0.048,0.688,17.150,0.156,27,12,0,22,2,0,15.404
3,Rows,4,10.718,1.231,0.698,0.001,23.576,22.144,0.001,0.054,0.497,9.968,0.093,27,12,0,22,2,0,15.389
3,Rows,5,18.272,0.388,1.101,0.001,25.064,27.886,0.001,0.050,0.583,17.359,0.165,27,12,0,22,2,0,16.492
3,Rows,6,10.302,1.419,0.715,0.001,22.561,22.150,0.001,0.045,0.538,9.526,0.096,27,12,0,22,2,0,15.454
3,Rows,7,16.068,3.267,1.093,0.001,27.200,30.904,0.001,0.050,0.585,15.165,0.176,27,12,0,22,2,0,22.433
3,Rows,8,10.461,1.463,0.724,0.001,23.272,28.235,0.001,0.052,0.603,9.600,0.092,27,12,0,22,2,0,20.438
3,Rows,9,10.345,1.432,0.705,0.001,26.534,28.933,0.001,0.052,0.441,9.657,0.093,27,12,0,22,2,0,21.315
3,Rows,10,10.338,1.874,0.689,0.001,21.927,21.515,0.001,0.047,0.554,9.542,0.093,27,12,0,22,2,0,14.879
4,Rows,1,12.957,2.669,0.710,0.001,26.755,42.635,0.002,0.053,0.548,12.135,0.093,27,12,0,22,2,0,35.363
4,Rows,2,18.358,0.113,0.827,0.001,26.719,36.510,0.002,0.077,0.636,17.371,0.156,27,12,0,22,2,0,26.104
4,Rows,3,18.510,0.285,1.065,0.001,33.362,34.574,0.001,0.061,0.618,17.550,0.190,27,12,0,22,2,0,25.974
4,Rows,4,19.443,0.102,0.760,0.001,25.458,23.054,0.001,0.068,1.387,17.791,0.093,27,12,0,22,2,0,16.161
4,Rows,5,18.306,0.114,1.156,0.001,28.282,38.147,0.001,0.055,0.762,17.192,0.200,27,12,0,22,2,0,28.400
4,Rows,6,11.494,3.398,0.768,0.001,25.496,25.352,0.001,0.071,0.807,10.328,0.119,27,12,0,22,2,0,18.135
4,Rows,7,12.927,1.847,0.748,0.001,25.577,22.573,0.001,0.068,0.680,11.979,0.098,27,12,0,22,2,0,15.722
4,Rows,8,18.333,0.628,1.125,0.001,29.845,33.772,0.001,0.058,0.728,17.234,0.168,27,12,0,22,2,0,21.377
4,Rows,9,19.489,2.020,1.119,0.001,30.639,36.869,0.002,0.059,1.019,18.103,0.165,27,12,0,22,2,0,25.389
4,Rows,10,24.949,0.244,1.203,0.001,27.330,30.869,0.001,0.070,1.035,23.546,0.175,27,12,0,22,2,0,19.971
4,Grid,1,19.275,0.106,1.324,0.001,17.566,61.108,0.001,0.062,0.554,18.398,0.165,27,12,0,22,2,0,52.637
4,Grid,2,20.838,0.054,1.266,0.001,28.711,33.386,0.001,0.063,0.613,19.878,0.161,27,12,0,22,2,0,23.956
4,Grid,3,14.057,0.499,0.896,0.001,17.515,33.670,0.002,0.061,0.859,12.905,0.113,27,12,0,22,2,0,26.270
4,Grid,4,19.002,0.393,1.328,0.001,26.026,26.364,0.001,0.054,0.681,17.962,0.206,27,12,0,22,2,0,17.091
4,Grid,5,14.415,0.715,1.128,0.001,30.259,40.524,0.001,0.058,1.156,12.972,0.115,27,12,0,22,2,0,29.602
4,Grid,6,19.175,0.153,1.379,0.001,29.199,38.239,0.001,0.063,0.781,18.002,0.194,27,12,0,22,2,0,26.891
4,Grid,7,13.732,8.111,1.467,0.002,27.684,43.880,0.001,0.064,0.651,12.815,0.097,27,12,0,22,2,0,32.274
4,Grid,8,15.437,5.417,1.345,0.001,28.928,34.805,0.001,0.048,0.724,14.447,0.110,27,12,0,22,2,0,24.732
4,Grid,9,18.514,0.368,1.024,0.001,29.941,38.479,0.001,0.060,0.648,17.533,0.165,27,12,0,22,2,0,29.090
4,Grid,10,12.847,1.635,0.916,0.001,26.906,26.313,0.001,0.061,0.615,11.949,0.099,27,12,0,22,2,0,18.690
5,Grid,1,10.349,2.758,1.181,0.002,20.259,45.965,0.001,0.050,0.499,9.614,0.093,27,12,0,22,2,0,37.756
5,Grid,2,11.880,0.278,1.235,0.001,24.048,28.670,0.001,0.051,0.537,11.022,0.165,27,12,0,22,2,0,20.326
5,Grid,3,11.759,0.056,0.829,0.001,23.678,29.813,0.001,0.058,0.634,10.869,0.093,27,12,0,22,2,0,22.803
5,Grid,4,13.223,0.891,0.801,0.001,26.665,35.341,0.001,0.057,0.643,12.331,0.092,27,12,0,22,2,0,22.000
5,Grid,5,12.529,0.305,1.224,0.001,23.933,29.548,0.001,0.051,0.568,11.611,0.169,27,12,0,22,2,0,21.222
5,Grid,6,22.692,0.339,0.983,0.001,25.852,30.604,0.001,0.060,0.630,21.701,0.206,27,12,0,22,2,0,22.232
5,Grid,7,11.367,1.349,0.936,0.001,17.581,30.738,0.001,0.049,0.624,10.503,0.093,27,12,0,22,2,0,23.959
5,Grid,8,17.881,0.403,1.293,0.001,25.953,34.355,0.001,0.052,0.561,16.999,0.163,27,12,0,22,2,0,25.370
5,Grid,9,12.268,1.920,0.817,0.001,25.597,33.975,0.001,0.056,0.593,11.414,0.093,27,12,0,22,2,0,23.516
5,Grid,10,12.737,0.403,1.265,0.001,24.457,30.129,0.001,0.053,0.621,11.773,0.171,27,12,0,22,2,0,21.958
5,Rows,1,10.825,1.238,0.725,0.001,21.581,28.393,0.001,0.063,0.399,10.169,0.093,27,12,0,22,2,0,21.806
5,Rows,2,18.385,0.135,1.154,0.001,22.849,24.328,0.001,0.060,0.629,17.406,0.166,27,12,0,22,2,0,15.817
5,Rows,3,11.094,0.673,0.706,0.001,24.464,32.772,0.001,0.052,0.598,10.247,0.094,27,12,0,22,2,0,24.826
5,Rows,4,10.348,2.899,0.940,0.001,23.486,30.488,0.001,0.051,0.499,9.596,0.092,27,12,0,22,2,0,22.522
5,Rows,5,13.224,0.113,1.073,0.001,27.646,30.118,0.001,0.053,0.508,12.402,0.157,27,12,0,22,2,0,21.871
5,Rows,6,12.321,0.234,0.711,0.001,24.292,31.182,0.001,0.054,0.579,11.470,0.105,27,12,0,22,2,0,24.450
5,Rows,7,12.382,0.342,1.087,0.001,24.906,33.619,0.001,0.055,0.592,11.440,0.191,27,12,0,22,2,0,24.826
5,Rows,8,14.571,1.641,0.696,0.001,25.650,27.540,0.001,0.056,0.527,13.797,0.092,27,12,0,22,2,0,15.284
5,Rows,9,17.988,0.023,1.072,0.001,25.052,24.662,0.001,0.053,0.555,17.113,0.167,27,12,0,22,2,0,16.212
5,Rows,10,18.475,0.041,0.919,0.001,26.531,36.704,0.001,0.053,0.640,17.522,0.164,27,12,0,22,2,0,30.030
6,Rows,1,13.153,3.904,1.054,0.001,29.810,25.976,0.001,0.061,0.611,12.282,0.092,27,12,0,22,2,0,17.299
6,Rows,2,14.496,1.904,1.127,0.001,25.437,37.429,0.001,0.060,0.614,13.508,0.174,27,12,0,22,2,0,27.266
6,Rows,3,11.947,4.780,1.055,0.001,26.084,30.527,0.001,0.060,0.616,11.077,0.094,27,12,0,22,2,0,22.163
6,Rows,4,11.953,4.865,1.059,0.001,29.539,34.034,0.001,0.059,0.558,11.151,0.093,27,12,0,22,2,0,24.260
6,Rows,5,11.079,5.486,1.050,0.001,25.273,24.747,0.001,0.059,0.801,9.998,0.093,27,12,0,22,2,0,15.426
6,Rows,6,10.707,5.370,1.069,0.001,25.043,35.130,0.001,0.062,0.566,9.853,0.095,27,12,0,22,2,0,25.032
6,Rows,7,14.751,5.879,1.032,0.001,27.520,35.611,0.001,0.062,0.561,13.939,0.093,27,12,0,22,2,0,21.073
6,Rows,8,18.514,0.348,1.096,0.001,25.082,33.521,0.001,0.077,0.619,17.548,0.165,27,12,0,22,2,0,24.939
6,Rows,9,19.135,0.063,1.109,0.001,24.787,34.032,0.001,0.057,0.609,18.213,0.160,27,12,0,22,2,0,25.298
6,Rows,10,18.641,0.107,0.700,0.001,28.335,26.641,0.001,0.060,1.867,16.422,0.180,27,12,0,22,2,0,16.012
6,Grid,1,11.946,4.131,0.841,0.001,18.953,32.791,0.001,0.058,0.793,10.904,0.093,27,12,0,22,2,0,24.490
6,Grid,2,18.525,0.282,1.323,0.001,26.653,32.571,0.001,0.060,0.725,17.445,0.198,27,12,0,22,2,0,22.845
6,Grid,3,20.481,0.209,1.262,0.001,18.425,32.629,0.001,0.035,0.710,19.435,0.196,27,12,0,22,2,0,23.292
6,Grid,4,18.500,0.240,1.292,0.001,28.070,31.891,0.001,0.057,0.593,17.542,0.211,27,12,0,22,2,0,22.062
6,Grid,5,19.712,0.460,1.224,0.001,25.391,33.453,0.001,0.056,0.810,18.526,0.167,27,12,0,22,2,0,22.614
6,Grid,6,12.025,4.671,1.237,0.001,21.543,32.424,0.001,0.060,0.618,11.160,0.093,27,12,0,22,2,0,22.647
6,Grid,7,19.679,0.245,1.331,0.001,31.036,28.133,0.001,0.062,1.482,17.868,0.163,27,12,0,22,2,0,18.052
6,Grid,8,16.800,5.348,1.259,0.001,18.889,36.801,0.001,0.588,0.619,15.402,0.095,27,12,0,22,2,0,26.275
6,Grid,9,18.670,0.202,1.235,0.001,29.621,32.036,0.001,0.058,0.657,17.669,0.164,27,12,0,22,2,0,19.309
6,Grid,10,19.370,0.145,1.387,0.001,25.402,30.268,0.001,0.062,0.654,18.370,0.162,27,12,0,22,2,0,19.808
7,Grid,1,11.431,5.212,1.252,0.002,17.292,69.458,0.001,0.063,0.555,10.601,0.100,27,12,0,22,2,0,60.786
7,Grid,2,18.466,0.079,1.308,0.001,27.639,33.673,0.001,0.067,0.638,17.481,0.170,27,12,0,22,2,0,24.958
7,Grid,3,12.192,4.138,1.251,0.002,23.543,55.712,0.001,0.058,0.596,11.342,0.101,27,12,0,22,2,0,45.954
7,Grid,4,17.962,0.188,1.365,0.001,29.312,31.030,0.001,0.057,0.695,16.901,0.201,27,12,0,22,2,0,21.953
7,Grid,5,19.384,0.213,1.276,0.001,28.203,33.284,0.001,0.052,2.197,16.865,0.162,27,12,0,22,2,0,24.478
7,Grid,6,17.785,0.129,1.335,0.001,26.020,32.188,0.001,0.062,0.749,16.720,0.157,27,12,0,22,2,0,23.396
7,Grid,7,18.885,0.177,0.883,0.001,29.705,28.594,0.001,0.058,0.633,17.921,0.169,27,12,0,22,2,0,17.177
7,Grid,8,12.812,4.033,1.247,0.001,26.265,28.490,0.001,0.060,1.000,11.552,0.094,27,12,0,22,2,0,18.528
7,Grid,9,18.541,0.154,1.325,0.001,26.774,32.224,0.001,0.060,0.627,17.588,0.166,27,12,0,22,2,0,22.187
7,Grid,10,10.752,5.686,1.232,0.001,26.029,31.194,0.001,0.062,0.607,9.865,0.095,27,12,0,22,2,0,21.127
7,Rows,1,18.619,0.115,1.180,0.001,26.553,31.571,0.001,0.062,0.556,17.698,0.205,27,12,0,22,2,0,23.247
7,Rows,2,18.628,0.329,1.254,0.001,26.694,34.450,0.001,0.061,0.836,17.346,0.221,27,12,0,22,2,0,25.017
7,Rows,3,15.199,2.019,5.237,0.001,21.081,35.028,0.001,0.061,0.666,14.184,0.185,27,12,0,22,2,0,23.722
7,Rows,4,18.370,0.193,1.263,0.001,27.365,29.211,0.001,0.060,0.751,17.269,0.165,27,12,0,22,2,0,19.844
7,Rows,5,17.378,0.119,1.234,0.001,27.537,34.731,0.001,0.066,0.651,16.394,0.166,27,12,0,22,2,0,25.664
7,Rows,6,18.521,0.044,1.040,0.001,26.671,23.837,0.001,0.060,0.604,17.584,0.164,27,12,0,22,2,0,16.539
7,Rows,7,17.313,0.123,1.171,0.001,27.532,36.015,0.001,0.063,0.702,16.293,0.157,27,12,0,22,2,0,27.084
7,Rows,8,12.269,4.104,1.085,0.001,19.332,35.820,0.001,0.059,0.793,11.201,0.095,27,12,0,22,2,0,25.850
7,Rows,9,19.814,0.128,1.213,0.001,26.732,31.880,0.002,0.104,0.607,18.796,0.165,27,12,0,22,2,0,22.910
7,Rows,10,18.998,0.331,1.076,0.001,26.998,34.129,0.001,0.046,0.732,17.314,0.793,27,12,0,22,2,0,23.159
8,Rows,1,11.235,0.716,0.706,0.001,16.144,59.293,0.001,0.055,0.494,10.495,0.094,27,12,0,22,2,0,51.384
8,Rows,2,10.912,1.003,1.066,0.001,23.839,31.170,0.001,0.058,0.472,10.157,0.095,27,12,0,22,2,0,22.397
8,Rows,3,10.553,1.936,0.704,0.001,27.799,30.811,0.001,0.053,0.552,9.726,0.129,27,12,0,22,2,0,22.749
8,Rows,4,18.670,0.187,0.780,0.001,24.777,22.208,0.001,0.058,0.696,17.580,0.170,27,12,0,22,2,0,15.361
8,Rows,5,18.395,0.083,0.785,0.001,28.408,25.886,0.001,0.058,0.625,17.449,0.165,27,12,0,22,2,0,19.019
8,Rows,6,10.811,1.945,1.076,0.001,17.730,37.577,0.001,0.059,0.684,9.841,0.094,27,12,0,22,2,0,27.866
8,Rows,7,18.458,0.345,1.132,0.001,27.938,28.460,0.001,0.066,0.646,17.475,0.171,27,12,0,22,2,0,19.983
8,Rows,8,14.182,1.000,0.743,0.001,24.820,37.768,0.001,0.053,0.750,13.081,0.129,27,12,0,22,2,0,28.735
8,Rows,9,11.769,1.140,0.750,0.001,23.494,27.629,0.001,0.062,0.647,10.857,0.097,27,12,0,22,2,0,20.888
8,Rows,10,16.384,2.789,1.214,0.001,23.627,26.066,0.001,0.060,0.547,15.513,0.160,27,12,0,22,2,0,17.181
8,Grid,1,18.612,0.210,1.373,0.001,33.820,25.686,0.002,0.061,0.516,17.752,0.168,27,12,0,22,2,0,17.624
8,Grid,2,12.967,0.692,0.841,0.001,23.665,22.463,0.001,0.053,0.773,11.943,0.095,27,12,0,22,2,0,15.444
8,Grid,3,10.407,1.668,0.818,0.001,24.303,30.741,0.001,0.056,0.501,9.652,0.094,27,12,0,22,2,0,22.205
8,Grid,4,16.431,1.752,0.891,0.001,27.332,35.252,0.001,0.051,0.569,15.625,0.095,27,12,0,22,2,0,21.098
8,Grid,5,10.480,2.377,0.859,0.001,25.383,31.480,0.001,0.055,0.549,9.666,0.095,27,12,0,22,2,0,23.193
8,Grid,6,10.479,2.299,0.825,0.001,24.925,33.690,0.001,0.053,0.585,9.656,0.094,27,12,0,22,2,0,25.579
8,Grid,7,10.526,2.623,1.231,0.001,26.514,32.598,0.001,0.095,0.531,9.689,0.095,27,12,0,22,2,0,24.163
8,Grid,8,10.739,1.317,0.861,0.001,26.105,33.977,0.001,0.053,0.600,9.896,0.095,27,12,0,22,2,0,25.898
8,Grid,9,10.586,1.558,0.812,0.001,26.593,30.375,0.001,0.060,0.551,9.764,0.094,27,12,0,22,2,0,22.083
8,Grid,10,10.865,1.426,0.849,0.001,24.867,28.508,0.001,0.066,0.655,9.944,0.094,27,12,0,22,2,0,21.693
9,Grid,1,15.723,0.807,1.176,0.001,27.889,32.195,0.001,0.057,0.490,14.980,0.093,27,12,0,22,2,0,22.782
9,Grid,2,18.426,0.040,1.220,0.001,25.877,30.637,0.001,0.067,0.642,17.426,0.189,27,12,0,22,2,0,22.323
9,Grid,3,18.499,0.111,1.375,0.001,26.491,31.807,0.001,0.060,0.598,17.567,0.164,27,12,0,22,2,0,23.141
9,Grid,4,20.122,0.116,1.328,0.001,30.009,38.862,0.001,0.051,0.732,19.062,0.163,27,12,0,22,2,0,23.343
9,Grid,5,19.438,0.097,0.906,0.001,16.876,55.896,0.001,0.060,1.173,17.952,0.129,27,12,0,22,2,0,48.041
9,Grid,6,15.142,1.718,1.227,0.001,27.626,31.034,0.001,0.062,0.625,14.258,0.094,27,12,0,22,2,0,22.909
9,Grid,7,18.427,0.267,1.286,0.001,26.938,30.316,0.001,0.059,0.594,17.517,0.166,27,12,0,22,2,0,22.190
9,Grid,8,18.762,0.202,0.769,0.001,27.983,25.418,0.001,0.076,1.688,16.738,0.161,27,12,0,22,2,0,15.385
9,Grid,9,18.983,0.113,1.317,0.001,26.492,29.401,0.001,0.060,0.870,17.787,0.164,27,12,0,22,2,0,20.937
9,Grid,10,17.922,0.112,1.261,0.001,25.600,35.283,0.001,0.057,0.634,16.980,0.157,27,12,0,22,2,0,26.475
9,Rows,1,17.740,0.219,1.097,0.001,27.072,31.998,0.001,0.059,0.739,16.675,0.165,27,12,0,22,2,0,23.814
9,Rows,2,21.292,0.112,1.182,0.001,26.499,35.613,0.001,0.050,1.351,19.633,0.162,27,12,0,22,2,0,27.085
9,Rows,3,13.561,3.253,1.055,0.001,25.850,24.203,0.001,0.060,0.674,12.613,0.097,27,12,0,22,2,0,16.490
9,Rows,4,17.994,0.204,1.153,0.001,31.198,28.320,0.001,0.062,0.627,17.028,0.183,27,12,0,22,2,0,19.776
9,Rows,5,19.171,0.120,1.115,0.001,24.746,27.597,0.001,0.061,0.679,18.159,0.166,27,12,0,22,2,0,19.489
9,Rows,6,17.466,0.111,0.767,0.001,26.753,24.693,0.001,0.061,0.610,16.608,0.093,27,12,0,22,2,0,16.274
9,Rows,7,24.299,0.125,1.179,0.001,27.114,30.314,0.001,0.079,0.786,23.173,0.167,27,12,0,22,2,0,21.825
9,Rows,8,11.917,4.054,0.720,0.001,18.561,31.439,0.001,0.060,0.634,11.001,0.094,27,12,0,22,2,0,24.590
9,Rows,9,19.177,0.435,1.232,0.001,25.205,29.735,0.001,0.057,0.784,18.047,0.196,27,12,0,22,2,0,21.283
9,Rows,10,18.177,0.114,1.088,0.001,25.621,30.915,0.001,0.058,0.600,17.249,0.168,27,12,0,22,2,0,22.209
10,Rows,1,10.380,1.666,0.722,0.001,18.530,48.361,0.001,0.051,0.538,9.579,0.093,27,12,0,22,2,0,40.506
10,Rows,2,10.341,1.230,0.726,0.001,24.273,27.905,0.001,0.051,0.542,9.558,0.092,27,12,0,22,2,0,20.377
10,Rows,3,10.535,1.274,0.715,0.001,26.538,22.319,0.001,0.053,0.678,9.622,0.092,27,12,0,22,2,0,15.744
10,Rows,4,18.868,0.160,1.117,0.001,23.927,24.299,0.001,0.054,0.798,17.731,0.167,27,12,0,22,2,0,15.814
10,Rows,5,10.469,1.162,0.705,0.001,22.851,26.140,0.001,0.051,0.529,9.706,0.093,27,12,0,22,2,0,19.707
10,Rows,6,18.085,0.204,1.119,0.001,28.773,24.420,0.001,0.055,0.582,17.164,0.171,27,12,0,22,2,0,16.242
10,Rows,7,17.880,0.066,0.775,0.001,24.836,38.441,0.001,0.055,0.613,16.903,0.162,27,12,0,22,2,0,29.611
10,Rows,8,10.457,1.288,0.712,0.001,23.812,30.577,0.001,0.050,0.570,9.630,0.111,27,12,0,22,2,0,22.657
10,Rows,9,10.434,1.248,0.690,0.001,22.772,32.490,0.001,0.052,0.563,9.620,0.108,27,12,0,22,2,0,25.105
10,Rows,10,10.319,1.281,0.705,0.001,23.347,27.929,0.001,0.054,0.552,9.495,0.104,27,12,0,22,2,0,20.306
10,Grid,1,10.197,1.500,0.798,0.001,24.379,34.652,0.001,0.055,0.366,9.519,0.145,27,12,0,22,2,0,26.975
10,Grid,2,13.093,1.084,0.839,0.001,23.610,29.217,0.001,0.050,0.617,12.231,0.095,27,12,0,22,2,0,22.484
10,Grid,3,10.848,0.866,0.815,0.001,38.053,33.510,0.001,0.047,0.568,10.052,0.093,27,12,0,22,2,0,27.070
10,Grid,4,16.494,0.086,0.775,0.001,20.804,40.211,0.001,0.048,6.611,9.611,0.125,27,12,0,22,2,0,32.743
10,Grid,5,10.508,0.972,0.803,0.001,23.609,28.561,0.001,0.049,0.524,9.752,0.094,27,12,0,22,2,0,20.757
10,Grid,6,11.207,0.658,0.785,0.001,25.885,32.682,0.001,0.049,0.663,10.312,0.092,27,12,0,22,2,0,20.925
10,Grid,7,10.347,1.252,0.807,0.001,23.365,29.088,0.001,0.048,0.533,9.557,0.093,27,12,0,22,2,0,20.994
10,Grid,8,10.462,1.153,0.793,0.001,24.031,29.175,0.001,0.048,0.550,9.640,0.120,27,12,0,22,2,0,21.469
10,Grid,9,10.431,1.685,0.801,0.001,25.303,33.442,0.001,0.044,0.568,9.636,0.092,27,12,0,22,2,0,21.860
10,Grid,10,10.365,1.295,0.790,0.001,23.062,29.565,0.001,0.048,0.559,9.527,0.134,27,12,0,22,2,0,21.896
11,Grid,1,26.142,0.442,1.247,0.001,27.108,41.655,0.001,0.059,0.507,25.291,0.170,27,12,0,22,2,0,33.325
11,Grid,2,18.482,0.080,1.048,0.001,29.414,34.039,0.001,0.063,0.741,17.390,0.165,27,12,0,22,2,0,25.550
11,Grid,3,19.572,0.110,1.336,0.001,28.922,34.718,0.001,0.063,0.825,18.403,0.186,27,12,0,22,2,0,25.849
11,Grid,4,13.642,7.921,0.891,0.001,19.552,34.819,0.001,0.062,0.755,12.594,0.096,27,12,0,22,2,0,25.602
11,Grid,5,18.923,2.044,1.389,0.001,29.538,39.809,0.002,0.063,0.786,17.800,0.173,27,12,0,22,2,0,30.856
11,Grid,6,19.948,0.170,1.324,0.001,28.229,34.538,0.001,0.063,0.665,18.945,0.158,27,12,0,22,2,0,25.706
11,Grid,7,10.329,10.285,1.322,0.001,28.504,32.444,0.001,0.063,0.549,9.528,0.094,27,12,0,22,2,0,21.703
11,Grid,8,19.239,0.141,1.425,0.001,26.891,31.065,0.001,0.077,0.654,18.156,0.174,27,12,0,22,2,0,22.012
11,Grid,9,20.042,0.113,1.435,0.001,28.869,37.098,0.001,0.070,0.866,18.823,0.181,27,12,0,22,2,0,28.079
11,Grid,10,20.274,0.100,0.868,0.001,20.023,29.328,0.001,0.062,0.692,19.208,0.203,27,12,0,22,2,0,22.475
11,Rows,1,18.324,1.415,1.209,0.001,26.718,33.005,0.001,0.057,0.504,17.452,0.189,27,12,0,22,2,0,24.447
11,Rows,2,19.326,0.184,1.201,0.001,26.156,29.030,0.001,0.064,0.641,18.305,0.169,27,12,0,22,2,0,19.992
11,Rows,3,11.791,4.783,1.127,0.001,30.617,27.746,0.001,0.064,0.634,10.901,0.097,27,12,0,22,2,0,19.498
11,Rows,4,19.961,0.248,1.196,0.001,24.406,28.191,0.001,0.064,1.469,18.111,0.205,27,12,0,22,2,0,19.104
11,Rows,5,17.788,0.113,0.799,0.001,26.305,24.253,0.001,0.060,0.739,16.783,0.107,27,12,0,22,2,0,16.900
11,Rows,6,15.600,4.535,0.753,0.001,20.836,39.787,0.001,0.057,0.707,14.637,0.097,27,12,0,22,2,0,25.126
11,Rows,7,19.683,0.102,1.299,0.001,25.041,30.605,0.001,0.067,0.918,18.395,0.170,27,12,0,22,2,0,21.651
11,Rows,8,19.133,0.266,1.176,0.001,28.509,29.404,0.002,0.063,0.694,18.107,0.160,27,12,0,22,2,0,18.085
11,Rows,9,18.462,0.042,0.798,0.001,29.772,26.650,0.001,0.059,0.653,17.472,0.167,27,12,0,22,2,0,15.710
11,Rows,10,18.533,0.077,1.145,0.001,24.888,34.292,0.001,0.064,0.782,17.401,0.159,27,12,0,22,2,0,25.188
12,Rows,1,12.840,2.856,1.028,0.002,20.366,51.782,0.001,0.057,0.483,12.017,0.166,27,12,0,22,2,0,41.501
12,Rows,2,13.504,3.162,1.045,0.001,27.621,31.660,0.001,0.058,0.620,12.629,0.097,27,12,0,22,2,0,23.224
12,Rows,3,17.759,0.130,1.105,0.001,24.720,30.656,0.001,0.058,0.604,16.843,0.163,27,12,0,22,2,0,22.128
12,Rows,4,18.210,0.110,0.702,0.001,19.555,37.383,0.001,0.051,0.772,17.112,0.162,27,12,0,22,2,0,22.629
12,Rows,5,18.942,0.220,1.143,0.001,25.959,27.826,0.001,0.078,0.643,17.929,0.182,27,12,0,22,2,0,19.255
12,Rows,6,19.385,0.140,1.197,0.001,22.445,32.548,0.001,0.050,0.695,18.378,0.163,27,12,0,22,2,0,22.367
12,Rows,7,18.025,0.492,1.147,0.001,26.147,28.222,0.001,0.057,0.779,16.923,0.162,27,12,0,22,2,0,19.708
12,Rows,8,19.756,0.339,1.173,0.001,18.161,36.379,0.001,0.059,1.054,18.375,0.168,27,12,0,22,2,0,25.574
12,Rows,9,23.362,0.313,1.144,0.001,27.002,25.498,0.001,0.061,5.165,17.876,0.168,27,12,0,22,2,0,17.208
12,Rows,10,19.650,0.420,1.067,0.001,18.321,37.921,0.001,0.042,0.929,18.383,0.171,27,12,0,22,2,0,26.732
12,Grid,1,24.535,0.199,1.245,0.001,32.982,25.430,0.001,0.058,0.536,23.689,0.163,27,12,0,22,2,0,16.779
12,Grid,2,13.021,3.941,0.854,0.001,28.386,35.625,0.001,0.054,1.887,10.884,0.093,27,12,0,22,2,0,26.808
12,Grid,3,18.490,0.452,1.336,0.001,26.105,31.104,0.001,0.059,0.627,17.550,0.162,27,12,0,22,2,0,22.583
12,Grid,4,18.474,0.117,1.359,0.001,26.706,48.477,0.001,0.059,0.735,17.400,0.163,27,12,0,22,2,0,21.593
12,Grid,5,18.665,0.103,1.318,0.001,26.821,30.131,0.001,0.059,0.900,17.443,0.163,27,12,0,22,2,0,21.641
12,Grid,6,13.996,3.061,1.264,0.001,27.457,35.956,0.001,0.057,0.763,12.992,0.094,27,12,0,22,2,0,28.745
12,Grid,7,10.984,5.904,1.219,0.001,25.913,30.671,0.001,0.059,0.630,10.106,0.093,27,12,0,22,2,0,22.483
12,Grid,8,17.989,0.206,1.276,0.001,26.582,32.473,0.001,0.058,0.628,17.033,0.163,27,12,0,22,2,0,24.105
12,Grid,9,13.941,2.808,0.848,0.001,26.773,33.401,0.001,0.059,0.827,12.859,0.094,27,12,0,22,2,0,26.555
12,Grid,10,10.441,6.294,1.229,0.001,24.995,30.367,0.001,0.059,0.654,9.544,0.092,27,12,0,22,2,0,22.164
13,Grid,1,10.393,4.613,1.174,0.001,17.667,62.526,0.001,0.055,0.498,9.628,0.095,27,12,0,22,2,0,52.391
13,Grid,2,17.506,0.160,0.915,0.001,25.974,31.102,0.001,0.063,0.629,16.546,0.161,27,12,0,22,2,0,22.948
13,Grid,3,18.450,0.279,0.805,0.001,29.572,26.462,0.001,0.060,0.690,17.418,0.191,27,12,0,22,2,0,19.851
13,Grid,4,12.883,4.564,1.260,0.001,27.556,34.290,0.001,0.058,0.639,11.926,0.095,27,12,0,22,2,0,25.642
13,Grid,5,22.819,0.109,1.389,0.001,27.748,31.031,0.001,0.060,0.636,21.846,0.180,27,12,0,22,2,0,21.979
13,Grid,6,18.890,0.101,1.342,0.001,25.863,31.748,0.001,0.060,0.807,17.714,0.166,27,12,0,22,2,0,22.897
13,Grid,7,19.053,0.022,1.009,0.001,26.847,34.294,0.001,0.060,0.644,18.089,0.164,27,12,0,22,2,0,25.638
13,Grid,8,15.335,2.339,1.229,0.001,27.686,29.523,0.001,0.064,1.607,13.443,0.122,27,12,0,22,2,0,17.714
13,Grid,9,18.927,0.053,1.346,0.001,25.387,27.529,0.001,0.064,0.747,17.851,0.161,27,12,0,22,2,0,19.034
13,Grid,10,12.413,4.469,1.234,0.001,25.050,31.450,0.002,0.061,0.604,11.562,0.095,27,12,0,22,2,0,23.222
13,Rows,1,18.587,0.161,1.102,0.001,25.292,27.444,0.001,0.058,0.728,17.449,0.252,27,12,0,22,2,0,19.055
13,Rows,2,11.347,5.560,1.099,0.001,28.186,37.741,0.001,0.057,0.611,10.474,0.094,27,12,0,22,2,0,29.428
13,Rows,3,11.095,5.934,1.066,0.001,26.653,30.282,0.001,0.057,0.628,10.218,0.093,27,12,0,22,2,0,21.872
13,Rows,4,18.103,0.115,1.121,0.001,27.851,30.963,0.001,0.058,0.599,17.192,0.163,27,12,0,22,2,0,22.272
13,Rows,5,22.171,0.145,1.283,0.001,32.922,45.688,0.003,0.071,1.670,20.080,0.184,27,12,0,22,2,0,26.729
13,Rows,6,18.984,0.339,1.110,0.001,27.830,27.077,0.001,0.071,0.736,17.849,0.225,27,12,0,22,2,0,18.611
13,Rows,7,11.793,4.661,1.026,0.001,18.035,31.560,0.001,0.063,1.188,10.360,0.093,27,12,0,22,2,0,24.972
13,Rows,8,18.743,0.157,1.065,0.001,28.281,31.454,0.001,0.059,0.625,17.793,0.164,27,12,0,22,2,0,19.211
13,Rows,9,20.006,0.114,1.204,0.001,15.799,34.224,0.001,0.049,0.831,18.832,0.166,27,12,0,22,2,0,23.488
13,Rows,10,18.173,0.196,1.069,0.001,30.294,27.260,0.001,0.072,0.592,17.221,0.191,27,12,0,22,2,0,19.209
14,Rows,1,18.133,0.112,1.140,0.001,22.835,75.038,0.001,0.115,0.532,17.168,0.192,27,12,0,22,2,0,65.367
14,Rows,2,19.946,0.522,1.112,0.001,29.217,33.007,0.001,0.062,0.641,18.951,0.152,27,12,0,22,2,0,24.674
14,Rows,3,17.721,0.091,0.786,0.001,26.161,22.963,0.001,0.061,0.670,16.688,0.170,27,12,0,22,2,0,16.038
14,Rows,4,11.351,4.781,0.764,0.001,18.761,31.220,0.001,0.058,0.644,10.462,0.093,27,12,0,22,2,0,24.232
14,Rows,5,19.669,0.121,1.222,0.001,28.702,31.384,0.001,0.063,1.575,17.730,0.193,27,12,0,22,2,0,18.618
14,Rows,6,19.255,0.374,1.166,0.001,26.963,33.963,0.001,0.062,1.078,17.826,0.181,27,12,0,22,2,0,25.266
14,Rows,7,19.177,0.123,1.221,0.001,32.300,33.140,0.001,0.059,0.637,18.214,0.167,27,12,0,22,2,0,24.405
14,Rows,8,19.848,0.109,1.155,0.001,25.354,33.321,0.001,0.062,1.354,18.157,0.170,27,12,0,22,2,0,24.481
14,Rows,9,16.119,0.114,0.804,0.001,25.980,23.358,0.001,0.060,0.630,15.237,0.096,27,12,0,22,2,0,15.338
14,Rows,10,22.829,0.097,0.762,0.001,20.763,31.132,0.001,0.070,0.603,21.897,0.163,27,12,0,22,2,0,23.428
14,Grid,1,18.432,0.180,1.339,0.001,26.838,28.603,0.001,0.060,0.739,17.364,0.165,27,12,0,22,2,0,20.044
14,Grid,2,18.890,0.035,0.905,0.001,33.664,33.926,0.001,0.058,0.645,17.895,0.192,27,12,0,22,2,0,25.232
14,Grid,3,17.729,0.731,0.853,0.001,20.483,30.110,0.002,0.063,1.365,15.984,0.171,27,12,0,22,2,0,23.080
14,Grid,4,18.808,0.170,1.304,0.001,26.511,27.041,0.001,0.063,0.805,17.678,0.166,27,12,0,22,2,0,18.737
14,Grid,5,15.511,5.751,1.264,0.001,22.994,39.229,0.001,0.063,0.673,14.585,0.094,27,12,0,22,2,0,25.183
14,Grid,6,18.990,0.149,1.358,0.001,26.227,27.741,0.001,0.068,0.636,17.980,0.199,27,12,0,22,2,0,19.149
14,Grid,7,18.675,0.131,1.319,0.001,26.570,35.214,0.001,0.058,0.624,17.713,0.184,27,12,0,22,2,0,26.521
14,Grid,8,18.331,0.126,1.322,0.002,23.727,40.741,0.001,0.060,0.768,17.235,0.165,27,12,0,22,2,0,31.932
14,Grid,9,19.067,0.101,1.018,0.001,30.910,35.454,0.001,0.068,0.629,18.109,0.164,27,12,0,22,2,0,26.762
14,Grid,10,19.847,0.091,0.935,0.001,28.383,30.868,0.001,0.071,1.513,17.926,0.177,27,12,0,22,2,0,23.639
15,Grid,1,11.156,6.807,1.245,0.002,21.762,50.934,0.001,0.060,0.556,10.337,0.100,27,12,0,22,2,0,42.618
15,Grid,2,18.552,0.342,1.312,0.001,25.235,31.278,0.001,0.060,0.629,17.590,0.167,27,12,0,22,2,0,22.681
15,Grid,3,19.360,0.109,0.988,0.001,32.835,37.678,0.001,0.066,1.414,17.614,0.169,27,12,0,22,2,0,29.065
15,Grid,4,16.596,3.700,1.336,0.001,19.455,33.503,0.001,0.093,0.634,15.606,0.113,27,12,0,22,2,0,24.475
15,Grid,5,18.652,0.857,1.366,0.001,30.997,34.051,0.001,0.076,0.630,17.671,0.170,27,12,0,22,2,0,25.358
15,Grid,6,21.998,0.212,1.355,0.001,30.791,34.162,0.001,0.050,0.839,20.833,0.176,27,12,0,22,2,0,25.336
15,Grid,7,14.868,4.229,0.811,0.001,20.026,35.859,0.001,0.062,0.635,13.937,0.109,27,12,0,22,2,0,26.712
15,Grid,8,19.723,0.387,1.323,0.001,27.041,32.482,0.001,0.057,1.793,17.576,0.163,27,12,0,22,2,0,20.100
15,Grid,9,19.994,0.437,1.298,0.001,25.557,29.835,0.001,0.067,0.751,18.906,0.165,27,12,0,22,2,0,21.137
15,Grid,10,11.571,1.223,0.837,0.001,30.323,30.539,0.001,0.051,0.657,10.673,0.098,27,12,0,22,2,0,23.936
15,Rows,1,17.988,0.515,1.055,0.001,26.372,33.125,0.001,0.052,1.004,16.736,0.094,27,12,0,22,2,0,24.813
15,Rows,2,17.655,0.209,0.786,0.001,18.402,33.009,0.001,0.061,0.641,16.763,0.095,27,12,0,22,2,0,25.590
15,Rows,3,24.102,0.108,1.147,0.001,29.399,25.477,0.001,0.062,0.670,23.067,0.206,27,12,0,22,2,0,17.133
15,Rows,4,11.801,7.089,1.191,0.001,26.195,33.589,0.001,0.064,0.649,10.823,0.101,27,12,0,22,2,0,24.791
15,Rows,5,22.939,0.250,1.172,0.001,28.662,31.991,0.001,0.060,0.644,21.957,0.185,27,12,0,22,2,0,23.421
15,Rows,6,12.289,6.243,1.112,0.001,21.256,35.131,0.001,0.063,0.789,11.225,0.110,27,12,0,22,2,0,26.328
15,Rows,7,19.276,0.116,1.131,0.001,26.745,27.609,0.001,0.062,0.659,18.291,0.169,27,12,0,22,2,0,19.133
15,Rows,8,23.487,0.117,0.981,0.001,26.403,33.585,0.001,4.463,1.441,17.359,0.096,27,12,0,22,2,0,24.639
15,Rows,9,19.081,0.177,1.204,0.001,26.121,28.141,0.001,0.075,0.607,18.105,0.160,27,12,0,22,2,0,19.246
15,Rows,10,18.529,0.404,0.804,0.001,23.266,31.745,0.001,0.061,0.774,17.411,0.186,27,12,0,22,2,0,24.643
16,Rows,1,16.696,0.095,3.419,0.001,30.335,38.015,0.001,0.061,0.499,15.906,0.092,27,12,0,22,2,0,27.548
16,Rows,2,13.834,1.812,0.701,0.001,28.861,40.488,0.001,0.057,0.912,12.670,0.094,27,12,0,22,2,0,29.077
16,Rows,3,19.783,0.153,1.219,0.001,29.649,32.662,0.001,0.050,0.508,18.932,0.189,27,12,0,22,2,0,23.920
16,Rows,4,19.865,0.065,0.815,0.001,17.738,28.917,0.001,0.054,0.611,18.918,0.164,27,12,0,22,2,0,20.753
16,Rows,5,20.294,1.599,1.045,0.001,27.967,32.003,0.001,0.058,0.745,19.189,0.208,27,12,0,22,2,0,20.991
16,Rows,6,27.575,1.018,1.122,0.001,28.609,40.981,0.001,0.057,0.586,26.657,0.171,27,12,0,22,2,0,25.714
16,Rows,7,22.562,0.097,1.100,0.001,31.076,34.314,0.001,0.049,0.552,21.659,0.200,27,12,0,22,2,0,26.223
16,Rows,8,23.480,0.113,0.844,0.003,26.453,29.881,0.001,0.058,0.646,22.579,0.095,27,12,0,22,2,0,21.706
16,Rows,9,14.115,0.940,2.136,0.001,33.374,43.488,0.001,0.055,1.843,12.002,0.097,27,12,0,22,2,0,29.358
16,Rows,10,18.659,0.274,0.682,0.001,28.064,23.887,0.001,0.049,0.601,17.720,0.189,27,12,0,22,2,0,15.655
16,Grid,1,21.734,2.817,1.327,0.001,31.139,45.813,0.001,0.253,0.556,20.654,0.171,27,12,0,22,2,0,35.574
16,Grid,2,18.344,0.426,1.379,0.001,27.729,31.662,0.001,0.050,0.753,17.264,0.159,27,12,0,22,2,0,23.034
16,Grid,3,20.719,0.255,3.300,0.001,31.068,38.868,0.001,0.053,0.541,19.878,0.155,27,12,0,22,2,0,30.659
16,Grid,4,12.256,1.006,0.936,0.001,31.850,33.126,0.001,0.054,0.606,11.347,0.132,27,12,0,22,2,0,26.433
16,Grid,5,24.625,0.107,1.174,0.001,31.964,34.929,0.001,0.054,1.549,22.751,0.168,27,12,0,22,2,0,26.504
16,Grid,6,18.255,0.086,0.842,0.001,26.475,26.824,0.001,0.059,1.535,16.467,0.095,27,12,0,22,2,0,18.768
16,Grid,7,17.800,0.118,1.240,0.001,31.444,35.801,0.001,0.063,0.628,16.909,0.094,27,12,0,22,2,0,24.265
16,Grid,8,20.147,0.130,0.819,0.001,29.834,33.438,0.001,0.059,0.619,19.209,0.156,27,12,0,22,2,0,25.145
16,Grid,9,16.001,0.415,1.231,0.001,29.001,25.507,0.001,0.051,0.579,15.181,0.093,27,12,0,22,2,0,18.845
16,Grid,10,21.424,0.168,1.294,0.001,29.655,32.071,0.001,0.055,0.521,20.570,0.162,27,12,0,22,2,0,22.257
17,Grid,1,18.944,0.110,1.200,0.001,34.644,35.783,0.001,0.053,0.449,18.227,0.093,27,12,0,22,2,0,25.600
17,Grid,2,17.762,0.162,1.027,0.001,22.435,30.160,0.001,0.061,0.632,16.807,0.161,27,12,0,22,2,0,21.504
17,Grid,3,21.819,0.200,1.296,0.001,35.367,29.116,0.001,0.055,0.555,20.922,0.167,27,12,0,22,2,0,19.479
17,Grid,4,16.496,0.114,0.780,0.001,22.573,34.697,0.001,0.052,1.024,15.149,0.168,27,12,0,22,2,0,25.970
17,Grid,5,21.635,0.490,2.217,0.001,29.341,28.154,0.001,0.062,0.633,20.656,0.170,27,12,0,22,2,0,18.229
17,Grid,6,23.911,0.184,0.820,0.001,33.780,36.139,0.001,0.059,0.596,22.992,0.172,27,12,0,22,2,0,25.827
17,Grid,7,21.496,0.104,1.463,0.001,34.943,36.161,0.001,0.059,0.635,20.456,0.185,27,12,0,22,2,0,25.564
17,Grid,8,18.082,0.101,1.279,0.001,30.419,32.748,0.002,0.040,0.629,17.114,0.182,27,12,0,22,2,0,22.969
17,Grid,9,15.530,0.051,1.359,0.001,27.856,39.282,0.001,0.056,0.617,14.662,0.105,27,12,0,22,2,0,29.195
17,Grid,10,17.224,0.101,1.273,0.001,43.106,32.551,0.001,0.058,0.440,16.442,0.169,27,12,0,22,2,0,23.011
17,Rows,1,19.754,0.248,1.178,0.001,32.760,44.581,0.001,0.050,1.507,17.984,0.105,27,12,0,22,2,0,32.645
17,Rows,2,13.190,1.453,0.944,0.001,32.381,26.687,0.001,0.056,0.586,12.307,0.113,27,12,0,22,2,0,19.803
17,Rows,3,21.504,0.267,1.185,0.001,29.994,30.491,0.001,0.049,0.565,20.582,0.164,27,12,0,22,2,0,21.838
17,Rows,4,15.907,1.234,0.755,0.001,31.278,39.497,0.001,0.059,0.808,14.843,0.094,27,12,0,22,2,0,31.622
17,Rows,5,18.101,0.107,0.695,0.001,31.783,29.928,0.001,0.060,0.622,17.235,0.093,27,12,0,22,2,0,20.564
17,Rows,6,23.743,0.153,1.185,0.001,31.729,39.854,0.001,0.055,0.736,22.674,0.170,27,12,0,22,2,0,27.374
17,Rows,7,19.811,0.099,1.096,0.001,25.447,33.271,0.001,0.052,0.519,18.971,0.168,27,12,0,22,2,0,23.430
17,Rows,8,14.657,0.159,2.954,0.001,29.681,35.033,0.001,0.068,0.614,13.779,0.093,27,12,0,22,2,0,24.716
17,Rows,9,16.747,0.424,1.044,0.001,28.885,41.035,0.001,0.047,0.574,15.657,0.093,27,12,0,22,2,0,26.298
17,Rows,10,17.097,0.366,1.041,0.001,27.990,34.083,0.001,0.057,0.595,16.159,0.185,27,12,0,22,2,0,24.422
18,Rows,1,22.455,1.183,0.680,0.001,23.787,51.155,0.001,0.069,0.456,21.655,0.165,27,12,0,22,2,0,37.504
18,Rows,2,13.617,7.032,1.216,0.001,29.054,38.275,0.001,0.058,0.644,12.669,0.096,27,12,0,22,2,0,28.372
18,Rows,3,11.531,0.661,6.382,0.001,25.980,32.627,0.001,0.053,0.661,10.586,0.093,27,12,0,22,2,0,17.542
18,Rows,4,18.721,0.028,1.087,0.001,24.451,31.316,0.001,0.090,0.776,17.580,0.163,27,12,0,22,2,0,22.896
18,Rows,5,12.500,1.713,0.774,0.001,23.152,23.433,0.001,0.057,0.641,11.602,0.094,27,12,0,22,2,0,17.040
18,Rows,6,18.982,0.544,1.080,0.001,27.876,32.542,0.001,0.055,0.599,18.027,0.187,27,12,0,22,2,0,19.993
18,Rows,7,21.064,0.100,1.198,0.001,26.813,28.471,0.001,0.060,0.964,19.733,0.203,27,12,0,22,2,0,19.532
18,Rows,8,19.153,0.084,0.745,0.001,16.610,31.945,0.001,0.059,0.626,18.203,0.160,27,12,0,22,2,0,23.637
18,Rows,9,18.174,0.339,1.133,0.001,22.814,27.418,0.001,0.060,0.581,17.233,0.183,27,12,0,22,2,0,18.572
18,Rows,10,18.210,0.957,1.158,0.001,25.272,30.454,0.001,0.056,0.508,17.348,0.191,27,12,0,22,2,0,21.677
18,Grid,1,19.572,0.195,1.242,0.001,24.556,26.101,0.001,0.056,0.776,18.474,0.165,27,12,0,22,2,0,17.670
18,Grid,2,13.516,0.310,0.790,0.001,24.530,26.866,0.001,0.052,0.671,12.581,0.122,27,12,0,22,2,0,20.220
18,Grid,3,19.979,0.241,1.315,0.001,27.507,25.252,0.001,0.060,0.787,18.856,0.167,27,12,0,22,2,0,17.125
18,Grid,4,11.788,1.016,0.842,0.001,21.810,32.567,0.001,0.052,0.616,10.939,0.093,27,12,0,22,2,0,25.815
18,Grid,5,16.786,2.392,1.292,0.001,24.954,35.769,0.001,0.053,0.507,15.903,0.191,27,12,0,22,2,0,27.118
18,Grid,6,17.385,0.119,1.335,0.001,25.120,32.650,0.001,0.058,0.563,16.500,0.160,27,12,0,22,2,0,24.152
18,Grid,7,16.298,0.168,1.236,0.001,17.604,31.554,0.001,0.058,0.618,15.414,0.093,27,12,0,22,2,0,22.902
18,Grid,8,17.064,0.741,1.291,0.001,28.472,39.620,0.001,0.052,0.543,16.206,0.173,27,12,0,22,2,0,31.075
18,Grid,9,10.603,1.362,0.851,0.001,24.950,29.928,0.001,0.053,0.574,9.749,0.096,27,12,0,22,2,0,21.786
18,Grid,10,19.322,0.129,0.816,0.001,25.947,34.479,0.001,0.058,0.800,18.208,0.161,27,12,0,22,2,0,27.908
19,Grid,1,10.388,1.232,0.789,0.001,26.721,28.196,0.001,0.053,0.405,9.728,0.094,27,12,0,22,2,0,20.435
19,Grid,2,10.875,1.206,0.818,0.001,23.477,28.770,0.001,0.056,0.618,9.997,0.092,27,12,0,22,2,0,22.197
19,Grid,3,16.088,0.323,0.802,0.001,27.668,31.645,0.001,0.049,0.565,15.226,0.156,27,12,0,22,2,0,23.359
19,Grid,4,10.544,1.399,0.796,0.001,23.615,28.688,0.001,0.054,0.629,9.656,0.092,27,12,0,22,2,0,21.048
19,Grid,5,10.266,1.313,0.803,0.001,23.184,28.544,0.001,0.049,0.523,9.498,0.093,27,12,0,22,2,0,20.639
19,Grid,6,22.900,0.213,1.224,0.001,25.758,28.504,0.001,0.069,0.578,21.997,0.167,27,12,0,22,2,0,19.985
19,Grid,7,18.277,0.220,0.780,0.001,26.906,21.165,0.001,0.049,0.628,17.335,0.168,27,12,0,22,2,0,14.750
19,Grid,8,18.443,0.278,1.275,0.001,25.593,35.130,0.001,0.060,0.670,17.415,0.170,27,12,0,22,2,0,25.564
19,Grid,9,11.571,0.428,0.765,0.001,24.973,32.489,0.001,0.050,0.624,10.711,0.092,27,12,0,22,2,0,20.797
19,Grid,10,10.301,1.278,0.775,0.001,22.051,21.411,0.001,0.053,0.531,9.514,0.093,27,12,0,22,2,0,14.977
19,Rows,1,10.594,1.474,0.679,0.001,23.261,34.103,0.001,0.048,0.391,9.899,0.156,27,12,0,22,2,0,26.178
19,Rows,2,11.989,1.375,0.691,0.001,16.101,28.334,0.001,0.046,0.605,11.089,0.155,27,12,0,22,2,0,21.756
19,Rows,3,19.388,0.060,1.112,0.001,25.286,30.768,0.001,0.062,0.626,18.436,0.162,27,12,0,22,2,0,22.713
19,Rows,4,18.795,0.061,1.092,0.001,24.465,29.691,0.001,0.050,0.848,17.621,0.163,27,12,0,22,2,0,22.037
19,Rows,5,10.899,1.125,0.727,0.001,23.498,22.093,0.001,0.054,0.635,10.018,0.092,27,12,0,22,2,0,15.608
19,Rows,6,22.680,1.908,1.036,0.001,27.880,36.248,0.001,0.056,0.578,21.776,0.168,27,12,0,22,2,0,23.649
19,Rows,7,10.574,1.328,0.701,0.001,22.043,27.708,0.001,0.053,0.563,9.750,0.093,27,12,0,22,2,0,20.053
19,Rows,8,19.189,0.073,0.705,0.001,24.673,31.455,0.001,0.049,0.525,18.355,0.168,27,12,0,22,2,0,18.721
19,Rows,9,10.401,1.291,0.699,0.001,23.088,27.794,0.001,0.055,0.505,9.608,0.122,27,12,0,22,2,0,20.402
19,Rows,10,10.471,1.040,0.721,0.001,23.653,27.584,0.001,0.050,0.525,9.716,0.092,27,12,0,22,2,0,20.058
20,Rows,1,28.255,0.130,1.116,0.001,24.639,105.181,0.001,0.075,0.542,27.361,0.171,27,12,0,22,2,0,94.980
20,Rows,2,27.873,0.102,1.184,0.001,27.395,38.165,0.001,0.047,1.061,26.335,0.183,27,12,0,22,2,0,0.084
20,Rows,3,22.513,0.157,1.066,0.001,33.336,37.484,0.001,0.029,0.949,21.158,0.225,27,12,0,22,2,0,27.169
20,Rows,4,32.178,0.103,1.265,0.001,28.221,35.430,0.001,0.056,1.398,30.452,0.170,27,12,0,22,2,0,25.191
20,Rows,5,23.845,0.105,1.194,0.001,28.838,41.885,0.001,0.059,0.620,22.904,0.166,27,12,0,22,2,0,32.032
20,Rows,6,24.373,0.928,1.882,0.001,31.997,35.961,0.001,0.057,1.099,22.864,0.210,27,12,0,22,2,0,24.611
20,Rows,7,22.596,0.141,1.086,0.001,30.056,43.410,0.001,0.052,0.626,21.583,0.224,27,12,0,22,2,0,33.570
20,Rows,8,26.032,0.173,1.083,0.001,25.660,36.467,0.001,0.050,0.678,25.030,0.166,27,12,0,22,2,0,1.297
20,Rows,9,23.086,1.179,1.121,0.001,30.617,39.852,0.001,0.042,0.794,21.915,0.241,27,12,0,22,2,0,29.779
20,Rows,10,25.477,0.132,1.240,0.001,26.203,36.393,0.001,0.067,0.949,24.135,0.172,27,12,0,22,2,0,24.585
20,Grid,1,22.993,0.162,1.286,0.001,27.945,48.717,0.001,0.041,0.784,21.800,0.217,27,12,0,22,2,0,36.377
20,Grid,2,23.044,0.103,1.311,0.001,31.879,34.516,0.001,0.046,0.660,22.066,0.167,27,12,0,22,2,0,23.655
20,Grid,3,21.674,0.429,1.281,0.001,34.798,41.316,0.001,0.050,0.765,20.541,0.209,27,12,0,22,2,0,31.180
20,Grid,4,31.623,0.121,1.322,0.001,30.692,37.775,0.001,0.043,0.803,30.488,0.184,27,12,0,22,2,0,0.154
20,Grid,5,24.038,0.130,1.316,0.001,29.989,39.697,0.001,0.028,0.614,23.134,0.167,27,12,0,22,2,0,0.093
20,Grid,6,24.844,4.978,1.241,0.001,34.717,45.115,0.002,0.047,0.624,23.833,0.241,27,12,0,22,2,0,5.010
20,Grid,7,26.286,0.134,1.316,0.001,31.492,36.227,0.001,0.036,0.685,25.268,0.188,27,12,0,22,2,0,1.674
20,Grid,8,22.886,0.116,1.231,0.001,31.042,33.542,0.001,0.049,0.617,21.899,0.226,27,12,0,22,2,0,1.625
20,Grid,9,26.903,0.109,1.227,0.001,38.588,41.359,0.001,0.040,0.858,25.739,0.162,27,12,0,22,2,0,25.837
20,Grid,10,30.368,0.100,1.281,0.001,32.043,37.709,0.001,0.185,1.639,26.090,2.135,27,12,0,22,2,0,26.820
21,Grid,1,12.117,4.540,1.195,0.001,23.728,51.569,0.001,0.060,0.534,11.324,0.093,27,12,0,22,2,0,42.037
21,Grid,2,18.531,0.328,1.310,0.001,26.131,32.165,0.001,0.061,0.688,17.492,0.163,27,12,0,22,2,0,23.916
21,Grid,3,18.750,0.463,1.285,0.001,32.969,31.716,0.001,0.062,0.900,17.533,0.161,27,12,0,22,2,0,23.231
21,Grid,4,18.824,0.460,1.205,0.001,17.186,31.637,0.001,0.055,0.840,17.665,0.163,27,12,0,22,2,0,24.310
21,Grid,5,19.478,0.178,1.301,0.001,28.077,36.194,0.001,0.068,1.335,17.798,0.161,27,12,0,22,2,0,27.797
21,Grid,6,14.424,2.361,0.858,0.001,22.177,30.739,0.001,0.067,0.693,13.436,0.094,27,12,0,22,2,0,21.912
21,Grid,7,18.661,0.555,1.277,0.001,34.692,26.337,0.001,0.060,0.624,17.738,0.149,27,12,0,22,2,0,18.056
21,Grid,8,12.814,4.268,1.225,0.001,36.162,49.397,0.001,0.070,1.656,10.894,0.093,27,12,0,22,2,0,35.264
21,Grid,9,17.404,0.205,1.287,0.001,25.470,28.631,0.001,0.060,0.766,16.298,0.158,27,12,0,22,2,0,20.348
21,Grid,10,18.596,0.073,0.935,0.001,25.224,33.419,0.001,0.057,0.615,17.648,0.162,27,12,0,22,2,0,24.984
21,Rows,1,20.087,0.051,1.036,0.001,25.317,55.360,0.001,0.056,1.649,18.125,0.162,27,12,0,22,2,0,44.395
21,Rows,2,19.622,0.096,1.120,0.001,24.801,30.957,0.001,0.057,0.800,18.506,0.160,27,12,0,22,2,0,22.536
21,Rows,3,11.579,5.099,1.083,0.001,24.528,31.589,0.001,0.059,0.630,10.705,0.092,27,12,0,22,2,0,24.773
21,Rows,4,19.834,0.117,1.142,0.001,25.647,26.635,0.001,0.060,1.436,18.071,0.166,27,12,0,22,2,0,18.122
21,Rows,5,14.531,0.227,1.043,0.001,25.554,33.261,0.001,0.059,0.756,13.463,0.160,27,12,0,22,2,0,24.952
21,Rows,6,21.923,0.096,1.092,0.001,26.975,31.306,0.001,0.058,0.610,20.992,0.169,27,12,0,22,2,0,22.867
21,Rows,7,19.180,0.314,0.838,0.001,25.708,32.410,0.001,0.061,0.968,17.884,0.164,27,12,0,22,2,0,23.953
21,Rows,8,18.284,0.140,1.095,0.001,24.632,36.195,0.001,0.066,0.654,17.302,0.159,27,12,0,22,2,0,26.414
21,Rows,9,19.199,0.110,1.093,0.001,25.623,32.524,0.001,0.056,0.876,18.002,0.162,27,12,0,22,2,0,23.890
21,Rows,10,19.810,0.107,0.782,0.001,27.049,35.595,0.001,0.065,1.492,18.012,0.140,27,12,0,22,2,0,27.257
22,Rows,1,11.886,4.075,1.014,0.001,26.141,32.941,0.001,0.059,0.574,11.053,0.094,27,12,0,22,2,0,23.477
22,Rows,2,23.956,0.105,1.101,0.001,27.853,32.025,0.001,0.060,0.588,23.040,0.173,27,12,0,22,2,0,23.379
22,Rows,3,17.793,0.099,1.181,0.001,17.890,30.654,0.001,0.062,0.606,16.793,0.172,27,12,0,22,2,0,23.784
22,Rows,4,19.443,0.057,6.779,0.001,19.329,38.874,0.001,0.062,0.781,18.294,0.180,27,12,0,22,2,0,24.147
22,Rows,5,20.040,0.113,1.141,0.001,27.097,27.036,0.001,0.061,0.743,18.961,0.172,27,12,0,22,2,0,18.891
22,Rows,6,13.587,3.330,1.113,0.001,22.096,32.992,0.001,0.060,0.660,12.668,0.100,27,12,0,22,2,0,24.866
22,Rows,7,19.087,0.073,1.100,0.001,25.552,26.862,0.001,0.058,0.848,17.914,0.164,27,12,0,22,2,0,18.555
22,Rows,8,11.506,3.640,0.737,0.001,27.965,25.524,0.001,0.059,0.628,10.635,0.092,27,12,0,22,2,0,19.000
22,Rows,9,19.259,0.220,1.226,0.001,26.970,28.508,0.001,0.086,0.636,18.200,0.228,27,12,0,22,2,0,19.282
22,Rows,10,19.494,0.290,1.007,0.001,29.955,33.476,0.001,0.059,0.649,18.521,0.167,27,12,0,22,2,0,24.709
22,Grid,1,19.565,0.062,1.297,0.001,25.001,30.711,0.001,0.059,1.382,17.821,0.192,27,12,0,22,2,0,22.199
22,Grid,2,13.328,3.268,1.247,0.001,26.599,26.801,0.001,0.059,0.655,12.424,0.099,27,12,0,22,2,0,18.602
22,Grid,3,23.594,0.218,1.309,0.001,21.094,31.366,0.001,0.058,0.619,22.652,0.168,27,12,0,22,2,0,22.222
22,Grid,4,17.519,0.440,1.355,0.001,25.592,30.539,0.001,0.060,0.741,16.452,0.161,27,12,0,22,2,0,21.861
22,Grid,5,18.478,0.049,1.259,0.001,26.260,35.010,0.001,0.062,0.927,17.199,0.173,27,12,0,22,2,0,26.674
22,Grid,6,18.721,0.087,1.322,0.001,18.699,35.064,0.001,0.054,0.646,17.726,0.161,27,12,0,22,2,0,24.300
22,Grid,7,18.685,0.246,1.350,0.001,27.355,30.746,0.001,0.061,0.631,17.665,0.230,27,12,0,22,2,0,22.212
22,Grid,8,16.289,1.162,1.247,0.001,23.580,31.309,0.001,0.065,0.914,15.043,0.096,27,12,0,22,2,0,22.556
22,Grid,9,18.698,0.443,1.349,0.001,27.266,31.031,0.001,0.062,0.646,17.716,0.178,27,12,0,22,2,0,21.044
22,Grid,10,19.058,0.064,0.950,0.001,26.346,32.236,0.001,0.059,0.879,17.850,0.164,27,12,0,22,2,0,23.679
23,Grid,1,17.794,0.131,0.896,0.001,17.051,59.100,0.001,0.057,0.498,16.973,0.164,27,12,0,22,2,0,49.205
23,Grid,2,18.299,0.137,1.215,0.001,26.559,32.624,0.001,0.056,0.621,17.346,0.170,27,12,0,22,2,0,23.596
23,Grid,3,17.150,0.111,1.283,0.001,27.799,36.600,0.001,0.059,0.740,16.091,0.165,27,12,0,22,2,0,27.480
23,Grid,4,18.554,0.188,0.944,0.001,21.616,41.523,0.001,0.075,0.644,17.573,0.158,27,12,0,22,2,0,33.371
23,Grid,5,17.885,0.121,1.284,0.001,26.357,32.473,0.001,0.115,0.637,16.853,0.166,27,12,0,22,2,0,23.720
23,Grid,6,18.291,0.118,0.816,0.001,19.065,28.765,0.001,0.059,0.820,17.195,0.114,27,12,0,22,2,0,22.055
23,Grid,7,18.514,0.118,1.303,0.001,26.274,26.985,0.001,0.060,0.618,17.531,0.169,27,12,0,22,2,0,18.649
23,Grid,8,18.404,0.115,0.818,0.001,27.290,25.729,0.001,0.078,1.690,16.446,0.093,27,12,0,22,2,0,15.441
23,Grid,9,18.561,0.280,0.836,0.001,26.330,25.595,0.001,0.059,0.904,17.331,0.165,27,12,0,22,2,0,18.858
23,Grid,10,19.405,0.093,1.312,0.001,19.593,32.111,0.001,0.049,0.648,18.445,0.167,27,12,0,22,2,0,22.211
23,Rows,1,17.860,0.204,1.114,0.001,28.570,30.945,0.001,0.058,0.623,16.886,0.196,27,12,0,22,2,0,19.277
23,Rows,2,14.077,3.925,0.771,0.001,19.926,31.689,0.001,0.092,0.849,12.906,0.104,27,12,0,22,2,0,24.598
23,Rows,3,19.125,0.177,1.163,0.001,25.350,31.794,0.001,0.075,0.795,17.972,0.181,27,12,0,22,2,0,23.040
23,Rows,4,17.453,0.113,1.127,0.001,26.510,31.227,0.001,0.058,0.767,16.362,0.160,27,12,0,22,2,0,22.362
23,Rows,5,18.013,0.118,1.143,0.001,30.690,36.386,0.001,0.058,0.764,16.940,0.159,27,12,0,22,2,0,27.532
23,Rows,6,18.202,0.112,1.267,0.001,25.523,32.239,0.001,0.060,0.685,17.131,0.171,27,12,0,22,2,0,23.127
23,Rows,7,11.375,5.349,5.025,0.001,18.339,40.115,0.002,0.059,0.628,10.482,0.108,27,12,0,22,2,0,25.497
23,Rows,8,19.277,0.250,1.206,0.001,25.510,29.621,0.001,0.059,0.788,18.157,0.167,27,12,0,22,2,0,20.959
23,Rows,9,16.234,0.932,1.150,0.001,29.708,38.032,0.001,0.082,0.924,15.013,0.103,27,12,0,22,2,0,29.627
23,Rows,10,18.468,0.334,1.118,0.001,25.970,32.832,0.001,0.061,0.610,17.501,0.162,27,12,0,22,2,0,24.017
24,Rows,1,14.933,1.332,1.017,0.001,20.543,56.033,0.001,0.055,0.498,14.115,0.166,27,12,0,22,2,0,45.958
24,Rows,2,17.790,0.095,1.081,0.001,16.582,29.624,0.001,0.057,0.931,16.495,0.197,27,12,0,22,2,0,21.190
24,Rows,3,19.228,0.110,1.100,0.001,32.619,27.555,0.001,0.057,0.820,18.089,0.165,27,12,0,22,2,0,18.553
24,Rows,4,18.740,0.141,1.092,0.001,27.162,33.456,0.001,0.039,0.945,17.489,0.161,27,12,0,22,2,0,22.925
24,Rows,5,18.662,0.098,0.748,0.001,17.262,54.804,0.001,0.061,1.823,16.527,0.160,27,12,0,22,2,0,47.784
24,Rows,6,12.409,4.815,1.038,0.001,25.385,33.288,0.001,0.059,0.684,11.473,0.093,27,12,0,22,2,0,24.728
24,Rows,7,10.456,6.119,1.054,0.001,25.759,37.289,0.001,0.076,0.531,9.665,0.094,27,12,0,22,2,0,27.526
24,Rows,8,12.104,2.133,0.679,0.001,25.816,30.943,0.001,0.058,0.634,11.213,0.098,27,12,0,22,2,0,22.828
24,Rows,9,17.373,0.115,1.136,0.001,25.880,33.689,0.001,0.060,0.596,16.468,0.159,27,12,0,22,2,0,25.070
24,Rows,10,18.773,0.151,1.036,0.001,26.125,32.557,0.001,0.060,0.859,17.533,0.169,27,12,0,22,2,0,23.819
24,Grid,1,18.459,0.095,1.081,0.001,27.592,33.913,0.001,0.059,0.529,17.572,0.197,27,12,0,22,2,0,25.858
24,Grid,2,18.651,0.065,1.237,0.001,27.815,31.429,0.001,0.059,0.716,17.615,0.157,27,12,0,22,2,0,23.197
24,Grid,3,18.125,0.113,1.325,0.001,27.435,31.182,0.002,0.303,0.588,16.894,0.160,27,12,0,22,2,0,21.403
24,Grid,4,18.260,0.105,1.244,0.001,25.784,31.026,0.001,0.060,1.525,16.401,0.170,27,12,0,22,2,0,22.572
24,Grid,5,18.472,0.116,1.266,0.001,25.589,34.424,0.001,0.059,0.636,17.513,0.169,27,12,0,22,2,0,26.117
24,Grid,6,18.423,0.089,1.120,0.001,25.066,30.076,0.001,0.060,0.626,17.469,0.165,27,12,0,22,2,0,21.588
24,Grid,7,18.841,0.142,1.309,0.001,24.818,32.676,0.001,0.059,0.610,17.908,0.170,27,12,0,22,2,0,24.154
24,Grid,8,11.293,5.369,1.213,0.001,25.207,26.493,0.001,0.060,0.631,10.410,0.094,27,12,0,22,2,0,18.348
24,Grid,9,10.375,6.253,1.213,0.001,27.830,30.439,0.001,0.061,0.534,9.598,0.093,27,12,0,22,2,0,20.781
24,Grid,10,18.129,0.078,1.265,0.001,25.443,25.790,0.001,0.057,0.577,17.204,0.164,27,12,0,22,2,0,17.632
25,Grid,1,10.675,6.090,1.183,0.001,16.619,63.202,0.001,0.060,0.530,9.864,0.118,27,12,0,22,2,0,54.941
25,Grid,2,18.364,0.385,1.314,0.001,25.154,30.127,0.001,0.066,0.628,17.403,0.164,27,12,0,22,2,0,21.596
25,Grid,3,18.452,0.133,0.808,0.001,27.342,28.136,0.001,0.060,0.806,17.401,0.094,27,12,0,22,2,0,21.653
25,Grid,4,18.537,0.123,0.832,0.001,18.148,30.457,0.001,0.050,0.660,17.558,0.169,27,12,0,22,2,0,23.510
25,Grid,5,20.565,0.218,1.349,0.001,28.048,29.075,0.001,0.078,2.621,17.595,0.163,27,12,0,22,2,0,20.809
25,Grid,6,18.497,0.110,1.280,0.001,27.282,32.292,0.001,0.059,0.795,17.381,0.160,27,12,0,22,2,0,23.821
25,Grid,7,18.292,0.114,1.304,0.001,30.180,30.763,0.001,0.059,0.598,17.381,0.158,27,12,0,22,2,0,22.191
25,Grid,8,17.519,0.096,0.945,0.001,18.250,30.001,0.001,0.058,0.819,16.361,0.178,27,12,0,22,2,0,22.984
25,Grid,9,18.471,0.258,1.321,0.001,26.019,27.314,0.001,0.063,0.620,17.500,0.160,27,12,0,22,2,0,18.412
25,Grid,10,21.121,0.053,0.826,0.001,27.013,31.034,0.001,0.058,0.932,19.771,0.218,27,12,0,22,2,0,23.049
25,Rows,1,12.537,0.427,0.754,0.001,25.225,23.652,0.001,0.051,0.654,11.607,0.125,27,12,0,22,2,0,17.092
25,Rows,2,19.190,0.235,1.120,0.001,25.134,31.232,0.001,0.057,0.800,18.068,0.171,27,12,0,22,2,0,22.676
25,Rows,3,11.666,4.971,0.816,0.001,20.981,32.854,0.002,0.104,0.863,10.467,0.102,27,12,0,22,2,0,25.041
25,Rows,4,18.810,0.062,1.224,0.001,29.563,33.044,0.001,0.063,0.660,17.723,0.238,27,12,0,22,2,0,23.466
25,Rows,5,10.651,6.369,1.066,0.001,18.926,33.381,0.001,0.060,0.622,9.720,0.093,27,12,0,22,2,0,24.843
25,Rows,6,18.519,0.444,1.107,0.001,27.380,30.859,0.001,0.066,0.575,17.611,0.160,27,12,0,22,2,0,22.207
25,Rows,7,18.578,0.065,0.750,0.001,26.693,32.741,0.002,0.059,0.624,17.629,0.163,27,12,0,22,2,0,24.263
25,Rows,8,19.103,0.032,1.104,0.001,25.747,33.094,0.001,0.060,0.634,18.155,0.160,27,12,0,22,2,0,24.594
25,Rows,9,19.244,0.188,0.723,0.001,28.964,25.801,0.001,0.058,1.637,17.356,0.094,27,12,0,22,2,0,15.393
25,Rows,10,17.925,0.585,1.076,0.001,19.137,33.259,0.001,0.059,0.803,16.848,0.102,27,12,0,22,2,0,22.946
26,Rows,1,23.241,1.779,1.017,0.001,27.950,44.848,0.001,0.052,0.500,22.496,0.094,27,12,0,22,2,0,31.128
26,Rows,2,12.118,4.719,1.061,0.001,25.777,31.784,0.001,0.061,0.608,11.254,0.093,27,12,0,22,2,0,23.520
26,Rows,3,16.355,0.149,1.073,0.001,30.070,32.404,0.001,0.058,0.614,15.499,0.093,27,12,0,22,2,0,24.303
26,Rows,4,23.862,0.206,1.063,0.001,27.429,29.626,0.001,0.059,5.903,17.643,0.162,27,12,0,22,2,0,21.118
26,Rows,5,13.391,3.434,1.088,0.001,18.487,33.143,0.001,0.060,0.969,12.167,0.094,27,12,0,22,2,0,24.644
26,Rows,6,18.890,0.525,1.135,0.001,25.799,34.010,0.001,0.080,0.638,17.858,0.192,27,12,0,22,2,0,25.135
26,Rows,7,17.158,0.076,1.063,0.001,26.652,32.617,0.001,0.059,0.799,16.051,0.144,27,12,0,22,2,0,24.029
26,Rows,8,18.346,0.241,1.103,0.001,26.767,35.721,0.001,0.057,0.586,17.423,0.168,27,12,0,22,2,0,27.308
26,Rows,9,11.750,5.462,1.070,0.001,18.372,33.492,0.001,0.062,0.636,10.790,0.099,27,12,0,22,2,0,25.050
26,Rows,10,18.716,0.116,1.089,0.001,27.354,32.303,0.001,0.057,0.606,17.793,0.168,27,12,0,22,2,0,23.725
26,Grid,1,18.724,0.203,0.799,0.001,17.715,31.091,0.001,0.060,0.601,17.802,0.157,27,12,0,22,2,0,24.013
26,Grid,2,18.380,0.089,1.321,0.001,26.021,27.256,0.001,0.061,0.623,17.441,0.159,27,12,0,22,2,0,17.702
26,Grid,3,11.726,4.070,1.210,0.001,28.077,35.366,0.001,0.058,1.096,10.380,0.092,27,12,0,22,2,0,23.361
26,Grid,4,18.551,0.420,1.304,0.001,25.271,31.818,0.001,0.060,0.793,17.434,0.162,27,12,0,22,2,0,23.262
26,Grid,5,12.949,4.158,0.832,0.001,17.486,53.609,0.001,0.056,0.582,12.124,0.094,27,12,0,22,2,0,46.676
26,Grid,6,19.225,0.069,1.316,0.001,27.840,35.576,0.001,0.060,0.741,18.147,0.171,27,12,0,22,2,0,23.333
26,Grid,7,18.672,0.111,0.857,0.001,26.181,22.012,0.001,0.060,0.702,17.643,0.166,27,12,0,22,2,0,15.365
26,Grid,8,17.461,0.089,0.836,0.001,19.258,30.312,0.001,0.059,0.602,16.548,0.160,27,12,0,22,2,0,23.419
26,Grid,9,19.597,0.146,1.336,0.001,27.210,30.520,0.001,0.059,1.624,17.597,0.214,27,12,0,22,2,0,17.984
26,Grid,10,18.515,0.129,1.246,0.001,26.925,29.824,0.001,0.059,0.704,17.489,0.160,27,12,0,22,2,0,21.396
27,Grid,1,11.224,5.889,1.219,0.001,19.937,51.444,0.001,0.072,0.518,10.398,0.119,27,12,0,22,2,0,43.179
27,Grid,2,18.429,0.431,1.277,0.001,25.594,31.093,0.001,0.061,0.593,17.511,0.163,27,12,0,22,2,0,22.510
27,Grid,3,12.425,4.281,1.268,0.001,27.925,37.967,0.001,0.060,0.600,11.566,0.092,27,12,0,22,2,0,29.831
27,Grid,4,18.363,0.021,1.069,0.001,25.978,30.970,0.001,0.054,0.623,17.414,0.169,27,12,0,22,2,0,22.514
27,Grid,5,14.866,1.399,0.868,0.001,27.113,35.511,0.001,0.081,0.596,14.003,0.095,27,12,0,22,2,0,28.886
27,Grid,6,17.574,0.113,1.267,0.001,25.364,30.105,0.001,0.060,0.641,16.610,0.160,27,12,0,22,2,0,21.523
27,Grid,7,18.265,0.113,0.858,0.001,29.127,21.859,0.001,0.059,0.786,17.236,0.093,27,12,0,22,2,0,15.338
27,Grid,8,18.728,0.134,0.834,0.001,25.257,21.856,0.001,0.060,1.440,17.032,0.094,27,12,0,22,2,0,15.204
27,Grid,9,17.654,0.079,0.828,0.001,26.065,26.454,0.001,0.059,0.797,16.526,0.178,27,12,0,22,2,0,19.907
27,Grid,10,17.607,0.108,1.391,0.001,21.703,29.350,0.001,0.073,0.727,16.546,0.158,27,12,0,22,2,0,20.870
27,Rows,1,18.421,0.091,1.057,0.001,24.973,30.347,0.001,0.059,0.528,17.522,0.217,27,12,0,22,2,0,22.237
27,Rows,2,15.315,0.176,1.072,0.001,27.136,35.550,0.001,0.058,0.846,14.152,0.156,27,12,0,22,2,0,27.302
27,Rows,3,18.458,0.101,1.095,0.001,27.135,36.656,0.001,0.059,0.642,17.455,0.208,27,12,0,22,2,0,28.138
27,Rows,4,18.048,0.119,1.135,0.001,26.290,32.410,0.001,0.061,0.642,16.994,0.184,27,12,0,22,2,0,23.542
27,Rows,5,19.059,0.083,1.167,0.001,26.449,34.984,0.001,0.057,0.740,17.989,0.178,27,12,0,22,2,0,26.157
27,Rows,6,18.092,0.080,0.758,0.001,25.993,25.337,0.001,0.060,0.693,17.076,0.161,27,12,0,22,2,0,18.402
27,Rows,7,18.460,0.039,0.756,0.001,30.962,32.119,0.001,0.061,0.612,17.512,0.163,27,12,0,22,2,0,23.549
27,Rows,8,18.408,0.104,1.135,0.001,26.842,32.131,0.001,0.061,1.405,16.655,0.182,27,12,0,22,2,0,22.673
27,Rows,9,18.621,0.309,1.105,0.001,24.475,30.954,0.001,0.062,0.618,17.688,0.162,27,12,0,22,2,0,22.219
27,Rows,10,16.377,1.351,0.718,0.001,25.426,36.090,0.001,0.057,0.605,15.505,0.093,27,12,0,22,2,0,23.687
28,Rows,1,13.482,1.835,0.703,0.001,24.799,30.239,0.001,0.058,0.514,12.715,0.094,27,12,0,22,2,0,21.475
28,Rows,2,18.132,1.743,0.658,0.001,28.145,36.123,0.002,0.048,0.532,17.298,0.165,27,12,0,22,2,0,19.955
28,Rows,3,11.717,1.066,0.718,0.001,24.358,31.110,0.001,0.065,0.475,10.956,0.099,27,12,0,22,2,0,23.168
28,Rows,4,10.558,5.816,1.055,0.001,24.869,32.860,0.001,0.055,0.519,9.801,0.094,27,12,0,22,2,0,23.919
28,Rows,5,24.429,0.112,1.078,0.001,25.961,30.779,0.001,0.062,5.306,18.779,0.167,27,12,0,22,2,0,22.190
28,Rows,6,12.245,1.020,0.712,0.001,22.002,22.670,0.001,0.060,0.738,11.254,0.093,27,12,0,22,2,0,16.010
28,Rows,7,19.407,0.102,1.123,0.001,22.681,26.765,0.001,0.056,0.540,18.525,0.193,27,12,0,22,2,0,19.282
28,Rows,8,18.272,0.099,0.738,0.001,15.818,27.613,0.001,0.049,0.641,17.328,0.157,27,12,0,22,2,0,20.831
28,Rows,9,17.143,1.753,1.104,0.001,21.972,47.851,0.001,0.049,0.525,16.306,0.172,27,12,0,22,2,0,40.245
28,Rows,10,10.415,1.130,0.642,0.001,22.676,28.497,0.001,0.053,0.546,9.554,0.129,27,12,0,22,2,0,21.008
28,Grid,1,10.335,1.308,0.790,0.001,25.305,33.562,0.001,0.054,0.351,9.726,0.093,27,12,0,22,2,0,26.169
28,Grid,2,13.544,0.295,0.811,0.001,23.361,20.756,0.001,0.053,0.611,12.673,0.095,27,12,0,22,2,0,14.303
28,Grid,3,10.472,0.979,0.804,0.001,22.876,22.756,0.001,0.049,0.556,9.686,0.094,27,12,0,22,2,0,16.288
28,Grid,4,17.163,0.846,1.251,0.001,23.955,35.393,0.001,0.054,0.633,16.198,0.169,27,12,0,22,2,0,24.072
28,Grid,5,14.010,0.520,0.800,0.001,24.440,29.361,0.001,0.051,0.495,13.182,0.171,27,12,0,22,2,0,21.472
28,Grid,6,10.399,1.364,0.799,0.001,23.261,28.179,0.001,0.068,0.470,9.637,0.094,27,12,0,22,2,0,20.383
28,Grid,7,10.450,1.782,0.755,0.001,25.319,33.354,0.001,0.052,0.570,9.615,0.092,27,12,0,22,2,0,21.648
28,Grid,8,10.424,1.309,0.811,0.001,23.291,29.116,0.001,0.057,0.631,9.515,0.093,27,12,0,22,2,0,21.359
28,Grid,9,10.299,1.163,0.785,0.001,27.095,28.627,0.001,0.047,0.544,9.528,0.092,27,12,0,22,2,0,20.854
28,Grid,10,10.819,1.014,0.792,0.001,22.905,22.620,0.001,0.047,0.667,9.916,0.093,27,12,0,22,2,0,16.135
29,Grid,1,10.287,1.140,0.791,0.001,24.580,37.140,0.001,0.044,0.449,9.610,0.094,27,12,0,22,2,0,30.656
29,Grid,2,10.373,1.319,0.800,0.001,25.210,30.607,0.001,0.049,0.524,9.608,0.094,27,12,0,22,2,0,22.472
29,Grid,3,10.329,1.486,0.807,0.001,24.504,32.699,0.001,0.050,0.591,9.506,0.093,27,12,0,22,2,0,24.928
29,Grid,4,10.283,1.322,0.780,0.001,23.370,22.516,0.001,0.050,0.549,9.496,0.092,27,12,0,22,2,0,16.032
29,Grid,5,17.796,0.146,1.302,0.001,26.387,35.673,0.001,0.061,0.550,16.914,0.170,27,12,0,22,2,0,27.674
29,Grid,6,10.504,1.289,0.815,0.001,23.608,30.039,0.001,0.045,0.577,9.674,0.093,27,12,0,22,2,0,22.212
29,Grid,7,18.467,0.363,1.261,0.001,24.587,31.964,0.001,0.053,0.696,17.418,0.165,27,12,0,22,2,0,23.540
29,Grid,8,18.270,0.204,1.261,0.001,24.597,31.331,0.001,0.053,0.628,17.313,0.162,27,12,0,22,2,0,23.127
29,Grid,9,11.175,0.960,0.807,0.001,28.756,23.859,0.001,0.053,0.601,10.335,0.092,27,12,0,22,2,0,17.455
29,Grid,10,18.583,0.217,1.135,0.001,24.421,32.244,0.001,0.047,0.639,17.638,0.163,27,12,0,22,2,0,24.734
29,Rows,1,18.247,0.344,0.694,0.001,15.358,66.497,0.001,0.050,0.501,17.448,0.161,27,12,0,22,2,0,60.242
29,Rows,2,21.993,0.056,1.080,0.001,23.715,27.354,0.001,0.047,0.515,21.181,0.163,27,12,0,22,2,0,19.363
29,Rows,3,17.969,0.244,1.083,0.001,15.993,28.796,0.001,0.065,1.053,16.658,0.092,27,12,0,22,2,0,20.685
29,Rows,4,19.118,0.135,1.281,0.001,23.791,30.760,0.001,0.047,0.599,18.160,0.217,27,12,0,22,2,0,21.320
29,Rows,5,10.733,1.243,0.719,0.001,22.682,22.142,0.001,0.049,0.592,9.883,0.094,27,12,0,22,2,0,15.639
29,Rows,6,18.247,0.049,1.141,0.001,21.545,28.906,0.001,0.051,0.560,17.386,0.148,27,12,0,22,2,0,20.854
29,Rows,7,17.825,0.143,1.115,0.001,23.357,25.889,0.001,0.048,0.578,16.921,0.167,27,12,0,22,2,0,17.958
29,Rows,8,18.645,0.336,1.107,0.001,26.496,23.744,0.001,0.057,0.557,17.753,0.160,27,12,0,22,2,0,15.980
29,Rows,9,11.137,1.372,0.701,0.001,21.717,21.773,0.001,0.048,1.322,9.567,0.092,27,12,0,22,2,0,15.157
29,Rows,10,18.499,0.099,1.105,0.001,22.159,26.639,0.001,0.047,0.547,17.634,0.166,27,12,0,22,2,0,18.774
30,Rows,1,10.426,1.489,0.749,0.001,26.081,28.908,0.001,0.056,0.482,9.679,0.096,27,12,0,22,2,0,20.820
30,Rows,2,18.564,1.556,0.730,0.001,19.094,52.373,0.001,0.050,0.533,17.721,0.167,27,12,0,22,2,0,38.290
30,Rows,3,10.446,1.671,0.729,0.001,23.329,30.039,0.001,0.059,0.512,9.640,0.095,27,12,0,22,2,0,22.052
30,Rows,4,11.379,0.965,0.756,0.001,22.787,30.141,0.001,0.051,0.517,10.532,0.187,27,12,0,22,2,0,22.259
30,Rows,5,11.542,0.403,0.713,0.001,26.563,33.344,0.001,0.055,0.614,10.661,0.093,27,12,0,22,2,0,21.555
30,Rows,6,10.782,2.004,0.769,0.001,24.054,30.033,0.001,0.074,0.566,9.904,0.103,27,12,0,22,2,0,21.652
30,Rows,7,10.801,1.228,0.717,0.001,25.135,25.540,0.001,0.055,0.623,9.894,0.094,27,12,0,22,2,0,15.598
30,Rows,8,17.965,0.062,1.016,0.001,24.237,25.615,0.001,0.054,0.570,17.044,0.175,27,12,0,22,2,0,16.970
30,Rows,9,18.605,0.084,0.806,0.001,23.294,31.974,0.001,0.058,0.806,17.463,0.165,27,12,0,22,2,0,23.298
30,Rows,10,12.779,0.602,0.749,0.001,25.041,26.090,0.001,0.054,1.398,11.111,0.096,27,12,0,22,2,0,15.428
30,Grid,1,15.810,2.756,1.341,0.001,23.492,34.072,0.001,0.052,0.546,14.926,0.167,27,12,0,22,2,0,25.831
30,Grid,2,16.195,0.374,1.293,0.001,25.069,34.373,0.001,0.060,0.655,15.244,0.105,27,12,0,22,2,0,25.969
30,Grid,3,10.927,1.965,0.840,0.001,24.188,30.091,0.001,0.050,0.541,10.143,0.094,27,12,0,22,2,0,21.928
30,Grid,4,10.459,1.240,0.903,0.001,25.234,33.475,0.001,0.056,0.668,9.541,0.092,27,12,0,22,2,0,25.698
30,Grid,5,10.330,1.427,0.824,0.001,24.006,21.992,0.001,0.051,0.525,9.541,0.113,27,12,0,22,2,0,15.373
30,Grid,6,17.832,0.183,1.307,0.001,27.766,33.181,0.001,0.048,0.573,16.934,0.172,27,12,0,22,2,0,24.935
30,Grid,7,10.560,1.468,0.816,0.001,24.480,32.570,0.001,0.054,0.630,9.668,0.094,27,12,0,22,2,0,24.481
30,Grid,8,10.461,1.357,0.833,0.001,26.474,29.798,0.001,0.059,0.516,9.644,0.138,27,12,0,22,2,0,21.956
30,Grid,9,22.347,0.050,1.292,0.001,27.542,29.912,0.001,0.051,0.487,21.515,0.190,27,12,0,22,2,0,21.627
30,Grid,10,18.426,0.321,0.949,0.001,24.775,31.435,0.001,0.056,0.704,17.356,0.188,27,12,0,22,2,0,22.594
31,Grid,1,26.077,0.060,1.195,0.001,20.221,46.573,0.001,0.056,0.499,25.244,0.164,27,12,0,22,2,0,38.195
31,Grid,2,10.695,1.416,0.815,0.001,24.647,30.341,0.001,0.056,0.568,9.821,0.094,27,12,0,22,2,0,22.186
31,Grid,3,10.573,1.250,6.721,0.001,30.202,32.778,0.001,0.051,0.591,9.744,0.094,27,12,0,22,2,0,19.082
31,Grid,4,10.497,1.299,0.815,0.001,24.204,30.194,0.001,0.042,0.561,9.699,0.098,27,12,0,22,2,0,22.177
31,Grid,5,10.385,1.655,0.833,0.001,23.512,30.089,0.001,0.058,0.466,9.632,0.111,27,12,0,22,2,0,22.368
31,Grid,6,11.209,1.103,0.832,0.001,26.583,26.811,0.001,0.069,0.601,10.307,0.096,27,12,0,22,2,0,16.332
31,Grid,7,18.855,0.527,1.268,0.001,24.957,31.463,0.002,0.053,0.645,17.855,0.162,27,12,0,22,2,0,23.654
31,Grid,8,18.236,0.140,0.849,0.001,27.625,26.133,0.001,0.054,0.606,17.321,0.164,27,12,0,22,2,0,19.642
31,Grid,9,11.849,1.063,0.857,0.001,26.091,36.668,0.002,0.068,0.684,10.875,0.095,27,12,0,22,2,0,28.413
31,Grid,10,10.254,1.450,1.016,0.001,24.741,35.372,0.001,0.063,0.456,9.538,0.093,27,12,0,22,2,0,25.830
31,Rows,1,10.366,1.660,0.737,0.001,22.456,23.117,0.001,0.056,0.520,9.548,0.127,27,12,0,22,2,0,16.458
31,Rows,2,16.092,3.236,1.135,0.001,22.548,33.242,0.001,0.052,0.530,15.238,0.177,27,12,0,22,2,0,24.863
31,Rows,3,10.367,1.886,0.744,0.001,24.917,32.918,0.001,0.047,0.586,9.545,0.093,27,12,0,22,2,0,20.752
31,Rows,4,10.387,1.474,0.719,0.001,23.783,29.558,0.001,0.058,0.534,9.572,0.092,27,12,0,22,2,0,21.793
31,Rows,5,10.354,1.342,0.722,0.001,23.974,29.590,0.001,0.049,0.552,9.568,0.094,27,12,0,22,2,0,21.689
31,Rows,6,10.699,1.526,0.659,0.001,26.901,36.493,0.001,0.054,0.625,9.816,0.092,27,12,0,22,2,0,24.898
31,Rows,7,10.626,1.660,0.767,0.001,23.840,34.537,0.001,0.050,0.553,9.792,0.101,27,12,0,22,2,0,26.488
31,Rows,8,10.443,1.399,0.693,0.001,22.209,22.002,0.001,0.050,0.589,9.614,0.092,27,12,0,22,2,0,15.497
31,Rows,9,16.508,1.524,1.187,0.001,22.746,28.975,0.001,0.048,0.562,15.627,0.179,27,12,0,22,2,0,21.017
31,Rows,10,20.676,0.461,1.120,0.001,22.718,25.079,0.001,0.057,0.653,19.703,0.146,27,12,0,22,2,0,16.610
32,Rows,1,10.340,1.606,0.685,0.001,15.703,55.580,0.001,0.052,0.388,9.698,0.094,27,12,0,22,2,0,47.780
32,Rows,2,10.239,1.209,0.721,0.001,22.831,30.041,0.001,0.053,0.445,9.540,0.092,27,12,0,22,2,0,22.213
32,Rows,3,13.078,0.512,0.800,0.001,24.164,33.539,0.001,0.056,0.625,12.121,0.170,27,12,0,22,2,0,26.247
32,Rows,4,10.738,2.281,0.714,0.001,24.088,27.687,0.001,0.069,0.621,9.837,0.093,27,12,0,22,2,0,15.563
32,Rows,5,18.909,0.537,1.043,0.001,25.209,33.276,0.001,0.050,0.713,17.880,0.163,27,12,0,22,2,0,25.017
32,Rows,6,11.239,1.062,0.710,0.001,23.800,34.704,0.001,0.067,0.639,10.345,0.095,27,12,0,22,2,0,28.109
32,Rows,7,10.496,2.180,0.742,0.001,23.743,31.480,0.001,0.050,0.586,9.670,0.093,27,12,0,22,2,0,23.323
32,Rows,8,10.498,1.185,0.681,0.001,27.752,29.219,0.001,0.051,0.562,9.703,0.092,27,12,0,22,2,0,21.625
32,Rows,9,10.792,1.077,0.724,0.001,22.746,30.044,0.001,0.050,0.692,9.860,0.093,27,12,0,22,2,0,22.204
32,Rows,10,10.360,1.429,0.723,0.001,26.131,28.695,0.001,0.054,0.447,9.666,0.093,27,12,0,22,2,0,21.146
32,Grid,1,10.439,1.415,0.801,0.001,23.337,23.347,0.001,0.046,0.491,9.676,0.128,27,12,0,22,2,0,16.814
32,Grid,2,16.379,2.193,1.301,0.001,23.568,30.018,0.001,0.051,0.538,15.527,0.172,27,12,0,22,2,0,22.550
32,Grid,3,14.500,1.294,0.771,0.001,25.510,37.102,0.001,0.055,4.719,9.525,0.091,27,12,0,22,2,0,23.320
32,Grid,4,11.837,1.117,0.906,0.001,23.989,34.185,0.001,0.056,0.556,10.887,0.185,27,12,0,22,2,0,25.941
32,Grid,5,18.587,0.287,1.283,0.001,26.649,31.316,0.001,0.070,0.627,17.588,0.167,27,12,0,22,2,0,23.106
32,Grid,6,12.548,0.894,0.867,0.001,23.712,28.168,0.001,0.063,0.655,11.608,0.102,27,12,0,22,2,0,21.511
32,Grid,7,18.643,0.159,1.172,0.001,24.032,31.331,0.001,0.050,0.667,17.629,0.197,27,12,0,22,2,0,23.773
32,Grid,8,18.143,0.082,0.909,0.001,27.254,22.206,0.001,0.049,0.649,17.184,0.170,27,12,0,22,2,0,15.690
32,Grid,9,12.131,0.928,0.825,0.001,19.891,30.570,0.001,0.052,1.005,10.830,0.140,27,12,0,22,2,0,23.799
32,Grid,10,18.128,0.244,1.360,0.001,25.532,31.444,0.001,0.050,0.696,17.109,0.174,27,12,0,22,2,0,23.333
33,Grid,1,10.430,1.798,0.845,0.002,20.440,51.322,0.001,0.053,0.533,9.648,0.095,27,12,0,22,2,0,42.621
33,Grid,2,11.554,0.782,0.859,0.001,24.254,30.094,0.001,0.956,0.716,9.661,0.096,27,12,0,22,2,0,21.331
33,Grid,3,10.357,1.984,0.879,0.001,29.457,30.493,0.001,0.057,0.447,9.647,0.096,27,12,0,22,2,0,22.378
33,Grid,4,13.352,0.876,0.828,0.001,24.728,31.300,0.001,0.049,0.600,12.427,0.172,27,12,0,22,2,0,23.028
33,Grid,5,10.377,1.728,0.853,0.001,25.616,34.828,0.001,0.056,0.507,9.614,0.093,27,12,0,22,2,0,26.718
33,Grid,6,10.359,1.551,0.824,0.001,25.839,29.552,0.001,0.056,0.561,9.549,0.092,27,12,0,22,2,0,21.657
33,Grid,7,10.475,1.616,0.845,0.001,27.776,29.066,0.001,0.061,0.619,9.571,0.112,27,12,0,22,2,0,21.092
33,Grid,8,10.649,1.483,0.818,0.001,22.583,22.113,0.001,0.051,0.555,9.837,0.094,27,12,0,22,2,0,15.264
33,Grid,9,10.920,1.074,0.843,0.001,24.860,30.847,0.001,0.054,0.558,10.122,0.095,27,12,0,22,2,0,24.157
33,Grid,10,22.286,0.129,1.267,0.001,26.093,28.665,0.001,0.049,0.575,21.408,0.163,27,12,0,22,2,0,20.208
33,Rows,1,18.666,0.185,0.870,0.001,20.482,47.047,0.001,0.058,0.588,17.728,0.163,27,12,0,22,2,0,39.708
33,Rows,2,19.179,0.167,1.026,0.001,26.831,33.577,0.001,0.055,0.626,18.189,0.171,27,12,0,22,2,0,24.457
33,Rows,3,10.746,1.780,1.440,0.001,25.635,36.173,0.001,0.050,0.604,9.878,0.105,27,12,0,22,2,0,28.758
33,Rows,4,10.555,1.902,0.802,0.001,23.414,30.302,0.001,0.050,0.571,9.739,0.094,27,12,0,22,2,0,22.082
33,Rows,5,10.413,1.787,0.755,0.001,23.336,30.577,0.001,0.056,0.476,9.684,0.095,27,12,0,22,2,0,22.861
33,Rows,6,10.616,1.874,0.768,0.001,25.245,34.115,0.001,0.056,0.604,9.747,0.093,27,12,0,22,2,0,22.323
33,Rows,7,10.373,1.521,0.722,0.001,24.384,28.792,0.001,0.056,0.509,9.602,0.093,27,12,0,22,2,0,20.826
33,Rows,8,10.298,1.722,0.757,0.001,27.050,30.652,0.001,0.051,0.470,9.579,0.095,27,12,0,22,2,0,22.605
33,Rows,9,10.475,1.902,0.744,0.001,23.448,31.284,0.001,0.055,0.573,9.637,0.094,27,12,0,22,2,0,22.818
33,Rows,10,10.242,1.550,0.714,0.001,28.717,29.119,0.001,0.054,0.466,9.529,0.092,27,12,0,22,2,0,21.474
34,Rows,1,10.483,1.126,0.715,0.001,27.028,21.712,0.001,0.059,0.483,9.742,0.094,27,12,0,22,2,0,15.075
34,Rows,2,16.129,3.259,1.155,0.001,23.347,32.883,0.001,0.054,0.599,15.188,0.169,27,12,0,22,2,0,24.863
34,Rows,3,10.313,1.428,0.720,0.001,27.052,29.727,0.001,0.052,0.452,9.611,0.096,27,12,0,22,2,0,21.909
34,Rows,4,10.553,1.302,0.727,0.001,23.255,21.909,0.001,0.058,0.665,9.623,0.093,27,12,0,22,2,0,15.213
34,Rows,5,10.400,1.465,0.719,0.001,23.548,21.873,0.001,0.055,0.490,9.660,0.094,27,12,0,22,2,0,15.383
34,Rows,6,23.536,0.574,1.179,0.001,28.491,30.122,0.001,0.055,0.580,22.627,0.164,27,12,0,22,2,0,22.438
34,Rows,7,10.674,1.711,0.798,0.001,26.494,23.021,0.001,0.060,0.609,9.757,0.106,27,12,0,22,2,0,16.190
34,Rows,8,18.396,0.060,1.165,0.001,23.347,24.163,0.001,0.045,0.637,17.420,0.165,27,12,0,22,2,0,15.864
34,Rows,9,11.303,1.787,0.756,0.001,23.251,35.445,0.001,0.058,0.619,10.432,0.103,27,12,0,22,2,0,28.810
34,Rows,10,10.241,1.544,1.045,0.001,22.511,30.491,0.001,0.053,0.443,9.535,0.094,27,12,0,22,2,0,22.525
34,Grid,1,11.715,0.340,0.853,0.001,31.481,22.006,0.001,0.047,0.438,11.039,0.098,27,12,0,22,2,0,15.799
34,Grid,2,12.869,0.618,0.849,0.001,24.362,30.814,0.001,0.051,0.622,11.985,0.094,27,12,0,22,2,0,24.025
34,Grid,3,11.247,0.912,0.866,0.001,24.409,36.091,0.001,0.053,0.541,10.459,0.097,27,12,0,22,2,0,29.419
34,Grid,4,10.392,1.321,0.842,0.001,24.120,22.746,0.001,0.052,0.519,9.624,0.095,27,12,0,22,2,0,15.936
34,Grid,5,18.846,0.091,1.389,0.001,27.156,36.303,0.001,0.048,0.598,17.930,0.167,27,12,0,22,2,0,27.922
34,Grid,6,10.600,1.661,0.885,0.001,24.916,31.793,0.001,0.066,0.548,9.764,0.097,27,12,0,22,2,0,23.086
34,Grid,7,10.428,1.509,0.868,0.001,25.071,34.539,0.001,0.055,0.481,9.639,0.149,27,12,0,22,2,0,26.228
34,Grid,8,10.354,1.661,0.843,0.001,25.485,30.062,0.001,0.056,0.473,9.615,0.095,27,12,0,22,2,0,21.801
34,Grid,9,10.646,1.503,0.862,0.001,25.933,27.515,0.001,0.056,0.535,9.865,0.096,27,12,0,22,2,0,20.809
34,Grid,10,16.229,1.871,1.342,0.001,25.297,35.705,0.001,0.054,0.564,15.309,0.170,27,12,0,22,2,0,27.231
35,Grid,1,10.343,1.379,0.801,0.001,19.652,46.697,0.001,0.059,0.470,9.624,0.091,27,12,0,22,2,0,38.582
35,Grid,2,10.320,1.262,0.813,0.001,23.396,28.341,0.001,0.051,0.530,9.530,0.093,27,12,0,22,2,0,20.383
35,Grid,3,10.660,1.274,0.869,0.001,30.343,28.577,0.001,0.054,0.514,9.895,0.092,27,12,0,22,2,0,20.680
35,Grid,4,10.547,1.606,0.838,0.001,24.323,30.023,0.001,0.054,0.599,9.670,0.094,27,12,0,22,2,0,21.989
35,Grid,5,10.296,1.571,0.844,0.001,25.964,22.191,0.001,0.052,0.457,9.594,0.094,27,12,0,22,2,0,15.708
35,Grid,6,17.793,0.445,1.237,0.001,24.045,30.537,0.001,0.064,0.639,16.821,0.172,27,12,0,22,2,0,22.518
35,Grid,7,10.247,1.304,0.803,0.001,26.154,33.402,0.001,0.059,0.480,9.482,0.121,27,12,0,22,2,0,25.529
35,Grid,8,10.287,1.344,0.797,0.001,24.334,29.240,0.001,0.069,0.513,9.510,0.092,27,12,0,22,2,0,21.436
35,Grid,9,10.178,1.390,0.793,0.001,23.479,28.394,0.001,0.053,0.480,9.452,0.093,27,12,0,22,2,0,20.702
35,Grid,10,11.576,0.228,0.774,0.001,25.473,33.611,0.001,0.051,0.572,10.754,0.091,27,12,0,22,2,0,21.976
35,Rows,1,10.304,1.478,0.706,0.001,23.129,28.390,0.001,0.051,0.459,9.592,0.092,27,12,0,22,2,0,20.754
35,Rows,2,12.134,1.056,0.723,0.001,25.128,21.371,0.001,0.052,0.629,11.260,0.093,27,12,0,22,2,0,14.996
35,Rows,3,18.277,1.381,1.154,0.001,22.589,24.219,0.001,0.052,0.824,17.142,0.147,27,12,0,22,2,0,15.918
35,Rows,4,18.036,0.043,1.111,0.001,23.384,23.904,0.001,0.047,0.573,17.152,0.162,27,12,0,22,2,0,15.985
35,Rows,5,16.959,0.894,0.688,0.001,24.429,27.809,0.001,0.056,0.599,16.125,0.093,27,12,0,22,2,0,15.991
35,Rows,6,17.885,0.587,1.169,0.001,21.983,25.574,0.001,0.059,0.586,16.986,0.152,27,12,0,22,2,0,16.634
35,Rows,7,18.243,0.083,1.114,0.001,22.563,27.565,0.001,0.057,0.582,17.334,0.163,27,12,0,22,2,0,19.622
35,Rows,8,10.443,1.282,0.726,0.001,22.166,21.979,0.001,0.053,0.552,9.619,0.094,27,12,0,22,2,0,15.404
35,Rows,9,16.450,1.422,1.103,0.001,23.472,28.670,0.001,0.051,0.547,15.555,0.193,27,12,0,22,2,0,20.207
35,Rows,10,17.562,0.815,1.152,0.001,23.845,25.105,0.001,0.055,0.594,16.624,0.172,27,12,0,22,2,0,16.497
36,Rows,1,19.394,1.633,0.663,0.001,22.778,41.581,0.001,0.053,0.382,18.679,0.165,27,12,0,22,2,0,27.657
36,Rows,2,10.548,1.341,0.707,0.001,22.985,28.988,0.001,0.059,0.544,9.713,0.093,27,12,0,22,2,0,21.312
36,Rows,3,10.317,1.291,6.500,0.001,25.324,30.660,0.001,0.051,0.576,9.504,0.093,27,12,0,22,2,0,18.395
36,Rows,4,10.575,1.413,0.720,0.001,22.573,30.559,0.001,0.054,0.569,9.757,0.094,27,12,0,22,2,0,22.501
36,Rows,5,10.364,1.674,0.741,0.001,24.354,30.407,0.001,0.056,0.487,9.586,0.130,27,12,0,22,2,0,22.583
36,Rows,6,10.356,1.999,0.694,0.001,26.046,33.442,0.001,0.066,0.566,9.540,0.092,27,12,0,22,2,0,22.273
36,Rows,7,10.359,1.468,0.718,0.001,24.509,21.969,0.001,0.053,0.546,9.529,0.118,27,12,0,22,2,0,15.357
36,Rows,8,18.510,0.063,1.139,0.001,16.378,31.315,0.001,0.053,0.582,17.599,0.173,27,12,0,22,2,0,23.266
36,Rows,9,18.514,0.150,1.111,0.001,25.072,28.415,0.001,0.054,0.610,17.538,0.164,27,12,0,22,2,0,15.820
36,Rows,10,10.390,1.369,0.725,0.001,23.211,28.835,0.001,0.053,0.530,9.618,0.092,27,12,0,22,2,0,20.994
36,Grid,1,10.118,1.525,0.833,0.001,23.348,32.830,0.001,0.049,0.361,9.519,0.092,27,12,0,22,2,0,25.090
36,Grid,2,13.681,0.333,0.860,0.001,23.315,30.002,0.001,0.049,0.608,12.830,0.094,27,12,0,22,2,0,23.317
36,Grid,3,10.280,1.212,1.065,0.001,24.909,32.988,0.001,0.045,0.557,9.498,0.093,27,12,0,22,2,0,26.424
36,Grid,4,10.772,1.185,0.823,0.001,24.236,23.480,0.001,0.058,0.537,9.948,0.093,27,12,0,22,2,0,15.650
36,Grid,5,18.526,0.146,1.292,0.001,27.235,33.311,0.001,0.053,0.591,17.607,0.168,27,12,0,22,2,0,25.093
36,Grid,6,12.397,0.574,0.838,0.001,25.269,29.044,0.001,0.052,0.791,11.337,0.093,27,12,0,22,2,0,22.318
36,Grid,7,10.949,1.884,0.826,0.001,25.811,35.555,0.001,0.055,0.526,10.185,0.095,27,12,0,22,2,0,27.640
36,Grid,8,18.693,0.239,0.813,0.001,23.494,21.757,0.001,0.055,0.830,17.520,0.167,27,12,0,22,2,0,15.147
36,Grid,9,18.437,0.196,1.193,0.001,25.478,33.921,0.001,0.052,0.606,17.472,0.202,27,12,0,22,2,0,25.307
36,Grid,10,15.100,0.052,0.834,0.001,26.251,21.377,0.001,0.049,0.672,14.185,0.093,27,12,0,22,2,0,14.751
37,Grid,1,10.348,1.372,0.795,0.001,25.460,37.297,0.001,0.046,0.486,9.616,0.107,27,12,0,22,2,0,30.843
37,Grid,2,10.482,1.044,0.789,0.001,23.891,29.004,0.001,0.049,0.555,9.687,0.094,27,12,0,22,2,0,21.165
37,Grid,3,10.473,1.128,0.805,0.001,24.541,32.179,0.001,0.051,0.549,9.674,0.111,27,12,0,22,2,0,24.376
37,Grid,4,10.294,1.563,0.785,0.001,22.568,22.337,0.001,0.055,0.520,9.515,0.093,27,12,0,22,2,0,15.862
37,Grid,5,17.664,0.314,1.265,0.001,25.802,35.109,0.001,0.051,0.574,16.764,0.168,27,12,0,22,2,0,27.203
37,Grid,6,10.306,1.401,0.795,0.001,23.975,29.691,0.001,0.056,0.497,9.553,0.091,27,12,0,22,2,0,21.814
37,Grid,7,18.388,0.467,1.295,0.001,25.114,32.840,0.001,0.065,0.643,17.389,0.187,27,12,0,22,2,0,24.609
37,Grid,8,18.653,0.214,1.171,0.001,23.344,31.048,0.001,0.063,0.634,17.683,0.162,27,12,0,22,2,0,23.149
37,Grid,9,12.218,0.811,0.797,0.001,18.548,33.849,0.001,0.108,0.834,11.090,0.094,27,12,0,22,2,0,27.041
37,Grid,10,18.875,0.098,1.238,0.001,17.168,31.973,0.001,0.057,0.580,17.977,0.148,27,12,0,22,2,0,24.574
37,Rows,1,16.489,1.705,1.113,0.001,23.601,37.239,0.001,0.046,0.447,15.742,0.164,27,12,0,22,2,0,28.516
37,Rows,2,17.917,0.065,0.750,0.001,25.136,21.552,0.001,0.053,0.621,16.970,0.161,27,12,0,22,2,0,15.124
37,Rows,3,15.947,0.178,0.749,0.001,23.355,30.785,0.001,0.056,0.592,15.100,0.095,27,12,0,22,2,0,22.546
37,Rows,4,11.161,0.889,0.699,0.001,21.328,33.221,0.001,0.049,0.648,10.280,0.092,27,12,0,22,2,0,23.240
37,Rows,5,17.130,1.359,1.084,0.001,21.236,27.164,0.001,0.048,0.623,16.171,0.170,27,12,0,22,2,0,19.135
37,Rows,6,25.875,0.064,1.204,0.001,26.119,31.340,0.001,0.048,0.600,24.946,0.167,27,12,0,22,2,0,21.844
37,Rows,7,10.307,1.528,0.726,0.001,23.152,22.017,0.001,0.055,0.542,9.520,0.094,27,12,0,22,2,0,15.480
37,Rows,8,18.015,0.150,1.115,0.001,22.502,31.511,0.001,0.054,0.559,17.131,0.161,27,12,0,22,2,0,23.258
37,Rows,9,14.535,1.377,0.755,0.001,24.428,21.991,0.001,0.063,4.615,9.666,0.091,27,12,0,22,2,0,15.388
37,Rows,10,16.129,2.630,1.048,0.001,22.548,24.058,0.001,0.045,0.582,15.219,0.185,27,12,0,22,2,0,16.317
38,Rows,1,10.282,1.454,0.719,0.002,18.664,47.034,0.001,0.046,0.461,9.588,0.094,27,12,0,22,2,0,39.061
38,Rows,2,10.384,1.156,0.721,0.001,23.650,29.354,0.001,0.047,0.558,9.588,0.093,27,12,0,22,2,0,21.125
38,Rows,3,10.261,1.353,0.699,0.001,27.065,31.425,0.001,0.054,0.470,9.547,0.092,27,12,0,22,2,0,23.882
38,Rows,4,11.095,0.704,0.701,0.001,22.667,28.996,0.001,0.053,0.634,10.204,0.092,27,12,0,22,2,0,21.522
38,Rows,5,10.181,1.508,0.724,0.001,23.404,31.575,0.001,0.053,0.436,9.464,0.115,27,12,0,22,2,0,24.143
38,Rows,6,10.317,1.476,0.713,0.001,23.020,30.091,0.001,0.072,0.480,9.525,0.118,27,12,0,22,2,0,22.004
38,Rows,7,10.387,1.259,0.698,0.001,21.433,26.880,0.001,0.055,0.624,9.481,0.125,27,12,0,22,2,0,19.961
38,Rows,8,16.266,3.074,1.149,0.001,22.038,31.761,0.001,0.050,0.539,15.422,0.154,27,12,0,22,2,0,23.720
38,Rows,9,15.437,0.419,0.722,0.001,26.454,30.016,0.001,0.055,0.438,14.667,0.158,27,12,0,22,2,0,21.839
38,Rows,10,10.941,1.331,0.729,0.001,22.021,22.135,0.001,0.049,0.930,9.735,0.094,27,12,0,22,2,0,15.577
38,Grid,1,18.126,0.333,1.196,0.001,25.087,28.251,0.001,0.050,0.482,17.320,0.170,27,12,0,22,2,0,19.903
38,Grid,2,18.289,0.438,1.296,0.001,24.028,31.539,0.001,0.047,0.622,17.346,0.175,27,12,0,22,2,0,23.585
38,Grid,3,18.167,0.178,1.125,0.001,24.573,29.356,0.001,0.053,0.588,17.259,0.162,27,12,0,22,2,0,21.171
38,Grid,4,13.297,0.346,0.834,0.001,19.794,33.978,0.001,0.053,1.133,11.885,0.094,27,12,0,22,2,0,21.799
38,Grid,5,16.910,3.664,1.270,0.001,23.929,32.640,0.001,0.055,0.709,15.826,0.181,27,12,0,22,2,0,25.034
38,Grid,6,10.954,1.061,0.788,0.001,26.247,33.898,0.001,0.047,0.796,9.923,0.093,27,12,0,22,2,0,24.290
38,Grid,7,10.396,1.346,0.817,0.001,24.569,29.186,0.001,0.055,0.543,9.563,0.110,27,12,0,22,2,0,21.124
38,Grid,8,10.261,1.503,0.810,0.001,23.450,22.025,0.001,0.053,0.486,9.528,0.093,27,12,0,22,2,0,15.481
38,Grid,9,17.987,0.720,1.280,0.001,25.906,35.487,0.001,0.048,1.043,16.629,0.169,27,12,0,22,2,0,23.938
38,Grid,10,10.336,1.419,0.805,0.001,23.925,30.211,0.001,0.048,0.537,9.546,0.109,27,12,0,22,2,0,22.472
39,Grid,1,10.429,1.531,0.830,0.002,19.080,49.267,0.001,0.065,0.500,9.620,0.095,27,12,0,22,2,0,41.135
39,Grid,2,10.327,1.398,0.808,0.001,24.388,30.102,0.001,0.056,0.453,9.604,0.094,27,12,0,22,2,0,22.096
39,Grid,3,10.352,1.361,0.808,0.001,24.581,27.278,0.001,0.053,0.542,9.572,0.093,27,12,0,22,2,0,20.639
39,Grid,4,15.991,2.693,1.273,0.001,23.698,33.147,0.001,0.051,0.549,15.125,0.159,27,12,0,22,2,0,25.233
39,Grid,5,10.955,1.045,0.841,0.001,26.070,34.712,0.001,0.051,0.543,10.176,0.095,27,12,0,22,2,0,28.073
39,Grid,6,10.336,1.530,0.820,0.001,24.791,31.743,0.001,0.058,0.503,9.565,0.094,27,12,0,22,2,0,23.464
39,Grid,7,10.333,1.425,0.806,0.001,22.480,27.119,0.001,0.054,0.484,9.602,0.092,27,12,0,22,2,0,20.506
39,Grid,8,16.650,0.636,1.191,0.001,25.732,26.245,0.001,0.052,0.612,15.691,0.175,27,12,0,22,2,0,17.784
39,Grid,9,18.554,0.080,1.326,0.001,28.062,35.113,0.001,0.061,0.634,17.575,0.166,27,12,0,22,2,0,26.807
39,Grid,10,11.485,1.088,0.828,0.002,24.259,31.045,0.001,0.066,0.601,10.587,0.096,27,12,0,22,2,0,22.877
39,Rows,1,10.408,1.698,0.707,0.001,23.929,26.584,0.001,0.052,0.500,9.671,0.095,27,12,0,22,2,0,20.045
39,Rows,2,16.020,3.568,1.039,0.001,25.440,33.714,0.001,0.052,0.531,15.156,0.179,27,12,0,22,2,0,25.446
39,Rows,3,10.954,1.201,0.753,0.001,26.910,32.748,0.001,0.052,0.554,10.160,0.095,27,12,0,22,2,0,26.124
39,Rows,4,11.144,1.211,0.691,0.001,22.397,30.593,0.001,0.054,0.665,10.231,0.093,27,12,0,22,2,0,22.614
39,Rows,5,10.595,1.309,0.769,0.001,23.806,22.963,0.001,0.051,0.645,9.715,0.094,27,12,0,22,2,0,16.362
39,Rows,6,23.765,0.204,1.140,0.001,24.804,30.814,0.001,0.046,0.541,22.909,0.177,27,12,0,22,2,0,23.450
39,Rows,7,18.589,0.416,1.136,0.001,16.646,29.904,0.001,0.066,0.699,17.558,0.163,27,12,0,22,2,0,21.337
39,Rows,8,18.834,0.263,1.146,0.001,27.212,25.675,0.001,0.054,0.558,17.940,0.172,27,12,0,22,2,0,16.878
39,Rows,9,14.099,0.483,0.718,0.001,26.128,37.539,0.002,0.059,0.713,13.113,0.096,27,12,0,22,2,0,23.267
39,Rows,10,11.403,0.918,0.709,0.001,24.425,32.726,0.001,0.050,0.544,10.614,0.097,27,12,0,22,2,0,24.606
40,Rows,1,10.408,1.361,0.702,0.001,19.330,48.103,0.002,0.046,0.466,9.702,0.093,27,12,0,22,2,0,40.363
40,Rows,2,18.377,0.451,1.125,0.001,23.367,27.833,0.001,0.067,0.628,17.413,0.162,27,12,0,22,2,0,19.619
40,Rows,3,12.284,0.724,0.736,0.001,26.931,30.093,0.001,0.055,0.601,11.427,0.096,27,12,0,22,2,0,23.531
40,Rows,4,10.453,2.627,0.747,0.001,24.898,28.683,0.001,0.048,0.576,9.635,0.100,27,12,0,22,2,0,21.003
40,Rows,5,10.490,1.216,0.725,0.001,24.719,34.208,0.001,0.050,0.527,9.731,0.092,27,12,0,22,2,0,26.661
40,Rows,6,10.421,1.508,0.717,0.001,23.972,31.650,0.001,0.050,0.553,9.628,0.093,27,12,0,22,2,0,23.959
40,Rows,7,10.338,1.490,0.729,0.001,25.613,32.382,0.001,0.060,0.445,9.633,0.095,27,12,0,22,2,0,24.897
40,Rows,8,10.662,1.519,0.699,0.001,23.803,30.491,0.001,0.055,0.598,9.762,0.094,27,12,0,22,2,0,22.775
40,Rows,9,13.700,0.264,0.804,0.001,17.470,33.038,0.001,0.047,0.633,12.753,0.125,27,12,0,22,2,0,26.155
40,Rows,10,16.613,1.915,1.106,0.001,23.132,26.424,0.001,0.051,0.539,15.734,0.183,27,12,0,22,2,0,17.690
40,Grid,1,19.976,0.135,1.176,0.001,17.500,81.571,0.001,0.055,0.527,19.122,0.165,27,12,0,22,2,0,73.509
40,Grid,2,10.459,1.198,0.820,0.001,24.709,29.338,0.001,0.049,0.563,9.647,0.105,27,12,0,22,2,0,21.573
40,Grid,3,10.502,1.555,0.846,0.001,18.547,47.425,0.001,0.054,0.580,9.662,0.114,27,12,0,22,2,0,39.143
40,Grid,4,10.559,1.328,0.827,0.001,24.374,31.073,0.001,0.056,0.547,9.727,0.094,27,12,0,22,2,0,23.190
40,Grid,5,10.359,1.420,0.828,0.001,25.414,33.222,0.001,0.057,0.540,9.577,0.094,27,12,0,22,2,0,25.173
40,Grid,6,10.448,1.399,0.844,0.001,24.341,30.325,0.001,0.057,0.550,9.615,0.094,27,12,0,22,2,0,22.026
40,Grid,7,10.335,1.379,0.799,0.001,26.427,32.277,0.001,0.051,0.546,9.552,0.094,27,12,0,22,2,0,24.138
40,Grid,8,10.680,1.734,0.820,0.001,25.708,33.395,0.001,0.058,0.646,9.769,0.092,27,12,0,22,2,0,21.820
40,Grid,9,10.356,1.514,0.838,0.001,24.192,29.504,0.001,0.055,0.536,9.511,0.131,27,12,0,22,2,0,21.350
40,Grid,10,10.519,2.080,0.817,0.001,25.051,34.710,0.001,0.052,0.460,9.781,0.102,27,12,0,22,2,0,26.996
41,Grid,1,10.761,1.451,0.858,0.001,29.450,30.730,0.001,0.048,0.489,10.030,0.094,27,12,0,22,2,0,22.456
41,Grid,2,10.928,4.421,0.865,0.001,24.700,31.153,0.001,0.062,0.534,10.131,0.096,27,12,0,22,2,0,22.668
41,Grid,3,10.335,1.502,0.835,0.001,24.329,29.637,0.001,0.051,0.540,9.561,0.093,27,12,0,22,2,0,21.673
41,Grid,4,11.071,1.236,0.851,0.001,26.679,34.059,0.001,0.051,0.688,10.136,0.096,27,12,0,22,2,0,22.044
41,Grid,5,10.586,1.942,0.945,0.001,24.528,35.790,0.001,0.052,0.569,9.746,0.100,27,12,0,22,2,0,27.089
41,Grid,6,10.478,1.373,0.809,0.001,24.620,31.249,0.001,0.055,0.551,9.659,0.095,27,12,0,22,2,0,23.237
41,Grid,7,10.983,1.436,0.883,0.001,26.051,33.169,0.001,0.053,0.544,10.167,0.101,27,12,0,22,2,0,25.178
41,Grid,8,10.387,1.592,0.853,0.001,25.190,31.435,0.001,0.057,0.502,9.620,0.093,27,12,0,22,2,0,23.096
41,Grid,9,10.451,1.493,0.858,0.001,25.260,34.753,0.001,0.061,0.569,9.633,0.097,27,12,0,22,2,0,26.530
41,Grid,10,10.364,1.449,0.832,0.001,24.569,31.256,0.001,0.051,0.524,9.585,0.094,27,12,0,22,2,0,23.025
41,Rows,1,10.493,1.804,0.719,0.001,25.684,23.519,0.001,0.058,0.419,9.820,0.096,27,12,0,22,2,0,16.918
41,Rows,2,18.123,0.178,1.130,0.001,24.259,24.877,0.001,0.048,0.660,17.139,0.169,27,12,0,22,2,0,16.409
41,Rows,3,11.854,1.479,0.719,0.001,23.594,35.064,0.001,0.073,0.615,10.883,0.166,27,12,0,22,2,0,28.252
41,Rows,4,10.350,1.440,0.739,0.001,22.808,29.888,0.001,0.055,0.522,9.563,0.093,27,12,0,22,2,0,21.361
41,Rows,5,10.321,1.633,0.751,0.001,23.543,27.248,0.001,0.060,0.472,9.590,0.096,27,12,0,22,2,0,20.447
41,Rows,6,17.732,0.719,1.174,0.001,23.404,25.751,0.001,0.059,0.567,16.815,0.164,27,12,0,22,2,0,16.790
41,Rows,7,18.024,0.261,1.177,0.001,24.371,25.394,0.001,0.045,0.560,17.161,0.161,27,12,0,22,2,0,17.294
41,Rows,8,11.821,1.256,0.754,0.001,27.641,34.254,0.001,0.050,0.785,10.796,0.094,27,12,0,22,2,0,24.033
41,Rows,9,10.312,1.352,0.712,0.001,22.682,28.227,0.001,0.049,0.502,9.545,0.092,27,12,0,22,2,0,20.428
41,Rows,10,10.466,1.272,0.708,0.001,26.649,28.179,0.001,0.047,0.542,9.697,0.093,27,12,0,22,2,0,20.455
42,Rows,1,10.292,1.428,0.717,0.001,26.782,28.827,0.001,0.055,0.481,9.569,0.093,27,12,0,22,2,0,21.184
42,Rows,2,10.477,1.627,0.692,0.001,23.384,28.527,0.001,0.056,0.571,9.644,0.093,27,12,0,22,2,0,20.979
42,Rows,3,10.477,1.633,0.728,0.001,25.773,21.768,0.001,0.055,0.459,9.770,0.094,27,12,0,22,2,0,15.412
42,Rows,4,16.067,2.999,1.085,0.001,22.527,25.567,0.001,0.054,0.636,15.092,0.170,27,12,0,22,2,0,18.064
42,Rows,5,16.265,2.327,1.093,0.001,23.461,24.463,0.001,0.062,0.516,15.412,0.183,27,12,0,22,2,0,16.208
42,Rows,6,24.401,0.608,1.581,0.001,25.877,30.845,0.001,0.073,0.562,23.475,0.195,27,12,0,22,2,0,22.389
42,Rows,7,10.917,1.189,0.687,0.001,24.205,30.095,0.001,0.058,0.618,10.035,0.093,27,12,0,22,2,0,22.545
42,Rows,8,18.010,0.803,0.688,0.001,24.520,32.341,0.001,0.054,0.467,17.214,0.172,27,12,0,22,2,0,18.544
42,Rows,9,10.325,1.317,0.723,0.001,23.090,29.205,0.001,0.051,0.538,9.534,0.103,27,12,0,22,2,0,21.481
42,Rows,10,10.386,1.272,0.663,0.001,24.200,29.222,0.001,0.054,0.452,9.672,0.105,27,12,0,22,2,0,21.711
42,Grid,1,10.564,1.447,0.780,0.001,25.124,31.976,0.001,0.053,0.577,9.735,0.091,27,12,0,22,2,0,20.649
42,Grid,2,12.323,0.619,0.809,0.001,17.672,29.949,0.001,0.049,0.601,11.452,0.111,27,12,0,22,2,0,23.294
42,Grid,3,18.111,0.224,1.288,0.001,26.374,34.234,0.001,0.047,0.549,17.212,0.193,27,12,0,22,2,0,26.477
42,Grid,4,10.830,1.235,0.970,0.001,24.969,34.375,0.001,0.051,0.601,9.979,0.092,27,12,0,22,2,0,22.175
42,Grid,5,10.403,1.431,0.813,0.001,24.280,29.867,0.001,0.054,0.499,9.646,0.092,27,12,0,22,2,0,21.986
42,Grid,6,10.234,1.387,0.806,0.001,28.882,32.040,0.001,0.048,0.549,9.460,0.092,27,12,0,22,2,0,24.129
42,Grid,7,10.441,1.521,0.793,0.001,23.572,28.106,0.001,0.050,0.546,9.655,0.092,27,12,0,22,2,0,20.514
42,Grid,8,10.418,1.302,0.832,0.001,26.676,29.167,0.001,0.047,0.533,9.659,0.093,27,12,0,22,2,0,21.201
42,Grid,9,10.530,1.445,0.794,0.001,23.856,29.002,0.001,0.055,0.599,9.673,0.092,27,12,0,22,2,0,21.089
42,Grid,10,10.289,1.225,0.807,0.001,23.502,29.156,0.001,0.047,0.557,9.508,0.092,27,12,0,22,2,0,21.580
43,Grid,1,18.114,0.492,1.258,0.001,16.368,89.171,0.001,0.050,0.413,17.383,0.159,27,12,0,22,2,0,80.909
43,Grid,2,10.327,1.051,0.791,0.001,24.705,28.606,0.001,0.048,0.529,9.538,0.093,27,12,0,22,2,0,20.866
43,Grid,3,10.421,1.378,0.861,0.001,29.655,22.257,0.001,0.071,0.466,9.684,0.093,27,12,0,22,2,0,15.809
43,Grid,4,16.666,2.172,1.294,0.001,26.367,32.813,0.001,0.047,0.608,15.727,0.170,27,12,0,22,2,0,24.819
43,Grid,5,17.534,0.261,1.376,0.001,22.799,29.604,0.001,0.073,0.597,16.553,0.171,27,12,0,22,2,0,21.461
43,Grid,6,18.312,0.050,1.255,0.001,25.771,22.395,0.001,0.070,0.606,17.439,0.093,27,12,0,22,2,0,15.058
43,Grid,7,13.574,0.173,0.816,0.001,23.196,22.246,0.001,0.049,0.562,12.772,0.094,27,12,0,22,2,0,15.679
43,Grid,8,16.727,1.867,1.308,0.001,23.515,31.748,0.001,0.045,0.557,15.863,0.170,27,12,0,22,2,0,23.259
43,Grid,9,11.411,1.407,0.800,0.001,24.870,33.538,0.001,0.045,0.587,10.580,0.107,27,12,0,22,2,0,22.291
43,Grid,10,10.435,1.275,0.821,0.001,24.040,29.822,0.001,0.056,0.571,9.584,0.109,27,12,0,22,2,0,22.042
43,Rows,1,10.249,1.512,0.650,0.001,25.811,22.478,0.001,0.047,0.442,9.580,0.093,27,12,0,22,2,0,16.170
43,Rows,2,17.694,0.833,1.108,0.001,21.580,24.602,0.001,0.052,0.607,16.775,0.148,27,12,0,22,2,0,16.111
43,Rows,3,16.536,1.589,1.124,0.001,23.209,32.366,0.001,0.046,0.559,15.633,0.189,27,12,0,22,2,0,24.209
43,Rows,4,16.756,0.390,0.682,0.001,25.009,31.946,0.001,0.056,0.631,15.885,0.093,27,12,0,22,2,0,19.122
43,Rows,5,10.345,1.296,0.666,0.001,22.845,28.743,0.001,0.056,0.529,9.538,0.108,27,12,0,22,2,0,21.180
43,Rows,6,10.429,1.217,0.679,0.001,24.523,30.241,0.001,0.045,0.634,9.552,0.111,27,12,0,22,2,0,22.560
43,Rows,7,14.286,1.286,1.008,0.001,24.772,29.118,0.001,0.059,4.446,9.567,0.092,27,12,0,22,2,0,21.507
43,Rows,8,10.371,1.232,0.664,0.001,22.149,28.862,0.001,0.048,0.563,9.556,0.106,27,12,0,22,2,0,21.066
43,Rows,9,10.388,1.306,0.717,0.001,26.497,29.373,0.001,0.046,0.521,9.640,0.093,27,12,0,22,2,0,21.849
43,Rows,10,10.592,1.202,0.726,0.001,22.803,28.246,0.001,0.051,0.605,9.732,0.092,27,12,0,22,2,0,20.469
44,Rows,1,10.322,1.847,0.699,0.002,16.421,71.112,0.001,0.059,0.432,9.612,0.096,27,12,0,22,2,0,62.562
44,Rows,2,10.446,1.419,0.750,0.001,24.352,29.124,0.001,0.054,0.575,9.588,0.125,27,12,0,22,2,0,21.258
44,Rows,3,10.363,1.509,0.689,0.001,28.728,22.553,0.001,0.056,0.486,9.625,0.094,27,12,0,22,2,0,15.877
44,Rows,4,19.588,1.009,1.163,0.001,25.549,39.969,0.001,0.081,0.618,18.584,0.175,27,12,0,22,2,0,23.581
44,Rows,5,10.390,1.366,0.731,0.001,23.690,28.936,0.001,0.057,0.567,9.570,0.093,27,12,0,22,2,0,21.163
44,Rows,6,11.795,1.476,0.774,0.001,23.675,29.908,0.001,0.061,0.627,10.894,0.101,27,12,0,22,2,0,21.484
44,Rows,7,11.381,0.776,0.685,0.001,24.754,26.285,0.001,0.062,0.662,10.438,0.094,27,12,0,22,2,0,15.781
44,Rows,8,17.764,0.464,1.180,0.001,22.890,25.717,0.001,0.054,0.615,16.817,0.169,27,12,0,22,2,0,17.206
44,Rows,9,16.548,2.848,1.115,0.001,27.258,25.026,0.001,0.051,0.551,15.652,0.197,27,12,0,22,2,0,16.769
44,Rows,10,19.504,0.382,1.132,0.001,25.915,34.597,0.001,0.053,0.794,18.368,0.170,27,12,0,22,2,0,26.110
44,Grid,1,10.331,1.536,0.828,0.001,24.619,23.481,0.001,0.050,0.488,9.585,0.112,27,12,0,22,2,0,16.923
44,Grid,2,23.268,0.494,1.919,0.001,25.985,30.295,0.001,0.053,0.563,22.377,0.177,27,12,0,22,2,0,21.784
44,Grid,3,10.417,1.525,0.827,0.001,25.043,31.660,0.001,0.055,0.558,9.594,0.094,27,12,0,22,2,0,23.390
44,Grid,4,10.369,1.657,0.838,0.001,26.039,33.867,0.001,0.056,0.528,9.582,0.095,27,12,0,22,2,0,25.653
44,Grid,5,10.466,1.701,0.864,0.001,23.851,31.002,0.001,0.055,0.569,9.645,0.095,27,12,0,22,2,0,22.812
44,Grid,6,18.735,0.104,1.289,0.001,27.469,34.297,0.001,0.056,0.688,17.705,0.171,27,12,0,22,2,0,25.668
44,Grid,7,11.491,1.533,0.824,0.001,24.118,23.606,0.001,0.054,0.626,10.585,0.095,27,12,0,22,2,0,16.497
44,Grid,8,17.654,0.458,1.263,0.001,26.524,37.982,0.001,0.059,0.583,16.709,0.194,27,12,0,22,2,0,29.831
44,Grid,9,10.368,1.506,0.814,0.001,23.915,23.284,0.001,0.050,0.545,9.580,0.094,27,12,0,22,2,0,16.605
44,Grid,10,18.399,0.050,1.287,0.001,25.012,36.183,0.001,0.060,0.554,17.489,0.185,27,12,0,22,2,0,28.215
45,Grid,1,10.900,1.288,0.775,0.001,28.455,21.991,0.001,0.054,0.411,10.230,0.094,27,12,0,22,2,0,15.154
45,Grid,2,16.261,1.193,1.162,0.001,24.195,35.244,0.001,0.051,0.564,15.355,0.188,27,12,0,22,2,0,27.089
45,Grid,3,10.315,1.372,0.829,0.001,23.680,29.145,0.001,0.051,0.560,9.517,0.097,27,12,0,22,2,0,21.204
45,Grid,4,10.856,2.324,0.748,0.001,23.653,40.270,0.001,0.102,0.644,9.868,0.092,27,12,0,22,2,0,25.752
45,Grid,5,10.405,1.256,0.851,0.001,23.056,21.788,0.001,0.051,0.550,9.597,0.110,27,12,0,22,2,0,15.180
45,Grid,6,10.887,1.281,0.846,0.001,29.450,31.610,0.001,0.057,0.449,10.167,0.109,27,12,0,22,2,0,24.895
45,Grid,7,10.547,1.555,0.827,0.001,23.382,29.265,0.001,0.054,0.607,9.673,0.093,27,12,0,22,2,0,21.392
45,Grid,8,10.468,1.504,0.847,0.001,24.506,22.541,0.001,0.047,0.474,9.751,0.094,27,12,0,22,2,0,15.880
45,Grid,9,25.436,0.628,1.312,0.001,26.893,30.645,0.001,0.059,0.594,24.574,0.099,27,12,0,22,2,0,21.560
45,Grid,10,10.321,1.521,0.859,0.001,25.082,29.686,0.001,0.050,0.510,9.554,0.092,27,12,0,22,2,0,21.448
45,Rows,1,10.219,1.585,0.694,0.001,23.858,34.918,0.001,0.051,0.363,9.613,0.095,27,12,0,22,2,0,27.169
45,Rows,2,12.849,1.435,0.774,0.001,23.211,32.625,0.001,0.050,0.605,11.983,0.096,27,12,0,22,2,0,25.826
45,Rows,3,10.564,1.388,0.753,0.001,26.327,34.933,0.001,0.053,0.574,9.753,0.093,27,12,0,22,2,0,26.980
45,Rows,4,10.483,1.482,0.713,0.001,22.979,30.459,0.001,0.055,0.569,9.625,0.093,27,12,0,22,2,0,22.269
45,Rows,5,10.525,1.068,0.707,0.001,23.719,32.654,0.001,0.050,0.599,9.696,0.091,27,12,0,22,2,0,25.297
45,Rows,6,10.889,1.474,0.717,0.001,16.070,28.952,0.001,0.050,0.623,10.009,0.094,27,12,0,22,2,0,22.163
45,Rows,7,18.203,0.505,1.182,0.001,22.293,25.144,0.001,0.053,0.554,17.342,0.145,27,12,0,22,2,0,16.247
45,Rows,8,11.857,1.448,0.677,0.001,25.030,34.557,0.001,0.063,0.655,10.948,0.094,27,12,0,22,2,0,23.705
45,Rows,9,11.341,1.044,0.716,0.001,24.158,30.404,0.001,0.052,0.504,10.479,0.186,27,12,0,22,2,0,22.322
45,Rows,10,10.485,1.385,0.683,0.001,25.725,30.042,0.001,0.052,0.559,9.693,0.093,27,12,0,22,2,0,22.587
46,Rows,1,10.508,1.364,0.709,0.001,25.951,21.779,0.001,0.064,0.500,9.738,0.096,27,12,0,22,2,0,14.949
46,Rows,2,16.360,1.626,1.132,0.001,22.111,25.185,0.001,0.052,0.620,15.380,0.189,27,12,0,22,2,0,16.589
46,Rows,3,18.137,0.259,1.154,0.001,26.538,32.811,0.001,0.055,0.563,17.247,0.162,27,12,0,22,2,0,24.495
46,Rows,4,13.954,0.042,0.739,0.001,24.219,22.180,0.001,0.050,0.728,12.980,0.095,27,12,0,22,2,0,15.477
46,Rows,5,17.660,0.604,1.127,0.001,22.512,26.593,0.001,0.075,0.550,16.763,0.174,27,12,0,22,2,0,17.860
46,Rows,6,22.789,1.583,1.098,0.001,27.242,41.717,0.001,0.054,0.587,21.884,0.170,27,12,0,22,2,0,28.046
46,Rows,7,10.455,1.422,0.722,0.001,23.127,29.199,0.001,0.049,0.610,9.603,0.094,27,12,0,22,2,0,21.486
46,Rows,8,10.283,1.638,0.721,0.001,23.822,30.037,0.001,0.057,0.486,9.539,0.093,27,12,0,22,2,0,22.370
46,Rows,9,15.227,1.505,0.734,0.001,25.240,39.894,0.001,0.051,4.662,10.330,0.094,27,12,0,22,2,0,26.937
46,Rows,10,10.421,1.590,0.733,0.001,24.009,30.651,0.001,0.051,0.548,9.623,0.094,27,12,0,22,2,0,22.732
46,Grid,1,10.302,1.357,0.802,0.001,24.156,32.435,0.001,0.052,0.449,9.606,0.093,27,12,0,22,2,0,24.901
46,Grid,2,12.071,0.938,0.843,0.001,17.462,28.897,0.001,0.053,0.624,11.189,0.092,27,12,0,22,2,0,22.109
46,Grid,3,18.188,0.482,1.351,0.001,27.320,36.782,0.001,0.054,0.577,17.289,0.173,27,12,0,22,2,0,28.499
46,Grid,4,10.466,1.318,0.819,0.001,24.860,31.170,0.001,0.051,0.576,9.604,0.093,27,12,0,22,2,0,22.750
46,Grid,5,10.385,1.317,0.790,0.001,25.280,34.835,0.001,0.049,0.558,9.598,0.093,27,12,0,22,2,0,26.837
46,Grid,6,18.592,0.485,1.304,0.001,23.863,30.362,0.001,0.051,0.800,17.476,0.163,27,12,0,22,2,0,21.738
46,Grid,7,17.098,0.381,0.864,0.001,27.792,30.475,0.001,0.050,0.637,16.170,0.146,27,12,0,22,2,0,22.088
46,Grid,8,11.014,1.028,0.826,0.001,24.065,30.170,0.001,0.055,0.603,10.135,0.093,27,12,0,22,2,0,21.775
46,Grid,9,10.349,1.811,0.859,0.001,24.719,29.779,0.002,0.058,0.461,9.631,0.093,27,12,0,22,2,0,21.399
46,Grid,10,22.231,0.062,1.284,0.001,26.788,29.610,0.001,0.050,0.563,21.364,0.162,27,12,0,22,2,0,21.392
47,Grid,1,10.377,1.534,0.793,0.001,24.029,28.868,0.001,0.048,0.471,9.669,0.094,27,12,0,22,2,0,20.608
47,Grid,2,25.579,0.144,0.841,0.001,20.917,41.282,0.001,0.057,0.642,24.595,0.162,27,12,0,22,2,0,32.714
47,Grid,3,10.550,1.358,0.809,0.001,27.589,33.623,0.001,0.051,0.569,9.739,0.093,27,12,0,22,2,0,25.566
47,Grid,4,13.733,1.933,0.840,0.001,23.992,30.146,0.001,0.059,0.623,12.844,0.114,27,12,0,22,2,0,22.052
47,Grid,5,10.672,1.635,0.805,0.001,26.310,33.697,0.001,0.051,0.630,9.785,0.093,27,12,0,22,2,0,21.713
47,Grid,6,10.658,1.729,0.868,0.001,23.452,22.287,0.001,0.059,0.575,9.788,0.102,27,12,0,22,2,0,15.323
47,Grid,7,28.344,0.131,1.341,0.001,25.585,26.479,0.001,0.047,10.550,17.467,0.185,27,12,0,22,2,0,18.029
47,Grid,8,18.280,0.177,0.858,0.001,26.095,22.710,0.001,0.052,0.590,17.315,0.191,27,12,0,22,2,0,15.940
47,Grid,9,14.362,0.772,0.814,0.001,23.893,30.962,0.001,0.065,0.630,13.464,0.096,27,12,0,22,2,0,22.138
47,Grid,10,11.664,1.255,0.840,0.001,25.659,35.489,0.001,0.049,0.585,10.837,0.095,27,12,0,22,2,0,23.613
47,Rows,1,10.303,1.702,0.742,0.001,22.142,29.647,0.001,0.053,0.474,9.543,0.120,27,12,0,22,2,0,21.832
47,Rows,2,12.129,1.268,0.740,0.002,26.337,38.989,0.001,0.056,0.637,11.240,0.094,27,12,0,22,2,0,32.397
47,Rows,3,10.432,1.426,0.693,0.001,25.048,28.738,0.001,0.054,0.448,9.724,0.093,27,12,0,22,2,0,20.944
47,Rows,4,10.365,1.582,0.726,0.001,22.542,26.970,0.001,0.055,0.496,9.607,0.093,27,12,0,22,2,0,20.073
47,Rows,5,15.929,3.246,1.141,0.001,24.322,33.455,0.001,0.045,0.542,15.071,0.173,27,12,0,22,2,0,25.105
47,Rows,6,10.319,1.609,0.722,0.001,24.794,32.147,0.001,0.054,0.464,9.588,0.093,27,12,0,22,2,0,24.495
47,Rows,7,10.300,1.387,0.720,0.001,22.885,30.557,0.001,0.055,0.487,9.552,0.092,27,12,0,22,2,0,22.538
47,Rows,8,10.256,1.632,0.711,0.001,26.990,22.148,0.001,0.052,0.505,9.508,0.091,27,12,0,22,2,0,15.659
47,Rows,9,18.030,0.566,1.151,0.001,22.135,25.443,0.001,0.048,0.777,16.933,0.168,27,12,0,22,2,0,17.194
47,Rows,10,16.583,2.620,1.110,0.001,22.179,24.684,0.001,0.046,0.736,15.546,0.164,27,12,0,22,2,0,16.524
48,Rows,1,10.545,1.389,0.672,0.001,23.084,30.127,0.001,0.053,0.475,9.797,0.095,27,12,0,22,2,0,21.966
48,Rows,2,10.629,1.405,0.757,0.001,24.286,35.369,0.001,0.070,0.635,9.724,0.100,27,12,0,22,2,0,28.669
48,Rows,3,11.208,1.232,0.726,0.001,23.437,28.642,0.001,0.059,1.270,9.638,0.092,27,12,0,22,2,0,20.536
48,Rows,4,10.226,1.408,0.723,0.001,22.440,32.381,0.001,0.053,0.477,9.503,0.092,27,12,0,22,2,0,24.716
48,Rows,5,10.514,1.614,0.670,0.001,24.192,33.968,0.001,0.048,0.553,9.717,0.093,27,12,0,22,2,0,21.982
48,Rows,6,10.358,1.333,0.687,0.001,22.735,27.919,0.001,0.053,0.500,9.584,0.109,27,12,0,22,2,0,20.400
48,Rows,7,10.311,1.382,0.705,0.001,23.995,33.779,0.001,0.054,0.465,9.596,0.094,27,12,0,22,2,0,25.958
48,Rows,8,10.530,1.250,0.716,0.001,23.877,32.602,0.001,0.052,0.531,9.755,0.093,27,12,0,22,2,0,24.801
48,Rows,9,10.225,1.442,0.720,0.001,17.069,42.731,0.001,0.050,0.472,9.507,0.092,27,12,0,22,2,0,35.060
48,Rows,10,10.280,1.255,0.661,0.001,21.895,28.420,0.001,0.045,0.528,9.519,0.092,27,12,0,22,2,0,20.915
48,Grid,1,10.218,1.185,0.783,0.001,24.146,32.656,0.001,0.046,0.457,9.536,0.092,27,12,0,22,2,0,24.720
48,Grid,2,13.083,0.570,0.836,0.002,23.667,30.171,0.001,0.048,0.584,12.247,0.093,27,12,0,22,2,0,23.487
48,Grid,3,10.261,1.129,0.923,0.001,24.131,30.547,0.003,0.052,0.524,9.500,0.094,27,12,0,22,2,0,23.420
48,Grid,4,10.843,2.293,0.793,0.001,25.092,33.150,0.001,0.048,0.586,10.023,0.093,27,12,0,22,2,0,21.671
48,Grid,5,10.429,1.520,0.832,0.001,27.721,30.847,0.001,0.048,0.555,9.619,0.109,27,12,0,22,2,0,22.767
48,Grid,6,10.555,1.366,0.799,0.001,23.920,22.473,0.001,0.054,0.603,9.704,0.093,27,12,0,22,2,0,15.977
48,Grid,7,18.606,0.086,1.175,0.001,25.349,35.697,0.001,0.053,0.780,17.478,0.163,27,12,0,22,2,0,24.366
48,Grid,8,18.809,0.469,1.339,0.002,17.342,62.456,0.001,0.051,0.790,17.656,0.170,27,12,0,22,2,0,53.985
48,Grid,9,11.201,0.729,0.774,0.001,24.190,29.335,0.001,0.048,0.533,10.432,0.093,27,12,0,22,2,0,21.257
48,Grid,10,10.365,1.345,0.816,0.001,23.402,30.131,0.001,0.054,0.491,9.626,0.093,27,12,0,22,2,0,22.252
49,Grid,1,10.366,1.363,0.803,0.001,18.802,48.617,0.001,0.045,0.484,9.631,0.109,27,12,0,22,2,0,40.567
49,Grid,2,10.356,1.335,0.766,0.001,24.624,31.053,0.001,0.054,0.505,9.591,0.093,27,12,0,22,2,0,22.963
49,Grid,3,10.505,1.713,0.824,0.001,25.741,33.432,0.001,0.056,0.473,9.689,0.168,27,12,0,22,2,0,25.482
49,Grid,4,10.362,1.462,0.861,0.001,24.088,29.679,0.001,0.075,0.540,9.554,0.093,27,12,0,22,2,0,21.303
49,Grid,5,10.430,1.416,0.775,0.001,24.844,27.070,0.001,0.076,0.524,9.632,0.093,27,12,0,22,2,0,20.495
49,Grid,6,18.752,0.248,1.366,0.001,25.030,30.929,0.001,0.075,0.715,17.689,0.171,27,12,0,22,2,0,23.303
49,Grid,7,11.423,1.772,0.844,0.001,26.575,22.033,0.001,0.054,0.646,10.527,0.093,27,12,0,22,2,0,15.463
49,Grid,8,21.051,0.386,1.089,0.001,27.631,38.535,0.001,0.057,1.704,19.043,0.144,27,12,0,22,2,0,27.510
49,Grid,9,13.479,0.264,0.865,0.001,26.532,31.438,0.001,0.060,0.793,12.403,0.095,27,12,0,22,2,0,24.589
49,Grid,10,10.220,1.499,0.836,0.001,23.977,22.322,0.001,0.066,0.445,9.512,0.096,27,12,0,22,2,0,15.702
49,Rows,1,17.619,1.219,1.090,0.001,26.091,36.849,0.001,0.052,0.551,16.722,0.186,27,12,0,22,2,0,25.005
49,Rows,2,18.126,0.056,1.099,0.001,16.673,29.749,0.001,0.056,0.976,16.885,0.094,27,12,0,22,2,0,21.110
49,Rows,3,18.650,0.089,1.173,0.001,24.131,25.439,0.002,0.066,0.549,17.773,0.148,27,12,0,22,2,0,16.305
49,Rows,4,19.296,0.200,0.985,0.001,28.196,34.518,0.001,0.048,1.129,17.892,0.099,27,12,0,22,2,0,24.098
49,Rows,5,11.251,1.416,0.738,0.001,22.411,22.314,0.001,0.056,0.808,10.165,0.093,27,12,0,22,2,0,14.914
49,Rows,6,21.442,0.182,1.077,0.001,23.970,28.129,0.001,0.048,0.623,17.272,0.095,27,12,0,22,2,0,19.839
49,Rows,7,11.171,1.056,0.728,0.001,23.908,23.086,0.001,0.050,0.779,10.152,0.094,27,12,0,22,2,0,16.442
49,Rows,8,16.807,2.130,1.099,0.001,22.134,25.633,0.001,0.044,0.560,15.950,0.158,27,12,0,22,2,0,17.532
49,Rows,9,27.649,0.113,0.965,0.001,26.489,32.607,0.001,0.048,4.527,22.843,0.141,27,12,0,22,2,0,25.408
49,Rows,10,10.979,1.245,0.724,0.001,23.395,21.609,0.001,0.056,0.870,9.846,0.093,27,12,0,22,2,0,15.100
50,Rows,1,10.359,1.467,0.714,0.002,20.091,47.541,0.001,0.046,0.475,9.634,0.110,27,12,0,22,2,0,39.816
50,Rows,2,10.503,1.208,0.718,0.001,24.187,29.241,0.001,0.058,0.527,9.696,0.094,27,12,0,22,2,0,21.688
50,Rows,3,10.324,1.347,0.657,0.001,24.918,23.157,0.001,0.050,0.551,9.525,0.092,27,12,0,22,2,0,16.679
50,Rows,4,18.909,0.093,1.109,0.001,15.523,23.575,0.001,0.049,0.766,17.828,0.165,27,12,0,22,2,0,15.333
50,Rows,5,18.358,0.050,1.098,0.001,23.719,34.396,0.001,0.046,0.599,17.441,0.170,27,12,0,22,2,0,26.376
50,Rows,6,11.128,1.067,0.713,0.001,23.358,20.953,0.001,0.056,0.647,10.221,0.092,27,12,0,22,2,0,14.533
50,Rows,7,10.482,1.183,0.723,0.001,23.635,34.743,0.001,0.046,0.529,9.708,0.092,27,12,0,22,2,0,27.163
50,Rows,8,10.411,1.372,0.736,0.001,24.258,30.039,0.001,0.051,0.479,9.583,0.186,27,12,0,22,2,0,22.025
50,Rows,9,10.260,1.391,0.700,0.001,26.655,31.756,0.001,0.049,0.453,9.567,0.093,27,12,0,22,2,0,24.186
50,Rows,10,16.867,0.309,0.973,0.001,23.816,29.814,0.001,0.052,0.564,15.948,0.164,27,12,0,22,2,0,21.741
50,Grid,1,11.192,1.191,0.820,0.001,25.326,35.179,0.001,0.052,0.514,10.417,0.111,27,12,0,22,2,0,28.765
50,Grid,2,18.179,0.243,0.806,0.001,16.922,30.460,0.001,0.058,0.605,17.239,0.162,27,12,0,22,2,0,23.532
50,Grid,3,18.467,0.148,1.280,0.001,26.845,39.333,0.001,0.054,0.584,17.549,0.172,27,12,0,22,2,0,31.070
50,Grid,4,10.406,1.385,0.832,0.001,25.041,31.562,0.001,0.056,0.485,9.654,0.101,27,12,0,22,2,0,23.472
50,Grid,5,10.445,1.209,0.791,0.001,27.600,29.283,0.001,0.051,0.448,9.754,0.093,27,12,0,22,2,0,21.369
50,Grid,6,10.578,1.367,0.804,0.001,22.988,29.681,0.001,0.055,0.601,9.717,0.093,27,12,0,22,2,0,21.806
50,Grid,7,10.453,1.155,0.800,0.001,23.659,28.496,0.001,0.048,0.631,9.594,0.095,27,12,0,22,2,0,20.772
50,Grid,8,20.744,0.146,0.972,0.001,25.135,28.343,0.001,0.052,0.442,19.942,0.187,27,12,0,22,2,0,20.275
50,Grid,9,10.343,1.443,0.863,0.001,23.642,29.226,0.001,0.067,0.535,9.542,0.095,27,12,0,22,2,0,20.926
50,Grid,10,10.350,1.179,0.810,0.001,23.830,32.665,0.001,0.046,0.558,9.567,0.092,27,12,0,22,2,0,24.456
51,Grid,1,10.465,1.412,0.795,0.001,29.751,30.432,0.001,0.058,0.395,9.805,0.095,27,12,0,22,2,0,22.335
51,Grid,2,10.818,1.593,0.865,0.001,23.741,23.465,0.001,0.054,0.622,9.910,0.113,27,12,0,22,2,0,16.458
51,Grid,3,17.860,0.175,1.231,0.001,24.659,32.226,0.001,0.055,0.582,16.947,0.173,27,12,0,22,2,0,24.240
51,Grid,4,10.734,2.370,0.886,0.001,26.908,35.777,0.001,0.052,0.587,9.888,0.101,27,12,0,22,2,0,22.592
51,Grid,5,10.463,1.607,0.862,0.001,28.036,30.439,0.001,0.058,0.518,9.671,0.095,27,12,0,22,2,0,22.137
51,Grid,6,10.449,1.627,0.834,0.001,24.591,22.586,0.001,0.070,0.577,9.572,0.124,27,12,0,22,2,0,15.919
51,Grid,7,16.510,2.667,1.312,0.001,26.541,37.662,0.001,0.056,0.657,15.517,0.178,27,12,0,22,2,0,25.631
51,Grid,8,12.276,0.766,0.980,0.001,25.543,34.147,0.001,0.052,0.544,11.449,0.102,27,12,0,22,2,0,27.199
51,Grid,9,10.507,1.924,0.841,0.001,24.727,31.324,0.001,0.055,0.551,9.699,0.098,27,12,0,22,2,0,22.788
51,Grid,10,10.658,1.727,0.907,0.001,25.147,27.609,0.001,0.057,0.510,9.860,0.116,27,12,0,22,2,0,20.867
51,Rows,1,16.144,2.070,1.149,0.001,24.276,32.490,0.001,0.054,0.496,15.328,0.165,27,12,0,22,2,0,24.415
51,Rows,2,12.308,0.864,0.719,0.001,25.226,33.349,0.001,0.054,0.628,11.425,0.093,27,12,0,22,2,0,26.832
51,Rows,3,10.649,1.605,0.679,0.001,24.523,31.266,0.001,0.054,0.598,9.796,0.091,27,12,0,22,2,0,20.162
51,Rows,4,10.426,1.620,0.783,0.001,23.713,22.975,0.001,0.049,0.541,9.618,0.114,27,12,0,22,2,0,16.230
51,Rows,5,10.536,1.282,0.671,0.001,23.733,22.358,0.001,0.054,0.625,9.670,0.092,27,12,0,22,2,0,15.779
51,Rows,6,18.543,0.274,0.960,0.001,31.900,34.090,0.001,0.188,0.677,17.369,0.191,27,12,0,22,2,0,17.626
51,Rows,7,18.517,0.140,1.143,0.001,23.247,33.770,0.002,0.062,0.838,17.319,0.169,27,12,0,22,2,0,22.750
51,Rows,8,11.347,1.653,0.739,0.001,20.455,29.904,0.001,0.052,1.029,10.077,0.093,27,12,0,22,2,0,22.624
51,Rows,9,21.731,0.108,1.046,0.001,16.479,34.024,0.001,0.066,0.626,20.826,0.106,27,12,0,22,2,0,25.527
51,Rows,10,18.600,0.298,1.154,0.001,24.534,38.037,0.001,0.055,0.601,17.668,0.168,27,12,0,22,2,0,29.394
52,Rows,1,16.348,0.313,0.703,0.001,18.810,47.139,0.001,0.047,0.481,15.530,0.187,27,12,0,22,2,0,39.184
52,Rows,2,10.373,1.344,0.687,0.001,23.006,30.393,0.001,0.054,0.568,9.555,0.093,27,12,0,22,2,0,22.417
52,Rows,3,10.340,1.244,0.720,0.001,26.306,27.785,0.001,0.051,0.534,9.574,0.093,27,12,0,22,2,0,20.083
52,Rows,4,19.057,0.187,1.040,0.001,24.216,25.167,0.001,0.047,1.039,17.688,0.176,27,12,0,22,2,0,15.538
52,Rows,5,10.334,1.420,0.693,0.001,24.123,22.643,0.001,0.048,0.546,9.520,0.122,27,12,0,22,2,0,16.040
52,Rows,6,16.860,0.707,1.213,0.001,22.286,25.143,0.001,0.059,0.566,15.946,0.178,27,12,0,22,2,0,16.711
52,Rows,7,18.314,0.231,1.121,0.001,26.222,35.536,0.001,0.056,0.621,17.339,0.188,27,12,0,22,2,0,23.453
52,Rows,8,10.458,1.413,0.759,0.001,22.564,21.988,0.001,0.052,0.529,9.653,0.099,27,12,0,22,2,0,15.247
52,Rows,9,10.868,1.094,0.716,0.001,25.807,30.844,0.001,0.058,0.527,10.100,0.094,27,12,0,22,2,0,24.336
52,Rows,10,14.921,1.018,0.701,0.001,23.352,30.770,0.001,0.046,0.587,14.021,0.171,27,12,0,22,2,0,22.816
52,Grid,1,10.317,1.447,0.809,0.001,24.314,29.455,0.001,0.060,0.438,9.640,0.092,27,12,0,22,2,0,21.855
52,Grid,2,24.171,0.289,0.814,0.001,27.306,33.516,0.001,0.049,6.109,17.754,0.166,27,12,0,22,2,0,25.232
52,Grid,3,12.143,2.283,0.867,0.001,24.315,23.347,0.001,0.052,0.674,11.205,0.103,27,12,0,22,2,0,16.304
52,Grid,4,17.628,2.006,1.248,0.001,26.191,30.661,0.001,0.059,0.594,16.673,0.166,27,12,0,22,2,0,22.044
52,Grid,5,17.391,8.955,0.863,0.002,21.226,42.323,0.001,0.050,0.579,16.455,0.201,27,12,0,22,2,0,35.100
52,Grid,6,10.415,1.688,0.818,0.001,26.029,35.297,0.001,0.051,0.541,9.635,0.095,27,12,0,22,2,0,26.948
52,Grid,7,10.472,1.749,0.811,0.001,23.645,23.052,0.001,0.053,0.537,9.684,0.097,27,12,0,22,2,0,16.137
52,Grid,8,17.922,0.230,1.283,0.001,26.106,36.682,0.001,0.056,0.581,17.017,0.163,27,12,0,22,2,0,29.248
52,Grid,9,11.627,1.046,0.824,0.001,22.958,22.062,0.001,0.062,0.681,10.676,0.093,27,12,0,22,2,0,15.300
52,Grid,10,17.127,1.722,1.040,0.001,24.550,35.064,0.001,0.046,0.533,16.287,0.169,27,12,0,22,2,0,27.245
53,Grid,1,10.509,1.637,0.805,0.001,26.772,21.543,0.001,0.058,0.384,9.862,0.094,27,12,0,22,2,0,14.863
53,Grid,2,18.087,0.163,1.294,0.001,24.759,33.324,0.001,0.056,0.582,17.178,0.155,27,12,0,22,2,0,25.360
53,Grid,3,11.276,1.247,0.794,0.001,22.808,29.301,0.001,0.051,0.654,10.387,0.092,27,12,0,22,2,0,22.458
53,Grid,4,18.741,0.378,1.247,0.001,17.329,32.452,0.001,0.056,0.757,17.646,0.162,27,12,0,22,2,0,24.389
53,Grid,5,18.533,0.142,1.282,0.001,24.256,24.910,0.001,0.055,0.589,17.606,0.173,27,12,0,22,2,0,16.099
53,Grid,6,22.840,0.409,1.092,0.001,25.206,29.696,0.001,0.064,0.684,21.776,0.201,27,12,0,22,2,0,23.079
53,Grid,7,11.650,0.830,0.800,0.001,23.660,21.903,0.001,0.051,0.871,10.536,0.092,27,12,0,22,2,0,15.264
53,Grid,8,17.014,0.102,1.306,0.001,24.909,36.294,0.001,0.047,0.636,16.080,0.160,27,12,0,22,2,0,28.096
53,Grid,9,10.341,1.459,0.823,0.001,25.111,29.543,0.001,0.052,0.481,9.602,0.093,27,12,0,22,2,0,21.323
53,Grid,10,10.358,1.271,0.811,0.001,24.543,34.073,0.001,0.052,0.526,9.593,0.092,27,12,0,22,2,0,26.113
53,Rows,1,10.192,1.541,0.716,0.001,23.497,28.914,0.001,0.053,0.428,9.508,0.092,27,12,0,22,2,0,21.118
53,Rows,2,11.719,1.422,0.891,0.001,17.357,31.536,0.001,0.048,0.624,10.864,0.093,27,12,0,22,2,0,25.021
53,Rows,3,18.466,0.059,1.118,0.001,22.841,24.671,0.001,0.048,0.671,17.470,0.179,27,12,0,22,2,0,16.608
53,Rows,4,18.356,0.166,0.712,0.001,17.833,32.334,0.001,0.052,0.648,17.381,0.184,27,12,0,22,2,0,25.476
53,Rows,5,17.426,1.090,1.128,0.001,21.502,25.936,0.001,0.054,0.604,16.480,0.171,27,12,0,22,2,0,17.652
53,Rows,6,17.548,0.483,1.130,0.001,26.807,23.651,0.001,0.050,0.575,16.646,0.168,27,12,0,22,2,0,15.516
53,Rows,7,10.477,1.603,0.702,0.001,24.482,32.141,0.001,0.047,0.583,9.640,0.111,27,12,0,22,2,0,24.379
53,Rows,8,10.402,1.440,0.720,0.001,21.717,33.000,0.001,0.052,0.441,9.717,0.093,27,12,0,22,2,0,25.313
53,Rows,9,10.456,1.369,0.688,0.001,22.274,22.106,0.001,0.055,0.485,9.710,0.093,27,12,0,22,2,0,15.418
53,Rows,10,18.448,0.148,6.058,0.001,24.581,36.492,0.001,0.059,0.600,17.514,0.163,27,12,0,22,2,0,24.663
54,Rows,1,10.304,1.430,0.689,0.001,26.201,27.903,0.001,0.055,0.382,9.664,0.094,27,12,0,22,2,0,20.342
54,Rows,2,11.044,1.359,0.718,0.001,22.141,35.039,0.001,0.053,0.600,10.167,0.099,27,12,0,22,2,0,28.293
54,Rows,3,19.205,0.058,1.174,0.001,22.378,30.277,0.001,0.055,0.696,18.160,0.170,27,12,0,22,2,0,22.033
54,Rows,4,11.397,1.913,0.778,0.001,27.494,29.686,0.001,0.050,0.633,10.521,0.095,27,12,0,22,2,0,23.010
54,Rows,5,12.037,0.424,0.754,0.001,22.783,29.360,0.001,0.055,0.593,11.178,0.096,27,12,0,22,2,0,21.437
54,Rows,6,10.409,1.579,0.714,0.001,22.219,22.070,0.001,0.073,0.463,9.674,0.094,27,12,0,22,2,0,15.496
54,Rows,7,23.378,1.183,1.303,0.001,23.850,36.927,0.001,0.055,0.604,22.484,0.124,27,12,0,22,2,0,23.473
54,Rows,8,10.677,1.244,0.725,0.001,23.036,32.920,0.001,0.071,0.630,9.735,0.093,27,12,0,22,2,0,26.260
54,Rows,9,10.251,1.479,0.715,0.001,23.619,32.245,0.001,0.055,0.461,9.538,0.093,27,12,0,22,2,0,24.367
54,Rows,10,10.720,1.953,0.678,0.001,25.386,33.766,0.001,0.050,0.610,9.848,0.093,27,12,0,22,2,0,22.109
54,Grid,1,10.254,1.607,0.802,0.001,23.878,29.665,0.001,0.051,0.473,9.542,0.093,27,12,0,22,2,0,21.994
54,Grid,2,12.136,1.061,0.847,0.001,17.321,28.988,0.001,0.054,0.610,11.276,0.094,27,12,0,22,2,0,22.210
54,Grid,3,18.657,0.040,1.349,0.001,25.980,37.688,0.001,0.058,0.596,17.714,0.172,27,12,0,22,2,0,25.454
54,Grid,4,12.086,1.266,0.786,0.001,25.421,31.642,0.001,0.051,0.733,11.108,0.094,27,12,0,22,2,0,24.903
54,Grid,5,10.785,1.407,0.826,0.001,24.830,32.263,0.001,0.054,0.537,9.993,0.094,27,12,0,22,2,0,25.643
54,Grid,6,10.988,0.894,0.785,0.001,26.354,35.690,0.001,0.049,0.639,10.095,0.109,27,12,0,22,2,0,24.364
54,Grid,7,10.633,1.567,0.859,0.001,22.240,26.378,0.001,0.072,0.573,9.745,0.097,27,12,0,22,2,0,19.619
54,Grid,8,16.245,2.121,1.307,0.001,23.635,32.080,0.001,0.052,0.559,15.364,0.172,27,12,0,22,2,0,24.625
54,Grid,9,10.487,1.084,0.801,0.001,24.304,31.955,0.001,0.054,0.599,9.643,0.093,27,12,0,22,2,0,23.438
54,Grid,10,10.910,1.272,0.806,0.001,25.989,32.759,0.001,0.051,0.636,9.988,0.121,27,12,0,22,2,0,21.362
55,Grid,1,10.393,1.208,0.775,0.001,25.698,21.501,0.001,0.045,0.468,9.647,0.093,27,12,0,22,2,0,14.880
55,Grid,2,16.269,2.304,1.163,0.001,23.803,31.069,0.001,0.054,0.566,15.341,0.169,27,12,0,22,2,0,23.053
55,Grid,3,10.457,1.218,0.835,0.001,23.689,29.309,0.001,0.051,0.568,9.657,0.093,27,12,0,22,2,0,21.518
55,Grid,4,10.724,1.208,0.783,0.001,27.640,35.782,0.001,0.054,0.570,9.884,0.092,27,12,0,22,2,0,23.832
55,Grid,5,10.418,1.270,0.850,0.001,24.198,28.521,0.001,0.053,0.528,9.598,0.125,27,12,0,22,2,0,20.571
55,Grid,6,10.312,1.168,0.826,0.001,23.722,31.878,0.001,0.064,0.550,9.519,0.092,27,12,0,22,2,0,24.022
55,Grid,7,10.811,0.794,0.799,0.001,25.968,32.774,0.001,0.054,0.541,9.996,0.125,27,12,0,22,2,0,24.819
55,Grid,8,10.270,1.251,0.776,0.001,24.870,34.230,0.001,0.048,0.566,9.474,0.093,27,12,0,22,2,0,26.187
55,Grid,9,10.511,1.298,0.809,0.001,23.624,29.850,0.001,0.054,0.684,9.566,0.094,27,12,0,22,2,0,22.144
55,Grid,10,10.694,0.817,0.806,0.001,24.093,31.831,0.001,0.049,0.553,9.909,0.093,27,12,0,22,2,0,23.896
55,Rows,1,10.359,1.357,0.717,0.001,22.505,30.914,0.001,0.051,0.435,9.672,0.094,27,12,0,22,2,0,23.173
55,Rows,2,18.252,0.165,0.855,0.001,20.157,46.815,0.001,0.055,0.597,17.325,0.168,27,12,0,22,2,0,40.243
55,Rows,3,11.438,1.716,0.769,0.001,24.033,28.878,0.001,0.051,0.558,10.601,0.101,27,12,0,22,2,0,20.875
55,Rows,4,10.609,1.350,0.746,0.001,24.106,32.676,0.001,0.051,0.575,9.791,0.099,27,12,0,22,2,0,25.084
55,Rows,5,10.351,1.411,0.738,0.001,23.555,21.448,0.001,0.049,0.553,9.540,0.109,27,12,0,22,2,0,14.825
55,Rows,6,10.855,0.858,0.752,0.001,24.208,26.163,0.001,0.053,0.550,10.042,0.120,27,12,0,22,2,0,19.655
55,Rows,7,16.181,2.726,1.018,0.001,23.375,24.462,0.001,0.051,0.534,15.314,0.184,27,12,0,22,2,0,16.539
55,Rows,8,17.843,0.172,1.108,0.001,22.091,23.743,0.001,0.052,0.591,16.930,0.163,27,12,0,22,2,0,15.584
55,Rows,9,11.824,0.068,1.007,0.001,26.050,32.418,0.001,0.053,0.625,10.912,0.122,27,12,0,22,2,0,20.742
55,Rows,10,10.395,1.266,0.705,0.001,21.991,29.273,0.001,0.050,0.551,9.585,0.112,27,12,0,22,2,0,21.620
56,Rows,1,19.450,1.534,0.704,0.001,22.691,41.375,0.001,0.055,0.389,18.724,0.165,27,12,0,22,2,0,27.869
56,Rows,2,10.841,1.074,0.714,0.001,22.739,28.892,0.001,0.051,0.561,10.040,0.093,27,12,0,22,2,0,21.303
56,Rows,3,10.204,1.561,0.720,0.001,23.565,29.663,0.001,0.055,0.445,9.509,0.094,27,12,0,22,2,0,22.067
56,Rows,4,24.398,0.613,1.092,0.001,24.096,27.202,0.001,0.063,6.001,18.063,0.163,27,12,0,22,2,0,18.911
56,Rows,5,10.792,1.371,0.718,0.001,22.017,22.527,0.001,0.056,0.595,9.936,0.094,27,12,0,22,2,0,15.936
56,Rows,6,16.860,1.440,1.105,0.001,26.947,24.387,0.001,0.051,0.532,15.999,0.186,27,12,0,22,2,0,16.264
56,Rows,7,17.993,1.127,1.129,0.001,23.732,24.894,0.001,0.052,0.822,16.840,0.157,27,12,0,22,2,0,16.276
56,Rows,8,18.589,0.065,1.116,0.001,26.152,24.520,0.001,0.052,0.576,17.690,0.167,27,12,0,22,2,0,16.247
56,Rows,9,22.360,0.530,1.043,0.001,36.180,31.757,0.001,0.051,0.624,21.359,0.177,27,12,0,22,2,0,22.075
56,Rows,10,10.747,1.133,0.763,0.001,23.817,29.566,0.001,0.049,0.556,9.947,0.096,27,12,0,22,2,0,21.971
56,Grid,1,10.628,1.170,0.810,0.001,23.565,34.866,0.001,0.055,0.417,9.965,0.092,27,12,0,22,2,0,27.244
56,Grid,2,14.085,0.093,1.238,0.001,23.897,30.486,0.001,0.055,0.605,13.079,0.225,27,12,0,22,2,0,21.899
56,Grid,3,10.873,0.855,0.813,0.001,26.445,34.841,0.001,0.049,0.546,10.096,0.094,27,12,0,22,2,0,26.949
56,Grid,4,10.782,1.005,0.939,0.001,23.271,30.115,0.001,0.047,0.545,9.999,0.094,27,12,0,22,2,0,22.465
56,Grid,5,10.811,1.238,0.809,0.001,23.654,26.419,0.001,0.050,0.538,10.041,0.093,27,12,0,22,2,0,19.920
56,Grid,6,18.088,0.290,1.215,0.001,23.845,32.591,0.001,0.057,0.586,17.136,0.188,27,12,0,22,2,0,24.949
56,Grid,7,11.810,0.969,0.842,0.001,24.863,32.984,0.001,0.060,0.661,10.878,0.108,27,12,0,22,2,0,26.426
56,Grid,8,10.331,1.551,0.820,0.001,24.982,31.954,0.001,0.052,0.476,9.587,0.101,27,12,0,22,2,0,24.112
56,Grid,9,10.323,1.500,0.776,0.001,22.376,26.822,0.001,0.048,0.567,9.525,0.094,27,12,0,22,2,0,20.300
56,Grid,10,16.052,3.324,1.348,0.001,24.495,32.517,0.001,0.049,0.550,15.170,0.179,27,12,0,22,2,0,24.982
57,Grid,1,10.249,1.233,0.795,0.001,22.379,41.448,0.001,0.051,0.372,9.628,0.094,27,12,0,22,2,0,34.886
57,Grid,2,10.884,0.799,0.789,0.001,23.354,28.916,0.001,0.053,0.553,10.085,0.092,27,12,0,22,2,0,20.918
57,Grid,3,10.325,1.638,0.829,0.001,26.546,33.582,0.002,0.051,0.542,9.549,0.093,27,12,0,22,2,0,25.795
57,Grid,4,18.666,0.129,1.273,0.001,24.124,29.521,0.001,0.056,0.562,17.719,0.168,27,12,0,22,2,0,21.082
57,Grid,5,16.130,1.268,0.838,0.001,26.325,39.060,0.001,0.050,0.606,15.241,0.117,27,12,0,22,2,0,24.762
57,Grid,6,10.250,1.446,0.825,0.001,23.356,30.609,0.001,0.053,0.500,9.494,0.092,27,12,0,22,2,0,22.096
57,Grid,7,10.414,1.515,0.809,0.001,25.810,29.663,0.001,0.067,0.468,9.626,0.151,27,12,0,22,2,0,21.742
57,Grid,8,18.711,0.320,1.260,0.001,26.818,32.296,0.004,0.053,0.784,17.565,0.192,27,12,0,22,2,0,20.322
57,Grid,9,10.751,0.905,0.795,0.001,23.648,22.681,0.001,0.050,0.567,9.936,0.095,27,12,0,22,2,0,16.028
57,Grid,10,16.569,1.167,1.288,0.001,27.485,31.724,0.001,0.060,0.535,15.694,0.189,27,12,0,22,2,0,23.796
57,Rows,1,11.900,1.966,0.790,0.001,22.226,30.661,0.001,0.048,0.557,11.032,0.166,27,12,0,22,2,0,22.616
57,Rows,2,11.987,1.271,0.743,0.001,22.126,21.892,0.001,0.057,0.634,11.096,0.095,27,12,0,22,2,0,15.406
57,Rows,3,24.794,0.248,0.885,0.001,25.046,37.559,0.001,0.050,0.698,23.728,0.223,27,12,0,22,2,0,24.410
57,Rows,4,10.361,1.372,0.708,0.001,22.995,28.982,0.001,0.051,0.518,9.592,0.093,27,12,0,22,2,0,21.318
57,Rows,5,10.745,1.062,0.691,0.001,24.150,32.980,0.001,0.056,0.457,10.037,0.093,27,12,0,22,2,0,25.248
57,Rows,6,10.433,1.201,0.714,0.001,22.580,30.629,0.001,0.052,0.575,9.616,0.092,27,12,0,22,2,0,23.128
57,Rows,7,10.646,1.161,0.720,0.001,24.214,33.673,0.001,0.052,0.487,9.913,0.092,27,12,0,22,2,0,25.958
57,Rows,8,10.514,1.239,0.710,0.001,22.218,28.818,0.001,0.083,0.547,9.637,0.144,27,12,0,22,2,0,21.094
57,Rows,9,10.203,1.373,0.723,0.001,24.852,32.837,0.002,0.016,0.451,9.539,0.092,27,12,0,22,2,0,25.064
57,Rows,10,10.577,1.370,0.804,0.001,23.263,29.265,0.001,0.049,0.568,9.712,0.103,27,12,0,22,2,0,21.120
58,Rows,1,10.906,1.303,0.762,0.001,18.197,49.258,0.001,0.051,0.576,10.079,0.101,27,12,0,22,2,0,41.148
58,Rows,2,18.603,0.426,1.136,0.001,22.248,29.395,0.001,0.075,0.706,17.523,0.164,27,12,0,22,2,0,21.114
58,Rows,3,11.898,1.398,0.719,0.001,27.091,33.049,0.001,0.051,0.640,11.023,0.094,27,12,0,22,2,0,26.509
58,Rows,4,14.149,0.555,0.756,0.001,23.748,30.206,0.001,0.050,0.603,13.224,0.171,27,12,0,22,2,0,22.061
58,Rows,5,18.835,0.089,1.117,0.001,23.061,32.750,0.001,0.045,0.623,17.875,0.184,27,12,0,22,2,0,24.783
58,Rows,6,10.299,1.314,0.754,0.001,23.312,23.242,0.001,0.049,0.548,9.487,0.093,27,12,0,22,2,0,16.580
58,Rows,7,19.208,0.602,1.070,0.001,29.027,27.688,0.001,0.050,0.885,18.032,0.152,27,12,0,22,2,0,19.846
58,Rows,8,11.324,1.271,0.699,0.001,24.850,23.206,0.001,0.050,0.772,10.277,0.119,27,12,0,22,2,0,15.678
58,Rows,9,15.533,0.538,0.773,0.001,25.315,37.617,0.001,0.054,0.671,14.530,0.128,27,12,0,22,2,0,29.038
58,Rows,10,10.405,1.266,0.709,0.001,23.163,30.319,0.001,0.050,0.544,9.621,0.092,27,12,0,22,2,0,22.828
58,Grid,1,10.222,1.338,0.811,0.001,24.284,29.689,0.001,0.050,0.482,9.510,0.093,27,12,0,22,2,0,21.855
58,Grid,2,14.163,0.164,0.780,0.001,25.738,24.235,0.001,0.047,0.664,13.262,0.094,27,12,0,22,2,0,14.128
58,Grid,3,10.362,1.278,0.803,0.001,23.888,29.885,0.001,0.051,0.504,9.585,0.109,27,12,0,22,2,0,22.224
58,Grid,4,10.391,1.414,0.818,0.001,24.702,30.015,0.001,0.045,0.542,9.620,0.095,27,12,0,22,2,0,22.180
58,Grid,5,11.847,0.323,0.804,0.001,25.880,32.541,0.001,0.054,0.704,10.883,0.093,27,12,0,22,2,0,20.842
58,Grid,6,19.002,0.095,1.367,0.001,23.903,33.605,0.001,0.111,0.675,17.875,0.174,27,12,0,22,2,0,24.853
58,Grid,7,19.370,0.052,1.308,0.001,24.865,30.662,0.001,0.055,0.534,18.560,0.097,27,12,0,22,2,0,22.155
58,Grid,8,12.251,1.107,0.897,0.001,25.545,35.925,0.001,0.055,0.652,11.293,0.132,27,12,0,22,2,0,29.307
58,Grid,9,10.286,1.467,0.799,0.001,23.939,29.693,0.001,0.060,0.516,9.502,0.093,27,12,0,22,2,0,21.994
58,Grid,10,10.344,1.361,0.866,0.001,27.484,29.884,0.001,0.050,0.541,9.561,0.093,27,12,0,22,2,0,22.147
59,Grid,1,10.378,1.525,0.814,0.001,28.314,30.343,0.001,0.052,0.480,9.640,0.094,27,12,0,22,2,0,22.346
59,Grid,2,11.684,0.606,0.798,0.001,24.291,30.551,0.001,0.055,0.650,10.784,0.094,27,12,0,22,2,0,23.705
59,Grid,3,10.281,1.579,0.831,0.001,27.450,30.971,0.001,0.055,0.476,9.552,0.093,27,12,0,22,2,0,22.420
59,Grid,4,10.427,1.549,0.821,0.001,24.461,30.247,0.001,0.054,0.586,9.587,0.094,27,12,0,22,2,0,22.156
59,Grid,5,10.337,1.355,0.845,0.001,24.036,30.043,0.001,0.051,0.543,9.561,0.093,27,12,0,22,2,0,21.960
59,Grid,6,23.157,0.132,1.254,0.001,27.668,30.199,0.001,0.051,0.572,22.264,0.163,27,12,0,22,2,0,21.686
59,Grid,7,18.194,0.139,0.930,0.001,24.823,31.330,0.001,0.051,0.645,17.236,0.160,27,12,0,22,2,0,22.772
59,Grid,8,11.517,0.978,0.832,0.001,24.322,28.040,0.001,0.057,0.615,10.642,0.094,27,12,0,22,2,0,21.380
59,Grid,9,16.316,2.241,1.378,0.001,24.988,32.815,0.001,0.050,0.562,15.405,0.194,27,12,0,22,2,0,24.292
59,Grid,10,10.493,1.439,0.884,0.001,25.351,35.041,0.001,0.050,0.642,9.546,0.094,27,12,0,22,2,0,26.755
59,Rows,1,10.407,1.495,0.754,0.001,25.661,31.542,0.001,0.049,0.514,9.639,0.094,27,12,0,22,2,0,23.355
59,Rows,2,12.319,1.447,0.730,0.001,26.938,27.551,0.001,0.049,0.601,11.480,0.097,27,12,0,22,2,0,20.707
59,Rows,3,18.574,0.235,1.145,0.001,16.939,31.736,0.020,0.051,0.677,17.532,0.162,27,12,0,22,2,0,22.953
59,Rows,4,18.820,0.323,1.059,0.001,23.999,29.580,0.001,0.052,0.573,17.914,0.178,27,12,0,22,2,0,21.299
59,Rows,5,18.501,0.052,0.758,0.001,22.565,30.297,0.001,0.052,0.625,17.554,0.166,27,12,0,22,2,0,23.322
59,Rows,6,10.749,1.591,0.731,0.002,19.625,49.279,0.001,0.052,0.635,9.868,0.094,27,12,0,22,2,0,42.640
59,Rows,7,10.426,1.635,0.739,0.001,22.395,29.267,0.001,0.060,0.508,9.646,0.095,27,12,0,22,2,0,21.323
59,Rows,8,10.444,1.321,0.704,0.001,24.237,33.191,0.001,0.051,0.581,9.629,0.094,27,12,0,22,2,0,25.314
59,Rows,9,10.375,1.375,0.719,0.001,24.944,30.392,0.001,0.050,0.543,9.590,0.094,27,12,0,22,2,0,22.704
59,Rows,10,10.272,1.578,0.734,0.001,23.525,32.506,0.001,0.053,0.477,9.516,0.122,27,12,0,22,2,0,24.578
60,Rows,1,10.383,1.466,0.675,0.001,27.480,30.613,0.001,0.053,0.405,9.720,0.094,27,12,0,22,2,0,22.637
60,Rows,2,10.349,1.440,0.744,0.001,22.968,30.812,0.001,0.057,0.519,9.560,0.094,27,12,0,22,2,0,23.184
60,Rows,3,10.637,1.546,0.746,0.001,28.138,23.460,0.001,0.056,0.694,9.678,0.093,27,12,0,22,2,0,16.829
60,Rows,4,18.138,1.637,1.172,0.001,22.829,25.395,0.001,0.057,0.733,17.023,0.168,27,12,0,22,2,0,16.981
60,Rows,5,16.802,0.848,1.149,0.001,22.975,26.716,0.001,0.059,0.560,15.891,0.193,27,12,0,22,2,0,18.337
60,Rows,6,26.285,0.340,0.752,0.001,36.900,32.379,0.001,0.090,0.691,25.220,0.178,27,12,0,22,2,0,24.518
60,Rows,7,11.426,1.452,0.751,0.001,23.329,30.680,0.001,0.060,0.792,10.376,0.098,27,12,0,22,2,0,23.956
60,Rows,8,11.080,1.062,0.755,0.001,21.152,30.643,0.001,0.058,0.578,10.259,0.094,27,12,0,22,2,0,24.001
60,Rows,9,10.593,1.934,0.715,0.001,24.542,37.721,0.001,0.050,0.610,9.731,0.092,27,12,0,22,2,0,23.878
60,Rows,10,10.465,1.434,0.732,0.001,23.893,31.045,0.001,0.068,0.535,9.646,0.094,27,12,0,22,2,0,23.000
60,Grid,1,10.236,1.497,0.820,0.001,23.931,23.078,0.001,0.050,0.437,9.565,0.095,27,12,0,22,2,0,16.585
60,Grid,2,18.141,0.428,1.330,0.001,25.920,34.830,0.001,0.054,0.587,17.199,0.173,27,12,0,22,2,0,23.507
60,Grid,3,10.490,1.344,0.833,0.001,24.467,31.066,0.001,0.051,0.576,9.674,0.092,27,12,0,22,2,0,23.234
60,Grid,4,10.194,1.424,0.813,0.001,24.175,30.249,0.001,0.054,0.445,9.502,0.092,27,12,0,22,2,0,22.259
60,Grid,5,10.460,1.931,0.761,0.001,25.961,33.356,0.001,0.054,0.588,9.629,0.093,27,12,0,22,2,0,21.843
60,Grid,6,10.443,1.287,0.826,0.001,24.583,32.630,0.001,0.049,0.551,9.652,0.094,27,12,0,22,2,0,24.441
60,Grid,7,10.495,1.473,0.854,0.001,24.660,36.354,0.001,0.059,0.489,9.715,0.122,27,12,0,22,2,0,28.281
60,Grid,8,10.441,1.587,0.853,0.001,24.348,32.598,0.001,0.053,0.571,9.622,0.095,27,12,0,22,2,0,24.400
60,Grid,9,10.508,1.323,0.836,0.001,25.321,34.138,0.001,0.054,0.651,9.587,0.110,27,12,0,22,2,0,25.982
60,Grid,10,10.382,1.359,0.827,0.001,24.385,30.121,0.001,0.051,0.539,9.587,0.094,27,12,0,22,2,0,22.046
61,Grid,1,19.292,1.252,0.757,0.001,23.808,40.203,0.001,0.047,0.483,18.501,0.166,27,12,0,22,2,0,25.224
61,Grid,2,10.674,1.359,0.811,0.001,24.060,30.120,0.001,0.050,0.572,9.842,0.094,27,12,0,22,2,0,22.311
61,Grid,3,10.583,1.542,6.825,0.001,24.395,31.284,0.001,0.055,0.614,9.700,0.106,27,12,0,22,2,0,16.226
61,Grid,4,10.564,1.099,0.809,0.001,22.598,21.729,0.001,0.049,0.545,9.782,0.093,27,12,0,22,2,0,15.231
61,Grid,5,10.316,1.305,0.786,0.001,23.726,29.535,0.001,0.050,0.415,9.659,0.099,27,12,0,22,2,0,23.017
61,Grid,6,11.645,0.746,0.800,0.001,24.662,33.587,0.001,0.046,0.618,10.794,0.093,27,12,0,22,2,0,21.880
61,Grid,7,18.372,0.096,1.235,0.001,24.824,29.049,0.001,0.053,0.646,17.376,0.182,27,12,0,22,2,0,20.810
61,Grid,8,12.188,0.718,0.777,0.001,25.609,21.849,0.001,0.049,0.598,11.333,0.094,27,12,0,22,2,0,15.357
61,Grid,9,19.011,0.052,1.268,0.001,24.444,31.456,0.001,0.057,1.421,17.237,0.162,27,12,0,22,2,0,23.946
61,Grid,10,10.417,1.271,0.807,0.001,23.381,32.057,0.001,0.065,0.439,9.717,0.093,27,12,0,22,2,0,24.255
61,Rows,1,10.155,1.469,0.690,0.001,22.275,29.245,0.001,0.053,0.350,9.551,0.093,27,12,0,22,2,0,21.619
61,Rows,2,11.826,1.412,0.706,0.001,22.467,25.881,0.001,0.046,0.599,11.003,0.093,27,12,0,22,2,0,19.484
61,Rows,3,16.958,1.798,1.050,0.001,22.836,24.873,0.001,0.046,0.564,16.084,0.166,27,12,0,22,2,0,16.821
61,Rows,4,17.986,0.219,1.158,0.001,22.241,28.433,0.001,0.051,0.562,17.084,0.183,27,12,0,22,2,0,20.178
61,Rows,5,10.548,1.240,0.699,0.001,23.064,29.187,0.001,0.050,0.555,9.754,0.093,27,12,0,22,2,0,21.234
61,Rows,6,10.382,1.240,0.711,0.001,23.919,32.576,0.001,0.045,0.516,9.642,0.093,27,12,0,22,2,0,25.127
61,Rows,7,16.440,0.217,1.078,0.001,16.024,30.201,0.001,0.051,0.611,15.573,0.094,27,12,0,22,2,0,21.686
61,Rows,8,16.165,2.151,1.146,0.001,25.465,29.977,0.001,0.044,0.536,15.338,0.157,27,12,0,22,2,0,21.070
61,Rows,9,18.414,0.198,1.095,0.001,23.852,24.101,0.001,0.053,0.613,17.445,0.189,27,12,0,22,2,0,15.985
61,Rows,10,10.375,1.237,0.702,0.001,26.497,21.642,0.001,0.050,0.533,9.611,0.093,27,12,0,22,2,0,15.222
62,Rows,1,10.390,1.423,0.716,0.001,26.683,29.021,0.001,0.050,0.500,9.647,0.093,27,12,0,22,2,0,21.100
62,Rows,2,14.972,0.393,0.709,0.001,24.051,33.174,0.001,0.058,0.627,13.996,0.172,27,12,0,22,2,0,26.263
62,Rows,3,10.323,1.826,0.762,0.001,26.965,29.350,0.001,0.061,0.466,9.598,0.093,27,12,0,22,2,0,21.378
62,Rows,4,10.962,1.182,0.718,0.001,22.732,29.743,0.001,0.060,0.650,10.036,0.095,27,12,0,22,2,0,21.745
62,Rows,5,10.363,1.354,0.717,0.001,22.974,28.643,0.001,0.068,0.569,9.527,0.094,27,12,0,22,2,0,20.838
62,Rows,6,22.469,0.070,1.117,0.001,26.153,29.548,0.001,0.054,0.570,21.534,0.189,27,12,0,22,2,0,21.214
62,Rows,7,18.686,0.030,0.944,0.001,25.120,30.423,0.001,0.068,0.814,17.503,0.164,27,12,0,22,2,0,23.560
62,Rows,8,19.842,0.868,0.782,0.001,27.063,39.803,0.001,0.061,0.609,18.883,0.174,27,12,0,22,2,0,26.695
62,Rows,9,10.550,1.717,0.717,0.001,23.692,30.532,0.001,0.068,0.558,9.678,0.095,27,12,0,22,2,0,22.251
62,Rows,10,10.534,1.583,0.698,0.001,22.969,22.366,0.001,0.056,0.526,9.721,0.095,27,12,0,22,2,0,15.650
62,Grid,1,18.138,0.363,1.264,0.001,26.721,28.509,0.001,0.054,0.767,17.047,0.162,27,12,0,22,2,0,16.901
62,Grid,2,18.364,0.288,0.976,0.001,17.990,30.124,0.001,0.057,0.609,17.390,0.187,27,12,0,22,2,0,21.498
62,Grid,3,16.262,2.472,1.350,0.001,30.001,32.675,0.001,0.048,0.525,15.418,0.175,27,12,0,22,2,0,24.782
62,Grid,4,18.545,0.198,1.258,0.001,24.798,30.627,0.001,0.073,0.736,17.476,0.156,27,12,0,22,2,0,22.227
62,Grid,5,11.688,1.018,0.807,0.001,25.453,22.420,0.001,0.060,0.637,10.773,0.111,27,12,0,22,2,0,15.652
62,Grid,6,24.347,0.212,1.303,0.001,27.225,37.476,0.001,0.061,0.686,23.316,0.154,27,12,0,22,2,0,24.513
62,Grid,7,10.421,1.579,0.834,0.001,25.156,31.012,0.001,0.057,0.525,9.626,0.094,27,12,0,22,2,0,23.119
62,Grid,8,10.312,1.709,0.851,0.001,23.480,36.973,0.001,0.054,0.444,9.602,0.094,27,12,0,22,2,0,28.885
62,Grid,9,10.622,1.550,0.828,0.001,24.486,22.664,0.001,0.057,0.560,9.743,0.119,27,12,0,22,2,0,15.862
62,Grid,10,17.774,0.135,1.350,0.001,25.914,36.427,0.001,0.055,0.580,16.848,0.170,27,12,0,22,2,0,27.878
63,Grid,1,10.558,1.495,0.859,0.001,27.606,22.075,0.001,0.047,0.513,9.761,0.129,27,12,0,22,2,0,15.156
63,Grid,2,17.599,0.404,1.252,0.001,24.832,32.395,0.001,0.054,0.579,16.685,0.166,27,12,0,22,2,0,24.089
63,Grid,3,10.360,1.667,0.911,0.001,31.415,29.485,0.001,0.058,0.482,9.609,0.101,27,12,0,22,2,0,21.285
63,Grid,4,11.044,2.010,0.827,0.001,22.950,33.982,0.001,0.056,0.587,10.179,0.120,27,12,0,22,2,0,25.624
63,Grid,5,10.376,1.307,0.816,0.001,24.039,29.512,0.001,0.067,0.557,9.563,0.094,27,12,0,22,2,0,21.515
63,Grid,6,10.652,1.273,0.802,0.001,25.861,33.265,0.001,0.053,0.643,9.744,0.098,27,12,0,22,2,0,21.934
63,Grid,7,10.332,1.419,0.812,0.001,24.141,29.665,0.001,0.055,0.513,9.528,0.122,27,12,0,22,2,0,21.865
63,Grid,8,10.457,1.261,0.831,0.001,28.262,29.706,0.001,0.046,0.556,9.642,0.120,27,12,0,22,2,0,22.055
63,Grid,9,10.466,1.662,0.811,0.001,24.491,30.175,0.001,0.056,0.614,9.589,0.093,27,12,0,22,2,0,22.420
63,Grid,10,10.541,1.464,0.848,0.001,25.106,30.365,0.001,0.047,0.554,9.737,0.094,27,12,0,22,2,0,22.368
63,Rows,1,22.224,0.280,0.922,0.001,24.942,22.940,0.001,0.059,0.497,21.401,0.156,27,12,0,22,2,0,16.334
63,Rows,2,18.475,0.227,0.774,0.001,26.627,30.389,0.001,0.059,0.635,17.478,0.162,27,12,0,22,2,0,21.483
63,Rows,3,10.325,1.766,0.767,0.001,23.243,31.179,0.001,0.056,0.446,9.622,0.096,27,12,0,22,2,0,22.466
63,Rows,4,17.377,0.152,0.875,0.001,25.676,32.981,0.001,0.052,0.634,16.414,0.165,27,12,0,22,2,0,20.872
63,Rows,5,15.932,0.048,0.732,0.001,23.152,22.694,0.001,0.054,0.681,14.985,0.095,27,12,0,22,2,0,15.895
63,Rows,6,10.883,1.508,0.749,0.001,26.451,22.543,0.001,0.047,0.655,9.989,0.095,27,12,0,22,2,0,15.846
63,Rows,7,17.442,1.604,1.130,0.001,23.161,34.170,0.002,0.056,0.620,16.470,0.168,27,12,0,22,2,0,24.673
63,Rows,8,10.270,1.513,0.691,0.001,24.640,30.670,0.001,0.054,0.480,9.541,0.093,27,12,0,22,2,0,22.972
63,Rows,9,22.226,0.152,1.152,0.001,26.655,30.410,0.001,0.046,0.578,21.345,0.165,27,12,0,22,2,0,21.632
63,Rows,10,11.564,1.441,0.820,0.001,21.160,30.012,0.001,0.062,0.924,10.310,0.104,27,12,0,22,2,0,22.941
64,Rows,1,10.413,1.426,0.683,0.001,26.256,28.368,0.001,0.047,0.460,9.718,0.093,27,12,0,22,2,0,20.731
64,Rows,2,10.494,1.816,0.696,0.001,23.130,30.620,0.001,0.055,0.612,9.615,0.094,27,12,0,22,2,0,22.751
64,Rows,3,10.447,1.561,0.727,0.001,27.011,30.115,0.001,0.054,0.450,9.744,0.093,27,12,0,22,2,0,22.277
64,Rows,4,10.939,1.742,0.764,0.001,23.069,29.165,0.001,0.055,0.761,9.916,0.093,27,12,0,22,2,0,21.491
64,Rows,5,10.499,1.587,0.746,0.001,23.273,22.692,0.001,0.052,0.578,9.643,0.134,27,12,0,22,2,0,16.006
64,Rows,6,23.281,0.120,1.280,0.001,25.642,35.128,0.001,0.057,0.636,22.326,0.155,27,12,0,22,2,0,26.645
64,Rows,7,10.457,1.371,0.730,0.001,23.801,30.617,0.001,0.057,0.545,9.625,0.093,27,12,0,22,2,0,22.784
64,Rows,8,10.298,1.594,0.724,0.001,25.339,31.414,0.001,0.052,0.467,9.582,0.095,27,12,0,22,2,0,23.547
64,Rows,9,22.492,0.068,1.116,0.001,25.229,28.474,0.001,0.057,4.749,17.417,0.163,27,12,0,22,2,0,20.136
64,Rows,10,10.772,1.623,0.737,0.001,16.273,29.123,0.001,0.052,0.709,9.788,0.104,27,12,0,22,2,0,22.228
64,Grid,1,16.484,1.935,1.279,0.001,28.740,34.751,0.001,0.050,0.459,15.704,0.167,27,12,0,22,2,0,26.169
64,Grid,2,18.804,0.320,0.952,0.001,24.458,31.461,0.001,0.059,0.779,17.748,0.096,27,12,0,22,2,0,24.731
64,Grid,3,11.712,0.975,0.851,0.001,25.355,22.402,0.001,0.053,0.717,10.755,0.093,27,12,0,22,2,0,15.690
64,Grid,4,25.297,1.498,0.854,0.001,29.796,38.234,0.001,0.056,0.542,24.455,0.148,27,12,0,22,2,0,24.390
64,Grid,5,10.638,1.751,0.928,0.001,27.347,30.427,0.001,0.077,0.562,9.774,0.099,27,12,0,22,2,0,22.295
64,Grid,6,10.944,1.068,0.832,0.001,24.152,30.476,0.001,0.053,0.612,10.054,0.094,27,12,0,22,2,0,22.502
64,Grid,7,10.421,1.693,0.903,0.001,24.307,35.849,0.001,0.058,0.491,9.662,0.100,27,12,0,22,2,0,27.813
64,Grid,8,10.502,1.379,0.840,0.001,23.819,22.630,0.001,0.057,0.517,9.718,0.093,27,12,0,22,2,0,15.930
64,Grid,9,17.981,0.308,1.356,0.001,24.566,38.809,0.001,0.072,0.559,17.060,0.179,27,12,0,22,2,0,30.397
64,Grid,10,10.305,1.394,0.847,0.001,27.278,30.525,0.001,0.054,0.480,9.548,0.093,27,12,0,22,2,0,22.427
65,Grid,1,10.402,1.612,0.821,0.002,19.547,49.495,0.001,0.055,0.440,9.694,0.097,27,12,0,22,2,0,41.383
65,Grid,2,10.381,1.522,0.852,0.001,24.839,29.464,0.001,0.055,0.485,9.592,0.132,27,12,0,22,2,0,21.361
65,Grid,3,10.412,1.638,0.821,0.001,25.993,29.554,0.001,0.056,0.577,9.588,0.097,27,12,0,22,2,0,22.870
65,Grid,4,16.127,2.872,1.369,0.001,25.059,33.808,0.001,0.069,0.535,15.227,0.181,27,12,0,22,2,0,25.475
65,Grid,5,10.333,1.715,0.873,0.001,25.325,32.902,0.001,0.056,0.456,9.610,0.097,27,12,0,22,2,0,24.536
65,Grid,6,10.404,1.608,0.835,0.001,24.292,31.205,0.001,0.056,0.485,9.639,0.095,27,12,0,22,2,0,22.773
65,Grid,7,10.243,1.514,0.816,0.001,28.404,30.102,0.001,0.057,0.470,9.520,0.094,27,12,0,22,2,0,22.355
65,Grid,8,10.593,1.732,0.844,0.001,24.032,30.037,0.002,0.057,0.613,9.703,0.094,27,12,0,22,2,0,21.649
65,Grid,9,10.333,1.669,0.857,0.001,28.315,30.851,0.001,0.051,0.530,9.565,0.095,27,12,0,22,2,0,22.422
65,Grid,10,10.363,1.587,0.848,0.001,24.828,31.015,0.001,0.051,0.565,9.551,0.094,27,12,0,22,2,0,22.536
65,Rows,1,10.440,2.044,0.741,0.001,23.032,23.810,0.001,0.060,0.490,9.687,0.096,27,12,0,22,2,0,17.055
65,Rows,2,17.443,0.347,1.188,0.001,26.592,28.822,0.001,0.083,0.737,16.325,0.155,27,12,0,22,2,0,16.470
65,Rows,3,10.781,2.094,0.734,0.001,26.745,31.248,0.001,0.059,0.579,9.909,0.104,27,12,0,22,2,0,22.213
65,Rows,4,10.555,1.757,0.758,0.001,23.894,31.393,0.001,0.055,0.594,9.697,0.098,27,12,0,22,2,0,23.172
65,Rows,5,10.433,1.478,0.747,0.001,23.635,22.041,0.001,0.055,0.630,9.552,0.093,27,12,0,22,2,0,15.292
65,Rows,6,21.490,0.211,1.161,0.001,26.008,30.939,0.001,0.060,0.543,20.619,0.170,27,12,0,22,2,0,22.352
65,Rows,7,10.393,1.571,0.783,0.001,23.077,29.937,0.001,0.052,0.553,9.567,0.095,27,12,0,22,2,0,21.910
65,Rows,8,10.424,1.479,0.752,0.001,23.176,29.986,0.001,0.053,0.575,9.577,0.126,27,12,0,22,2,0,22.195
65,Rows,9,23.360,0.059,1.089,0.002,25.808,30.312,0.001,0.050,5.431,17.586,0.196,27,12,0,22,2,0,21.726
65,Rows,10,10.819,1.721,0.882,0.001,16.854,30.349,0.002,0.054,0.608,9.954,0.095,27,12,0,22,2,0,22.010
66,Rows,1,18.791,1.353,0.626,0.001,21.209,34.753,0.001,0.049,0.483,18.000,0.166,27,12,0,22,2,0,21.979
66,Rows,2,17.246,0.622,1.014,0.001,21.859,24.347,0.001,0.053,0.630,16.229,0.200,27,12,0,22,2,0,16.436
66,Rows,3,16.553,0.832,1.115,0.001,22.931,25.046,0.001,0.051,0.514,15.707,0.171,27,12,0,22,2,0,16.892
66,Rows,4,23.927,1.689,0.814,0.001,27.502,37.426,0.001,0.054,7.161,16.440,0.169,27,12,0,22,2,0,23.550
66,Rows,5,10.341,1.247,0.683,0.001,23.505,28.634,0.001,0.056,0.526,9.531,0.093,27,12,0,22,2,0,21.047
66,Rows,6,10.273,1.192,0.707,0.001,22.563,29.280,0.001,0.050,0.534,9.506,0.093,27,12,0,22,2,0,21.904
66,Rows,7,14.361,1.193,0.690,0.001,25.225,32.845,0.001,0.056,4.507,9.603,0.093,27,12,0,22,2,0,20.300
66,Rows,8,10.523,1.463,0.709,0.001,25.291,30.520,0.001,0.051,0.542,9.703,0.093,27,12,0,22,2,0,22.753
66,Rows,9,19.776,0.429,1.061,0.001,25.700,30.627,0.001,0.050,0.759,18.679,0.182,27,12,0,22,2,0,22.362
66,Rows,10,10.630,1.490,0.711,0.001,23.611,28.701,0.001,0.050,0.541,9.844,0.093,27,12,0,22,2,0,21.032
66,Grid,1,10.209,1.453,0.813,0.001,24.351,30.543,0.001,0.063,0.378,9.577,0.092,27,12,0,22,2,0,22.789
66,Grid,2,12.767,0.390,0.804,0.001,24.614,25.531,0.001,0.048,1.477,11.057,0.091,27,12,0,22,2,0,15.329
66,Grid,3,18.628,0.087,1.367,0.001,22.668,32.948,0.001,0.051,0.629,17.648,0.171,27,12,0,22,2,0,25.114
66,Grid,4,18.465,0.239,0.786,0.001,31.143,25.340,0.001,0.050,0.648,17.495,0.168,27,12,0,22,2,0,18.915
66,Grid,5,11.561,1.152,0.829,0.001,24.102,24.134,0.001,0.054,0.609,10.689,0.092,27,12,0,22,2,0,16.281
66,Grid,6,17.035,0.930,1.279,0.001,24.313,36.328,0.001,0.048,0.549,16.174,0.171,27,12,0,22,2,0,27.758
66,Grid,7,10.490,1.271,0.796,0.001,23.475,29.360,0.001,0.053,0.673,9.558,0.092,27,12,0,22,2,0,21.737
66,Grid,8,10.248,1.337,0.792,0.001,24.593,32.529,0.001,0.056,0.442,9.557,0.093,27,12,0,22,2,0,24.776
66,Grid,9,10.322,1.433,0.799,0.001,23.532,29.356,0.001,0.056,0.484,9.576,0.095,27,12,0,22,2,0,21.720
66,Grid,10,10.225,1.310,0.836,0.001,25.083,32.678,0.001,0.053,0.450,9.527,0.093,27,12,0,22,2,0,24.967
67,Grid,1,10.510,1.398,0.835,0.001,27.988,29.977,0.001,0.056,0.406,9.837,0.095,27,12,0,22,2,0,21.833
67,Grid,2,10.406,1.299,0.817,0.001,23.077,30.234,0.001,0.055,0.523,9.614,0.100,27,12,0,22,2,0,22.438
67,Grid,3,10.533,1.375,0.811,0.001,27.535,29.103,0.001,0.051,0.553,9.724,0.116,27,12,0,22,2,0,21.395
67,Grid,4,10.901,1.105,0.820,0.001,24.214,30.588,0.001,0.056,0.664,9.954,0.093,27,12,0,22,2,0,22.545
67,Grid,5,10.618,1.569,0.822,0.001,24.275,22.604,0.001,0.053,0.580,9.773,0.121,27,12,0,22,2,0,15.938
67,Grid,6,22.844,1.869,1.015,0.001,26.330,35.707,0.001,0.050,0.580,22.008,0.097,27,12,0,22,2,0,24.228
67,Grid,7,11.850,1.084,0.920,0.001,27.108,30.327,0.001,0.063,0.571,10.959,0.106,27,12,0,22,2,0,22.087
67,Grid,8,11.004,1.196,0.807,0.001,24.623,30.478,0.001,0.055,0.624,10.123,0.095,27,12,0,22,2,0,22.195
67,Grid,9,10.738,1.776,0.908,0.001,24.506,33.779,0.001,0.055,0.560,9.921,0.102,27,12,0,22,2,0,25.234
67,Grid,10,10.367,1.910,0.880,0.001,24.213,29.878,0.001,0.057,0.454,9.636,0.096,27,12,0,22,2,0,21.510
67,Rows,1,10.236,1.701,0.769,0.001,23.213,35.471,0.001,0.053,0.352,9.614,0.119,27,12,0,22,2,0,27.565
67,Rows,2,11.820,1.425,0.754,0.001,23.285,22.328,0.001,0.053,0.612,10.960,0.096,27,12,0,22,2,0,15.529
67,Rows,3,17.043,2.343,1.152,0.001,24.381,36.813,0.001,0.067,0.543,16.144,0.191,27,12,0,22,2,0,28.398
67,Rows,4,10.815,1.715,0.785,0.001,26.063,30.802,0.001,0.056,0.497,10.040,0.096,27,12,0,22,2,0,22.569
67,Rows,5,10.557,1.534,0.715,0.001,24.761,32.705,0.001,0.055,0.494,9.793,0.111,27,12,0,22,2,0,24.670
67,Rows,6,10.401,1.453,0.727,0.002,25.645,32.491,0.001,0.050,0.541,9.617,0.095,27,12,0,22,2,0,24.398
67,Rows,7,10.500,1.520,0.740,0.001,23.148,26.882,0.001,0.055,0.579,9.680,0.094,27,12,0,22,2,0,20.236
67,Rows,8,17.572,1.048,1.181,0.001,22.894,25.716,0.001,0.052,0.547,16.670,0.169,27,12,0,22,2,0,16.962
67,Rows,9,18.002,0.210,1.229,0.001,25.378,27.201,0.001,0.060,0.582,17.078,0.166,27,12,0,22,2,0,18.712
67,Rows,10,18.855,0.326,1.153,0.001,21.878,33.358,0.001,0.054,0.793,17.719,0.168,27,12,0,22,2,0,24.689
68,Rows,1,10.331,1.445,0.699,0.001,18.824,45.544,0.001,0.043,0.468,9.631,0.093,27,12,0,22,2,0,37.864
68,Rows,2,10.482,1.268,0.727,0.001,21.438,22.089,0.001,0.067,0.598,9.628,0.093,27,12,0,22,2,0,15.590
68,Rows,3,16.978,1.590,1.133,0.001,26.350,24.944,0.001,0.049,0.519,16.131,0.188,27,12,0,22,2,0,16.765
68,Rows,4,18.315,0.400,1.150,0.001,26.425,40.970,0.001,0.053,0.840,17.138,0.154,27,12,0,22,2,0,25.430
68,Rows,5,10.331,1.340,0.714,0.001,23.381,29.258,0.001,0.049,0.545,9.516,0.122,27,12,0,22,2,0,21.452
68,Rows,6,10.415,1.658,0.768,0.001,22.055,21.944,0.001,0.074,0.481,9.645,0.100,27,12,0,22,2,0,15.396
68,Rows,7,18.715,0.303,1.066,0.001,17.921,35.955,0.001,0.048,0.697,17.712,0.160,27,12,0,22,2,0,23.984
68,Rows,8,19.339,0.328,1.174,0.001,22.829,23.553,0.001,0.051,0.682,18.324,0.168,27,12,0,22,2,0,15.656
68,Rows,9,10.296,1.313,0.698,0.001,26.536,21.690,0.001,0.040,0.435,9.632,0.093,27,12,0,22,2,0,15.355
68,Rows,10,17.311,1.187,1.071,0.001,21.418,25.398,0.001,0.049,0.598,16.344,0.199,27,12,0,22,2,0,16.954
68,Grid,1,18.541,0.257,1.294,0.001,16.777,52.862,0.001,0.050,0.471,17.764,0.157,27,12,0,22,2,0,45.033
68,Grid,2,21.943,0.206,1.220,0.001,24.822,28.473,0.001,0.055,0.444,21.170,0.171,27,12,0,22,2,0,20.290
68,Grid,3,18.310,0.315,0.824,0.001,23.444,31.694,0.001,0.085,0.610,17.330,0.168,27,12,0,22,2,0,24.898
68,Grid,4,11.569,0.986,0.810,0.001,23.113,26.769,0.001,0.050,0.604,10.731,0.093,27,12,0,22,2,0,20.305
68,Grid,5,18.499,0.051,1.134,0.001,22.985,31.516,0.001,0.054,0.575,17.592,0.161,27,12,0,22,2,0,23.448
68,Grid,6,10.211,1.496,0.780,0.001,25.067,35.753,0.001,0.052,0.449,9.513,0.093,27,12,0,22,2,0,26.538
68,Grid,7,10.418,1.338,0.826,0.001,23.159,22.019,0.001,0.052,0.530,9.598,0.093,27,12,0,22,2,0,15.352
68,Grid,8,17.856,0.230,1.263,0.001,25.242,34.813,0.001,0.054,0.574,16.957,0.170,27,12,0,22,2,0,27.143
68,Grid,9,10.370,1.323,0.797,0.001,24.211,30.113,0.001,0.053,0.476,9.627,0.101,27,12,0,22,2,0,22.146
68,Grid,10,10.437,1.107,0.769,0.001,23.975,30.434,0.001,0.048,0.527,9.627,0.114,27,12,0,22,2,0,22.457
69,Grid,1,10.297,1.447,0.780,0.026,19.743,48.756,0.001,0.055,0.368,9.668,0.095,27,12,0,22,2,0,40.768
69,Grid,2,10.503,1.413,0.845,0.001,25.013,31.267,0.001,0.056,0.544,9.688,0.095,27,12,0,22,2,0,22.739
69,Grid,3,10.446,1.504,0.827,0.001,27.758,29.050,0.001,0.062,0.477,9.706,0.093,27,12,0,22,2,0,21.293
69,Grid,4,11.032,1.169,0.818,0.001,24.114,30.768,0.001,0.054,0.611,10.159,0.093,27,12,0,22,2,0,22.569
69,Grid,5,10.513,1.703,0.812,0.001,25.378,36.993,0.001,0.056,0.489,9.770,0.096,27,12,0,22,2,0,29.082
69,Grid,6,10.707,1.347,0.843,0.001,24.701,30.726,0.001,0.073,0.583,9.855,0.094,27,12,0,22,2,0,22.744
69,Grid,7,10.392,1.582,0.848,0.001,23.164,34.515,0.001,0.050,0.542,9.614,0.093,27,12,0,22,2,0,21.777
69,Grid,8,10.450,2.006,0.827,0.001,24.018,30.617,0.001,0.051,0.612,9.593,0.095,27,12,0,22,2,0,22.350
69,Grid,9,10.716,1.249,0.794,0.001,26.725,25.238,0.001,0.052,0.596,9.885,0.093,27,12,0,22,2,0,18.522
69,Grid,10,18.642,0.173,1.313,0.001,24.132,32.698,0.001,0.055,0.802,17.495,0.172,27,12,0,22,2,0,24.101
69,Rows,1,10.251,1.694,0.739,0.001,26.441,30.423,0.001,0.056,0.435,9.558,0.095,27,12,0,22,2,0,22.785
69,Rows,2,13.741,0.063,0.768,0.001,24.548,24.477,0.001,0.057,0.705,12.751,0.095,27,12,0,22,2,0,17.197
69,Rows,3,17.878,0.295,1.098,0.001,21.761,30.304,0.001,0.058,0.583,16.957,0.171,27,12,0,22,2,0,21.714
69,Rows,4,18.447,0.403,1.149,0.001,24.252,24.713,0.001,0.055,0.566,17.545,0.164,27,12,0,22,2,0,16.301
69,Rows,5,11.224,1.595,0.742,0.001,26.290,27.572,0.001,0.057,0.676,10.298,0.095,27,12,0,22,2,0,20.742
69,Rows,6,16.937,1.254,1.189,0.001,22.618,25.646,0.001,0.049,0.532,16.033,0.217,27,12,0,22,2,0,16.844
69,Rows,7,21.094,0.749,1.143,0.001,26.164,39.340,0.001,0.058,0.576,20.182,0.167,27,12,0,22,2,0,31.318
69,Rows,8,11.358,1.164,0.739,0.001,16.573,28.529,0.001,0.052,0.601,10.467,0.107,27,12,0,22,2,0,21.778
69,Rows,9,18.566,0.106,1.185,0.001,26.836,29.459,0.001,0.077,0.595,17.570,0.194,27,12,0,22,2,0,20.445
69,Rows,10,11.406,1.206,0.798,0.001,16.532,30.211,0.001,0.055,0.994,10.112,0.093,27,12,0,22,2,0,23.144
70,Rows,1,10.378,1.614,0.746,0.002,18.304,47.514,0.001,0.058,0.408,9.698,0.097,27,12,0,22,2,0,39.695
70,Rows,2,11.528,1.314,0.744,0.001,15.621,22.131,0.001,0.097,0.655,10.552,0.093,27,12,0,22,2,0,15.352
70,Rows,3,16.863,0.836,1.203,0.001,26.427,33.082,0.001,0.054,0.551,15.966,0.194,27,12,0,22,2,0,24.874
70,Rows,4,11.514,1.321,0.775,0.001,23.254,32.718,0.001,0.049,0.586,10.683,0.097,27,12,0,22,2,0,24.151
70,Rows,5,18.477,0.442,1.101,0.001,28.767,29.067,0.001,0.050,0.662,17.514,0.162,27,12,0,22,2,0,20.911
70,Rows,6,11.105,1.638,0.745,0.001,23.432,30.784,0.001,0.052,0.818,10.040,0.093,27,12,0,22,2,0,23.294
70,Rows,7,11.106,1.276,0.748,0.001,24.814,35.046,0.001,0.050,0.546,10.313,0.096,27,12,0,22,2,0,28.344
70,Rows,8,10.467,1.582,0.746,0.001,22.625,29.990,0.001,0.069,0.552,9.628,0.097,27,12,0,22,2,0,21.983
70,Rows,9,10.641,1.273,0.673,0.001,24.079,29.832,0.001,0.054,0.477,9.913,0.094,27,12,0,22,2,0,22.339
70,Rows,10,10.791,1.621,0.743,0.001,24.484,33.330,0.001,0.054,0.576,9.950,0.094,27,12,0,22,2,0,21.296
70,Grid,1,10.395,1.444,0.832,0.001,24.011,29.909,0.001,0.050,0.474,9.667,0.095,27,12,0,22,2,0,22.060
70,Grid,2,12.290,1.350,0.865,0.001,17.269,28.155,0.001,0.055,0.673,11.374,0.098,27,12,0,22,2,0,21.433
70,Grid,3,17.945,0.357,1.260,0.001,27.470,39.504,0.001,0.052,0.712,16.898,0.170,27,12,0,22,2,0,27.467
70,Grid,4,10.412,1.514,0.810,0.001,26.133,32.352,0.001,0.054,0.508,9.646,0.093,27,12,0,22,2,0,24.179
70,Grid,5,10.475,1.394,0.807,0.002,17.717,54.339,0.001,0.050,0.626,9.615,0.092,27,12,0,22,2,0,46.517
70,Grid,6,10.585,2.129,0.911,0.001,23.876,32.279,0.001,0.060,0.522,9.760,0.098,27,12,0,22,2,0,23.479
70,Grid,7,10.433,1.520,0.823,0.001,27.555,29.708,0.001,0.055,0.498,9.682,0.095,27,12,0,22,2,0,21.853
70,Grid,8,10.764,1.756,0.863,0.001,25.168,31.177,0.001,0.071,0.619,9.857,0.095,27,12,0,22,2,0,22.601
70,Grid,9,10.679,1.418,0.859,0.001,28.958,31.117,0.001,0.059,0.755,9.663,0.095,27,12,0,22,2,0,22.798
70,Grid,10,10.701,1.910,0.877,0.001,24.547,31.574,0.001,0.075,0.677,9.731,0.096,27,12,0,22,2,0,22.742
71,Grid,1,10.662,1.758,0.887,0.002,19.852,50.990,0.001,0.066,0.565,9.800,0.097,27,12,0,22,2,0,42.165
71,Grid,2,10.497,1.438,0.901,0.001,24.912,30.680,0.001,0.055,0.634,9.601,0.096,27,12,0,22,2,0,22.093
71,Grid,3,10.763,1.572,0.876,0.001,25.103,34.302,0.001,0.058,0.495,10.001,0.098,27,12,0,22,2,0,26.053
71,Grid,4,10.515,1.775,0.870,0.001,24.709,29.907,0.001,0.058,0.503,9.660,0.160,27,12,0,22,2,0,21.819
71,Grid,5,10.448,1.664,0.854,0.001,26.361,34.509,0.001,0.056,0.489,9.700,0.097,27,12,0,22,2,0,26.299
71,Grid,6,10.597,1.627,0.850,0.001,26.405,32.205,0.001,0.078,0.541,9.751,0.095,27,12,0,22,2,0,23.730
71,Grid,7,10.380,1.384,0.873,0.001,24.337,31.979,0.001,0.056,0.570,9.546,0.095,27,12,0,22,2,0,24.011
71,Grid,8,10.541,2.004,0.845,0.001,26.390,35.479,0.001,0.059,0.566,9.691,0.095,27,12,0,22,2,0,22.762
71,Grid,9,10.458,1.472,0.847,0.001,24.367,31.379,0.001,0.058,0.542,9.629,0.095,27,12,0,22,2,0,22.894
71,Grid,10,10.517,1.483,0.845,0.001,25.187,30.585,0.001,0.050,0.578,9.703,0.095,27,12,0,22,2,0,22.550
71,Rows,1,10.651,2.584,0.761,0.001,25.012,28.181,0.002,0.058,0.597,9.733,0.120,27,12,0,22,2,0,17.357
71,Rows,2,16.352,1.329,1.216,0.001,23.650,26.559,0.001,0.063,0.562,15.435,0.174,27,12,0,22,2,0,17.433
71,Rows,3,18.277,0.614,1.145,0.001,21.402,31.506,0.001,0.061,0.612,17.321,0.171,27,12,0,22,2,0,23.186
71,Rows,4,16.883,0.713,1.151,0.001,24.677,26.548,0.002,0.082,0.564,15.756,0.172,27,12,0,22,2,0,17.918
71,Rows,5,18.307,0.052,1.154,0.001,31.452,29.829,0.001,0.056,0.617,17.362,0.162,27,12,0,22,2,0,21.002
71,Rows,6,11.205,1.833,0.852,0.002,24.191,26.127,0.001,0.058,0.674,10.215,0.104,27,12,0,22,2,0,17.595
71,Rows,7,18.207,4.075,1.189,0.001,26.749,37.612,0.001,0.057,0.552,17.320,0.177,27,12,0,22,2,0,29.727
71,Rows,8,10.518,1.848,0.780,0.001,24.094,31.646,0.001,0.074,0.527,9.693,0.098,27,12,0,22,2,0,23.141
71,Rows,9,10.375,1.785,0.793,0.001,24.303,33.624,0.001,0.053,0.457,9.654,0.103,27,12,0,22,2,0,25.109
71,Rows,10,18.462,0.119,0.759,0.001,22.891,23.179,0.001,0.059,0.668,17.446,0.162,27,12,0,22,2,0,16.164
72,Rows,1,10.465,1.788,0.753,0.002,20.173,47.594,0.001,0.058,0.403,9.786,0.096,27,12,0,22,2,0,39.468
72,Rows,2,10.605,1.723,0.773,0.001,23.773,29.820,0.001,0.053,0.606,9.740,0.097,27,12,0,22,2,0,21.613
72,Rows,3,10.552,1.690,0.776,0.001,27.421,30.215,0.001,0.063,0.488,9.793,0.098,27,12,0,22,2,0,21.967
72,Rows,4,10.555,2.334,0.778,0.001,23.426,30.835,0.001,0.075,0.576,9.675,0.105,27,12,0,22,2,0,22.368
72,Rows,5,10.477,1.742,0.732,0.001,24.158,33.453,0.001,0.061,0.543,9.669,0.096,27,12,0,22,2,0,25.445
72,Rows,6,10.498,1.623,0.762,0.001,24.270,29.175,0.001,0.075,0.564,9.656,0.096,27,12,0,22,2,0,20.897
72,Rows,7,10.404,1.423,0.694,0.001,23.284,33.525,0.001,0.059,0.552,9.605,0.094,27,12,0,22,2,0,25.769
72,Rows,8,10.465,1.721,0.785,0.001,23.426,31.654,0.001,0.059,0.559,9.628,0.095,27,12,0,22,2,0,22.987
72,Rows,9,10.796,1.689,0.777,0.001,23.804,33.797,0.001,0.051,0.609,9.910,0.096,27,12,0,22,2,0,26.861
72,Rows,10,16.822,0.137,0.728,0.001,22.847,23.695,0.001,0.047,0.719,15.834,0.116,27,12,0,22,2,0,16.486
72,Grid,1,11.186,1.549,0.873,0.001,24.534,30.983,0.001,0.052,0.485,10.447,0.097,27,12,0,22,2,0,24.429
72,Grid,2,13.910,0.687,0.878,0.001,25.340,22.952,0.001,0.072,0.646,12.982,0.097,27,12,0,22,2,0,16.027
72,Grid,3,19.009,0.299,1.241,0.001,26.881,32.400,0.001,0.057,0.722,17.955,0.152,27,12,0,22,2,0,24.422
72,Grid,4,18.319,0.214,1.315,0.001,28.176,31.345,0.001,0.056,0.639,17.312,0.156,27,12,0,22,2,0,22.751
72,Grid,5,18.619,0.050,0.889,0.001,24.473,22.704,0.001,0.065,0.638,17.625,0.166,27,12,0,22,2,0,15.750
72,Grid,6,11.532,1.531,0.871,0.001,27.099,22.979,0.001,0.059,0.625,10.626,0.116,27,12,0,22,2,0,16.250
72,Grid,7,19.298,0.256,1.338,0.001,24.179,34.407,0.001,0.073,1.509,17.378,0.189,27,12,0,22,2,0,26.480
72,Grid,8,11.249,1.299,0.813,0.001,17.670,29.086,0.001,0.050,0.643,10.371,0.093,27,12,0,22,2,0,22.078
72,Grid,9,25.874,0.078,1.282,0.001,29.941,32.205,0.001,0.051,0.617,23.555,1.533,27,12,0,22,2,0,23.529
72,Grid,10,12.502,2.776,0.879,0.001,17.873,34.180,0.001,0.082,0.718,11.456,0.098,27,12,0,22,2,0,26.625
73,Grid,1,10.348,1.239,0.795,0.001,17.726,54.411,0.001,0.048,0.464,9.647,0.094,27,12,0,22,2,0,46.429
73,Grid,2,10.343,1.447,0.847,0.001,24.439,22.489,0.001,0.051,0.525,9.568,0.095,27,12,0,22,2,0,15.685
73,Grid,3,17.985,0.214,1.364,0.001,28.152,37.030,0.001,0.054,0.589,17.064,0.170,27,12,0,22,2,0,28.582
73,Grid,4,10.535,1.406,0.816,0.001,24.078,31.319,0.001,0.051,0.549,9.745,0.094,27,12,0,22,2,0,23.413
73,Grid,5,10.588,1.705,0.825,0.001,25.378,34.598,0.019,0.062,0.478,9.817,0.111,27,12,0,22,2,0,26.310
73,Grid,6,10.369,1.331,0.797,0.001,23.204,30.331,0.001,0.049,0.543,9.586,0.093,27,12,0,22,2,0,22.493
73,Grid,7,10.336,1.396,0.803,0.001,22.953,26.786,0.001,0.055,0.490,9.589,0.102,27,12,0,22,2,0,20.289
73,Grid,8,18.008,0.117,1.323,0.001,27.610,36.056,0.001,0.051,0.581,17.087,0.169,27,12,0,22,2,0,27.206
73,Grid,9,10.236,1.463,0.779,0.001,25.571,32.666,0.001,0.053,0.438,9.555,0.092,27,12,0,22,2,0,24.751
73,Grid,10,10.329,1.384,0.802,0.001,23.853,30.423,0.001,0.055,0.489,9.580,0.094,27,12,0,22,2,0,22.572
73,Rows,1,10.240,1.622,0.741,0.001,25.274,33.687,0.001,0.051,0.477,9.530,0.095,27,12,0,22,2,0,25.636
73,Rows,2,13.570,0.558,0.793,0.002,22.344,31.097,0.001,0.052,0.607,12.709,0.098,27,12,0,22,2,0,24.120
73,Rows,3,10.817,1.043,0.727,0.001,27.734,31.090,0.001,0.054,0.446,10.084,0.127,27,12,0,22,2,0,24.406
73,Rows,4,12.152,1.032,0.782,0.001,22.924,30.853,0.001,0.057,0.595,11.273,0.099,27,12,0,22,2,0,22.555
73,Rows,5,10.510,1.608,0.729,0.001,23.939,22.167,0.001,0.057,0.514,9.738,0.097,27,12,0,22,2,0,15.564
73,Rows,6,23.960,0.272,1.150,0.001,17.907,31.600,0.001,0.051,0.577,23.009,0.213,27,12,0,22,2,0,23.479
73,Rows,7,18.869,0.415,1.123,0.001,23.128,32.859,0.001,0.052,0.710,17.815,0.172,27,12,0,22,2,0,24.818
73,Rows,8,17.600,1.029,0.721,0.001,23.370,38.359,0.001,0.046,0.597,16.698,0.170,27,12,0,22,2,0,25.058
73,Rows,9,10.957,1.055,0.751,0.001,22.762,31.590,0.001,0.053,0.560,10.147,0.096,27,12,0,22,2,0,24.872
73,Rows,10,10.247,1.455,0.684,0.001,23.360,29.862,0.001,0.059,0.468,9.526,0.093,27,12,0,22,2,0,22.219
74,Rows,1,10.341,1.344,0.746,0.001,22.310,42.601,0.001,0.050,0.382,9.707,0.093,27,12,0,22,2,0,35.828
74,Rows,2,10.400,1.424,0.752,0.001,26.571,31.508,0.001,0.063,0.533,9.606,0.094,27,12,0,22,2,0,23.606
74,Rows,3,10.291,1.562,0.734,0.001,28.326,30.080,0.001,0.050,0.537,9.495,0.121,27,12,0,22,2,0,22.508
74,Rows,4,10.437,2.245,0.747,0.001,22.435,22.171,0.001,0.055,0.574,9.594,0.094,27,12,0,22,2,0,15.387
74,Rows,5,10.910,1.104,0.701,0.001,24.265,33.415,0.001,0.062,0.611,10.023,0.096,27,12,0,22,2,0,26.799
74,Rows,6,10.401,1.366,0.857,0.001,22.956,30.453,0.001,0.085,0.530,9.581,0.093,27,12,0,22,2,0,22.555
74,Rows,7,10.539,1.594,0.695,0.001,21.362,27.337,0.001,0.059,0.493,9.751,0.095,27,12,0,22,2,0,20.629
74,Rows,8,17.998,0.146,1.164,0.001,25.457,32.312,0.001,0.052,0.558,17.103,0.165,27,12,0,22,2,0,23.810
74,Rows,9,10.267,1.534,0.728,0.001,23.578,32.447,0.001,0.053,0.452,9.564,0.093,27,12,0,22,2,0,24.431
74,Rows,10,10.489,2.366,0.736,0.001,25.434,33.446,0.001,0.048,0.577,9.676,0.095,27,12,0,22,2,0,21.925
74,Grid,1,10.407,1.736,0.828,0.001,24.418,22.643,0.001,0.059,0.546,9.608,0.094,27,12,0,22,2,0,15.936
74,Grid,2,12.795,0.990,0.852,0.001,26.623,29.790,0.001,0.050,0.625,11.919,0.095,27,12,0,22,2,0,23.141
74,Grid,3,11.796,0.832,0.847,0.001,24.661,29.673,0.001,0.055,0.625,10.886,0.096,27,12,0,22,2,0,21.653
74,Grid,4,10.580,1.388,0.842,0.001,29.507,33.925,0.001,0.052,0.547,9.800,0.093,27,12,0,22,2,0,25.647
74,Grid,5,18.550,0.056,1.306,0.001,24.020,29.217,0.001,0.059,0.690,17.506,0.164,27,12,0,22,2,0,21.076
74,Grid,6,14.338,0.938,0.868,0.001,23.515,22.212,0.001,0.054,0.637,13.359,0.179,27,12,0,22,2,0,15.438
74,Grid,7,23.298,1.467,1.350,0.001,29.527,36.909,0.001,0.049,5.445,17.533,0.170,27,12,0,22,2,0,24.358
74,Grid,8,10.643,1.580,0.917,0.001,23.918,35.105,0.001,0.056,0.549,9.790,0.101,27,12,0,22,2,0,26.803
74,Grid,9,10.224,1.494,0.839,0.001,24.265,29.490,0.001,0.054,0.438,9.526,0.093,27,12,0,22,2,0,21.646
74,Grid,10,10.627,1.870,0.867,0.001,25.831,33.616,0.001,0.051,0.581,9.805,0.101,27,12,0,22,2,0,25.456
75,Grid,1,10.660,1.521,0.855,0.001,27.829,30.161,0.001,0.059,0.458,9.888,0.128,27,12,0,22,2,0,21.598
75,Grid,2,10.557,1.599,0.821,0.001,23.991,30.784,0.001,0.061,0.544,9.721,0.095,27,12,0,22,2,0,22.280
75,Grid,3,10.591,1.995,1.003,0.001,29.019,30.750,0.001,0.053,0.634,9.698,0.107,27,12,0,22,2,0,22.357
75,Grid,4,11.353,0.876,0.829,0.001,24.721,30.971,0.001,0.058,0.588,10.477,0.096,27,12,0,22,2,0,22.388
75,Grid,5,10.443,1.793,0.836,0.001,24.915,30.235,0.001,0.055,0.568,9.627,0.096,27,12,0,22,2,0,21.733
75,Grid,6,22.381,0.110,1.353,0.001,25.792,31.202,0.001,0.079,0.538,21.483,0.166,27,12,0,22,2,0,22.582
75,Grid,7,11.501,1.661,0.867,0.001,23.868,22.735,0.002,0.071,0.546,10.635,0.096,27,12,0,22,2,0,15.707
75,Grid,8,18.719,0.262,1.370,0.001,26.051,36.556,0.001,0.055,0.592,17.786,0.174,27,12,0,22,2,0,28.205
75,Grid,9,16.659,0.422,1.274,0.001,23.970,33.001,0.001,0.054,0.633,15.735,0.097,27,12,0,22,2,0,24.481
75,Grid,10,18.194,0.288,1.290,0.001,27.723,35.858,0.001,0.079,0.608,17.287,0.111,27,12,0,22,2,0,26.743
75,Rows,1,12.278,1.569,0.747,0.001,16.947,31.604,0.001,0.049,0.531,11.454,0.126,27,12,0,22,2,0,24.329
75,Rows,2,19.273,1.036,1.246,0.001,27.046,32.829,0.001,0.056,0.563,18.370,0.171,27,12,0,22,2,0,24.567
75,Rows,3,11.099,1.563,0.762,0.001,25.061,30.737,0.001,0.075,0.684,10.100,0.113,27,12,0,22,2,0,22.449
75,Rows,4,11.012,2.015,0.782,0.001,25.035,29.865,0.001,0.061,0.724,10.018,0.096,27,12,0,22,2,0,21.825
75,Rows,5,14.789,2.107,1.115,0.001,28.629,23.750,0.001,0.056,0.613,13.918,0.097,27,12,0,22,2,0,16.681
75,Rows,6,16.918,1.393,1.204,0.001,23.447,27.660,0.001,0.055,0.654,15.878,0.200,27,12,0,22,2,0,18.355
75,Rows,7,23.734,0.653,0.855,0.001,25.668,32.242,0.001,0.072,0.598,22.799,0.151,27,12,0,22,2,0,24.803
75,Rows,8,10.479,1.596,0.768,0.001,23.788,31.099,0.001,0.058,0.571,9.635,0.096,27,12,0,22,2,0,23.099
75,Rows,9,10.474,1.739,0.769,0.001,23.100,30.104,0.001,0.066,0.515,9.689,0.096,27,12,0,22,2,0,22.277
75,Rows,10,22.728,0.092,1.217,0.001,24.950,30.071,0.001,4.090,0.654,17.704,0.164,27,12,0,22,2,0,21.230
76,Rows,1,10.549,1.423,0.746,0.001,26.217,23.019,0.001,0.056,0.457,9.796,0.121,27,12,0,22,2,0,16.173
76,Rows,2,16.051,3.271,1.167,0.001,23.722,25.375,0.001,0.056,0.530,15.196,0.140,27,12,0,22,2,0,16.624
76,Rows,3,17.803,0.492,1.179,0.001,25.068,28.322,0.001,0.057,0.582,16.899,0.152,27,12,0,22,2,0,19.466
76,Rows,4,16.689,4.431,1.446,0.002,18.732,54.359,0.001,0.055,0.717,15.642,0.168,27,12,0,22,2,0,38.709
76,Rows,5,10.518,1.456,0.764,0.001,24.457,31.354,0.001,0.050,0.557,9.709,0.097,27,12,0,22,2,0,23.078
76,Rows,6,10.338,1.834,0.731,0.001,27.239,31.261,0.001,0.063,0.460,9.609,0.096,27,12,0,22,2,0,22.912
76,Rows,7,11.018,1.483,0.777,0.001,24.514,30.671,0.001,0.056,0.655,10.097,0.096,27,12,0,22,2,0,22.652
76,Rows,8,10.386,1.584,0.769,0.001,23.781,34.205,0.001,0.068,0.491,9.605,0.114,27,12,0,22,2,0,25.873
76,Rows,9,10.860,1.809,0.790,0.001,22.829,23.783,0.001,0.061,0.651,9.944,0.097,27,12,0,22,2,0,16.726
76,Rows,10,18.121,0.922,1.270,0.002,26.588,32.864,0.001,0.053,0.580,17.205,0.171,27,12,0,22,2,0,23.884
76,Grid,1,16.443,3.363,1.224,0.001,25.363,35.261,0.001,0.052,0.648,15.432,0.180,27,12,0,22,2,0,26.104
76,Grid,2,11.004,1.892,1.054,0.001,27.003,36.134,0.001,0.069,0.485,10.097,0.243,27,12,0,22,2,0,29.237
76,Grid,3,12.776,0.195,0.909,0.004,25.650,31.421,0.001,0.061,0.590,11.889,0.112,27,12,0,22,2,0,22.577
76,Grid,4,10.499,1.740,0.897,0.001,25.992,28.261,0.001,0.053,0.549,9.692,0.109,27,12,0,22,2,0,21.091
76,Grid,5,16.595,2.905,1.328,0.001,26.279,35.259,0.001,0.055,0.537,15.725,0.171,27,12,0,22,2,0,26.806
76,Grid,6,11.162,1.140,0.878,0.001,28.560,31.442,0.001,0.060,0.544,10.338,0.108,27,12,0,22,2,0,24.404
76,Grid,7,11.225,0.979,0.839,0.001,25.175,31.950,0.001,0.064,0.637,10.306,0.094,27,12,0,22,2,0,23.214
76,Grid,8,10.498,1.755,0.854,0.001,24.534,23.523,0.001,0.060,0.534,9.683,0.113,27,12,0,22,2,0,16.627
76,Grid,9,24.294,1.910,0.973,0.001,26.808,39.096,0.001,0.058,0.593,23.393,0.139,27,12,0,22,2,0,28.000
76,Grid,10,10.481,1.669,0.823,0.001,25.736,31.826,0.001,0.055,0.515,9.679,0.096,27,12,0,22,2,0,23.658
77,Grid,1,19.294,1.305,0.794,0.001,24.780,41.920,0.001,0.052,0.496,18.478,0.167,27,12,0,22,2,0,27.482
77,Grid,2,10.570,1.388,0.824,0.001,24.677,31.021,0.001,0.055,0.539,9.762,0.095,27,12,0,22,2,0,22.781
77,Grid,3,10.514,1.481,0.837,0.001,23.742,32.795,0.001,0.053,0.577,9.697,0.097,27,12,0,22,2,0,24.775
77,Grid,4,11.008,1.378,0.816,0.001,23.926,22.553,0.002,0.054,0.474,10.233,0.131,27,12,0,22,2,0,15.741
77,Grid,5,18.182,0.151,1.145,0.001,24.701,38.083,0.001,0.064,0.720,17.124,0.166,27,12,0,22,2,0,30.066
77,Grid,6,18.423,0.132,1.070,0.001,24.384,31.154,0.001,0.052,0.637,17.403,0.191,27,12,0,22,2,0,22.665
77,Grid,7,11.854,1.115,0.859,0.001,23.159,31.342,0.001,0.056,0.692,10.901,0.102,27,12,0,22,2,0,24.629
77,Grid,8,17.111,1.610,1.323,0.001,22.899,32.230,0.001,0.051,0.716,16.074,0.167,27,12,0,22,2,0,24.119
77,Grid,9,10.957,1.045,0.795,0.001,23.467,30.677,0.001,0.057,0.456,10.218,0.115,27,12,0,22,2,0,24.046
77,Grid,10,19.133,0.245,0.837,0.001,25.931,33.399,0.001,0.052,0.513,18.360,0.098,27,12,0,22,2,0,19.165
77,Rows,1,10.663,1.930,0.848,0.001,25.928,29.959,0.001,0.059,0.504,9.838,0.106,27,12,0,22,2,0,22.099
77,Rows,2,18.477,0.189,0.738,0.001,25.151,21.785,0.001,0.054,0.661,17.468,0.163,27,12,0,22,2,0,15.135
77,Rows,3,14.444,0.620,0.840,0.001,24.610,37.072,0.001,0.059,0.692,13.443,0.134,27,12,0,22,2,0,29.101
77,Rows,4,10.651,1.383,0.752,0.001,22.217,29.027,0.001,0.057,0.566,9.832,0.094,27,12,0,22,2,0,20.928
77,Rows,5,10.409,1.768,0.771,0.001,25.705,29.989,0.001,0.060,0.474,9.658,0.110,27,12,0,22,2,0,22.144
77,Rows,6,18.700,0.062,1.013,0.001,22.667,29.640,0.001,0.052,0.637,17.701,0.189,27,12,0,22,2,0,21.336
77,Rows,7,11.413,1.249,0.745,0.001,17.187,31.206,0.001,0.062,1.152,9.993,0.111,27,12,0,22,2,0,23.906
77,Rows,8,30.016,0.376,1.183,0.001,26.984,33.938,0.001,0.052,0.613,29.058,0.170,27,12,0,22,2,0,20.825
77,Rows,9,11.263,1.185,0.739,0.001,24.379,31.484,0.001,0.050,0.795,10.196,0.094,27,12,0,22,2,0,24.553
77,Rows,10,11.000,1.408,0.712,0.001,26.939,30.505,0.001,0.057,0.450,10.279,0.095,27,12,0,22,2,0,23.859
78,Rows,1,10.746,1.389,0.772,0.001,26.313,22.767,0.001,0.063,0.576,9.848,0.132,27,12,0,22,2,0,15.782
78,Rows,2,17.777,1.072,1.201,0.001,22.970,26.837,0.001,0.059,0.629,16.801,0.172,27,12,0,22,2,0,17.620
78,Rows,3,16.445,3.132,1.141,0.001,27.085,34.297,0.001,0.059,0.547,15.567,0.167,27,12,0,22,2,0,26.135
78,Rows,4,10.616,2.308,0.783,0.001,24.784,30.548,0.001,0.069,0.598,9.732,0.097,27,12,0,22,2,0,21.835
78,Rows,5,10.458,1.645,0.737,0.001,24.290,22.587,0.001,0.060,0.496,9.682,0.099,27,12,0,22,2,0,15.988
78,Rows,6,23.240,0.089,1.204,0.001,26.186,32.091,0.001,0.053,0.552,22.302,0.234,27,12,0,22,2,0,24.215
78,Rows,7,10.814,1.910,0.755,0.001,24.177,30.184,0.001,0.060,0.610,9.895,0.099,27,12,0,22,2,0,21.569
78,Rows,8,16.733,1.297,0.768,0.001,25.709,33.270,0.001,0.056,0.557,15.850,0.170,27,12,0,22,2,0,19.500
78,Rows,9,10.580,1.671,0.725,0.001,24.627,30.612,0.001,0.064,0.533,9.747,0.096,27,12,0,22,2,0,22.046
78,Rows,10,10.466,2.091,0.788,0.001,24.188,30.799,0.001,0.059,0.487,9.644,0.156,27,12,0,22,2,0,22.627
78,Grid,1,10.841,2.331,0.893,0.001,26.748,36.551,0.002,0.068,0.641,9.882,0.121,27,12,0,22,2,0,23.364
78,Grid,2,13.398,0.984,0.880,0.001,24.993,31.891,0.001,0.063,0.792,12.307,0.099,27,12,0,22,2,0,24.634
78,Grid,3,11.290,1.681,0.907,0.001,28.894,34.284,0.001,0.066,0.470,10.537,0.099,27,12,0,22,2,0,27.270
78,Grid,4,18.583,0.177,1.109,0.001,24.955,30.764,0.002,0.075,0.699,17.501,0.166,27,12,0,22,2,0,21.877
78,Grid,5,10.529,1.930,0.815,0.001,24.756,31.589,0.001,0.059,0.508,9.752,0.097,27,12,0,22,2,0,22.879
78,Grid,6,15.207,1.627,0.841,0.001,26.749,33.370,0.001,0.056,0.532,14.412,0.095,27,12,0,22,2,0,19.209
78,Grid,7,10.551,1.606,0.809,0.001,25.437,31.643,0.001,0.057,0.562,9.700,0.096,27,12,0,22,2,0,23.385
78,Grid,8,10.580,1.875,0.869,0.001,23.752,26.468,0.001,0.056,0.548,9.763,0.097,27,12,0,22,2,0,19.707
78,Grid,9,10.913,1.387,0.832,0.002,25.645,32.509,0.001,0.062,0.554,10.051,0.097,27,12,0,22,2,0,25.488
78,Grid,10,10.370,1.770,0.898,0.002,26.020,34.805,0.001,0.049,0.570,9.561,0.094,27,12,0,22,2,0,26.358
79,Grid,1,10.472,1.178,0.763,0.001,27.389,28.756,0.001,0.054,0.524,9.675,0.093,27,12,0,22,2,0,20.779
79,Grid,2,10.670,1.043,0.813,0.001,23.947,30.226,0.001,0.055,0.585,9.813,0.093,27,12,0,22,2,0,22.216
79,Grid,3,10.351,1.727,0.886,0.001,30.099,22.988,0.001,0.049,0.562,9.553,0.099,27,12,0,22,2,0,16.321
79,Grid,4,16.621,3.042,1.294,0.002,22.632,35.680,0.001,0.054,0.625,15.657,0.166,27,12,0,22,2,0,27.515
79,Grid,5,10.521,1.497,0.799,0.001,23.959,29.531,0.001,0.058,0.553,9.724,0.092,27,12,0,22,2,0,21.179
79,Grid,6,10.654,1.130,0.743,0.001,25.502,33.639,0.001,0.070,0.664,9.717,0.092,27,12,0,22,2,0,22.142
79,Grid,7,10.458,1.237,0.831,0.001,22.759,22.042,0.001,0.089,0.534,9.627,0.093,27,12,0,22,2,0,15.313
79,Grid,8,10.965,0.961,0.792,0.001,27.825,30.686,0.001,0.047,0.522,10.195,0.112,27,12,0,22,2,0,24.076
79,Grid,9,11.692,1.194,0.834,0.001,23.335,28.492,0.001,0.050,0.573,10.865,0.094,27,12,0,22,2,0,20.545
79,Grid,10,10.467,1.311,0.829,0.001,23.705,22.284,0.001,0.045,0.553,9.689,0.094,27,12,0,22,2,0,15.671
79,Rows,1,24.258,0.132,1.498,0.001,24.702,30.443,0.001,0.054,0.489,23.336,0.257,27,12,0,22,2,0,22.075
79,Rows,2,18.136,0.257,0.707,0.001,16.529,28.552,0.001,0.050,0.658,17.160,0.163,27,12,0,22,2,0,19.976
79,Rows,3,18.051,0.089,1.177,0.001,25.019,35.423,0.001,0.052,0.609,17.119,0.158,27,12,0,22,2,0,26.142
79,Rows,4,14.708,1.349,0.751,0.001,24.904,22.194,0.001,0.055,4.796,9.667,0.092,27,12,0,22,2,0,15.290
79,Rows,5,15.950,3.566,1.164,0.001,22.014,32.477,0.001,0.055,0.541,15.045,0.173,27,12,0,22,2,0,24.080
79,Rows,6,10.257,1.325,0.721,0.001,27.197,27.855,0.001,0.048,0.524,9.505,0.092,27,12,0,22,2,0,20.373
79,Rows,7,10.562,1.428,0.721,0.001,22.948,29.491,0.001,0.055,0.610,9.692,0.093,27,12,0,22,2,0,21.732
79,Rows,8,10.394,1.397,0.724,0.001,23.651,29.083,0.001,0.051,0.532,9.631,0.092,27,12,0,22,2,0,21.222
79,Rows,9,20.728,0.372,0.752,0.001,28.386,29.888,0.001,0.050,0.555,19.855,0.177,27,12,0,22,2,0,21.586
79,Rows,10,10.640,1.530,0.753,0.001,26.754,30.408,0.001,0.052,0.570,9.787,0.103,27,12,0,22,2,0,22.164
80,Rows,1,10.868,0.979,0.687,0.001,25.815,28.005,0.001,0.048,0.512,10.117,0.094,27,12,0,22,2,0,20.224
80,Rows,2,10.569,1.796,0.678,0.001,23.073,29.670,0.001,0.054,0.620,9.686,0.093,27,12,0,22,2,0,21.655
80,Rows,3,11.421,1.299,0.753,0.001,27.854,30.103,0.001,0.057,0.448,10.715,0.094,27,12,0,22,2,0,21.905
80,Rows,4,10.599,1.627,0.750,0.001,24.213,30.006,0.001,0.058,0.631,9.692,0.095,27,12,0,22,2,0,22.002
80,Rows,5,10.328,1.627,0.691,0.001,22.647,22.836,0.001,0.050,0.544,9.548,0.093,27,12,0,22,2,0,16.054
80,Rows,6,22.492,3.090,1.000,0.001,26.479,38.613,0.001,0.072,0.577,21.551,0.173,27,12,0,22,2,0,24.128
80,Rows,7,10.444,1.299,0.714,0.001,24.245,30.986,0.001,0.065,0.558,9.577,0.097,27,12,0,22,2,0,22.860
80,Rows,8,10.399,1.648,0.772,0.001,22.999,28.975,0.001,0.055,0.589,9.565,0.097,27,12,0,22,2,0,21.116
80,Rows,9,18.660,0.099,1.070,0.001,24.315,34.517,0.001,0.051,0.791,17.540,0.178,27,12,0,22,2,0,23.976
80,Rows,10,11.012,1.490,0.743,0.001,23.590,23.417,0.001,0.055,0.708,10.025,0.092,27,12,0,22,2,0,16.622
80,Grid,1,18.285,0.474,1.324,0.001,21.711,60.341,0.001,0.052,0.484,17.479,0.167,27,12,0,22,2,0,52.184
80,Grid,2,10.875,1.288,0.809,0.001,24.128,30.088,0.001,0.057,0.688,9.918,0.094,27,12,0,22,2,0,21.999
80,Grid,3,10.419,1.415,0.836,0.001,24.223,29.702,0.001,0.067,0.443,9.712,0.094,27,12,0,22,2,0,21.772
80,Grid,4,22.735,0.065,1.213,0.001,25.945,30.130,0.001,0.060,0.598,21.810,0.164,27,12,0,22,2,0,21.986
80,Grid,5,10.655,1.351,0.828,0.001,25.832,22.922,0.001,0.058,0.566,9.822,0.093,27,12,0,22,2,0,16.232
80,Grid,6,25.830,0.156,1.344,0.001,27.465,30.592,0.001,0.052,0.573,25.002,0.098,27,12,0,22,2,0,21.984
80,Grid,7,12.065,1.022,0.837,0.001,23.823,30.815,0.001,0.059,1.098,10.681,0.093,27,12,0,22,2,0,23.625
80,Grid,8,10.390,1.612,0.835,0.001,23.646,22.213,0.001,0.052,0.567,9.590,0.091,27,12,0,22,2,0,15.642
80,Grid,9,17.504,0.991,1.312,0.001,25.074,36.276,0.001,0.046,0.624,16.565,0.170,27,12,0,22,2,0,24.928
80,Grid,10,11.448,1.127,0.829,0.001,24.030,29.757,0.001,0.049,0.522,10.676,0.095,27,12,0,22,2,0,21.678
81,Grid,1,10.435,1.267,0.814,0.001,19.820,47.788,0.001,0.047,0.479,9.718,0.094,27,12,0,22,2,0,39.788
81,Grid,2,10.574,1.300,0.848,0.001,24.269,22.918,0.001,0.059,0.637,9.648,0.094,27,12,0,22,2,0,16.168
81,Grid,3,17.295,0.357,1.309,0.001,25.649,38.520,0.001,0.051,0.561,16.404,0.183,27,12,0,22,2,0,30.212
81,Grid,4,10.307,1.736,0.829,0.001,25.421,30.422,0.001,0.052,0.545,9.489,0.122,27,12,0,22,2,0,22.368
81,Grid,5,10.523,1.499,0.841,0.001,25.935,35.771,0.001,0.058,0.481,9.761,0.121,27,12,0,22,2,0,27.752
81,Grid,6,10.453,1.666,0.836,0.001,23.944,29.834,0.001,0.058,0.614,9.568,0.093,27,12,0,22,2,0,21.395
81,Grid,7,10.365,1.410,0.843,0.001,24.567,32.921,0.001,0.050,0.572,9.557,0.094,27,12,0,22,2,0,24.899
81,Grid,8,10.430,1.416,0.823,0.001,24.195,29.852,0.001,0.053,0.540,9.641,0.095,27,12,0,22,2,0,21.858
81,Grid,9,10.624,1.610,0.796,0.001,26.023,33.185,0.001,0.058,0.478,9.891,0.094,27,12,0,22,2,0,25.164
81,Grid,10,11.009,1.154,0.783,0.001,24.507,30.378,0.001,0.054,0.571,10.141,0.095,27,12,0,22,2,0,22.042
81,Rows,1,10.357,1.571,0.724,0.001,23.566,33.565,0.001,0.055,0.499,9.621,0.094,27,12,0,22,2,0,26.036
81,Rows,2,17.405,0.133,1.087,0.001,16.934,29.681,0.001,0.049,0.617,16.522,0.117,27,12,0,22,2,0,21.225
81,Rows,3,18.274,0.172,1.144,0.001,22.594,25.079,0.001,0.057,0.589,17.357,0.164,27,12,0,22,2,0,16.438
81,Rows,4,18.301,0.296,0.745,0.001,26.392,35.316,0.001,0.063,0.605,17.353,0.165,27,12,0,22,2,0,24.849
81,Rows,5,17.892,0.118,1.099,0.001,23.276,29.976,0.001,0.041,0.588,17.057,0.097,27,12,0,22,2,0,21.180
81,Rows,6,13.843,0.898,0.753,0.001,22.876,26.523,0.001,0.055,0.636,12.850,0.193,27,12,0,22,2,0,19.779
81,Rows,7,16.267,2.750,1.071,0.001,22.488,31.682,0.001,0.051,0.550,15.394,0.168,27,12,0,22,2,0,23.534
81,Rows,8,16.024,0.128,1.096,0.001,24.384,35.359,0.001,0.054,0.464,15.301,0.097,27,12,0,22,2,0,26.865
81,Rows,9,10.341,1.341,0.707,0.001,22.838,22.132,0.001,0.054,0.478,9.576,0.116,27,12,0,22,2,0,15.447
81,Rows,10,18.014,0.115,1.145,0.001,23.740,28.351,0.001,0.058,0.572,17.103,0.173,27,12,0,22,2,0,20.057
82,Rows,1,10.572,0.938,0.700,0.001,25.400,27.797,0.001,0.046,0.468,9.872,0.093,27,12,0,22,2,0,20.138
82,Rows,2,10.375,1.460,0.737,0.001,22.918,29.127,0.001,0.055,0.521,9.545,0.139,27,12,0,22,2,0,21.211
82,Rows,3,10.385,1.411,0.674,0.001,26.210,21.678,0.001,0.051,0.517,9.634,0.093,27,12,0,22,2,0,15.228
82,Rows,4,16.472,2.854,1.105,0.001,24.136,32.773,0.001,0.057,0.620,15.529,0.145,27,12,0,22,2,0,24.075
82,Rows,5,10.428,1.397,0.729,0.001,25.412,29.721,0.001,0.053,0.452,9.730,0.093,27,12,0,22,2,0,22.083
82,Rows,6,22.310,0.359,0.720,0.001,24.518,21.724,0.001,0.052,0.503,21.486,0.164,27,12,0,22,2,0,14.990
82,Rows,7,10.867,1.360,0.730,0.001,21.374,21.822,0.001,0.047,0.636,9.991,0.098,27,12,0,22,2,0,15.120
82,Rows,8,17.914,1.564,1.086,0.001,25.590,33.512,0.001,0.048,0.521,17.087,0.166,27,12,0,22,2,0,24.982
82,Rows,9,18.601,0.576,1.113,0.001,25.325,35.769,0.001,0.066,0.547,17.723,0.152,27,12,0,22,2,0,27.461
82,Rows,10,13.241,0.645,0.749,0.001,26.651,36.861,0.001,0.049,0.662,12.339,0.096,27,12,0,22,2,0,30.186
82,Grid,1,10.477,1.727,0.912,0.001,23.772,30.149,0.001,0.054,0.505,9.675,0.101,27,12,0,22,2,0,21.671
82,Grid,2,13.862,0.996,0.874,0.001,24.697,34.079,0.001,0.054,0.626,12.900,0.176,27,12,0,22,2,0,23.676
82,Grid,3,13.786,0.374,0.805,0.001,25.900,29.948,0.001,0.050,0.529,13.007,0.095,27,12,0,22,2,0,21.952
82,Grid,4,18.381,0.598,1.267,0.001,25.191,32.031,0.001,0.051,0.647,17.429,0.163,27,12,0,22,2,0,24.076
82,Grid,5,13.036,0.571,0.848,0.001,23.532,30.262,0.001,0.049,0.656,12.102,0.121,27,12,0,22,2,0,23.413
82,Grid,6,10.643,1.620,0.849,0.001,24.860,34.054,0.001,0.079,0.446,9.921,0.095,27,12,0,22,2,0,27.483
82,Grid,7,12.014,1.786,0.814,0.001,23.709,30.437,0.001,0.049,0.529,11.165,0.167,27,12,0,22,2,0,22.424
82,Grid,8,10.387,1.437,0.834,0.001,24.573,32.150,0.001,0.054,0.473,9.663,0.092,27,12,0,22,2,0,24.439
82,Grid,9,10.307,1.385,0.800,0.001,23.186,29.374,0.001,0.065,0.483,9.548,0.096,27,12,0,22,2,0,21.397
82,Grid,10,10.405,1.332,0.829,0.001,27.489,29.401,0.001,0.053,0.462,9.696,0.095,27,12,0,22,2,0,21.517
83,Grid,1,10.625,1.094,0.784,0.001,27.006,28.842,0.001,0.047,0.530,9.831,0.122,27,12,0,22,2,0,20.834
83,Grid,2,10.431,1.837,0.810,0.001,23.487,30.602,0.001,0.054,0.596,9.583,0.094,27,12,0,22,2,0,22.459
83,Grid,3,10.559,1.581,0.808,0.001,26.179,22.071,0.001,0.047,0.576,9.744,0.094,27,12,0,22,2,0,15.489
83,Grid,4,17.886,0.153,1.257,0.001,24.520,32.751,0.001,0.050,0.617,16.949,0.171,27,12,0,22,2,0,24.431
83,Grid,5,10.442,1.304,0.775,0.001,24.890,29.365,0.001,0.065,0.570,9.624,0.093,27,12,0,22,2,0,21.658
83,Grid,6,22.255,0.056,1.019,0.001,18.698,28.909,0.001,0.059,0.523,21.402,0.165,27,12,0,22,2,0,22.324
83,Grid,7,19.263,0.357,1.478,0.001,22.596,39.126,0.001,0.067,1.424,17.435,0.182,27,12,0,22,2,0,30.576
83,Grid,8,11.382,1.214,0.881,0.001,23.975,23.119,0.001,0.056,0.669,10.445,0.094,27,12,0,22,2,0,16.329
83,Grid,9,17.545,1.937,1.374,0.001,24.004,34.605,0.001,0.049,0.574,16.617,0.197,27,12,0,22,2,0,27.048
83,Grid,10,10.372,1.371,0.824,0.001,23.762,29.129,0.001,0.049,0.550,9.554,0.121,27,12,0,22,2,0,21.420
83,Rows,1,10.302,1.354,0.708,0.001,26.237,29.401,0.001,0.043,0.433,9.637,0.093,27,12,0,22,2,0,21.923
83,Rows,2,18.439,0.079,0.881,0.001,21.347,28.825,0.001,0.042,0.655,17.451,0.191,27,12,0,22,2,0,20.918
83,Rows,3,10.890,0.934,0.701,0.001,22.677,28.542,0.001,0.047,0.517,10.119,0.121,27,12,0,22,2,0,22.116
83,Rows,4,22.028,0.489,1.097,0.001,25.170,29.441,0.001,0.047,0.529,21.213,0.129,27,12,0,22,2,0,21.412
83,Rows,5,11.058,1.192,0.887,0.001,16.333,28.564,0.001,0.052,0.597,10.202,0.093,27,12,0,22,2,0,21.050
83,Rows,6,21.175,0.760,1.147,0.001,25.520,33.096,0.001,0.052,0.548,20.305,0.167,27,12,0,22,2,0,25.382
83,Rows,7,13.370,0.180,1.046,0.001,25.584,34.201,0.001,0.046,0.653,12.458,0.107,27,12,0,22,2,0,22.338
83,Rows,8,10.371,1.353,0.718,0.001,22.729,21.847,0.001,0.049,0.556,9.551,0.108,27,12,0,22,2,0,15.237
83,Rows,9,18.020,0.137,1.174,0.001,22.460,28.462,0.001,0.055,0.570,17.128,0.164,27,12,0,22,2,0,20.580
83,Rows,10,11.513,1.096,0.734,0.001,23.089,30.760,0.001,0.047,0.619,10.653,0.094,27,12,0,22,2,0,23.891
84,Rows,1,10.730,1.432,0.786,0.002,19.591,48.627,0.001,0.053,0.495,9.963,0.097,27,12,0,22,2,0,40.379
84,Rows,2,10.368,1.719,0.771,0.001,22.961,29.692,0.001,0.055,0.450,9.650,0.094,27,12,0,22,2,0,21.705
84,Rows,3,10.387,1.869,0.756,0.001,24.764,28.530,0.001,0.058,0.502,9.618,0.097,27,12,0,22,2,0,21.668
84,Rows,4,16.582,0.807,1.104,0.001,24.312,26.524,0.001,0.057,0.551,15.676,0.176,27,12,0,22,2,0,17.615
84,Rows,5,18.742,0.062,1.177,0.001,25.505,38.067,0.001,0.075,0.585,17.759,0.198,27,12,0,22,2,0,29.529
84,Rows,6,11.280,1.471,0.781,0.001,23.865,23.045,0.001,0.076,0.680,10.292,0.114,27,12,0,22,2,0,16.079
84,Rows,7,18.535,0.423,0.969,0.001,28.412,29.588,0.001,0.059,0.592,17.594,0.176,27,12,0,22,2,0,20.992
84,Rows,8,14.137,0.606,0.769,0.001,16.326,54.561,0.001,0.072,0.637,13.220,0.097,27,12,0,22,2,0,45.600
84,Rows,9,10.320,2.077,0.825,0.001,26.441,37.071,0.002,0.059,0.464,9.584,0.095,27,12,0,22,2,0,27.877
84,Rows,10,10.407,1.622,0.759,0.001,23.015,30.632,0.001,0.054,0.494,9.646,0.096,27,12,0,22,2,0,22.376
84,Grid,1,10.332,1.793,0.842,0.001,24.542,27.950,0.001,0.060,0.433,9.624,0.114,27,12,0,22,2,0,21.405
84,Grid,2,16.453,2.858,1.353,0.001,24.935,33.394,0.001,0.055,0.575,15.540,0.173,27,12,0,22,2,0,25.036
84,Grid,3,10.283,1.841,0.863,0.001,24.343,30.420,0.001,0.056,0.480,9.540,0.097,27,12,0,22,2,0,21.860
84,Grid,4,11.338,1.706,0.868,0.001,27.529,35.374,0.001,0.060,0.595,10.458,0.098,27,12,0,22,2,0,22.934
84,Grid,5,10.751,1.580,0.882,0.001,23.750,23.620,0.001,0.080,0.735,9.715,0.096,27,12,0,22,2,0,16.585
84,Grid,6,18.662,0.516,1.292,0.001,24.651,29.019,0.001,0.058,0.578,17.743,0.167,27,12,0,22,2,0,20.531
84,Grid,7,17.863,0.139,1.281,0.001,25.635,34.691,0.001,0.059,0.563,16.944,0.170,27,12,0,22,2,0,26.271
84,Grid,8,10.449,1.876,0.870,0.001,26.461,34.579,0.001,0.057,0.496,9.619,0.169,27,12,0,22,2,0,26.456
84,Grid,9,10.874,1.546,0.911,0.001,24.685,31.908,0.001,0.055,0.660,9.918,0.105,27,12,0,22,2,0,23.406
84,Grid,10,10.891,1.793,0.935,0.001,26.369,33.878,0.001,0.055,0.607,9.996,0.133,27,12,0,22,2,0,16.719
85,Grid,1,10.519,1.451,0.863,0.001,30.616,30.242,0.001,0.052,0.549,9.720,0.094,27,12,0,22,2,0,21.854
85,Grid,2,10.497,2.288,0.845,0.002,17.723,51.183,0.001,0.052,0.587,9.663,0.094,27,12,0,22,2,0,42.967
85,Grid,3,10.653,1.170,0.847,0.001,24.687,29.533,0.001,0.074,0.673,9.674,0.124,27,12,0,22,2,0,21.419
85,Grid,4,11.518,0.676,0.827,0.001,25.729,34.283,0.001,0.055,0.629,10.622,0.094,27,12,0,22,2,0,22.371
85,Grid,5,10.396,1.443,0.854,0.001,25.032,29.977,0.001,0.049,0.545,9.596,0.097,27,12,0,22,2,0,21.847
85,Grid,6,10.592,1.494,0.847,0.001,27.374,30.503,0.001,0.055,0.576,9.772,0.096,27,12,0,22,2,0,22.599
85,Grid,7,10.604,1.886,0.862,0.001,25.280,32.158,0.001,0.058,0.614,9.700,0.096,27,12,0,22,2,0,23.808
85,Grid,8,10.636,1.681,0.830,0.001,27.451,29.414,0.001,0.056,0.641,9.749,0.095,27,12,0,22,2,0,21.229
85,Grid,9,10.520,1.719,0.795,0.001,24.012,31.121,0.001,0.060,0.616,9.647,0.095,27,12,0,22,2,0,23.183
85,Grid,10,10.466,1.388,0.830,0.001,24.590,31.026,0.001,0.054,0.543,9.675,0.095,27,12,0,22,2,0,23.178
85,Rows,1,22.852,0.141,1.153,0.001,26.037,30.606,0.002,0.051,0.518,21.989,0.197,27,12,0,22,2,0,21.788
85,Rows,2,13.101,0.054,0.883,0.001,17.038,30.761,0.001,0.056,0.621,12.144,0.156,27,12,0,22,2,0,23.298
85,Rows,3,18.264,0.061,1.208,0.001,23.273,25.070,0.001,0.056,0.584,17.342,0.167,27,12,0,22,2,0,16.129
85,Rows,4,11.556,0.700,0.761,0.001,26.065,35.809,0.001,0.056,0.633,10.653,0.095,27,12,0,22,2,0,23.962
85,Rows,5,10.746,1.908,0.767,0.001,23.765,32.534,0.001,0.053,0.579,9.870,0.120,27,12,0,22,2,0,24.428
85,Rows,6,10.703,1.656,0.813,0.001,26.293,32.604,0.001,0.058,0.596,9.850,0.095,27,12,0,22,2,0,21.113
85,Rows,7,10.641,1.886,0.798,0.001,25.829,22.726,0.001,0.058,0.559,9.805,0.098,27,12,0,22,2,0,15.799
85,Rows,8,16.645,0.239,1.110,0.001,24.777,35.935,0.001,0.057,0.669,15.663,0.116,27,12,0,22,2,0,25.082
85,Rows,9,11.415,0.608,0.712,0.001,26.033,35.250,0.001,0.055,0.619,10.528,0.094,27,12,0,22,2,0,23.281
85,Rows,10,10.646,1.439,0.734,0.001,25.324,31.206,0.001,0.057,0.524,9.852,0.095,27,12,0,22,2,0,23.265
86,Rows,1,10.426,1.412,0.713,0.001,18.409,48.300,0.001,0.050,0.420,9.749,0.093,27,12,0,22,2,0,40.423
86,Rows,2,18.560,0.407,1.101,0.001,23.374,28.080,0.001,0.051,0.608,17.634,0.165,27,12,0,22,2,0,19.927
86,Rows,3,11.153,1.522,0.735,0.001,27.085,29.035,0.001,0.055,0.619,10.280,0.093,27,12,0,22,2,0,22.448
86,Rows,4,10.497,1.741,1.416,0.001,24.951,32.072,0.001,0.054,0.592,9.638,0.092,27,12,0,22,2,0,23.341
86,Rows,5,10.475,1.323,0.684,0.001,27.722,32.053,0.001,0.050,0.563,9.678,0.094,27,12,0,22,2,0,24.379
86,Rows,6,10.994,0.732,0.720,0.001,23.389,29.954,0.001,0.055,0.644,10.086,0.094,27,12,0,22,2,0,21.953
86,Rows,7,10.549,1.320,0.729,0.001,23.640,32.294,0.001,0.050,0.567,9.722,0.120,27,12,0,22,2,0,24.717
86,Rows,8,10.458,1.238,0.712,0.001,23.403,30.080,0.001,0.049,0.534,9.685,0.092,27,12,0,22,2,0,22.406
86,Rows,9,10.526,1.437,0.716,0.001,26.908,28.579,0.001,0.051,0.553,9.732,0.093,27,12,0,22,2,0,20.983
86,Rows,10,10.831,1.506,0.676,0.001,26.195,30.241,0.001,0.056,0.607,9.963,0.093,27,12,0,22,2,0,22.283
86,Grid,1,10.307,1.590,0.802,0.001,23.815,29.957,0.001,0.048,0.492,9.580,0.092,27,12,0,22,2,0,21.882
86,Grid,2,12.359,1.324,0.851,0.001,23.712,22.173,0.001,0.051,0.612,11.513,0.094,27,12,0,22,2,0,15.590
86,Grid,3,18.780,0.270,1.372,0.001,25.981,37.538,0.001,0.050,0.808,17.629,0.178,27,12,0,22,2,0,25.490
86,Grid,4,12.730,0.890,0.978,0.001,24.873,34.643,0.001,0.049,0.631,11.795,0.122,27,12,0,22,2,0,27.786
86,Grid,5,10.408,1.487,0.817,0.001,24.972,29.728,0.001,0.049,0.593,9.575,0.094,27,12,0,22,2,0,21.553
86,Grid,6,18.527,0.276,0.893,0.001,25.847,26.508,0.001,0.050,0.638,17.575,0.173,27,12,0,22,2,0,19.937
86,Grid,7,18.432,0.339,0.846,0.001,23.222,21.619,0.001,0.058,0.627,17.431,0.165,27,12,0,22,2,0,14.877
86,Grid,8,10.277,1.396,0.877,0.002,25.539,39.743,0.001,0.058,0.540,9.495,0.092,27,12,0,22,2,0,32.442
86,Grid,9,10.391,1.338,0.812,0.001,24.162,30.049,0.001,0.053,0.485,9.645,0.092,27,12,0,22,2,0,22.184
86,Grid,10,15.798,0.527,0.886,0.001,28.978,36.572,0.001,0.059,0.555,14.930,0.160,27,12,0,22,2,0,28.237
87,Grid,1,10.691,1.301,0.849,0.001,27.258,30.772,0.001,0.060,0.551,9.838,0.104,27,12,0,22,2,0,22.085
87,Grid,2,10.516,1.561,0.813,0.001,24.977,31.788,0.002,0.059,0.569,9.679,0.096,27,12,0,22,2,0,23.089
87,Grid,3,10.485,1.508,0.900,0.001,29.254,31.128,0.001,0.050,0.575,9.670,0.096,27,12,0,22,2,0,22.855
87,Grid,4,10.525,2.159,0.876,0.001,25.260,31.569,0.001,0.059,0.566,9.687,0.096,27,12,0,22,2,0,23.039
87,Grid,5,10.591,1.682,0.837,0.001,24.731,22.725,0.001,0.078,0.513,9.774,0.096,27,12,0,22,2,0,16.003
87,Grid,6,23.196,0.586,1.669,0.001,27.154,31.363,0.001,0.060,0.550,22.325,0.152,27,12,0,22,2,0,23.168
87,Grid,7,10.477,1.472,0.823,0.001,24.883,30.556,0.001,0.059,0.555,9.648,0.094,27,12,0,22,2,0,22.308
87,Grid,8,10.448,1.996,0.874,0.001,24.434,34.481,0.001,0.058,0.465,9.714,0.097,27,12,0,22,2,0,25.759
87,Grid,9,10.579,1.706,0.824,0.002,27.546,34.350,0.001,0.062,0.626,9.689,0.095,27,12,0,22,2,0,27.352
87,Grid,10,10.399,1.771,0.859,0.001,27.247,36.169,0.001,0.054,0.463,9.664,0.095,27,12,0,22,2,0,27.802
87,Rows,1,10.551,1.765,0.729,0.001,23.115,32.257,0.001,0.064,0.543,9.687,0.098,27,12,0,22,2,0,23.618
87,Rows,2,12.638,1.419,0.730,0.001,26.846,35.366,0.001,0.061,0.600,11.770,0.097,27,12,0,22,2,0,28.560
87,Rows,3,10.501,1.399,0.741,0.001,23.028,30.826,0.001,0.061,0.579,9.647,0.094,27,12,0,22,2,0,22.618
87,Rows,4,18.779,0.162,0.773,0.001,23.826,22.389,0.001,0.060,0.638,17.780,0.165,27,12,0,22,2,0,15.593
87,Rows,5,11.557,1.584,0.756,0.001,23.740,26.551,0.001,0.055,0.698,10.588,0.095,27,12,0,22,2,0,16.115
87,Rows,6,18.310,6.978,1.008,0.001,25.500,33.833,0.001,0.053,0.647,17.300,0.191,27,12,0,22,2,0,26.066
87,Rows,7,10.265,1.550,0.759,0.001,25.501,30.138,0.001,0.054,0.527,9.490,0.093,27,12,0,22,2,0,21.842
87,Rows,8,22.550,0.193,1.087,0.001,26.444,29.500,0.001,0.057,4.669,17.541,0.172,27,12,0,22,2,0,20.693
87,Rows,9,18.299,0.052,1.109,0.001,17.303,30.408,0.001,0.052,0.672,17.372,0.096,27,12,0,22,2,0,21.689
87,Rows,10,16.124,2.872,1.073,0.001,25.930,37.734,0.001,0.055,0.567,15.230,0.169,27,12,0,22,2,0,28.819
88,Rows,1,10.395,1.295,0.686,0.001,25.482,27.672,0.001,0.057,0.361,9.768,0.093,27,12,0,22,2,0,20.037
88,Rows,2,10.363,1.208,0.661,0.001,22.775,28.267,0.001,0.053,0.505,9.582,0.110,27,12,0,22,2,0,20.519
88,Rows,3,10.409,1.362,0.687,0.001,22.280,22.288,0.001,0.073,0.456,9.685,0.093,27,12,0,22,2,0,15.924
88,Rows,4,18.733,0.387,1.086,0.001,25.825,37.846,0.001,0.052,0.789,17.634,0.148,27,12,0,22,2,0,25.296
88,Rows,5,18.928,0.109,1.227,0.001,16.269,31.347,0.001,0.054,0.652,17.894,0.186,27,12,0,22,2,0,23.059
88,Rows,6,18.662,0.205,1.079,0.001,23.356,24.497,0.001,0.063,0.613,17.687,0.188,27,12,0,22,2,0,16.000
88,Rows,7,10.533,1.264,0.762,0.001,26.168,34.138,0.001,0.065,0.537,9.742,0.099,27,12,0,22,2,0,26.594
88,Rows,8,13.562,0.269,1.103,0.001,22.754,29.253,0.001,0.051,0.474,12.415,0.460,27,12,0,22,2,0,21.200
88,Rows,9,18.702,0.300,1.087,0.001,24.529,31.347,0.001,0.048,0.618,17.760,0.168,27,12,0,22,2,0,23.512
88,Rows,10,10.833,1.252,0.725,0.001,23.310,21.051,0.001,0.048,0.626,9.972,0.092,27,12,0,22,2,0,14.507
88,Grid,1,10.277,1.219,0.773,0.001,23.228,31.014,0.001,0.046,0.437,9.608,0.092,27,12,0,22,2,0,22.763
88,Grid,2,16.354,0.365,0.800,0.001,24.514,34.766,0.001,0.053,0.880,15.127,0.179,27,12,0,22,2,0,24.815
88,Grid,3,11.300,0.750,0.817,0.001,23.760,30.467,0.001,0.046,0.550,10.515,0.094,27,12,0,22,2,0,22.485
88,Grid,4,10.742,1.180,0.800,0.001,23.639,22.471,0.001,0.051,0.490,10.006,0.094,27,12,0,22,2,0,16.066
88,Grid,5,16.887,3.668,1.260,0.001,26.161,32.299,0.001,0.043,0.664,15.886,0.198,27,12,0,22,2,0,21.219
88,Grid,6,10.325,1.298,0.757,0.001,24.031,30.340,0.001,0.054,0.524,9.543,0.093,27,12,0,22,2,0,22.373
88,Grid,7,10.432,1.164,0.761,0.001,27.666,29.381,0.001,0.049,0.560,9.641,0.092,27,12,0,22,2,0,21.823
88,Grid,8,10.653,1.297,0.794,0.001,23.857,30.369,0.001,0.054,0.645,9.747,0.092,27,12,0,22,2,0,22.448
88,Grid,9,10.356,1.283,0.823,0.001,23.767,29.204,0.001,0.048,0.566,9.534,0.119,27,12,0,22,2,0,21.437
88,Grid,10,22.131,0.071,1.236,0.001,26.993,28.444,0.001,0.056,0.440,21.376,0.160,27,12,0,22,2,0,20.465
89,Grid,1,10.694,1.457,0.879,0.001,18.566,51.153,0.001,0.063,0.544,9.838,0.102,27,12,0,22,2,0,42.734
89,Grid,2,10.431,1.437,0.848,0.001,24.846,30.615,0.001,0.055,0.495,9.633,0.129,27,12,0,22,2,0,22.221
89,Grid,3,15.126,1.624,0.849,0.001,25.906,33.461,0.001,0.054,0.567,14.238,0.170,27,12,0,22,2,0,20.323
89,Grid,4,10.630,1.489,0.837,0.001,24.218,30.977,0.001,0.051,0.538,9.824,0.097,27,12,0,22,2,0,22.625
89,Grid,5,10.513,1.389,0.851,0.001,25.371,35.743,0.001,0.052,0.549,9.724,0.094,27,12,0,22,2,0,27.292
89,Grid,6,10.485,1.553,0.835,0.001,25.237,22.977,0.002,0.060,0.542,9.672,0.096,27,12,0,22,2,0,15.909
89,Grid,7,16.235,2.432,1.351,0.001,24.455,37.384,0.001,0.077,0.567,15.312,0.173,27,12,0,22,2,0,29.156
89,Grid,8,10.357,1.355,0.812,0.001,25.797,31.035,0.001,0.053,0.483,9.582,0.125,27,12,0,22,2,0,23.299
89,Grid,9,10.609,1.536,0.863,0.001,24.837,33.315,0.001,0.056,0.475,9.824,0.146,27,12,0,22,2,0,25.347
89,Grid,10,10.499,1.502,0.834,0.001,24.567,30.504,0.001,0.056,0.566,9.665,0.094,27,12,0,22,2,0,22.412
89,Rows,1,10.426,1.471,0.762,0.001,24.593,33.757,0.001,0.051,0.508,9.661,0.116,27,12,0,22,2,0,25.859
89,Rows,2,12.840,0.590,0.754,0.001,23.720,31.795,0.001,0.056,0.659,11.902,0.096,27,12,0,22,2,0,24.883
89,Rows,3,15.045,0.740,0.784,0.001,28.612,31.600,0.001,0.059,0.544,14.162,0.172,27,12,0,22,2,0,23.303
89,Rows,4,10.611,2.218,0.765,0.001,23.959,30.914,0.002,0.056,0.580,9.766,0.100,27,12,0,22,2,0,22.580
89,Rows,5,10.381,1.521,0.732,0.001,23.277,29.739,0.001,0.054,0.499,9.629,0.094,27,12,0,22,2,0,21.710
89,Rows,6,15.448,1.065,0.753,0.001,28.778,32.463,0.001,0.053,0.545,14.662,0.096,27,12,0,22,2,0,19.620
89,Rows,7,10.873,1.942,0.846,0.001,28.127,23.906,0.001,0.080,0.596,9.936,0.110,27,12,0,22,2,0,16.892
89,Rows,8,18.860,0.161,1.126,0.001,27.888,25.320,0.001,0.050,0.637,17.856,0.181,27,12,0,22,2,0,16.465
89,Rows,9,14.024,0.791,0.880,0.001,24.534,36.897,0.001,0.048,0.658,13.039,0.181,27,12,0,22,2,0,27.780
89,Rows,10,10.411,1.671,0.732,0.001,25.720,31.124,0.001,0.075,0.461,9.675,0.095,27,12,0,22,2,0,23.399
90,Rows,1,10.620,1.632,0.735,0.002,21.359,41.744,0.001,0.054,0.404,9.950,0.095,27,12,0,22,2,0,34.777
90,Rows,2,10.701,1.538,0.736,0.001,24.198,29.604,0.001,0.059,0.624,9.795,0.095,27,12,0,22,2,0,21.582
90,Rows,3,10.342,1.524,0.685,0.001,26.749,30.579,0.001,0.053,0.472,9.617,0.098,27,12,0,22,2,0,22.717
90,Rows,4,11.038,1.033,0.741,0.001,23.502,22.316,0.001,0.060,0.617,10.146,0.095,27,12,0,22,2,0,15.462
90,Rows,5,11.141,1.109,0.760,0.001,24.736,35.433,0.001,0.059,0.532,10.335,0.120,27,12,0,22,2,0,28.539
90,Rows,6,10.452,1.341,0.733,0.001,24.140,30.608,0.001,0.052,0.580,9.607,0.093,27,12,0,22,2,0,22.434
90,Rows,7,10.589,1.525,0.726,0.001,26.723,30.181,0.001,0.058,0.604,9.724,0.093,27,12,0,22,2,0,22.560
90,Rows,8,10.537,1.917,0.705,0.001,23.778,21.900,0.001,0.050,0.639,9.656,0.094,27,12,0,22,2,0,15.151
90,Rows,9,10.399,1.537,0.732,0.001,24.647,39.041,0.001,0.050,0.465,9.687,0.095,27,12,0,22,2,0,32.337
90,Rows,10,10.263,1.687,0.753,0.001,23.772,31.946,0.001,0.054,0.486,9.516,0.093,27,12,0,22,2,0,23.853
90,Grid,1,15.943,0.206,0.828,0.001,23.845,27.682,0.001,0.054,0.432,15.179,0.172,27,12,0,22,2,0,21.079
90,Grid,2,16.291,1.017,1.288,0.001,23.843,33.713,0.001,0.050,0.525,15.420,0.189,27,12,0,22,2,0,25.121
90,Grid,3,18.441,0.105,1.297,0.001,26.456,35.472,0.001,0.050,0.763,17.424,0.103,27,12,0,22,2,0,27.077
90,Grid,4,10.683,1.591,0.881,0.001,24.610,23.435,0.002,0.069,0.582,9.800,0.100,27,12,0,22,2,0,16.245
90,Grid,5,16.093,5.674,1.123,0.001,26.642,37.919,0.001,0.058,0.524,15.220,0.172,27,12,0,22,2,0,30.411
90,Grid,6,10.369,1.460,0.825,0.001,24.709,31.077,0.001,0.049,0.530,9.576,0.092,27,12,0,22,2,0,23.079
90,Grid,7,10.426,1.617,0.865,0.001,25.090,29.739,0.001,0.057,0.455,9.712,0.099,27,12,0,22,2,0,21.579
90,Grid,8,11.271,1.135,0.844,0.001,26.024,34.952,0.001,0.050,0.609,10.412,0.101,27,12,0,22,2,0,22.879
90,Grid,9,10.591,1.581,0.838,0.001,26.878,22.799,0.001,0.079,0.613,9.675,0.113,27,12,0,22,2,0,15.737
90,Grid,10,15.271,0.549,0.878,0.001,25.275,33.004,0.001,0.063,0.676,14.301,0.097,27,12,0,22,2,0,22.383
91,Grid,1,13.503,1.490,0.822,0.002,22.394,45.296,0.001,0.053,0.388,12.781,0.168,27,12,0,22,2,0,37.850
91,Grid,2,10.416,1.346,0.813,0.001,24.739,29.991,0.001,0.066,0.569,9.554,0.108,27,12,0,22,2,0,21.715
91,Grid,3,10.276,1.497,0.891,0.001,24.915,33.471,0.001,0.053,0.502,9.524,0.095,27,12,0,22,2,0,25.374
91,Grid,4,10.452,1.704,1.143,0.001,24.705,31.172,0.001,0.051,0.564,9.629,0.097,27,12,0,22,2,0,22.807
91,Grid,5,10.505,1.540,0.829,0.001,25.085,27.470,0.001,0.072,0.554,9.695,0.093,27,12,0,22,2,0,20.912
91,Grid,6,16.246,1.695,1.352,0.001,25.352,34.472,0.001,0.049,0.562,15.367,0.164,27,12,0,22,2,0,26.425
91,Grid,7,10.344,1.335,0.886,0.001,24.839,33.302,0.001,0.048,0.538,9.578,0.094,27,12,0,22,2,0,25.534
91,Grid,8,10.537,1.385,0.840,0.001,24.165,30.315,0.001,0.051,0.530,9.751,0.094,27,12,0,22,2,0,22.201
91,Grid,9,10.444,1.723,0.838,0.001,22.746,28.931,0.001,0.056,0.639,9.550,0.093,27,12,0,22,2,0,22.171
91,Grid,10,17.865,0.451,1.314,0.001,24.246,32.007,0.001,0.049,0.579,16.950,0.170,27,12,0,22,2,0,24.005
91,Rows,1,10.318,1.524,0.678,0.001,26.273,34.579,0.001,0.048,0.499,9.588,0.093,27,12,0,22,2,0,26.722
91,Rows,2,18.351,0.089,0.732,0.001,26.528,21.950,0.001,0.054,0.574,17.383,0.194,27,12,0,22,2,0,15.078
91,Rows,3,15.248,0.307,1.350,0.001,26.113,35.905,0.001,0.064,0.671,14.302,0.095,27,12,0,22,2,0,26.646
91,Rows,4,11.980,1.287,0.737,0.001,23.314,23.528,0.001,0.053,0.597,11.133,0.095,27,12,0,22,2,0,16.038
91,Rows,5,16.564,2.164,1.167,0.001,24.815,29.530,0.001,0.060,0.579,15.681,0.130,27,12,0,22,2,0,20.925
91,Rows,6,18.728,0.183,1.162,0.001,22.471,25.240,0.001,0.051,0.651,17.757,0.152,27,12,0,22,2,0,16.774
91,Rows,7,12.921,0.958,0.734,0.001,27.936,30.264,0.001,0.051,1.285,11.325,0.169,27,12,0,22,2,0,23.715
91,Rows,8,11.140,0.711,0.719,0.001,23.409,29.463,0.001,0.051,0.657,10.226,0.093,27,12,0,22,2,0,21.575
91,Rows,9,10.449,1.510,0.698,0.001,23.261,28.842,0.001,0.049,0.543,9.673,0.093,27,12,0,22,2,0,21.217
91,Rows,10,20.429,0.421,0.933,0.001,24.287,29.238,0.001,0.055,0.523,19.608,0.153,27,12,0,22,2,0,20.924
92,Rows,1,10.395,1.316,0.715,0.001,23.051,21.468,0.001,0.053,0.382,9.755,0.097,27,12,0,22,2,0,14.745
92,Rows,2,23.086,2.503,1.217,0.001,26.968,39.476,0.001,0.050,0.525,22.224,0.196,27,12,0,22,2,0,24.649
92,Rows,3,18.653,0.433,1.126,0.001,23.771,29.163,0.001,0.055,0.813,17.505,0.162,27,12,0,22,2,0,20.864
92,Rows,4,11.116,1.756,0.705,0.001,22.550,22.307,0.001,0.053,0.621,10.243,0.094,27,12,0,22,2,0,15.370
92,Rows,5,18.550,0.104,1.000,0.001,24.889,29.227,0.001,0.050,0.744,17.474,0.183,27,12,0,22,2,0,16.959
92,Rows,6,19.068,0.649,1.126,0.001,24.113,34.307,0.001,0.047,0.721,18.028,0.170,27,12,0,22,2,0,26.161
92,Rows,7,10.952,1.359,0.735,0.001,19.833,30.204,0.001,0.048,0.639,10.074,0.092,27,12,0,22,2,0,23.597
92,Rows,8,17.530,1.007,1.138,0.001,22.953,25.158,0.001,0.050,0.799,16.405,0.171,27,12,0,22,2,0,16.841
92,Rows,9,16.609,3.045,1.090,0.001,22.976,24.523,0.001,0.049,0.542,15.790,0.134,27,12,0,22,2,0,16.386
92,Rows,10,23.787,0.407,1.132,0.001,18.558,30.111,0.001,0.054,0.596,22.830,0.192,27,12,0,22,2,0,22.487
92,Grid,1,17.896,1.489,1.182,0.001,23.284,34.826,0.001,0.051,0.691,16.834,0.170,27,12,0,22,2,0,26.484
92,Grid,2,14.797,1.451,0.841,0.002,18.721,57.334,0.001,0.054,0.462,14.080,0.096,27,12,0,22,2,0,44.718
92,Grid,3,11.589,1.054,0.822,0.001,24.880,30.318,0.001,0.055,0.696,10.626,0.094,27,12,0,22,2,0,22.451
92,Grid,4,10.280,1.633,0.814,0.001,26.269,22.282,0.001,0.056,0.497,9.533,0.092,27,12,0,22,2,0,15.690
92,Grid,5,19.133,0.073,1.032,0.001,26.303,36.965,0.001,0.061,0.680,18.103,0.164,27,12,0,22,2,0,21.509
92,Grid,6,12.428,0.884,0.808,0.001,24.563,22.353,0.001,0.055,0.713,11.447,0.095,27,12,0,22,2,0,15.671
92,Grid,7,16.844,0.844,1.297,0.001,29.678,32.461,0.001,0.047,0.558,15.975,0.170,27,12,0,22,2,0,24.177
92,Grid,8,10.615,1.720,0.784,0.001,24.196,22.219,0.001,0.051,0.735,9.634,0.093,27,12,0,22,2,0,15.543
92,Grid,9,16.623,0.547,1.333,0.001,23.808,33.611,0.001,0.049,0.574,15.734,0.171,27,12,0,22,2,0,25.079
92,Grid,10,21.896,0.093,1.325,0.001,26.760,30.912,0.001,0.048,0.464,21.104,0.176,27,12,0,22,2,0,22.678
93,Grid,1,10.343,1.457,0.771,0.001,24.842,29.777,0.001,0.052,0.490,9.612,0.093,27,12,0,22,2,0,21.785
93,Grid,2,16.452,1.330,0.815,0.001,25.405,32.813,0.001,0.050,0.523,15.601,0.166,27,12,0,22,2,0,19.073
93,Grid,3,10.768,1.448,0.873,0.001,24.352,31.906,0.001,0.051,0.589,9.886,0.120,27,12,0,22,2,0,23.404
93,Grid,4,20.336,0.262,1.065,0.001,26.087,29.553,0.001,0.057,0.477,19.503,0.183,27,12,0,22,2,0,21.098
93,Grid,5,11.259,0.663,0.881,0.001,24.330,31.476,0.001,0.060,0.520,10.428,0.101,27,12,0,22,2,0,23.045
93,Grid,6,10.656,1.520,0.874,0.001,26.036,27.319,0.001,0.076,0.603,9.781,0.103,27,12,0,22,2,0,20.538
93,Grid,7,17.824,0.455,1.118,0.001,25.216,32.803,0.001,0.067,0.637,16.825,0.173,27,12,0,22,2,0,24.276
93,Grid,8,10.384,1.511,0.822,0.001,23.898,31.023,0.001,0.056,0.445,9.689,0.093,27,12,0,22,2,0,22.894
93,Grid,9,10.767,1.379,0.834,0.001,26.921,34.723,0.001,0.054,0.661,9.842,0.094,27,12,0,22,2,0,22.876
93,Grid,10,10.736,1.221,0.824,0.001,23.077,23.125,0.001,0.053,0.607,9.850,0.093,27,12,0,22,2,0,16.327
93,Rows,1,16.944,2.275,1.173,0.001,27.477,25.183,0.001,0.050,0.473,16.155,0.169,27,12,0,22,2,0,17.281
93,Rows,2,18.694,0.293,1.109,0.001,22.863,24.035,0.001,0.054,0.768,17.581,0.168,27,12,0,22,2,0,15.880
93,Rows,3,10.447,1.112,0.689,0.001,24.257,29.687,0.001,0.050,0.552,9.663,0.096,27,12,0,22,2,0,22.236
93,Rows,4,22.243,0.349,0.739,0.001,25.819,22.196,0.001,0.053,0.547,21.387,0.165,27,12,0,22,2,0,15.606
93,Rows,5,10.983,1.324,0.754,0.001,23.347,22.287,0.001,0.055,0.600,10.119,0.094,27,12,0,22,2,0,15.570
93,Rows,6,17.181,3.049,1.123,0.001,23.401,29.116,0.001,0.060,0.523,16.320,0.162,27,12,0,22,2,0,21.060
93,Rows,7,16.865,0.382,0.967,0.001,22.520,25.845,0.001,0.048,0.548,15.996,0.170,27,12,0,22,2,0,16.974
93,Rows,8,18.854,0.173,1.168,0.001,19.693,58.303,0.001,0.055,0.595,17.915,0.180,27,12,0,22,2,0,49.889
93,Rows,9,10.505,1.430,0.738,0.001,23.031,31.322,0.001,0.088,0.558,9.618,0.095,27,12,0,22,2,0,23.033
93,Rows,10,10.319,1.517,0.754,0.001,24.308,36.736,0.001,0.055,0.476,9.591,0.093,27,12,0,22,2,0,28.921
94,Rows,1,10.433,1.118,0.740,0.001,25.246,28.148,0.001,0.052,0.394,9.784,0.092,27,12,0,22,2,0,20.382
94,Rows,2,16.915,0.210,0.703,0.001,23.317,21.313,0.001,0.049,0.625,15.975,0.165,27,12,0,22,2,0,14.802
94,Rows,3,10.399,1.238,0.708,0.001,25.671,28.488,0.001,0.049,0.515,9.655,0.092,27,12,0,22,2,0,21.103
94,Rows,4,10.706,0.951,0.655,0.001,22.204,28.758,0.001,0.054,0.631,9.814,0.092,27,12,0,22,2,0,21.326
94,Rows,5,10.352,1.200,0.714,0.001,24.000,29.081,0.001,0.053,0.443,9.664,0.092,27,12,0,22,2,0,21.446
94,Rows,6,22.268,0.444,1.080,0.001,23.518,27.947,0.001,0.054,0.508,21.446,0.162,27,12,0,22,2,0,19.724
94,Rows,7,10.315,1.293,0.652,0.001,22.623,21.750,0.001,0.054,0.519,9.540,0.092,27,12,0,22,2,0,15.293
94,Rows,8,17.866,0.359,1.123,0.001,22.013,27.928,0.001,0.053,0.583,16.967,0.162,27,12,0,22,2,0,19.891
94,Rows,9,11.292,1.130,0.674,0.001,21.147,29.024,0.001,0.048,0.620,10.403,0.124,27,12,0,22,2,0,22.544
94,Rows,10,10.771,1.371,0.735,0.001,24.021,33.815,0.001,0.050,0.527,10.010,0.094,27,12,0,22,2,0,27.261
94,Grid,1,12.385,1.079,0.785,0.001,23.623,30.758,0.001,0.053,0.431,11.623,0.166,27,12,0,22,2,0,22.935
94,Grid,2,12.959,0.940,0.829,0.001,22.817,32.494,0.001,0.044,0.638,12.095,0.093,27,12,0,22,2,0,26.040
94,Grid,3,13.854,0.509,0.788,0.001,23.591,29.097,0.001,0.046,0.541,13.002,0.170,27,12,0,22,2,0,21.274
94,Grid,4,10.317,1.461,0.799,0.001,25.196,31.846,0.001,0.052,0.552,9.520,0.092,27,12,0,22,2,0,24.009
94,Grid,5,10.878,1.357,0.770,0.001,23.545,28.995,0.001,0.054,0.557,10.023,0.091,27,12,0,22,2,0,21.115
94,Grid,6,18.463,0.082,0.876,0.001,19.142,32.048,0.001,0.054,0.823,17.328,0.157,27,12,0,22,2,0,23.947
94,Grid,7,18.569,0.123,1.091,0.001,22.801,32.732,0.001,0.053,0.658,17.575,0.172,27,12,0,22,2,0,25.156
94,Grid,8,18.394,0.179,0.842,0.001,27.073,21.400,0.001,0.050,0.625,17.459,0.168,27,12,0,22,2,0,14.897
94,Grid,9,18.629,0.023,1.159,0.001,25.050,30.829,0.001,0.046,0.794,17.525,0.166,27,12,0,22,2,0,22.533
94,Grid,10,10.295,1.206,0.800,0.001,26.986,22.195,0.001,0.047,0.548,9.521,0.092,27,12,0,22,2,0,15.706
95,Grid,1,10.485,1.428,0.852,0.001,27.570,31.295,0.001,0.051,0.529,9.674,0.133,27,12,0,22,2,0,23.109
95,Grid,2,10.502,1.929,0.831,0.001,25.028,30.508,0.001,0.056,0.586,9.658,0.094,27,12,0,22,2,0,22.555
95,Grid,3,10.337,1.738,0.833,0.001,28.671,31.814,0.001,0.053,0.459,9.621,0.096,27,12,0,22,2,0,23.482
95,Grid,4,10.384,1.580,0.834,0.001,24.601,30.579,0.001,0.051,0.574,9.563,0.094,27,12,0,22,2,0,22.331
95,Grid,5,10.366,1.506,0.837,0.001,23.666,22.378,0.001,0.051,0.548,9.540,0.138,27,12,0,22,2,0,15.764
95,Grid,6,22.801,0.954,1.411,0.002,27.562,37.807,0.001,0.045,0.587,21.873,0.194,27,12,0,22,2,0,24.442
95,Grid,7,10.445,1.442,0.868,0.001,24.774,32.074,0.001,0.053,0.538,9.644,0.094,27,12,0,22,2,0,22.490
95,Grid,8,10.408,1.616,0.811,0.001,24.440,35.053,0.001,0.052,0.536,9.634,0.094,27,12,0,22,2,0,26.719
95,Grid,9,10.554,1.426,0.854,0.001,23.808,22.507,0.001,0.058,0.615,9.668,0.110,27,12,0,22,2,0,15.661
95,Grid,10,18.552,0.248,1.332,0.001,24.791,34.681,0.001,0.053,0.605,17.684,0.099,27,12,0,22,2,0,26.100
95,Rows,1,18.403,0.030,0.768,0.001,25.451,31.987,0.001,0.057,0.574,17.458,0.192,27,12,0,22,2,0,23.080
95,Rows,2,14.765,0.437,0.764,0.001,28.252,34.588,0.001,0.054,0.622,13.887,0.097,27,12,0,22,2,0,26.616
95,Rows,3,14.499,0.252,1.269,0.001,24.742,31.015,0.001,0.051,0.622,13.587,0.107,27,12,0,22,2,0,21.471
95,Rows,4,11.620,1.540,0.853,0.001,24.697,43.673,0.001,0.058,0.667,10.630,0.156,27,12,0,22,2,0,25.512
95,Rows,5,10.488,1.642,0.794,0.001,22.744,30.297,0.001,0.057,0.518,9.692,0.102,27,12,0,22,2,0,22.083
95,Rows,6,10.511,1.792,0.826,0.001,23.921,32.900,0.001,0.049,0.551,9.712,0.105,27,12,0,22,2,0,24.702
95,Rows,7,10.370,1.608,0.731,0.001,23.675,30.717,0.001,0.058,0.516,9.583,0.095,27,12,0,22,2,0,22.732
95,Rows,8,10.344,1.567,0.727,0.001,25.997,22.449,0.002,0.061,0.564,9.527,0.093,27,12,0,22,2,0,15.686
95,Rows,9,18.068,0.040,1.162,0.001,24.861,24.542,0.001,0.053,0.659,17.089,0.163,27,12,0,22,2,0,16.496
95,Rows,10,10.709,1.401,0.751,0.001,23.230,22.344,0.001,0.053,0.580,9.893,0.094,27,12,0,22,2,0,15.714
96,Rows,1,10.450,1.067,0.671,0.002,16.935,53.142,0.001,0.058,0.470,9.710,0.103,27,12,0,22,2,0,45.428
96,Rows,2,10.807,1.059,0.744,0.001,22.137,29.312,0.001,0.064,0.597,9.934,0.094,27,12,0,22,2,0,20.473
96,Rows,3,10.323,1.250,0.730,0.001,27.066,30.284,0.001,0.049,0.553,9.540,0.092,27,12,0,22,2,0,22.649
96,Rows,4,14.606,0.052,1.058,0.001,22.096,28.004,0.001,0.048,0.766,13.594,0.097,27,12,0,22,2,0,19.745
96,Rows,5,10.251,1.264,0.682,0.001,26.098,29.183,0.001,0.052,0.485,9.519,0.093,27,12,0,22,2,0,21.588
96,Rows,6,10.406,1.253,0.669,0.001,23.075,29.113,0.001,0.065,0.594,9.538,0.113,27,12,0,22,2,0,21.352
96,Rows,7,10.292,1.327,0.712,0.001,23.305,33.669,0.001,0.052,0.456,9.591,0.092,27,12,0,22,2,0,26.057
96,Rows,8,10.526,1.236,0.692,0.001,22.574,29.752,0.001,0.043,0.549,9.744,0.093,27,12,0,22,2,0,22.302
96,Rows,9,10.446,1.382,0.709,0.001,25.000,22.311,0.001,0.045,0.582,9.641,0.092,27,12,0,22,2,0,15.847
96,Rows,10,19.231,0.278,1.124,0.001,21.730,24.057,0.001,0.059,1.489,17.405,0.172,27,12,0,22,2,0,16.002
96,Grid,1,10.705,1.114,0.791,0.001,25.725,23.263,0.001,0.055,0.538,9.935,0.093,27,12,0,22,2,0,17.016
96,Grid,2,18.773,0.208,1.287,0.001,23.818,31.159,0.001,0.052,0.808,17.630,0.169,27,12,0,22,2,0,23.523
96,Grid,3,11.482,1.329,0.792,0.001,27.868,29.083,0.001,0.046,0.613,10.643,0.093,27,12,0,22,2,0,22.427
96,Grid,4,10.655,1.376,0.828,0.001,24.690,30.204,0.001,0.050,0.590,9.819,0.095,27,12,0,22,2,0,22.038
96,Grid,5,10.399,1.502,0.814,0.001,23.374,30.548,0.001,0.054,0.472,9.678,0.093,27,12,0,22,2,0,22.680
96,Grid,6,21.720,0.028,1.249,0.001,25.519,29.866,0.001,0.053,0.629,20.747,0.186,27,12,0,22,2,0,21.730
96,Grid,7,19.134,0.260,1.433,0.001,28.658,35.568,0.001,0.049,0.842,17.920,0.184,27,12,0,22,2,0,26.111
96,Grid,8,12.955,0.370,0.846,0.001,24.459,22.178,0.001,0.055,1.428,11.266,0.093,27,12,0,22,2,0,15.542
96,Grid,9,17.934,0.410,1.327,0.001,24.905,37.160,0.001,0.054,0.597,17.001,0.178,27,12,0,22,2,0,29.305
96,Grid,10,10.755,1.110,0.830,0.001,23.219,28.635,0.001,0.052,0.554,9.926,0.122,27,12,0,22,2,0,20.596
97,Grid,1,10.549,1.234,0.808,0.002,22.677,44.244,0.001,0.047,0.480,9.836,0.094,27,12,0,22,2,0,37.531
97,Grid,2,10.315,1.350,0.824,0.001,24.392,30.302,0.001,0.050,0.470,9.571,0.111,27,12,0,22,2,0,22.158
97,Grid,3,10.308,1.497,0.822,0.001,24.801,34.110,0.001,0.051,0.523,9.554,0.093,27,12,0,22,2,0,26.031
97,Grid,4,10.306,1.341,0.811,0.001,23.540,28.634,0.001,0.047,0.530,9.520,0.112,27,12,0,22,2,0,20.686
97,Grid,5,10.344,1.298,0.797,0.001,23.887,31.877,0.001,0.049,0.519,9.599,0.092,27,12,0,22,2,0,24.247
97,Grid,6,10.340,1.509,0.834,0.001,24.212,29.308,0.001,0.087,0.532,9.508,0.094,27,12,0,22,2,0,21.453
97,Grid,7,10.235,1.409,0.805,0.001,26.738,30.691,0.001,0.053,0.468,9.522,0.094,27,12,0,22,2,0,22.738
97,Grid,8,10.567,1.385,0.811,0.001,22.932,21.548,0.001,0.050,0.578,9.719,0.094,27,12,0,22,2,0,15.107
97,Grid,9,10.309,1.381,0.802,0.001,23.975,28.918,0.001,0.050,0.436,9.630,0.094,27,12,0,22,2,0,21.286
97,Grid,10,29.754,0.104,1.260,0.001,30.307,31.629,0.001,0.049,11.757,17.685,0.174,27,12,0,22,2,0,23.199
97,Rows,1,11.509,1.316,0.896,0.001,16.085,30.497,0.001,0.052,0.535,10.690,0.092,27,12,0,22,2,0,23.434
97,Rows,2,25.164,0.236,1.156,0.001,26.501,30.224,0.001,0.050,0.635,24.281,0.098,27,12,0,22,2,0,21.756
97,Rows,3,11.074,1.193,0.699,0.001,20.968,21.734,0.001,0.066,0.714,10.085,0.093,27,12,0,22,2,0,15.218
97,Rows,4,11.505,0.963,0.710,0.001,21.174,34.816,0.001,0.046,0.633,10.647,0.093,27,12,0,22,2,0,28.307
97,Rows,5,23.423,2.109,0.860,0.001,22.698,35.299,0.001,0.051,6.746,16.361,0.162,27,12,0,22,2,0,23.289
97,Rows,6,10.386,1.372,0.741,0.001,23.244,31.717,0.001,0.048,0.535,9.578,0.093,27,12,0,22,2,0,22.563
97,Rows,7,10.379,1.412,0.726,0.001,23.041,31.529,0.001,0.055,0.454,9.659,0.093,27,12,0,22,2,0,23.871
97,Rows,8,10.421,1.195,0.710,0.001,22.067,28.250,0.001,0.050,0.574,9.607,0.092,27,12,0,22,2,0,20.686
97,Rows,9,10.408,1.341,0.711,0.001,25.647,22.546,0.001,0.067,0.468,9.682,0.093,27,12,0,22,2,0,15.906
97,Rows,10,19.658,0.447,1.137,0.001,22.463,25.426,0.001,0.055,0.607,18.714,0.164,27,12,0,22,2,0,16.817
98,Rows,1,18.844,1.301,0.649,0.001,23.360,40.940,0.001,0.048,0.457,18.056,0.165,27,12,0,22,2,0,27.847
98,Rows,2,10.415,1.395,0.723,0.001,23.781,29.158,0.001,0.057,0.510,9.638,0.093,27,12,0,22,2,0,21.578
98,Rows,3,10.312,1.485,0.691,0.001,23.447,29.662,0.001,0.058,0.538,9.514,0.095,27,12,0,22,2,0,21.675
98,Rows,4,22.742,0.242,1.146,0.001,28.041,30.003,0.001,0.054,5.845,16.570,0.169,27,12,0,22,2,0,21.573
98,Rows,5,10.737,1.766,0.823,0.002,20.588,28.174,0.001,0.081,0.550,9.848,0.107,27,12,0,22,2,0,21.166
98,Rows,6,18.204,0.355,1.102,0.001,25.482,24.714,0.001,0.053,0.558,17.304,0.166,27,12,0,22,2,0,16.474
98,Rows,7,13.174,0.683,0.789,0.001,25.135,39.823,0.001,0.082,0.639,12.239,0.102,27,12,0,22,2,0,31.135
98,Rows,8,11.337,1.160,0.705,0.001,23.340,22.881,0.001,0.057,0.692,10.354,0.112,27,12,0,22,2,0,16.030
98,Rows,9,16.331,3.147,1.211,0.001,24.019,33.405,0.001,0.053,0.541,15.486,0.145,27,12,0,22,2,0,24.964
98,Rows,10,11.076,1.260,0.756,0.001,27.293,34.392,0.001,0.072,0.574,10.201,0.127,27,12,0,22,2,0,22.644
98,Grid,1,10.701,1.471,0.826,0.001,23.787,23.749,0.001,0.053,0.555,9.899,0.094,27,12,0,22,2,0,17.042
98,Grid,2,18.011,0.396,1.304,0.001,25.230,35.575,0.001,0.061,0.604,17.063,0.175,27,12,0,22,2,0,27.429
98,Grid,3,10.481,1.491,0.852,0.001,24.927,30.370,0.001,0.051,0.556,9.676,0.097,27,12,0,22,2,0,22.271
98,Grid,4,10.317,1.679,0.817,0.001,25.196,34.970,0.001,0.055,0.460,9.604,0.094,27,12,0,22,2,0,26.703
98,Grid,5,10.615,1.588,0.801,0.001,23.231,22.424,0.001,0.054,0.508,9.842,0.095,27,12,0,22,2,0,15.613
98,Grid,6,18.092,0.305,1.252,0.001,26.913,36.188,0.001,0.046,0.648,17.134,0.169,27,12,0,22,2,0,28.727
98,Grid,7,11.768,1.766,0.866,0.001,24.110,29.832,0.001,0.058,0.611,10.880,0.097,27,12,0,22,2,0,22.823
98,Grid,8,11.144,1.397,0.876,0.002,25.800,36.204,0.001,0.052,0.539,10.360,0.098,27,12,0,22,2,0,29.465
98,Grid,9,10.475,1.445,0.846,0.001,24.340,31.737,0.001,0.060,0.492,9.709,0.095,27,12,0,22,2,0,23.255
98,Grid,10,10.352,1.454,0.823,0.001,27.285,32.859,0.001,0.048,0.560,9.560,0.095,27,12,0,22,2,0,24.898
99,Grid,1,10.470,1.447,0.766,0.001,28.326,21.776,0.001,0.044,0.509,9.712,0.092,27,12,0,22,2,0,14.969
99,Grid,2,16.070,3.677,1.327,0.001,17.777,46.353,0.001,0.053,0.538,15.218,0.143,27,12,0,22,2,0,38.074
99,Grid,3,14.531,0.289,0.827,0.001,23.921,29.616,0.001,0.055,0.492,13.693,0.188,27,12,0,22,2,0,21.768
99,Grid,4,11.262,0.537,0.792,0.001,25.796,25.651,0.001,0.052,0.644,10.358,0.094,27,12,0,22,2,0,15.454
99,Grid,5,17.865,0.070,1.335,0.001,26.001,32.965,0.001,0.057,0.596,16.926,0.170,27,12,0,22,2,0,24.819
99,Grid,6,10.345,1.598,0.861,0.001,28.393,32.841,0.001,0.056,0.455,9.625,0.100,27,12,0,22,2,0,24.589
99,Grid,7,10.598,1.207,0.814,0.001,23.785,29.741,0.001,0.054,0.632,9.694,0.105,27,12,0,22,2,0,21.875
99,Grid,8,10.425,1.494,0.823,0.001,23.498,22.865,0.001,0.052,0.532,9.641,0.093,27,12,0,22,2,0,16.336
99,Grid,9,24.004,1.300,0.853,0.001,25.645,37.402,0.001,0.052,0.585,23.086,0.177,27,12,0,22,2,0,24.044
99,Grid,10,10.645,1.548,0.824,0.001,25.250,31.247,0.001,0.053,0.573,9.758,0.147,27,12,0,22,2,0,23.307
99,Rows,1,10.411,1.397,0.697,0.001,22.256,32.897,0.001,0.050,0.526,9.656,0.092,27,12,0,22,2,0,25.216
99,Rows,2,18.266,0.140,0.740,0.001,25.031,21.330,0.001,0.054,0.606,17.327,0.163,27,12,0,22,2,0,14.730
99,Rows,3,14.346,2.525,0.741,0.001,24.161,40.322,0.001,0.230,0.593,13.330,0.095,27,12,0,22,2,0,31.788
99,Rows,4,10.310,1.456,0.718,0.001,23.620,30.248,0.001,0.054,0.475,9.560,0.108,27,12,0,22,2,0,22.506
99,Rows,5,10.602,1.464,0.742,0.001,24.992,34.705,0.001,0.063,0.609,9.740,0.097,27,12,0,22,2,0,26.665
99,Rows,6,10.782,1.674,0.841,0.001,16.641,31.720,0.001,0.051,0.695,9.780,0.106,27,12,0,22,2,0,24.679
99,Rows,7,16.935,2.792,6.749,0.001,25.439,39.304,0.001,0.052,0.575,16.027,0.187,27,12,0,22,2,0,25.716
99,Rows,8,11.110,2.027,0.844,0.001,24.777,32.283,0.001,0.055,0.498,10.274,0.162,27,12,0,22,2,0,24.450
99,Rows,9,10.531,1.639,0.777,0.001,25.982,34.753,0.001,0.061,0.502,9.750,0.114,27,12,0,22,2,0,27.199
99,Rows,10,10.311,1.294,0.686,0.001,23.492,31.420,0.001,0.051,0.562,9.508,0.094,27,12,0,22,2,0,22.234
100,Rows,1,10.428,1.215,0.791,0.001,18.294,47.350,0.001,0.045,0.451,9.745,0.093,27,12,0,22,2,0,39.689
100,Rows,2,10.364,1.266,0.712,0.001,22.414,29.288,0.001,0.067,0.527,9.553,0.093,27,12,0,22,2,0,21.495
100,Rows,3,10.246,1.300,0.727,0.001,27.021,28.727,0.001,0.047,0.525,9.494,0.092,27,12,0,22,2,0,21.110
100,Rows,4,12.298,1.260,0.715,0.001,22.847,28.616,0.001,0.054,0.604,11.353,0.166,27,12,0,22,2,0,21.064
100,Rows,5,10.579,1.221,0.712,0.001,22.532,32.293,0.001,0.084,0.563,9.734,0.098,27,12,0,22,2,0,24.799
100,Rows,6,10.418,1.308,0.713,0.001,22.139,29.735,0.001,0.050,0.562,9.595,0.093,27,12,0,22,2,0,21.703
100,Rows,7,10.493,1.233,0.715,0.001,22.981,29.005,0.001,0.046,0.556,9.708,0.098,27,12,0,22,2,0,21.288
100,Rows,8,11.467,0.572,0.717,0.001,24.595,25.714,0.001,0.043,0.691,10.548,0.092,27,12,0,22,2,0,15.448
100,Rows,9,17.644,0.310,1.141,0.001,24.051,24.938,0.001,0.051,0.573,16.730,0.171,27,12,0,22,2,0,16.861
100,Rows,10,18.100,0.137,1.150,0.001,29.251,34.626,0.001,0.055,0.566,17.190,0.166,27,12,0,22,2,0,26.124
100,Grid,1,11.124,0.575,0.805,0.001,22.869,22.113,0.001,0.052,0.546,10.320,0.093,27,12,0,22,2,0,15.693
100,Grid,2,10.828,0.919,0.809,0.001,23.235,30.538,0.001,0.048,0.520,10.047,0.116,27,12,0,22,2,0,24.056
100,Grid,3,16.006,0.838,0.829,0.001,26.129,34.278,0.001,0.051,0.488,15.268,0.095,27,12,0,22,2,0,19.017
100,Grid,4,10.578,1.483,0.857,0.001,27.311,30.818,0.001,0.054,0.546,9.717,0.101,27,12,0,22,2,0,22.835
100,Grid,5,10.636,1.487,0.845,0.001,25.452,30.970,0.001,0.055,0.649,9.697,0.095,27,12,0,22,2,0,22.645
100,Grid,6,10.585,1.567,0.861,0.001,23.954,32.677,0.001,0.058,0.493,9.827,0.100,27,12,0,22,2,0,24.630
100,Grid,7,10.368,1.411,0.861,0.001,23.476,29.263,0.001,0.050,0.572,9.526,0.119,27,12,0,22,2,0,20.984
100,Grid,8,10.201,1.591,0.852,0.001,24.392,34.065,0.001,0.051,0.443,9.512,0.098,27,12,0,22,2,0,26.249
100,Grid,9,10.282,1.481,0.845,0.001,23.932,29.141,0.001,0.048,0.538,9.499,0.093,27,12,0,22,2,0,21.140
100,Grid,10,10.314,1.209,0.779,0.001,25.355,33.233,0.001,0.050,0.571,9.513,0.093,27,12,0,22,2,0,25.235
101,Grid,1,10.422,1.397,0.794,0.001,26.919,21.653,0.001,0.052,0.395,9.769,0.095,27,12,0,22,2,0,14.859
101,Grid,2,16.322,1.559,1.283,0.001,23.363,32.800,0.001,0.050,0.602,15.380,0.164,27,12,0,22,2,0,24.499
101,Grid,3,18.963,0.084,1.308,0.001,28.423,29.808,0.001,0.060,0.673,17.947,0.185,27,12,0,22,2,0,21.605
101,Grid,4,11.567,1.270,0.833,0.001,24.185,22.582,0.001,0.059,0.624,10.658,0.093,27,12,0,22,2,0,15.540
101,Grid,5,18.782,0.090,1.357,0.001,24.596,32.416,0.001,0.054,0.597,17.834,0.186,27,12,0,22,2,0,23.862
101,Grid,6,22.546,0.060,1.251,0.001,25.408,31.318,0.002,0.072,0.621,21.560,0.191,27,12,0,22,2,0,22.058
101,Grid,7,11.670,1.308,0.858,0.001,25.107,23.638,0.001,0.072,0.651,10.731,0.094,27,12,0,22,2,0,16.817
101,Grid,8,18.010,0.209,1.316,0.001,25.705,35.317,0.001,0.057,0.595,17.081,0.166,27,12,0,22,2,0,27.102
101,Grid,9,10.477,1.301,0.830,0.001,24.203,29.812,0.001,0.055,0.575,9.634,0.094,27,12,0,22,2,0,21.564
101,Grid,10,10.241,1.575,0.826,0.001,26.182,33.538,0.002,0.070,0.468,9.514,0.094,27,12,0,22,2,0,25.696
101,Rows,1,10.457,1.679,0.764,0.001,24.238,31.047,0.001,0.054,0.481,9.668,0.100,27,12,0,22,2,0,22.777
101,Rows,2,13.216,1.356,0.784,0.001,24.790,35.164,0.001,0.056,0.642,12.297,0.104,27,12,0,22,2,0,28.367
101,Rows,3,10.437,1.333,0.726,0.001,22.882,30.956,0.001,0.054,0.516,9.632,0.115,27,12,0,22,2,0,23.052
101,Rows,4,10.439,1.453,0.756,0.001,23.536,33.273,0.001,0.053,0.443,9.747,0.093,27,12,0,22,2,0,25.607
101,Rows,5,10.437,1.363,0.732,0.001,22.692,21.816,0.001,0.050,0.556,9.622,0.094,27,12,0,22,2,0,15.031
101,Rows,6,10.266,1.459,0.742,0.001,23.585,32.324,0.001,0.057,0.452,9.512,0.121,27,12,0,22,2,0,24.991
101,Rows,7,10.980,1.456,0.762,0.001,24.229,32.326,0.001,0.050,0.623,10.090,0.121,27,12,0,22,2,0,20.910
101,Rows,8,10.361,1.732,0.730,0.001,22.225,30.213,0.001,0.053,0.541,9.561,0.093,27,12,0,22,2,0,22.311
101,Rows,9,10.412,1.563,0.706,0.001,23.381,26.713,0.001,0.051,0.465,9.702,0.093,27,12,0,22,2,0,20.167
101,Rows,10,16.181,2.813,1.142,0.001,21.819,24.732,0.001,0.050,0.597,15.241,0.187,27,12,0,22,2,0,16.468
102,Rows,1,10.424,1.266,0.685,0.001,20.155,46.032,0.001,0.048,0.473,9.710,0.096,27,12,0,22,2,0,38.163
102,Rows,2,10.418,1.455,0.701,0.001,23.094,31.210,0.001,0.051,0.584,9.586,0.093,27,12,0,22,2,0,23.226
102,Rows,3,10.283,1.448,0.746,0.001,28.998,31.249,0.001,0.074,0.450,9.565,0.093,27,12,0,22,2,0,23.724
102,Rows,4,10.963,1.166,0.753,0.001,24.388,30.077,0.001,0.052,0.625,10.079,0.095,27,12,0,22,2,0,21.698
102,Rows,5,10.641,1.150,0.731,0.001,26.243,35.698,0.001,0.057,0.552,9.844,0.095,27,12,0,22,2,0,27.755
102,Rows,6,10.838,1.021,0.725,0.001,24.915,29.147,0.001,0.059,0.693,9.830,0.093,27,12,0,22,2,0,20.970
102,Rows,7,10.373,1.618,0.704,0.001,28.467,30.585,0.001,0.054,0.470,9.651,0.094,27,12,0,22,2,0,22.319
102,Rows,8,11.249,0.745,0.706,0.001,23.278,30.364,0.001,0.055,0.641,10.341,0.097,27,12,0,22,2,0,22.461
102,Rows,9,10.484,1.289,0.727,0.001,24.311,29.251,0.001,0.050,0.654,9.589,0.095,27,12,0,22,2,0,21.614
102,Rows,10,20.206,0.125,0.711,0.001,25.078,33.722,0.001,0.051,0.563,19.335,0.164,27,12,0,22,2,0,18.953
102,Grid,1,10.452,1.481,0.820,0.001,24.442,23.417,0.001,0.055,0.610,9.592,0.092,27,12,0,22,2,0,16.688
102,Grid,2,17.840,0.100,1.287,0.001,23.828,29.063,0.001,0.051,0.615,16.867,0.189,27,12,0,22,2,0,20.482
102,Grid,3,17.746,0.107,1.223,0.001,25.203,34.377,0.001,0.055,0.581,16.831,0.160,27,12,0,22,2,0,25.947
102,Grid,4,10.308,1.329,0.779,0.001,25.140,35.269,0.001,0.056,0.566,9.503,0.094,27,12,0,22,2,0,27.480
102,Grid,5,10.394,1.503,0.801,0.001,24.071,22.084,0.001,0.050,0.565,9.584,0.098,27,12,0,22,2,0,15.486
102,Grid,6,17.892,0.078,1.351,0.001,26.283,36.018,0.001,0.056,0.578,16.982,0.169,27,12,0,22,2,0,28.267
102,Grid,7,10.459,1.344,0.828,0.001,23.637,29.710,0.001,0.049,0.556,9.659,0.097,27,12,0,22,2,0,21.581
102,Grid,8,10.279,1.372,0.812,0.001,25.331,33.512,0.001,0.054,0.493,9.539,0.093,27,12,0,22,2,0,25.665
102,Grid,9,10.456,1.440,0.840,0.001,24.197,30.794,0.001,0.050,0.553,9.661,0.093,27,12,0,22,2,0,22.574
102,Grid,10,10.424,1.558,0.837,0.001,24.622,33.668,0.001,0.055,0.538,9.645,0.093,27,12,0,22,2,0,25.638
103,Grid,1,10.625,1.336,0.824,0.001,26.213,29.843,0.001,0.056,0.527,9.815,0.129,27,12,0,22,2,0,21.644
103,Grid,2,10.895,1.522,0.915,0.001,24.500,27.374,0.001,0.084,0.688,9.870,0.101,27,12,0,22,2,0,20.237
103,Grid,3,16.980,1.108,1.326,0.001,25.708,34.458,0.001,0.057,0.556,16.055,0.187,27,12,0,22,2,0,26.060
103,Grid,4,10.681,1.685,0.868,0.001,30.024,30.468,0.001,0.062,0.596,9.816,0.095,27,12,0,22,2,0,22.503
103,Grid,5,11.286,0.629,0.822,0.001,23.871,30.101,0.001,0.063,0.626,10.370,0.093,27,12,0,22,2,0,22.144
103,Grid,6,10.362,1.739,0.861,0.001,25.160,30.898,0.001,0.057,0.501,9.594,0.099,27,12,0,22,2,0,22.895
103,Grid,7,20.818,0.075,1.057,0.001,26.543,30.438,0.001,0.053,0.488,20.016,0.156,27,12,0,22,2,0,22.170
103,Grid,8,10.428,1.497,0.840,0.001,23.986,31.199,0.001,0.060,0.535,9.622,0.095,27,12,0,22,2,0,22.793
103,Grid,9,10.355,1.409,0.798,0.001,24.162,32.469,0.001,0.061,0.541,9.573,0.092,27,12,0,22,2,0,24.769
103,Grid,10,10.513,1.483,0.839,0.001,23.872,29.708,0.001,0.051,0.564,9.703,0.095,27,12,0,22,2,0,21.448
103,Rows,1,10.373,1.530,0.715,0.001,23.778,34.640,0.001,0.055,0.586,9.539,0.094,27,12,0,22,2,0,26.905
103,Rows,2,13.166,1.180,0.776,0.001,23.154,30.398,0.001,0.062,0.650,12.251,0.097,27,12,0,22,2,0,23.605
103,Rows,3,10.262,1.317,0.711,0.001,28.139,30.222,0.001,0.053,0.476,9.522,0.109,27,12,0,22,2,0,22.568
103,Rows,4,10.417,2.212,0.752,0.001,22.990,29.913,0.001,0.052,0.551,9.599,0.097,27,12,0,22,2,0,22.173
103,Rows,5,10.300,1.385,0.697,0.001,26.914,30.476,0.001,0.049,0.539,9.531,0.093,27,12,0,22,2,0,22.637
103,Rows,6,10.473,1.778,0.743,0.001,24.651,32.939,0.001,0.056,0.569,9.643,0.096,27,12,0,22,2,0,25.064
103,Rows,7,10.402,1.580,0.730,0.002,28.011,36.486,0.001,0.058,0.498,9.650,0.094,27,12,0,22,2,0,28.189
103,Rows,8,10.573,1.568,0.738,0.001,25.186,31.131,0.001,0.069,0.540,9.717,0.102,27,12,0,22,2,0,23.061
103,Rows,9,10.522,1.588,0.784,0.001,25.496,35.394,0.001,0.054,0.481,9.784,0.101,27,12,0,22,2,0,27.283
103,Rows,10,10.280,1.406,0.778,0.001,24.465,30.198,0.001,0.049,0.543,9.467,0.122,27,12,0,22,2,0,22.098
104,Rows,1,10.479,1.494,0.766,0.002,20.199,47.175,0.001,0.069,0.474,9.743,0.095,27,12,0,22,2,0,39.195
104,Rows,2,10.550,1.758,0.783,0.001,23.407,30.372,0.001,0.097,0.579,9.662,0.103,27,12,0,22,2,0,21.830
104,Rows,3,10.569,1.863,0.790,0.001,24.456,29.917,0.001,0.051,0.555,9.724,0.144,27,12,0,22,2,0,21.925
104,Rows,4,10.845,2.297,0.771,0.001,26.528,37.035,0.001,0.054,0.605,9.966,0.105,27,12,0,22,2,0,23.368
104,Rows,5,10.576,1.891,0.786,0.001,23.564,30.802,0.001,0.065,0.552,9.738,0.097,27,12,0,22,2,0,22.418
104,Rows,6,10.476,1.571,0.776,0.001,27.934,31.790,0.001,0.062,0.581,9.618,0.115,27,12,0,22,2,0,23.366
104,Rows,7,10.589,2.115,0.736,0.001,24.783,32.006,0.001,0.061,0.625,9.687,0.096,27,12,0,22,2,0,23.394
104,Rows,8,10.613,1.909,0.790,0.001,27.994,29.353,0.001,0.062,0.463,9.865,0.096,27,12,0,22,2,0,21.154
104,Rows,9,11.378,0.806,0.737,0.001,25.127,31.393,0.001,0.057,0.628,10.460,0.095,27,12,0,22,2,0,23.080
104,Rows,10,11.189,1.536,0.752,0.001,23.816,30.650,0.001,0.058,0.657,10.279,0.096,27,12,0,22,2,0,23.795
104,Grid,1,18.660,0.104,1.269,0.001,26.995,33.669,0.001,0.054,0.459,17.939,0.102,27,12,0,22,2,0,20.048
104,Grid,2,12.360,1.265,0.874,0.001,24.098,23.488,0.001,0.059,0.611,11.453,0.097,27,12,0,22,2,0,16.507
104,Grid,3,17.264,1.457,1.404,0.001,24.978,35.461,0.001,0.077,0.580,16.330,0.172,27,12,0,22,2,0,27.168
104,Grid,4,10.681,1.639,0.878,0.001,25.374,33.208,0.001,0.059,0.588,9.811,0.119,27,12,0,22,2,0,24.417
104,Grid,5,10.466,2.093,0.904,0.001,29.079,36.005,0.001,0.056,0.536,9.669,0.097,27,12,0,22,2,0,27.639
104,Grid,6,10.733,1.539,0.877,0.001,25.065,31.666,0.001,0.075,0.641,9.780,0.095,27,12,0,22,2,0,22.973
104,Grid,7,18.657,0.276,1.272,0.001,25.472,36.079,0.001,0.060,0.864,17.472,0.161,27,12,0,22,2,0,27.052
104,Grid,8,18.453,0.251,0.889,0.001,25.105,30.849,0.001,0.055,0.627,17.492,0.164,27,12,0,22,2,0,21.886
104,Grid,9,10.449,1.596,0.870,0.001,27.974,30.183,0.001,0.052,0.583,9.611,0.110,27,12,0,22,2,0,22.058
104,Grid,10,10.573,2.052,0.859,0.001,26.135,31.924,0.001,0.053,0.591,9.723,0.095,27,12,0,22,2,0,23.638
105,Grid,1,10.422,1.682,0.845,0.001,20.364,48.585,0.001,0.054,0.382,9.776,0.097,27,12,0,22,2,0,40.499
105,Grid,2,10.495,1.450,0.881,0.001,24.516,30.158,0.002,0.054,0.589,9.647,0.100,27,12,0,22,2,0,21.630
105,Grid,3,10.476,1.396,0.814,0.001,25.525,35.797,0.001,0.067,0.576,9.615,0.095,27,12,0,22,2,0,27.299
105,Grid,4,10.433,1.770,1.176,0.001,24.610,32.163,0.001,0.053,0.540,9.639,0.097,27,12,0,22,2,0,23.766
105,Grid,5,10.642,1.636,0.841,0.001,25.095,28.430,0.001,0.076,0.517,9.846,0.097,27,12,0,22,2,0,21.680
105,Grid,6,16.119,2.944,1.281,0.001,25.612,33.095,0.001,0.054,0.552,15.196,0.172,27,12,0,22,2,0,24.750
105,Grid,7,10.914,1.433,0.864,0.001,26.527,31.805,0.001,0.078,0.481,10.117,0.126,27,12,0,22,2,0,24.889
105,Grid,8,10.450,1.951,0.828,0.001,26.482,35.782,0.001,0.051,0.603,9.597,0.097,27,12,0,22,2,0,23.527
105,Grid,9,10.529,1.718,0.899,0.001,23.436,23.842,0.001,0.058,0.601,9.653,0.096,27,12,0,22,2,0,16.671
105,Grid,10,17.603,1.817,1.367,0.001,25.607,25.151,0.001,0.051,0.549,16.725,0.174,27,12,0,22,2,0,16.697
105,Rows,1,16.939,2.752,1.172,0.001,26.203,36.146,0.001,0.052,0.817,15.778,0.174,27,12,0,22,2,0,23.595
105,Rows,2,12.565,1.792,0.776,0.001,23.685,22.824,0.001,0.058,0.633,11.643,0.100,27,12,0,22,2,0,15.706
105,Rows,3,23.335,2.306,1.033,0.001,25.387,37.478,0.001,0.067,5.531,17.425,0.186,27,12,0,22,2,0,24.767
105,Rows,4,10.599,1.782,0.717,0.001,23.835,31.613,0.001,0.059,0.534,9.768,0.098,27,12,0,22,2,0,23.129
105,Rows,5,11.000,1.334,0.729,0.001,23.386,29.858,0.001,0.057,0.623,10.111,0.097,27,12,0,22,2,0,21.671
105,Rows,6,22.603,0.053,1.050,0.001,26.288,30.226,0.001,0.058,4.700,17.554,0.168,27,12,0,22,2,0,21.199
105,Rows,7,11.051,1.780,0.758,0.001,23.103,23.441,0.001,0.058,0.640,10.118,0.096,27,12,0,22,2,0,16.511
105,Rows,8,16.654,1.117,1.178,0.001,23.362,29.781,0.001,0.067,0.550,15.740,0.196,27,12,0,22,2,0,21.043
105,Rows,9,18.413,0.281,1.151,0.001,23.349,25.330,0.001,0.056,0.580,17.499,0.155,27,12,0,22,2,0,16.876
105,Rows,10,11.097,1.794,0.744,0.001,24.989,37.214,0.001,0.056,0.604,10.234,0.094,27,12,0,22,2,0,30.183
106,Rows,1,10.701,1.200,0.701,0.001,29.193,30.139,0.001,0.047,0.464,10.006,0.094,27,12,0,22,2,0,22.299
106,Rows,2,10.642,1.293,0.730,0.001,22.366,22.165,0.001,0.059,0.605,9.771,0.093,27,12,0,22,2,0,15.621
106,Rows,3,16.856,2.747,1.056,0.001,25.480,35.275,0.001,0.050,0.554,15.982,0.175,27,12,0,22,2,0,26.720
106,Rows,4,10.615,2.463,0.664,0.001,23.134,41.258,0.001,0.051,0.575,9.784,0.092,27,12,0,22,2,0,26.586
106,Rows,5,10.343,1.334,0.732,0.001,23.574,28.751,0.001,0.053,0.559,9.509,0.123,27,12,0,22,2,0,21.088
106,Rows,6,10.316,1.465,0.700,0.001,24.622,28.342,0.001,0.051,0.571,9.514,0.092,27,12,0,22,2,0,21.680
106,Rows,7,16.293,2.428,1.163,0.001,22.229,25.234,0.001,0.054,0.543,15.355,0.192,27,12,0,22,2,0,16.371
106,Rows,8,17.654,0.284,0.947,0.001,26.699,30.363,0.001,0.051,0.579,16.715,0.200,27,12,0,22,2,0,21.944
106,Rows,9,11.788,1.606,0.774,0.001,16.411,32.882,0.001,0.075,0.915,10.516,0.121,27,12,0,22,2,0,24.602
106,Rows,10,18.040,0.314,1.122,0.001,27.836,25.013,0.001,0.053,0.585,17.134,0.158,27,12,0,22,2,0,16.254
106,Grid,1,10.835,1.134,0.803,0.001,23.926,29.264,0.001,0.046,0.664,9.935,0.094,27,12,0,22,2,0,21.479
106,Grid,2,12.895,0.815,0.846,0.001,24.417,21.869,0.001,0.055,0.600,12.027,0.095,27,12,0,22,2,0,15.365
106,Grid,3,24.496,0.117,1.108,0.001,27.267,31.495,0.001,0.055,0.569,23.540,0.220,27,12,0,22,2,0,24.795
106,Grid,4,10.364,1.359,0.827,0.001,24.480,31.090,0.001,0.055,0.520,9.575,0.097,27,12,0,22,2,0,22.890
106,Grid,5,10.304,1.426,0.811,0.001,24.679,33.656,0.001,0.050,0.451,9.604,0.095,27,12,0,22,2,0,25.751
106,Grid,6,10.801,1.348,0.832,0.001,25.006,30.325,0.001,0.062,0.608,9.921,0.093,27,12,0,22,2,0,22.330
106,Grid,7,10.421,1.277,1.207,0.001,25.649,35.374,0.001,0.056,0.635,9.510,0.120,27,12,0,22,2,0,27.111
106,Grid,8,10.567,1.542,0.830,0.001,25.687,31.905,0.001,0.060,0.547,9.753,0.094,27,12,0,22,2,0,23.650
106,Grid,9,10.412,1.502,0.828,0.001,24.318,34.423,0.001,0.055,0.503,9.659,0.093,27,12,0,22,2,0,26.316
106,Grid,10,10.366,1.488,0.822,0.001,24.105,30.455,0.001,0.052,0.559,9.532,0.124,27,12,0,22,2,0,22.320
107,Grid,1,10.443,1.247,0.800,0.001,17.012,55.542,0.001,0.053,0.392,9.788,0.094,27,12,0,22,2,0,47.577
107,Grid,2,10.428,1.149,1.168,0.001,25.318,31.785,0.001,0.053,0.496,9.672,0.093,27,12,0,22,2,0,23.240
107,Grid,3,10.501,1.671,0.831,0.001,26.370,34.011,0.001,0.056,0.491,9.753,0.094,27,12,0,22,2,0,26.276
107,Grid,4,10.704,1.451,0.845,0.001,23.548,31.223,0.001,0.051,0.599,9.833,0.094,27,12,0,22,2,0,22.565
107,Grid,5,14.391,1.454,0.843,0.001,25.357,32.350,0.001,0.053,0.484,13.560,0.176,27,12,0,22,2,0,18.719
107,Grid,6,10.439,1.588,0.799,0.001,24.068,22.438,0.001,0.056,0.576,9.582,0.095,27,12,0,22,2,0,15.686
107,Grid,7,18.415,0.153,1.201,0.001,24.149,35.353,0.001,0.052,0.572,17.513,0.171,27,12,0,22,2,0,26.898
107,Grid,8,11.702,1.193,0.866,0.001,26.720,22.593,0.001,0.056,0.669,10.759,0.095,27,12,0,22,2,0,15.787
107,Grid,9,19.545,0.395,1.441,0.001,25.966,36.763,0.001,0.053,0.526,18.660,0.195,27,12,0,22,2,0,28.565
107,Grid,10,18.398,0.099,0.863,0.001,24.144,22.098,0.001,0.054,0.603,17.418,0.192,27,12,0,22,2,0,15.293
107,Rows,1,12.721,0.934,0.765,0.001,24.672,34.196,0.001,0.057,0.524,11.920,0.114,27,12,0,22,2,0,27.620
107,Rows,2,12.865,1.261,0.749,0.001,24.324,29.901,0.001,0.057,0.780,11.823,0.095,27,12,0,22,2,0,23.135
107,Rows,3,10.291,1.558,0.712,0.001,23.426,32.234,0.001,0.050,0.529,9.530,0.093,27,12,0,22,2,0,24.445
107,Rows,4,10.583,1.631,0.722,0.001,22.974,22.687,0.001,0.053,0.585,9.680,0.095,27,12,0,22,2,0,15.728
107,Rows,5,16.358,2.431,1.047,0.001,23.108,37.505,0.001,0.063,0.517,15.522,0.165,27,12,0,22,2,0,29.287
107,Rows,6,10.300,1.587,0.729,0.001,25.401,31.744,0.001,0.055,0.467,9.557,0.093,27,12,0,22,2,0,23.983
107,Rows,7,10.429,1.385,0.728,0.001,23.785,35.831,0.001,0.053,0.557,9.605,0.122,27,12,0,22,2,0,27.929
107,Rows,8,10.300,1.487,0.726,0.001,22.914,30.609,0.001,0.057,0.482,9.541,0.093,27,12,0,22,2,0,22.764
107,Rows,9,10.398,1.527,0.736,0.001,26.094,33.318,0.001,0.055,0.458,9.676,0.093,27,12,0,22,2,0,25.272
107,Rows,10,10.536,1.677,0.735,0.001,23.555,30.659,0.001,0.058,0.544,9.693,0.101,27,12,0,22,2,0,22.353
108,Rows,1,10.309,1.282,0.713,0.001,18.284,47.398,0.001,0.072,0.455,9.591,0.094,27,12,0,22,2,0,39.689
108,Rows,2,18.258,0.098,0.725,0.001,16.173,28.261,0.002,0.063,0.609,17.288,0.161,27,12,0,22,2,0,20.097
108,Rows,3,18.534,0.818,1.154,0.001,25.626,24.574,0.001,0.060,1.198,17.033,0.145,27,12,0,22,2,0,16.343
108,Rows,4,17.188,1.603,1.132,0.001,22.875,35.005,0.001,0.056,0.582,16.229,0.191,27,12,0,22,2,0,26.030
108,Rows,5,10.830,1.070,0.734,0.001,24.425,35.598,0.001,0.053,0.482,10.099,0.095,27,12,0,22,2,0,29.051
108,Rows,6,12.626,1.771,0.698,0.001,23.305,29.654,0.001,0.055,0.469,11.802,0.165,27,12,0,22,2,0,21.796
108,Rows,7,10.402,1.429,0.740,0.001,17.617,44.179,0.001,0.056,0.489,9.655,0.097,27,12,0,22,2,0,36.248
108,Rows,8,10.424,1.324,0.721,0.001,23.374,30.161,0.001,0.054,0.511,9.648,0.096,27,12,0,22,2,0,22.664
108,Rows,9,10.269,1.403,0.740,0.020,24.889,33.819,0.001,0.054,0.441,9.563,0.094,27,12,0,22,2,0,26.010
108,Rows,10,10.385,1.329,0.744,0.001,23.144,29.847,0.001,0.051,0.543,9.598,0.094,27,12,0,22,2,0,21.930
108,Grid,1,10.275,1.330,0.802,0.001,24.164,34.908,0.001,0.047,0.446,9.602,0.094,27,12,0,22,2,0,26.895
108,Grid,2,12.246,1.247,0.834,0.001,17.675,30.144,0.001,0.054,0.619,11.346,0.097,27,12,0,22,2,0,23.303
108,Grid,3,16.827,1.696,1.297,0.001,26.166,37.611,0.001,0.049,0.563,15.949,0.175,27,12,0,22,2,0,29.264
108,Grid,4,10.348,1.531,0.830,0.001,24.828,31.287,0.001,0.054,0.494,9.589,0.095,27,12,0,22,2,0,22.869
108,Grid,5,10.303,1.603,0.838,0.001,26.130,33.999,0.001,0.060,0.450,9.581,0.095,27,12,0,22,2,0,25.647
108,Grid,6,10.592,1.676,0.895,0.001,24.675,31.691,0.001,0.082,0.566,9.693,0.102,27,12,0,22,2,0,23.323
108,Grid,7,10.672,1.788,0.890,0.001,25.239,33.843,0.001,0.058,0.594,9.820,0.101,27,12,0,22,2,0,25.441
108,Grid,8,10.450,1.442,0.817,0.001,24.047,22.393,0.001,0.054,0.630,9.573,0.094,27,12,0,22,2,0,15.648
108,Grid,9,16.644,1.678,1.279,0.001,27.333,35.205,0.001,0.049,0.538,15.781,0.183,27,12,0,22,2,0,27.126
108,Grid,10,10.334,1.517,0.838,0.001,24.236,29.518,0.001,0.058,0.499,9.564,0.095,27,12,0,22,2,0,21.429
109,Grid,1,10.496,1.194,0.784,0.001,19.472,48.892,0.001,0.055,0.406,9.834,0.093,27,12,0,22,2,0,40.844
109,Grid,2,10.388,1.404,0.768,0.001,23.564,22.311,0.001,0.050,0.546,9.602,0.093,27,12,0,22,2,0,15.642
109,Grid,3,17.770,0.346,1.252,0.001,25.507,36.949,0.001,0.057,0.593,16.844,0.170,27,12,0,22,2,0,28.660
109,Grid,4,10.370,1.407,0.867,0.001,25.073,30.439,0.001,0.056,0.512,9.590,0.094,27,12,0,22,2,0,22.478
109,Grid,5,11.807,1.232,0.789,0.001,25.156,34.919,0.001,0.056,0.451,11.031,0.167,27,12,0,22,2,0,27.053
109,Grid,6,18.578,0.568,0.802,0.001,23.593,21.796,0.001,0.060,0.667,17.574,0.160,27,12,0,22,2,0,15.081
109,Grid,7,11.707,1.442,0.826,0.001,27.145,30.409,0.001,0.051,0.657,10.813,0.095,27,12,0,22,2,0,23.904
109,Grid,8,11.745,0.907,0.837,0.001,24.376,30.916,0.001,0.052,0.590,10.892,0.094,27,12,0,22,2,0,22.800
109,Grid,9,10.222,1.491,0.813,0.001,27.976,29.815,0.001,0.055,0.477,9.493,0.093,27,12,0,22,2,0,22.024
109,Grid,10,10.677,1.245,0.831,0.001,24.143,22.387,0.001,0.044,0.703,9.742,0.093,27,12,0,22,2,0,15.840
109,Rows,1,18.499,0.238,1.100,0.001,16.369,70.662,0.001,0.056,0.495,17.655,0.161,27,12,0,22,2,0,62.726
109,Rows,2,14.644,1.364,0.721,0.001,26.087,32.493,0.001,0.056,0.506,13.881,0.095,27,12,0,22,2,0,19.188
109,Rows,3,10.457,1.258,0.722,0.001,24.063,30.627,0.001,0.051,0.560,9.654,0.093,27,12,0,22,2,0,22.457
109,Rows,4,10.404,1.161,0.716,0.001,23.290,29.014,0.001,0.047,0.536,9.640,0.093,27,12,0,22,2,0,21.055
109,Rows,5,23.309,0.315,1.040,0.001,27.303,21.807,0.001,0.055,5.510,17.457,0.181,27,12,0,22,2,0,15.137
109,Rows,6,18.748,0.043,1.019,0.001,23.802,33.867,0.001,0.070,0.628,17.709,0.194,27,12,0,22,2,0,25.221
109,Rows,7,10.653,1.320,0.729,0.001,16.588,29.956,0.001,0.053,0.614,9.765,0.093,27,12,0,22,2,0,22.119
109,Rows,8,18.987,0.200,1.152,0.001,30.109,29.168,0.001,0.053,0.602,17.959,0.193,27,12,0,22,2,0,20.607
109,Rows,9,11.643,1.152,0.770,0.001,24.351,35.482,0.001,0.045,0.656,10.730,0.097,27,12,0,22,2,0,26.963
109,Rows,10,10.414,1.427,0.788,0.001,27.418,32.604,0.001,0.050,0.558,9.594,0.123,27,12,0,22,2,0,24.615
110,Rows,1,10.540,1.377,0.682,0.001,26.221,30.676,0.001,0.051,0.417,9.869,0.093,27,12,0,22,2,0,22.735
110,Rows,2,10.903,0.900,0.723,0.001,23.744,29.853,0.001,0.056,0.623,10.015,0.093,27,12,0,22,2,0,21.982
110,Rows,3,10.526,1.407,0.743,0.001,26.868,28.498,0.001,0.052,0.535,9.733,0.093,27,12,0,22,2,0,20.831
110,Rows,4,10.389,1.442,0.732,0.001,23.882,30.089,0.001,0.050,0.578,9.566,0.094,27,12,0,22,2,0,22.253
110,Rows,5,10.470,1.299,0.688,0.001,26.257,28.531,0.001,0.050,0.521,9.719,0.093,27,12,0,22,2,0,20.939
110,Rows,6,22.507,0.431,1.097,0.001,28.683,30.178,0.001,0.045,0.587,21.623,0.163,27,12,0,22,2,0,21.036
110,Rows,7,10.914,1.200,0.736,0.001,22.310,22.461,0.001,0.055,0.590,10.061,0.093,27,12,0,22,2,0,15.812
110,Rows,8,18.288,0.057,1.115,0.001,23.570,32.496,0.001,0.050,0.585,17.384,0.164,27,12,0,22,2,0,24.045
110,Rows,9,12.260,0.688,0.708,0.001,18.562,32.822,0.001,0.052,0.835,11.165,0.093,27,12,0,22,2,0,22.328
110,Rows,10,18.249,0.285,1.097,0.001,25.368,24.755,0.001,0.046,0.601,17.336,0.156,27,12,0,22,2,0,16.688
110,Grid,1,10.756,1.278,0.817,0.001,20.486,30.350,0.001,0.054,0.538,9.940,0.121,27,12,0,22,2,0,23.733
110,Grid,2,18.601,0.054,1.334,0.001,24.743,30.696,0.001,0.051,0.780,17.478,0.169,27,12,0,22,2,0,22.655
110,Grid,3,10.231,1.392,0.809,0.001,23.731,35.032,0.001,0.050,0.454,9.534,0.093,27,12,0,22,2,0,26.997
110,Grid,4,10.482,1.296,0.823,0.001,23.743,29.487,0.001,0.051,0.527,9.713,0.093,27,12,0,22,2,0,21.347
110,Grid,5,10.574,1.394,0.816,0.001,25.706,32.394,0.001,0.058,0.756,9.572,0.098,27,12,0,22,2,0,24.368
110,Grid,6,10.655,1.158,0.827,0.001,24.626,30.900,0.001,0.053,0.556,9.781,0.095,27,12,0,22,2,0,22.649
110,Grid,7,10.238,1.436,0.810,0.001,24.750,33.832,0.001,0.053,0.451,9.538,0.093,27,12,0,22,2,0,25.754
110,Grid,8,18.328,0.155,1.284,0.001,23.471,29.420,0.001,0.056,0.628,17.322,0.182,27,12,0,22,2,0,21.437
110,Grid,9,11.553,1.289,0.837,0.002,24.624,38.806,0.001,0.051,0.631,10.687,0.093,27,12,0,22,2,0,32.236
110,Grid,10,10.354,1.430,0.824,0.001,24.363,30.335,0.001,0.055,0.489,9.587,0.110,27,12,0,22,2,0,22.501
111,Grid,1,10.506,1.177,0.803,0.002,20.254,46.022,0.001,0.049,0.475,9.790,0.094,27,12,0,22,2,0,38.036
111,Grid,2,10.373,1.316,0.894,0.001,24.248,29.323,0.001,0.052,0.534,9.589,0.100,27,12,0,22,2,0,21.252
111,Grid,3,10.323,1.569,0.840,0.001,27.841,30.091,0.001,0.057,0.519,9.548,0.094,27,12,0,22,2,0,22.033
111,Grid,4,10.946,0.990,0.840,0.001,25.273,30.914,0.001,0.055,0.622,10.057,0.094,27,12,0,22,2,0,22.451
111,Grid,5,10.276,1.548,0.845,0.001,25.385,34.921,0.001,0.056,0.473,9.510,0.132,27,12,0,22,2,0,26.704
111,Grid,6,10.405,1.382,0.827,0.001,24.578,31.545,0.001,0.057,0.486,9.637,0.093,27,12,0,22,2,0,23.710
111,Grid,7,10.335,1.648,0.823,0.001,27.403,22.406,0.001,0.057,0.497,9.578,0.095,27,12,0,22,2,0,15.817
111,Grid,8,17.836,0.612,1.342,0.001,23.876,35.503,0.001,0.055,0.567,16.899,0.173,27,12,0,22,2,0,26.999
111,Grid,9,19.038,0.178,1.314,0.001,25.304,34.597,0.001,0.053,0.587,18.124,0.171,27,12,0,22,2,0,25.963
111,Grid,10,11.469,1.261,0.845,0.001,17.482,29.429,0.001,0.054,0.600,10.598,0.093,27,12,0,22,2,0,22.322
111,Rows,1,17.914,0.223,1.186,0.001,26.084,38.356,0.001,0.055,0.493,17.054,0.197,27,12,0,22,2,0,29.674
111,Rows,2,18.823,0.165,0.958,0.001,24.155,30.136,0.001,0.057,0.638,17.840,0.166,27,12,0,22,2,0,23.383
111,Rows,3,12.719,1.280,0.737,0.001,27.825,25.966,0.001,0.052,0.632,11.759,0.167,27,12,0,22,2,0,19.074
111,Rows,4,18.921,0.371,1.191,0.001,23.331,25.291,0.001,0.057,0.646,17.857,0.190,27,12,0,22,2,0,16.373
111,Rows,5,10.862,1.531,0.760,0.001,25.026,26.366,0.001,0.061,0.656,9.946,0.094,27,12,0,22,2,0,19.751
111,Rows,6,15.855,3.758,1.163,0.001,24.841,34.652,0.001,0.051,0.558,14.984,0.157,27,12,0,22,2,0,25.808
111,Rows,7,18.392,0.116,1.157,0.001,20.030,42.418,0.001,0.061,0.593,17.458,0.170,27,12,0,22,2,0,34.248
111,Rows,8,11.437,1.173,0.760,0.001,24.348,30.520,0.001,0.065,0.658,10.484,0.094,27,12,0,22,2,0,23.685
111,Rows,9,17.010,0.037,0.755,0.001,23.568,35.058,0.001,0.055,0.446,16.208,0.191,27,12,0,22,2,0,26.205
111,Rows,10,10.371,1.467,0.760,0.001,25.942,23.310,0.001,0.056,0.535,9.530,0.133,27,12,0,22,2,0,16.596
112,Rows,1,10.410,1.359,0.759,0.001,18.246,48.936,0.001,0.050,0.501,9.666,0.094,27,12,0,22,2,0,41.051
112,Rows,2,18.453,0.057,0.847,0.001,16.309,28.856,0.001,0.069,0.655,17.430,0.184,27,12,0,22,2,0,20.114
112,Rows,3,18.363,0.167,1.193,0.001,26.644,34.514,0.001,0.057,0.593,17.391,0.205,27,12,0,22,2,0,25.642
112,Rows,4,10.877,1.336,0.695,0.001,23.853,30.106,0.001,0.053,0.585,10.031,0.094,27,12,0,22,2,0,22.256
112,Rows,5,11.095,0.537,0.688,0.001,24.865,33.803,0.001,0.083,0.550,10.235,0.106,27,12,0,22,2,0,26.293
112,Rows,6,10.952,0.875,0.724,0.001,24.045,21.991,0.001,0.055,0.520,10.168,0.094,27,12,0,22,2,0,15.395
112,Rows,7,15.364,3.463,1.092,0.001,22.745,32.196,0.001,0.047,0.512,14.537,0.177,27,12,0,22,2,0,24.030
112,Rows,8,11.369,1.573,0.732,0.001,25.362,33.703,0.001,0.048,0.566,10.531,0.101,27,12,0,22,2,0,21.892
112,Rows,9,10.461,1.346,0.735,0.001,24.032,22.223,0.001,0.049,0.619,9.599,0.093,27,12,0,22,2,0,15.649
112,Rows,10,17.836,0.187,1.143,0.001,24.774,26.054,0.001,0.051,0.605,16.909,0.160,27,12,0,22,2,0,17.541
112,Grid,1,17.171,1.587,1.274,0.001,23.944,32.269,0.001,0.055,0.632,16.191,0.164,27,12,0,22,2,0,24.025
112,Grid,2,18.198,0.124,0.846,0.001,17.969,28.310,0.001,0.080,0.591,17.230,0.190,27,12,0,22,2,0,21.660
112,Grid,3,23.926,0.191,1.597,0.001,26.422,38.920,0.001,0.050,0.571,23.047,0.134,27,12,0,22,2,0,25.643
112,Grid,4,11.679,0.604,0.791,0.001,22.667,21.907,0.001,0.052,1.013,10.383,0.094,27,12,0,22,2,0,15.146
112,Grid,5,14.948,0.791,0.789,0.001,25.847,37.270,0.001,0.049,0.545,14.173,0.094,27,12,0,22,2,0,24.281
112,Grid,6,10.799,1.317,0.801,0.001,25.093,29.318,0.001,0.052,0.668,9.523,0.094,27,12,0,22,2,0,21.240
112,Grid,7,10.284,1.351,0.811,0.001,25.731,30.125,0.001,0.053,0.447,9.588,0.094,27,12,0,22,2,0,22.136
112,Grid,8,11.627,0.656,0.805,0.001,25.666,33.501,0.001,0.053,0.815,10.535,0.107,27,12,0,22,2,0,21.600
112,Grid,9,10.365,1.312,0.812,0.001,24.250,30.789,0.001,0.048,0.532,9.576,0.112,27,12,0,22,2,0,22.716
112,Grid,10,10.398,1.440,0.790,0.001,27.188,30.227,0.001,0.056,0.473,9.657,0.113,27,12,0,22,2,0,22.197
113,Grid,1,10.514,1.221,0.831,0.001,27.215,29.851,0.001,0.054,0.513,9.718,0.093,27,12,0,22,2,0,21.838
113,Grid,2,12.087,6.120,0.988,0.001,29.099,33.730,0.001,0.056,0.626,11.152,0.134,27,12,0,22,2,0,26.533
113,Grid,3,10.438,1.514,0.845,0.001,27.890,29.556,0.001,0.057,0.450,9.721,0.092,27,12,0,22,2,0,21.425
113,Grid,4,13.617,0.420,0.843,0.001,24.625,30.533,0.001,0.056,0.633,12.634,0.154,27,12,0,22,2,0,22.048
113,Grid,5,10.326,1.472,0.835,0.001,24.607,29.208,0.001,0.051,0.585,9.506,0.094,27,12,0,22,2,0,21.214
113,Grid,6,22.944,0.077,1.007,0.001,26.646,21.957,0.001,0.051,0.547,22.084,0.169,27,12,0,22,2,0,15.325
113,Grid,7,12.508,1.247,0.935,0.001,27.955,30.324,0.001,0.055,0.615,11.594,0.104,27,12,0,22,2,0,23.445
113,Grid,8,11.071,1.151,0.794,0.001,24.472,30.320,0.001,0.051,0.576,10.236,0.092,27,12,0,22,2,0,22.544
113,Grid,9,10.529,1.538,0.871,0.001,22.930,32.652,0.001,0.060,0.481,9.783,0.100,27,12,0,22,2,0,24.691
113,Grid,10,10.480,1.437,0.801,0.001,23.769,22.354,0.001,0.050,0.563,9.679,0.094,27,12,0,22,2,0,15.674
113,Rows,1,17.905,0.247,1.214,0.001,25.470,31.624,0.001,0.050,0.470,17.101,0.179,27,12,0,22,2,0,23.757
113,Rows,2,18.512,0.120,0.742,0.001,16.417,29.702,0.001,0.053,0.653,17.525,0.163,27,12,0,22,2,0,21.184
113,Rows,3,19.184,0.094,1.187,0.001,22.993,24.949,0.001,0.054,0.582,18.282,0.161,27,12,0,22,2,0,16.022
113,Rows,4,22.685,0.703,0.736,0.001,18.220,28.259,0.001,0.052,4.906,17.440,0.163,27,12,0,22,2,0,21.659
113,Rows,5,16.434,2.512,1.098,0.001,21.784,24.000,0.001,0.056,0.512,15.572,0.173,27,12,0,22,2,0,16.058
113,Rows,6,16.299,3.215,1.157,0.001,22.072,29.340,0.001,0.052,0.556,15.428,0.170,27,12,0,22,2,0,21.148
113,Rows,7,17.540,0.871,1.198,0.001,23.430,25.928,0.001,0.049,0.596,16.589,0.185,27,12,0,22,2,0,17.296
113,Rows,8,16.528,1.405,1.022,0.001,22.016,31.423,0.001,0.051,0.566,15.649,0.167,27,12,0,22,2,0,22.991
113,Rows,9,16.007,3.403,1.161,0.001,24.706,35.194,0.001,0.048,0.567,15.112,0.176,27,12,0,22,2,0,26.671
113,Rows,10,10.510,1.399,0.722,0.001,25.653,28.967,0.001,0.052,0.587,9.684,0.093,27,12,0,22,2,0,21.287
114,Rows,1,10.576,1.239,0.702,0.001,27.388,29.532,0.001,0.053,0.399,9.920,0.095,27,12,0,22,2,0,21.744
114,Rows,2,10.944,0.952,0.732,0.001,23.010,29.178,0.001,0.050,0.612,10.089,0.093,27,12,0,22,2,0,21.423
114,Rows,3,10.508,1.436,0.726,0.001,26.152,30.341,0.001,0.052,0.560,9.708,0.095,27,12,0,22,2,0,22.456
114,Rows,4,10.414,2.136,0.740,0.001,23.864,28.686,0.001,0.050,0.567,9.594,0.103,27,12,0,22,2,0,20.860
114,Rows,5,10.444,1.474,0.721,0.001,22.299,21.796,0.001,0.050,0.547,9.628,0.132,27,12,0,22,2,0,15.343
114,Rows,6,23.178,1.668,1.055,0.001,29.363,36.872,0.001,0.056,0.594,22.242,0.172,27,12,0,22,2,0,23.793
114,Rows,7,10.770,1.624,0.735,0.001,24.275,30.857,0.001,0.076,0.593,9.888,0.094,27,12,0,22,2,0,22.488
114,Rows,8,17.862,1.210,0.715,0.001,26.421,34.597,0.001,0.056,0.509,16.998,0.188,27,12,0,22,2,0,18.911
114,Rows,9,11.055,1.346,0.711,0.001,16.660,29.704,0.001,0.060,0.600,10.166,0.094,27,12,0,22,2,0,22.800
114,Rows,10,17.955,0.115,1.099,0.001,23.978,25.652,0.001,0.055,0.582,17.043,0.161,27,12,0,22,2,0,16.798
114,Grid,1,16.594,2.959,1.336,0.001,25.570,29.703,0.001,0.054,0.552,15.675,0.189,27,12,0,22,2,0,17.810
114,Grid,2,17.851,0.315,1.298,0.001,24.770,32.229,0.001,0.052,0.610,16.895,0.173,27,12,0,22,2,0,23.876
114,Grid,3,10.378,1.564,0.807,0.001,22.304,26.690,0.001,0.058,0.513,9.612,0.093,27,12,0,22,2,0,20.170
114,Grid,4,18.230,0.331,1.061,0.001,24.180,34.607,0.001,0.059,0.573,17.268,0.188,27,12,0,22,2,0,26.521
114,Grid,5,11.972,1.480,0.853,0.002,25.267,34.600,0.001,0.053,0.637,11.093,0.095,27,12,0,22,2,0,27.832
114,Grid,6,10.375,1.337,0.825,0.001,24.376,29.172,0.001,0.048,0.565,9.571,0.093,27,12,0,22,2,0,21.293
114,Grid,7,10.817,1.009,0.836,0.001,25.167,34.561,0.001,0.056,0.459,10.105,0.095,27,12,0,22,2,0,26.736
114,Grid,8,10.404,1.593,0.833,0.001,27.336,31.414,0.001,0.052,0.570,9.583,0.095,27,12,0,22,2,0,23.145
114,Grid,9,10.435,1.604,0.837,0.001,25.981,33.511,0.001,0.058,0.487,9.692,0.095,27,12,0,22,2,0,25.323
114,Grid,10,10.917,0.792,0.818,0.001,24.516,30.025,0.001,0.055,0.471,10.144,0.096,27,12,0,22,2,0,22.122
115,Grid,1,10.497,1.403,0.832,0.001,21.240,47.083,0.001,0.052,0.512,9.738,0.094,27,12,0,22,2,0,38.590
115,Grid,2,10.754,1.550,0.858,0.002,23.890,25.671,0.001,0.053,0.696,9.776,0.120,27,12,0,22,2,0,18.642
115,Grid,3,18.100,0.201,1.284,0.001,32.326,33.359,0.001,0.058,0.561,17.189,0.176,27,12,0,22,2,0,25.112
115,Grid,4,10.936,1.478,0.823,0.001,27.705,31.646,0.001,0.057,0.586,10.083,0.095,27,12,0,22,2,0,23.346
115,Grid,5,10.453,1.343,0.844,0.001,24.373,31.650,0.001,0.058,0.520,9.665,0.094,27,12,0,22,2,0,23.246
115,Grid,6,18.523,0.143,1.302,0.001,24.321,30.823,0.002,0.096,0.654,17.495,0.160,27,12,0,22,2,0,22.103
115,Grid,7,10.813,1.901,0.833,0.001,26.026,27.029,0.001,0.057,0.623,9.886,0.123,27,12,0,22,2,0,16.128
115,Grid,8,18.115,0.081,1.384,0.001,23.790,33.711,0.001,0.055,0.567,17.196,0.174,27,12,0,22,2,0,25.221
115,Grid,9,10.445,1.498,0.895,0.001,25.322,36.523,0.001,0.059,0.540,9.632,0.118,27,12,0,22,2,0,27.277
115,Grid,10,11.140,1.081,0.814,0.001,24.571,22.770,0.001,0.062,0.608,10.238,0.123,27,12,0,22,2,0,15.804
115,Rows,1,17.807,0.240,1.174,0.001,24.260,38.019,0.001,0.055,0.491,16.979,0.174,27,12,0,22,2,0,29.640
115,Rows,2,12.966,0.627,0.738,0.002,24.542,24.209,0.001,0.061,0.596,12.082,0.094,27,12,0,22,2,0,17.323
115,Rows,3,18.597,0.328,1.174,0.002,24.904,40.013,0.001,0.060,0.592,17.638,0.193,27,12,0,22,2,0,31.392
115,Rows,4,10.593,1.619,0.717,0.001,24.136,31.113,0.001,0.058,0.542,9.779,0.095,27,12,0,22,2,0,23.107
115,Rows,5,10.583,1.952,0.781,0.001,28.562,34.491,0.001,0.056,0.625,9.694,0.095,27,12,0,22,2,0,27.428
115,Rows,6,10.833,2.909,0.805,0.001,22.638,30.798,0.001,0.058,0.618,9.862,0.132,27,12,0,22,2,0,22.564
115,Rows,7,10.727,1.909,0.809,0.001,23.822,33.342,0.002,0.058,0.492,9.966,0.103,27,12,0,22,2,0,25.311
115,Rows,8,10.644,1.476,0.817,0.001,23.133,30.330,0.002,0.057,0.564,9.793,0.096,27,12,0,22,2,0,22.149
115,Rows,9,10.452,1.940,0.730,0.001,24.847,28.129,0.001,0.063,0.518,9.659,0.101,27,12,0,22,2,0,21.278
115,Rows,10,18.028,0.419,1.156,0.001,24.098,24.721,0.002,0.054,0.577,17.081,0.188,27,12,0,22,2,0,16.171
116,Rows,1,10.546,1.427,0.715,0.002,19.450,46.626,0.001,0.051,0.414,9.871,0.094,27,12,0,22,2,0,38.696
116,Rows,2,10.475,1.584,0.741,0.001,24.708,29.612,0.001,0.058,0.519,9.683,0.094,27,12,0,22,2,0,21.610
116,Rows,3,16.657,0.353,1.101,0.001,21.817,29.616,0.001,0.051,0.670,15.745,0.097,27,12,0,22,2,0,21.557
116,Rows,4,18.967,0.177,1.138,0.001,24.041,25.166,0.001,0.058,0.739,17.884,0.165,27,12,0,22,2,0,16.547
116,Rows,5,10.274,1.582,0.742,0.001,22.971,27.202,0.001,0.056,0.496,9.526,0.094,27,12,0,22,2,0,20.506
116,Rows,6,16.377,1.424,1.111,0.001,23.690,25.927,0.001,0.059,0.623,15.360,0.172,27,12,0,22,2,0,16.988
116,Rows,7,16.826,2.750,1.141,0.001,25.974,39.971,0.001,0.062,0.639,15.865,0.159,27,12,0,22,2,0,31.166
116,Rows,8,10.452,1.311,0.747,0.001,23.237,30.107,0.001,0.057,0.538,9.628,0.095,27,12,0,22,2,0,22.391
116,Rows,9,10.476,1.409,0.746,0.001,23.011,33.690,0.001,0.051,0.552,9.679,0.095,27,12,0,22,2,0,25.891
116,Rows,10,10.621,1.307,0.742,0.001,24.188,32.137,0.001,0.054,0.568,9.744,0.137,27,12,0,22,2,0,24.058
116,Grid,1,18.307,0.083,0.843,0.001,25.794,25.946,0.001,0.062,0.542,17.426,0.166,27,12,0,22,2,0,19.431
116,Grid,2,18.558,0.207,1.107,0.001,24.661,30.804,0.001,0.064,0.611,17.572,0.157,27,12,0,22,2,0,22.240
116,Grid,3,11.283,1.283,0.813,0.001,19.984,36.165,0.001,0.053,0.648,10.375,0.095,27,12,0,22,2,0,28.246
116,Grid,4,18.788,0.103,1.184,0.001,24.151,33.055,0.001,0.059,0.704,17.694,0.163,27,12,0,22,2,0,24.602
116,Grid,5,18.275,0.123,0.847,0.001,27.176,35.148,0.002,0.057,0.609,17.336,0.164,27,12,0,22,2,0,28.298
116,Grid,6,11.674,1.273,0.855,0.001,24.034,22.928,0.001,0.058,0.747,10.627,0.125,27,12,0,22,2,0,15.529
116,Grid,7,18.837,0.038,1.301,0.001,27.371,33.732,0.001,0.056,0.595,17.941,0.135,27,12,0,22,2,0,25.662
116,Grid,8,18.691,0.588,0.790,0.001,24.438,31.134,0.001,0.057,0.803,17.528,0.165,27,12,0,22,2,0,23.766
116,Grid,9,19.106,0.193,1.318,0.001,25.675,31.606,0.002,0.053,0.670,18.091,0.196,27,12,0,22,2,0,22.897
116,Grid,10,17.285,0.604,0.847,0.001,27.676,36.764,0.001,0.057,5.496,11.528,0.093,27,12,0,22,2,0,23.497
117,Grid,1,10.455,1.551,0.821,0.001,24.651,30.909,0.001,0.067,0.400,9.774,0.095,27,12,0,22,2,0,22.945
117,Grid,2,16.836,1.555,0.834,0.001,25.432,35.829,0.001,0.057,0.640,15.850,0.167,27,12,0,22,2,0,23.828
117,Grid,3,11.455,1.397,0.863,0.001,24.362,31.505,0.001,0.051,0.541,10.663,0.097,27,12,0,22,2,0,23.341
117,Grid,4,10.410,1.621,0.815,0.001,24.158,29.896,0.001,0.068,0.542,9.581,0.093,27,12,0,22,2,0,21.939
117,Grid,5,10.443,1.946,0.794,0.001,25.744,36.658,0.001,0.053,0.591,9.613,0.093,27,12,0,22,2,0,24.811
117,Grid,6,10.367,1.433,0.819,0.001,23.534,21.873,0.001,0.057,0.529,9.575,0.092,27,12,0,22,2,0,15.199
117,Grid,7,10.433,1.292,0.829,0.001,27.180,28.707,0.001,0.067,0.474,9.692,0.095,27,12,0,22,2,0,20.773
117,Grid,8,10.433,1.766,0.809,0.001,24.648,31.618,0.001,0.047,0.551,9.643,0.095,27,12,0,22,2,0,23.756
117,Grid,9,10.350,1.487,0.850,0.001,24.065,31.306,0.001,0.049,0.568,9.544,0.098,27,12,0,22,2,0,23.370
117,Grid,10,23.318,0.078,1.280,0.001,26.162,28.935,0.001,0.046,5.280,17.724,0.170,27,12,0,22,2,0,20.849
117,Rows,1,10.246,1.599,0.727,0.001,23.547,23.001,0.001,0.048,0.475,9.536,0.093,27,12,0,22,2,0,16.408
117,Rows,2,16.112,3.446,1.103,0.001,23.187,35.958,0.001,0.087,0.638,15.065,0.211,27,12,0,22,2,0,27.321
117,Rows,3,10.363,1.597,0.741,0.001,23.353,28.974,0.001,0.054,0.492,9.609,0.092,27,12,0,22,2,0,20.881
117,Rows,4,12.526,5.016,1.143,0.001,28.790,40.701,0.001,0.074,0.551,11.700,0.094,27,12,0,22,2,0,30.156
117,Rows,5,10.405,1.337,0.789,0.001,22.420,30.587,0.001,0.055,0.537,9.579,0.094,27,12,0,22,2,0,22.332
117,Rows,6,10.317,1.315,1.017,0.001,23.915,32.370,0.001,0.051,0.571,9.513,0.094,27,12,0,22,2,0,24.777
117,Rows,7,10.413,1.423,0.733,0.001,22.435,28.076,0.001,0.054,0.505,9.626,0.111,27,12,0,22,2,0,20.431
117,Rows,8,10.448,1.361,0.741,0.001,24.109,28.410,0.001,0.053,0.545,9.666,0.093,27,12,0,22,2,0,20.850
117,Rows,9,10.878,1.006,0.701,0.001,25.504,32.012,0.001,0.050,0.686,9.956,0.092,27,12,0,22,2,0,20.906
117,Rows,10,10.383,1.355,0.731,0.001,24.378,28.870,0.001,0.045,0.545,9.605,0.093,27,12,0,22,2,0,20.929
118,Rows,1,19.014,1.670,0.735,0.001,22.241,41.407,0.001,0.052,0.397,18.278,0.168,27,12,0,22,2,0,26.318
118,Rows,2,18.607,0.335,1.112,0.001,25.287,29.904,0.001,0.074,0.595,17.654,0.167,27,12,0,22,2,0,21.701
118,Rows,3,18.985,0.130,0.757,0.001,16.783,32.317,0.002,0.053,0.603,18.040,0.159,27,12,0,22,2,0,23.686
118,Rows,4,18.780,0.117,1.149,0.001,28.164,38.494,0.001,0.050,0.644,17.819,0.166,27,12,0,22,2,0,24.522
118,Rows,5,18.495,0.212,1.154,0.001,22.280,30.202,0.001,0.119,0.619,17.470,0.166,27,12,0,22,2,0,21.104
118,Rows,6,10.830,1.352,0.738,0.001,26.154,22.025,0.001,0.056,0.590,9.968,0.110,27,12,0,22,2,0,15.492
118,Rows,7,19.668,0.373,1.189,0.001,26.006,25.241,0.001,0.089,1.206,18.064,0.150,27,12,0,22,2,0,16.586
118,Rows,8,14.399,0.386,0.770,0.001,24.774,33.402,0.001,0.073,0.713,13.402,0.097,27,12,0,22,2,0,23.361
118,Rows,9,22.559,0.403,1.132,0.001,29.093,28.246,0.001,0.051,4.550,17.698,0.165,27,12,0,22,2,0,19.959
118,Rows,10,18.635,0.323,1.180,0.001,16.098,33.615,0.001,0.059,0.622,17.617,0.191,27,12,0,22,2,0,26.653
118,Grid,1,18.626,0.130,1.346,0.001,24.205,27.254,0.001,0.056,0.520,17.756,0.174,27,12,0,22,2,0,18.592
118,Grid,2,18.882,0.176,1.417,0.001,29.850,36.952,0.001,0.052,0.622,17.912,0.179,27,12,0,22,2,0,28.476
118,Grid,3,18.489,0.049,0.850,0.001,24.533,31.272,0.001,0.062,0.646,17.553,0.105,27,12,0,22,2,0,23.085
118,Grid,4,13.218,0.340,0.896,0.001,28.034,24.671,0.001,0.056,0.621,12.332,0.102,27,12,0,22,2,0,17.938
118,Grid,5,18.816,0.064,1.299,0.001,24.741,34.428,0.001,0.055,0.775,17.684,0.167,27,12,0,22,2,0,25.993
118,Grid,6,11.349,1.629,0.812,0.001,18.077,30.861,0.001,0.054,0.591,10.475,0.125,27,12,0,22,2,0,24.100
118,Grid,7,26.845,0.055,0.951,0.001,27.294,32.830,0.001,0.054,0.597,25.872,0.210,27,12,0,22,2,0,23.445
118,Grid,8,10.362,1.559,0.837,0.001,23.432,22.790,0.001,0.055,0.530,9.548,0.111,27,12,0,22,2,0,16.023
118,Grid,9,18.184,0.377,1.340,0.001,24.710,36.464,0.001,0.056,0.643,17.203,0.167,27,12,0,22,2,0,28.472
118,Grid,10,11.401,1.155,1.010,0.001,26.181,33.885,0.001,0.056,0.616,10.511,0.096,27,12,0,22,2,0,27.027
119,Grid,1,10.288,1.279,0.794,0.001,18.808,47.016,0.001,0.051,0.394,9.642,0.092,27,12,0,22,2,0,39.170
119,Grid,2,10.339,1.237,0.790,0.001,25.350,31.747,0.001,0.054,0.546,9.530,0.094,27,12,0,22,2,0,23.531
119,Grid,3,10.308,1.319,0.814,0.001,31.751,29.710,0.001,0.050,0.540,9.537,0.093,27,12,0,22,2,0,21.930
119,Grid,4,10.851,1.550,0.855,0.001,23.588,29.608,0.001,0.056,0.602,9.951,0.093,27,12,0,22,2,0,21.422
119,Grid,5,10.504,1.783,0.843,0.001,26.890,22.501,0.001,0.057,0.480,9.743,0.101,27,12,0,22,2,0,15.816
119,Grid,6,17.796,0.361,1.272,0.001,25.455,29.968,0.001,0.048,0.643,16.826,0.172,27,12,0,22,2,0,21.839
119,Grid,7,10.427,1.376,0.834,0.001,24.453,33.076,0.001,0.055,0.483,9.675,0.095,27,12,0,22,2,0,25.173
119,Grid,8,10.333,1.225,0.750,0.001,23.582,29.414,0.001,0.049,0.549,9.543,0.095,27,12,0,22,2,0,21.395
119,Grid,9,10.378,1.264,0.831,0.001,28.360,31.077,0.001,0.062,0.539,9.597,0.093,27,12,0,22,2,0,23.557
119,Grid,10,10.711,1.184,0.804,0.001,25.905,30.972,0.001,0.049,0.555,9.916,0.094,27,12,0,22,2,0,22.928
119,Rows,1,10.265,1.611,0.711,0.001,21.992,30.442,0.001,0.054,0.477,9.531,0.093,27,12,0,22,2,0,22.588
119,Rows,2,11.893,1.361,0.712,0.001,26.080,21.943,0.001,0.056,0.602,11.036,0.099,27,12,0,22,2,0,15.414
119,Rows,3,18.292,0.196,1.155,0.001,24.176,25.431,0.001,0.052,0.777,17.171,0.170,27,12,0,22,2,0,16.519
119,Rows,4,18.510,0.198,1.107,0.001,23.368,24.822,0.001,0.053,0.562,17.624,0.167,27,12,0,22,2,0,16.468
119,Rows,5,15.012,1.353,0.695,0.001,27.194,36.803,0.001,0.047,0.642,14.140,0.092,27,12,0,22,2,0,23.657
119,Rows,6,10.407,1.470,1.058,0.001,23.582,30.302,0.001,0.051,0.568,9.588,0.094,27,12,0,22,2,0,21.402
119,Rows,7,10.470,1.663,0.731,0.001,24.150,29.509,0.001,0.055,0.501,9.709,0.101,27,12,0,22,2,0,21.898
119,Rows,8,14.432,1.240,0.712,0.001,24.725,33.133,0.001,0.046,4.516,9.686,0.092,27,12,0,22,2,0,19.120
119,Rows,9,10.362,1.299,0.723,0.001,23.962,30.248,0.001,0.051,0.539,9.564,0.110,27,12,0,22,2,0,22.546
119,Rows,10,18.536,0.217,0.690,0.001,24.548,25.521,0.001,0.051,0.781,17.444,0.169,27,12,0,22,2,0,18.913
120,Rows,1,10.354,1.354,0.707,0.001,28.650,30.784,0.001,0.051,0.497,9.611,0.094,27,12,0,22,2,0,22.736
120,Rows,2,10.583,1.704,0.746,0.001,23.104,34.578,0.001,0.055,0.531,9.730,0.096,27,12,0,22,2,0,26.224
120,Rows,3,10.482,1.140,0.678,0.001,24.467,29.265,0.001,0.052,0.574,9.656,0.094,27,12,0,22,2,0,21.564
120,Rows,4,10.654,1.322,0.744,0.001,28.175,31.305,0.001,0.054,0.563,9.855,0.094,27,12,0,22,2,0,23.576
120,Rows,5,10.494,1.977,0.736,0.001,15.464,21.580,0.001,0.060,0.567,9.648,0.094,27,12,0,22,2,0,14.829
120,Rows,6,16.766,2.376,1.118,0.001,22.103,33.670,0.001,0.050,0.611,15.796,0.187,27,12,0,22,2,0,25.215
120,Rows,7,16.444,1.556,0.746,0.001,24.991,33.970,0.001,0.055,0.475,15.706,0.094,27,12,0,22,2,0,20.857
120,Rows,8,10.368,1.322,0.706,0.001,24.374,28.964,0.001,0.057,0.524,9.576,0.092,27,12,0,22,2,0,21.432
120,Rows,9,10.560,1.369,0.739,0.001,21.465,28.478,0.001,0.048,0.628,9.694,0.100,27,12,0,22,2,0,21.675
120,Rows,10,16.929,0.112,1.121,0.001,26.502,25.406,0.001,0.049,0.529,16.081,0.169,27,12,0,22,2,0,17.170
120,Grid,1,18.461,0.404,1.309,0.001,22.905,31.322,0.001,0.052,0.558,17.563,0.168,27,12,0,22,2,0,23.143
120,Grid,2,18.153,0.119,1.307,0.001,24.002,32.144,0.001,0.054,0.599,17.170,0.194,27,12,0,22,2,0,24.376
120,Grid,3,10.605,1.550,0.847,0.001,23.565,27.255,0.001,0.053,0.595,9.771,0.094,27,12,0,22,2,0,20.558
120,Grid,4,18.080,0.141,1.177,0.001,25.308,32.665,0.001,0.058,0.592,17.139,0.169,27,12,0,22,2,0,24.558
120,Grid,5,10.485,1.984,0.843,0.002,26.692,35.078,0.001,0.058,0.497,9.726,0.097,27,12,0,22,2,0,26.751
120,Grid,6,12.752,0.463,0.836,0.001,23.143,30.229,0.001,0.050,0.642,11.835,0.092,27,12,0,22,2,0,23.377
120,Grid,7,10.542,1.492,0.847,0.001,25.485,35.185,0.001,0.054,0.485,9.808,0.093,27,12,0,22,2,0,28.644
120,Grid,8,10.386,1.249,0.810,0.001,24.156,29.703,0.001,0.053,0.556,9.566,0.095,27,12,0,22,2,0,21.872
120,Grid,9,10.341,1.234,1.190,0.001,25.371,32.200,0.001,0.049,0.540,9.566,0.094,27,12,0,22,2,0,23.940
120,Grid,10,11.232,0.982,0.823,0.001,25.367,32.406,0.001,0.052,0.818,10.175,0.092,27,12,0,22,2,0,20.979
121,Grid,1,38.710,0.151,1.477,0.001,41.813,93.272,0.001,0.450,2.117,35.852,0.164,27,12,0,22,2,0,73.461
121,Grid,2,10.450,1.337,0.816,0.001,24.305,30.257,0.001,0.059,0.568,9.616,0.092,27,12,0,22,2,0,22.132
121,Grid,3,10.246,1.305,0.821,0.001,24.026,29.312,0.001,0.045,0.517,9.504,0.092,27,12,0,22,2,0,21.314
121,Grid,4,10.635,1.479,0.781,0.001,25.666,34.602,0.001,0.065,0.576,9.783,0.091,27,12,0,22,2,0,22.342
121,Grid,5,10.386,1.316,0.802,0.001,23.422,30.478,0.001,0.054,0.543,9.552,0.123,27,12,0,22,2,0,22.442
121,Grid,6,10.364,1.341,0.808,0.001,27.246,30.401,0.001,0.050,0.519,9.612,0.094,27,12,0,22,2,0,22.741
121,Grid,7,10.498,1.814,0.815,0.001,52.388,42.113,0.001,0.059,0.569,9.677,0.095,27,12,0,22,2,0,33.783
121,Grid,8,20.655,0.546,2.076,0.001,31.157,65.812,0.001,0.217,2.182,17.774,0.165,27,12,0,22,2,0,43.244
121,Grid,9,10.534,1.327,0.809,0.001,24.342,30.222,0.001,0.049,0.659,9.595,0.107,27,12,0,22,2,0,21.992
121,Grid,10,10.299,1.443,0.852,0.001,24.272,32.702,0.001,0.051,0.551,9.515,0.093,27,12,0,22,2,0,24.844
121,Rows,1,10.243,1.445,0.657,0.001,23.680,29.171,0.001,0.051,0.453,9.534,0.092,27,12,0,22,2,0,21.808
121,Rows,2,12.949,0.904,0.721,0.001,26.984,32.924,0.001,0.055,0.635,12.061,0.094,27,12,0,22,2,0,26.391
121,Rows,3,18.617,0.202,1.101,0.001,24.725,28.819,0.001,0.083,0.618,17.605,0.168,27,12,0,22,2,0,20.203
121,Rows,4,11.518,1.189,0.721,0.001,16.080,21.460,0.001,0.051,0.621,10.649,0.106,27,12,0,22,2,0,14.535
121,Rows,5,18.352,0.167,1.058,0.001,17.842,27.810,0.001,0.045,0.635,17.392,0.167,27,12,0,22,2,0,16.545
121,Rows,6,15.597,3.336,1.117,0.001,21.943,25.003,0.001,0.052,0.553,14.714,0.177,27,12,0,22,2,0,16.303
121,Rows,7,16.533,2.069,1.117,0.001,26.563,24.847,0.001,0.052,0.562,15.660,0.168,27,12,0,22,2,0,16.578
121,Rows,8,18.768,0.055,1.128,0.001,23.852,23.935,0.001,0.054,0.809,17.623,0.163,27,12,0,22,2,0,15.784
121,Rows,9,10.731,1.314,0.787,0.001,24.074,30.890,0.001,0.050,0.624,9.876,0.093,27,12,0,22,2,0,24.208
121,Rows,10,21.853,0.373,0.825,0.001,26.692,28.651,0.001,0.046,0.545,20.975,0.190,27,12,0,22,2,0,20.384
122,Rows,1,12.155,3.419,1.019,0.001,26.207,33.223,0.001,0.054,0.463,11.374,0.166,27,12,0,22,2,0,22.621
122,Rows,2,25.240,0.129,1.166,0.001,28.800,30.611,0.001,0.059,0.662,24.255,0.172,27,12,0,22,2,0,21.880
122,Rows,3,18.478,0.053,1.121,0.001,27.560,32.914,0.001,0.057,0.731,17.424,0.162,27,12,0,22,2,0,24.122
122,Rows,4,18.475,0.179,0.764,0.001,26.190,36.521,0.001,0.056,0.592,17.564,0.169,27,12,0,22,2,0,29.612
122,Rows,5,11.480,6.476,1.140,0.001,17.850,33.211,0.002,0.073,0.814,10.388,0.095,27,12,0,22,2,0,24.443
122,Rows,6,19.063,0.267,1.169,0.001,26.913,32.464,0.001,0.058,0.636,18.107,0.166,27,12,0,22,2,0,23.376
122,Rows,7,19.096,0.406,1.151,0.001,20.674,35.712,0.001,0.061,1.391,17.364,0.167,27,12,0,22,2,0,25.127
122,Rows,8,19.061,0.142,1.165,0.001,26.451,32.074,0.001,0.061,0.639,18.100,0.165,27,12,0,22,2,0,23.126
122,Rows,9,19.357,0.113,1.164,0.001,26.061,33.358,0.001,0.061,0.630,18.342,0.174,27,12,0,22,2,0,24.244
122,Rows,10,12.801,3.051,0.782,0.001,28.182,37.424,0.001,0.063,0.639,11.826,0.174,27,12,0,22,2,0,30.124
122,Grid,1,17.969,0.086,1.327,0.001,21.407,60.184,0.001,0.059,0.663,16.965,0.166,27,12,0,22,2,0,51.456
122,Grid,2,18.391,0.131,1.242,0.001,27.194,35.274,0.001,0.062,0.631,17.439,0.161,27,12,0,22,2,0,26.655
122,Grid,3,18.398,0.094,0.850,0.001,25.640,22.018,0.001,0.057,0.639,17.403,0.188,27,12,0,22,2,0,15.153
122,Grid,4,18.081,0.172,0.932,0.001,30.526,23.991,0.001,0.061,0.609,17.143,0.170,27,12,0,22,2,0,16.606
122,Grid,5,18.657,0.152,1.339,0.001,18.913,29.180,0.001,0.061,1.544,16.764,0.177,27,12,0,22,2,0,20.434
122,Grid,6,21.555,0.122,1.371,0.001,21.950,35.708,0.001,0.054,3.850,17.383,0.169,27,12,0,22,2,0,25.235
122,Grid,7,24.436,3.526,1.303,0.001,29.227,39.923,0.001,0.063,6.664,17.429,0.180,27,12,0,22,2,0,21.933
122,Grid,8,19.846,0.117,1.364,0.001,26.772,26.474,0.001,0.059,0.880,18.634,0.170,27,12,0,22,2,0,17.777
122,Grid,9,12.140,5.745,1.335,0.001,25.863,36.706,0.001,0.061,0.624,11.271,0.092,27,12,0,22,2,0,29.539
122,Grid,10,18.374,0.414,1.315,0.001,28.060,33.386,0.001,0.058,0.622,17.427,0.164,27,12,0,22,2,0,24.573
123,Grid,1,17.945,0.197,0.818,0.001,21.465,55.182,0.001,0.057,0.485,17.111,0.188,27,12,0,22,2,0,44.877
123,Grid,2,18.939,0.111,1.279,0.001,26.138,30.717,0.001,0.063,0.609,17.991,0.173,27,12,0,22,2,0,22.034
123,Grid,3,14.837,1.629,0.856,0.001,27.810,41.460,0.002,0.060,0.809,13.696,0.175,27,12,0,22,2,0,32.735
123,Grid,4,18.403,0.153,1.138,0.001,28.081,33.380,0.001,0.073,0.610,17.452,0.164,27,12,0,22,2,0,24.662
123,Grid,5,19.913,0.135,1.319,0.001,25.951,36.946,0.001,0.049,1.559,18.051,0.163,27,12,0,22,2,0,28.440
123,Grid,6,18.665,0.248,1.316,0.001,27.763,27.415,0.001,0.060,0.625,17.707,0.170,27,12,0,22,2,0,18.752
123,Grid,7,18.910,0.274,1.366,0.001,29.643,49.135,0.001,0.057,0.657,17.931,0.162,27,12,0,22,2,0,39.309
123,Grid,8,18.923,0.110,0.842,0.001,25.918,22.716,0.001,0.061,1.093,17.520,0.095,27,12,0,22,2,0,15.828
123,Grid,9,18.887,0.125,1.353,0.001,27.869,35.011,0.001,0.059,0.626,17.938,0.167,27,12,0,22,2,0,26.092
123,Grid,10,18.676,0.109,1.327,0.001,25.855,31.302,0.001,0.061,0.667,17.682,0.164,27,12,0,22,2,0,22.660
123,Rows,1,14.069,1.332,0.695,0.001,22.166,33.011,0.001,0.058,0.672,13.082,0.166,27,12,0,22,2,0,26.415
123,Rows,2,19.439,0.084,1.235,0.001,27.059,36.376,0.001,0.064,1.533,17.569,0.167,27,12,0,22,2,0,27.341
123,Rows,3,19.478,0.271,1.178,0.001,26.207,32.505,0.001,0.047,0.692,18.473,0.166,27,12,0,22,2,0,21.642
123,Rows,4,25.597,0.400,1.227,0.001,19.602,34.954,0.001,0.069,0.669,24.232,0.196,27,12,0,22,2,0,24.196
123,Rows,5,18.200,0.090,0.718,0.001,26.670,30.823,0.001,0.064,0.632,17.201,0.193,27,12,0,22,2,0,23.909
123,Rows,6,20.883,0.121,1.209,0.001,25.329,29.409,0.001,0.048,1.943,18.629,0.164,27,12,0,22,2,0,18.999
123,Rows,7,18.919,0.117,1.163,0.001,28.264,37.464,0.001,0.057,0.694,17.894,0.168,27,12,0,22,2,0,23.593
123,Rows,8,18.168,0.117,1.140,0.001,25.514,31.054,0.001,0.058,0.779,17.064,0.165,27,12,0,22,2,0,22.417
123,Rows,9,18.369,0.226,0.783,0.001,33.626,34.408,0.001,0.058,0.630,17.419,0.170,27,12,0,22,2,0,25.334
123,Rows,10,18.817,0.065,1.121,0.001,17.467,34.653,0.001,0.057,1.258,17.220,0.172,27,12,0,22,2,0,25.482
124,Rows,1,15.657,1.018,1.043,0.001,24.730,50.256,0.001,0.061,0.485,14.838,0.170,27,12,0,22,2,0,39.838
124,Rows,2,16.784,0.144,1.116,0.001,18.193,34.154,0.001,0.070,0.933,15.574,0.095,27,12,0,22,2,0,25.434
124,Rows,3,19.385,0.302,1.170,0.001,27.029,28.343,0.001,0.067,0.758,18.292,0.170,27,12,0,22,2,0,19.663
124,Rows,4,20.067,0.102,1.116,0.001,29.300,38.954,0.001,0.049,1.665,18.052,0.192,27,12,0,22,2,0,25.059
124,Rows,5,19.232,0.099,0.773,0.001,17.494,33.382,0.001,0.068,0.915,17.951,0.189,27,12,0,22,2,0,25.787
124,Rows,6,19.358,0.084,1.223,0.001,29.307,28.439,0.001,0.060,0.814,18.181,0.201,27,12,0,22,2,0,18.980
124,Rows,7,18.563,0.189,1.097,0.001,28.188,39.617,0.001,0.059,0.661,17.570,0.164,27,12,0,22,2,0,26.793
124,Rows,8,20.355,0.124,1.250,0.001,30.576,30.663,0.001,0.076,0.859,19.097,0.167,27,12,0,22,2,0,19.500
124,Rows,9,19.079,0.081,0.750,0.001,17.673,29.773,0.001,0.066,1.080,17.665,0.165,27,12,0,22,2,0,22.936
124,Rows,10,18.799,0.113,1.184,0.001,24.613,28.041,0.001,0.059,0.595,17.804,0.248,27,12,0,22,2,0,19.484
124,Grid,1,22.820,0.753,1.330,0.001,19.299,62.531,0.001,0.058,0.523,21.977,0.168,27,12,0,22,2,0,53.781
124,Grid,2,18.679,0.377,1.325,0.001,27.183,32.477,0.001,0.060,0.792,17.562,0.163,27,12,0,22,2,0,23.731
124,Grid,3,18.273,0.133,1.320,0.001,27.582,37.363,0.001,0.059,0.658,17.290,0.168,27,12,0,22,2,0,27.086
124,Grid,4,18.195,0.038,0.847,0.001,31.069,22.014,0.001,0.059,0.634,17.237,0.162,27,12,0,22,2,0,15.347
124,Grid,5,19.885,0.137,1.340,0.001,27.635,31.281,0.002,0.304,0.605,17.857,0.190,27,12,0,22,2,0,19.772
124,Grid,6,18.754,0.122,1.328,0.001,26.848,30.950,0.001,0.061,0.626,17.790,0.173,27,12,0,22,2,0,22.371
124,Grid,7,17.326,0.150,1.311,0.001,27.199,36.426,0.001,0.085,0.604,16.447,0.097,27,12,0,22,2,0,29.255
124,Grid,8,18.214,0.106,1.317,0.001,26.714,30.683,0.001,0.060,0.597,17.287,0.167,27,12,0,22,2,0,21.964
124,Grid,9,18.462,0.104,1.302,0.001,27.820,36.638,0.001,0.061,0.644,17.472,0.190,27,12,0,22,2,0,28.384
124,Grid,10,12.602,5.147,1.284,0.001,20.163,34.496,0.001,0.058,0.646,11.698,0.094,27,12,0,22,2,0,24.846
125,Grid,1,10.513,1.306,0.854,0.001,25.836,44.938,0.001,0.054,0.525,9.699,0.094,27,12,0,22,2,0,38.114
125,Grid,2,10.549,1.557,0.796,0.001,24.028,29.108,0.001,0.054,0.469,9.801,0.095,27,12,0,22,2,0,21.238
125,Grid,3,11.471,1.593,0.792,0.001,28.681,30.000,0.001,0.051,0.463,10.687,0.166,27,12,0,22,2,0,22.060
125,Grid,4,10.537,1.720,1.206,0.001,23.848,30.042,0.001,0.052,0.569,9.708,0.092,27,12,0,22,2,0,21.725
125,Grid,5,10.343,1.189,0.803,0.001,24.830,32.924,0.001,0.051,0.551,9.560,0.094,27,12,0,22,2,0,24.954
125,Grid,6,18.573,0.335,1.263,0.001,23.981,29.261,0.001,0.064,0.751,17.451,0.192,27,12,0,22,2,0,20.672
125,Grid,7,12.218,1.135,0.844,0.001,28.209,22.349,0.001,0.051,0.610,11.370,0.095,27,12,0,22,2,0,15.808
125,Grid,8,18.512,0.526,1.372,0.001,16.352,23.764,0.001,0.048,0.778,17.411,0.170,27,12,0,22,2,0,15.215
125,Grid,9,17.897,0.250,1.165,0.001,24.611,32.496,0.001,0.055,0.559,16.980,0.199,27,12,0,22,2,0,24.488
125,Grid,10,21.363,0.468,1.246,0.001,25.899,30.723,0.001,0.050,0.677,20.362,0.178,27,12,0,22,2,0,22.227
125,Rows,1,11.419,1.185,0.740,0.001,25.624,29.016,0.001,0.053,0.511,10.645,0.097,27,12,0,22,2,0,21.064
125,Rows,2,18.827,0.546,1.093,0.001,26.877,33.367,0.001,0.061,0.638,17.880,0.150,27,12,0,22,2,0,24.976
125,Rows,3,18.476,0.099,0.720,0.001,26.784,23.047,0.001,0.058,0.687,17.434,0.191,27,12,0,22,2,0,15.994
125,Rows,4,12.834,3.164,0.751,0.001,25.781,34.098,0.001,0.057,0.620,11.897,0.164,27,12,0,22,2,0,27.372
125,Rows,5,10.310,1.656,0.708,0.001,25.516,30.546,0.001,0.056,0.516,9.499,0.120,27,12,0,22,2,0,22.653
125,Rows,6,10.377,1.298,0.691,0.001,26.028,33.668,0.001,0.052,0.575,9.539,0.121,27,12,0,22,2,0,25.709
125,Rows,7,18.508,0.278,0.720,0.001,22.971,22.154,0.001,0.050,0.685,17.490,0.164,27,12,0,22,2,0,15.108
125,Rows,8,11.818,1.412,0.713,0.001,23.639,26.388,0.001,0.050,0.562,10.949,0.167,27,12,0,22,2,0,19.799
125,Rows,9,15.917,3.177,1.146,0.001,23.108,25.176,0.001,0.051,0.540,15.030,0.175,27,12,0,22,2,0,16.514
125,Rows,10,18.957,0.128,1.115,0.001,27.313,33.378,0.001,0.059,0.746,17.875,0.169,27,12,0,22,2,0,24.637
126,Rows,1,10.469,1.177,0.706,0.001,24.866,29.320,0.001,0.052,0.493,9.715,0.093,27,12,0,22,2,0,21.287
126,Rows,2,10.630,0.973,0.680,0.001,23.501,30.000,0.001,0.049,0.570,9.820,0.093,27,12,0,22,2,0,22.403
126,Rows,3,10.586,1.342,0.786,0.001,27.910,30.091,0.001,0.056,0.483,9.839,0.103,27,12,0,22,2,0,22.178
126,Rows,4,10.542,1.894,0.677,0.001,23.989,29.110,0.001,0.051,0.603,9.700,0.093,27,12,0,22,2,0,21.602
126,Rows,5,10.380,1.530,0.706,0.001,23.658,21.691,0.001,0.058,0.464,9.665,0.094,27,12,0,22,2,0,15.259
126,Rows,6,28.228,0.101,1.097,0.001,26.930,30.790,0.001,0.049,0.616,27.295,0.169,27,12,0,22,2,0,22.358
126,Rows,7,10.773,1.182,0.723,0.001,23.066,21.757,0.001,0.053,0.607,9.908,0.093,27,12,0,22,2,0,15.218
126,Rows,8,18.499,0.352,1.052,0.001,24.007,27.861,0.001,0.053,0.556,17.631,0.153,27,12,0,22,2,0,19.737
126,Rows,9,10.407,1.390,0.685,0.001,23.082,21.991,0.001,0.052,0.450,9.700,0.093,27,12,0,22,2,0,15.294
126,Rows,10,16.588,2.440,1.062,0.001,23.961,36.495,0.001,0.049,0.546,15.734,0.168,27,12,0,22,2,0,28.045
126,Grid,1,10.182,1.593,0.813,0.001,24.648,29.282,0.001,0.042,0.468,9.488,0.093,27,12,0,22,2,0,21.351
126,Grid,2,12.073,1.315,0.856,0.001,25.455,33.060,0.001,0.048,0.644,11.198,0.096,27,12,0,22,2,0,26.379
126,Grid,3,10.701,1.557,0.819,0.001,24.307,31.010,0.001,0.050,0.581,9.877,0.093,27,12,0,22,2,0,22.203
126,Grid,4,10.391,1.317,0.816,0.001,27.305,32.737,0.001,0.058,0.476,9.645,0.109,27,12,0,22,2,0,24.990
126,Grid,5,10.697,1.302,0.811,0.001,23.996,30.837,0.001,0.055,0.634,9.751,0.108,27,12,0,22,2,0,22.630
126,Grid,6,10.560,1.383,0.830,0.001,25.436,26.918,0.001,0.054,0.619,9.691,0.093,27,12,0,22,2,0,20.358
126,Grid,7,17.923,0.315,1.348,0.001,25.502,34.186,0.001,0.054,0.590,16.976,0.173,27,12,0,22,2,0,25.638
126,Grid,8,10.252,1.527,0.846,0.001,25.248,34.155,0.001,0.056,0.484,9.521,0.092,27,12,0,22,2,0,26.177
126,Grid,9,10.344,1.374,0.821,0.001,23.933,30.781,0.001,0.049,0.548,9.537,0.110,27,12,0,22,2,0,23.016
126,Grid,10,10.282,1.448,0.792,0.001,27.008,22.619,0.001,0.049,0.531,9.521,0.092,27,12,0,22,2,0,16.088
127,Grid,1,18.306,0.387,1.237,0.001,19.195,69.356,0.001,0.054,0.484,17.492,0.161,27,12,0,22,2,0,61.169
127,Grid,2,10.372,1.301,0.774,0.001,24.078,28.928,0.001,0.052,0.517,9.585,0.106,27,12,0,22,2,0,21.265
127,Grid,3,18.564,0.607,0.936,0.001,27.853,22.107,0.001,0.059,0.590,17.663,0.160,27,12,0,22,2,0,15.632
127,Grid,4,18.573,0.084,0.841,0.001,17.036,27.122,0.001,0.043,0.705,17.624,0.107,27,12,0,22,2,0,20.526
127,Grid,5,16.942,1.324,1.129,0.001,24.182,31.008,0.001,0.062,0.533,16.066,0.164,27,12,0,22,2,0,23.496
127,Grid,6,22.349,0.198,1.276,0.001,25.321,28.496,0.001,0.049,0.522,21.500,0.169,27,12,0,22,2,0,20.595
127,Grid,7,18.679,0.107,0.824,0.001,17.352,27.394,0.001,0.053,0.713,17.635,0.164,27,12,0,22,2,0,19.314
127,Grid,8,19.539,0.107,1.330,0.001,25.952,35.425,0.001,0.047,0.617,18.654,0.132,27,12,0,22,2,0,27.803
127,Grid,9,11.191,1.207,0.825,0.001,23.104,21.085,0.001,0.061,0.602,10.338,0.092,27,12,0,22,2,0,14.578
127,Grid,10,10.283,1.166,0.794,0.001,23.998,33.943,0.001,0.046,0.453,9.593,0.093,27,12,0,22,2,0,25.984
127,Rows,1,16.138,0.084,0.795,0.001,22.235,28.640,0.001,0.066,0.468,15.350,0.159,27,12,0,22,2,0,20.531
127,Rows,2,11.843,1.112,0.726,0.001,16.296,30.725,0.001,0.052,0.638,10.954,0.093,27,12,0,22,2,0,24.167
127,Rows,3,19.423,0.238,1.152,0.001,22.819,23.505,0.001,0.044,0.665,18.423,0.187,27,12,0,22,2,0,15.551
127,Rows,4,10.335,1.262,0.697,0.001,26.119,31.572,0.001,0.052,0.437,9.654,0.092,27,12,0,22,2,0,24.084
127,Rows,5,10.587,1.146,0.710,0.001,22.658,29.352,0.001,0.051,0.695,9.634,0.094,27,12,0,22,2,0,21.546
127,Rows,6,10.205,1.302,0.729,0.001,23.832,31.860,0.001,0.050,0.443,9.520,0.093,27,12,0,22,2,0,24.155
127,Rows,7,10.622,1.222,0.701,0.001,21.772,22.161,0.001,0.056,0.546,9.827,0.093,27,12,0,22,2,0,15.595
127,Rows,8,17.506,0.218,1.147,0.001,25.656,24.953,0.001,0.050,0.552,16.628,0.169,27,12,0,22,2,0,16.630
127,Rows,9,18.390,0.217,1.124,0.001,22.256,23.981,0.001,0.051,0.837,17.216,0.170,27,12,0,22,2,0,15.685
127,Rows,10,18.642,0.052,0.716,0.001,22.940,21.805,0.002,0.059,0.713,17.534,0.162,27,12,0,22,2,0,14.942
128,Rows,1,10.342,1.339,0.712,0.002,23.285,44.284,0.001,0.050,0.474,9.630,0.094,27,12,0,22,2,0,37.474
128,Rows,2,10.391,1.387,0.681,0.001,23.470,28.420,0.001,0.054,0.483,9.643,0.093,27,12,0,22,2,0,20.514
128,Rows,3,10.286,1.326,0.725,0.001,27.787,29.119,0.001,0.050,0.542,9.507,0.092,27,12,0,22,2,0,21.199
128,Rows,4,10.559,1.680,0.717,0.001,21.989,21.709,0.001,0.051,0.622,9.675,0.094,27,12,0,22,2,0,15.016
128,Rows,5,10.912,1.044,0.730,0.001,23.524,32.815,0.001,0.050,0.568,10.107,0.096,27,12,0,22,2,0,26.097
128,Rows,6,10.433,1.349,0.961,0.001,23.693,29.166,0.001,0.048,0.558,9.632,0.094,27,12,0,22,2,0,20.525
128,Rows,7,10.510,1.205,0.711,0.001,27.035,28.700,0.001,0.050,0.588,9.690,0.095,27,12,0,22,2,0,21.063
128,Rows,8,10.677,1.338,0.716,0.001,23.237,28.108,0.001,0.052,0.606,9.811,0.093,27,12,0,22,2,0,20.209
128,Rows,9,10.256,1.456,0.705,0.001,27.362,28.452,0.001,0.066,0.448,9.551,0.092,27,12,0,22,2,0,20.672
128,Rows,10,10.657,1.405,0.690,0.001,21.733,30.308,0.001,0.052,0.647,9.750,0.095,27,12,0,22,2,0,22.302
128,Grid,1,10.193,1.486,0.789,0.001,23.129,26.925,0.001,0.046,0.479,9.490,0.092,27,12,0,22,2,0,20.626
128,Grid,2,17.801,0.051,1.264,0.001,24.016,30.472,0.001,0.051,0.577,16.884,0.171,27,12,0,22,2,0,22.638
128,Grid,3,10.330,1.432,0.814,0.001,26.570,34.389,0.001,0.044,0.519,9.583,0.095,27,12,0,22,2,0,26.312
128,Grid,4,10.367,1.250,0.813,0.001,23.346,29.436,0.001,0.049,0.592,9.511,0.095,27,12,0,22,2,0,21.622
128,Grid,5,18.264,0.298,0.818,0.001,24.856,26.197,0.001,0.067,0.625,17.309,0.163,27,12,0,22,2,0,19.681
128,Grid,6,11.874,1.310,0.823,0.001,23.071,29.289,0.001,0.047,0.630,11.008,0.094,27,12,0,22,2,0,22.649
128,Grid,7,18.952,0.477,1.295,0.001,25.842,32.400,0.001,0.057,0.659,17.952,0.191,27,12,0,22,2,0,24.334
128,Grid,8,18.478,0.177,1.211,0.001,24.376,29.435,0.001,0.049,0.628,17.532,0.167,27,12,0,22,2,0,21.144
128,Grid,9,12.243,0.759,0.826,0.001,27.685,21.752,0.001,0.060,0.991,10.998,0.095,27,12,0,22,2,0,15.369
128,Grid,10,19.146,0.190,1.331,0.001,26.557,34.092,0.001,0.050,0.670,18.154,0.172,27,12,0,22,2,0,25.809
129,Grid,1,10.557,1.587,0.822,0.002,22.368,44.638,0.001,0.056,0.384,9.912,0.095,27,12,0,22,2,0,37.845
129,Grid,2,10.427,1.395,0.839,0.001,24.171,31.096,0.001,0.058,0.573,9.567,0.109,27,12,0,22,2,0,22.637
129,Grid,3,10.241,1.759,0.837,0.001,25.825,32.937,0.001,0.054,0.488,9.502,0.095,27,12,0,22,2,0,25.032
129,Grid,4,10.483,1.328,0.835,0.001,25.476,32.009,0.001,0.058,0.565,9.632,0.093,27,12,0,22,2,0,24.081
129,Grid,5,10.635,1.691,0.853,0.001,25.403,34.822,0.001,0.075,0.471,9.861,0.122,27,12,0,22,2,0,26.782
129,Grid,6,10.380,1.567,0.823,0.001,24.638,30.611,0.001,0.061,0.520,9.586,0.093,27,12,0,22,2,0,22.546
129,Grid,7,10.963,1.161,0.833,0.001,23.833,31.295,0.001,0.052,0.543,10.172,0.097,27,12,0,22,2,0,22.894
129,Grid,8,11.283,0.573,0.830,0.001,29.192,33.644,0.001,0.055,0.625,10.381,0.105,27,12,0,22,2,0,21.850
129,Grid,9,10.779,1.802,0.872,0.001,24.688,31.369,0.001,0.060,0.587,9.884,0.104,27,12,0,22,2,0,22.887
129,Grid,10,21.171,0.334,0.960,0.001,26.560,30.047,0.001,0.050,0.619,20.227,0.179,27,12,0,22,2,0,21.861
129,Rows,1,10.397,1.876,0.756,0.001,23.071,29.622,0.001,0.050,0.522,9.602,0.119,27,12,0,22,2,0,21.861
129,Rows,2,12.024,1.434,0.740,0.001,22.804,22.685,0.001,0.054,0.646,11.137,0.094,27,12,0,22,2,0,15.974
129,Rows,3,18.764,1.100,1.161,0.001,24.023,28.487,0.001,0.049,0.803,17.627,0.166,27,12,0,22,2,0,16.293
129,Rows,4,16.726,0.511,1.002,0.001,22.204,25.729,0.001,0.048,0.575,15.827,0.173,27,12,0,22,2,0,17.677
129,Rows,5,18.094,0.239,1.147,0.001,26.525,23.791,0.001,0.049,0.590,17.180,0.171,27,12,0,22,2,0,15.783
129,Rows,6,10.815,1.384,0.731,0.001,22.126,22.893,0.001,0.056,0.901,9.644,0.095,27,12,0,22,2,0,16.172
129,Rows,7,17.402,0.412,0.986,0.001,21.954,25.135,0.001,0.054,0.575,16.491,0.168,27,12,0,22,2,0,16.711
129,Rows,8,23.057,0.864,1.152,0.001,25.676,39.146,0.001,0.054,0.554,22.184,0.170,27,12,0,22,2,0,25.399
129,Rows,9,14.764,0.360,1.117,0.001,24.180,30.393,0.001,0.050,0.685,13.831,0.095,27,12,0,22,2,0,21.797
129,Rows,10,10.275,1.488,0.715,0.001,21.979,22.112,0.001,0.055,0.507,9.522,0.092,27,12,0,22,2,0,15.587
130,Rows,1,10.506,1.471,0.722,0.002,18.279,50.506,0.001,0.055,0.385,9.855,0.095,27,12,0,22,2,0,42.645
130,Rows,2,10.437,1.349,0.768,0.001,24.539,29.725,0.001,0.056,0.555,9.609,0.098,27,12,0,22,2,0,21.702
130,Rows,3,10.480,1.613,0.758,0.001,27.411,28.974,0.001,0.052,0.574,9.663,0.097,27,12,0,22,2,0,21.181
130,Rows,4,10.762,1.317,0.737,0.001,23.229,28.894,0.001,0.048,0.601,9.918,0.095,27,12,0,22,2,0,21.021
130,Rows,5,10.375,1.646,0.752,0.001,26.632,26.868,0.001,0.056,0.553,9.534,0.124,27,12,0,22,2,0,20.253
130,Rows,6,16.881,2.390,1.122,0.001,21.606,32.271,0.001,0.069,0.790,15.654,0.167,27,12,0,22,2,0,23.504
130,Rows,7,10.748,1.323,0.704,0.001,29.768,31.733,0.001,0.055,0.469,10.021,0.093,27,12,0,22,2,0,24.515
130,Rows,8,10.648,1.433,0.745,0.001,25.394,29.715,0.001,0.054,0.614,9.746,0.094,27,12,0,22,2,0,21.929
130,Rows,9,11.469,1.051,0.758,0.001,24.059,32.666,0.001,0.055,0.590,10.609,0.096,27,12,0,22,2,0,25.905
130,Rows,10,20.883,0.453,1.202,0.001,24.953,29.072,0.001,0.049,0.605,19.976,0.154,27,12,0,22,2,0,20.707
130,Grid,1,10.268,1.527,0.820,0.001,24.619,29.427,0.001,0.052,0.466,9.545,0.093,27,12,0,22,2,0,21.708
130,Grid,2,12.246,0.927,1.063,0.001,17.953,31.747,0.001,0.051,0.631,11.292,0.167,27,12,0,22,2,0,25.060
130,Grid,3,16.285,2.128,1.215,0.001,25.015,31.676,0.001,0.050,0.524,15.440,0.167,27,12,0,22,2,0,23.288
130,Grid,4,10.339,1.513,1.210,0.001,25.176,38.320,0.001,0.047,0.527,9.582,0.093,27,12,0,22,2,0,29.167
130,Grid,5,10.299,1.553,0.865,0.001,24.196,29.900,0.001,0.053,0.468,9.556,0.093,27,12,0,22,2,0,21.672
130,Grid,6,10.573,1.639,0.828,0.001,23.951,29.699,0.001,0.057,0.484,9.832,0.095,27,12,0,22,2,0,21.631
130,Grid,7,11.321,1.033,0.843,0.001,26.504,26.248,0.001,0.051,0.667,10.403,0.095,27,12,0,22,2,0,15.940
130,Grid,8,18.097,0.111,1.116,0.001,25.685,33.093,0.001,0.082,0.565,17.141,0.187,27,12,0,22,2,0,25.035
130,Grid,9,11.517,1.237,0.989,0.001,17.514,33.584,0.001,0.053,0.584,10.677,0.094,27,12,0,22,2,0,26.789
130,Grid,10,18.373,0.194,1.147,0.001,24.733,32.724,0.001,0.058,0.601,17.417,0.173,27,12,0,22,2,0,24.579
131,Grid,1,10.534,1.524,0.838,0.002,19.401,51.585,0.001,0.054,0.550,9.712,0.096,27,12,0,22,2,0,43.093
131,Grid,2,10.491,1.415,0.841,0.001,24.041,29.541,0.001,0.057,0.495,9.725,0.094,27,12,0,22,2,0,21.438
131,Grid,3,10.263,1.508,0.826,0.001,25.447,33.485,0.001,0.054,0.474,9.526,0.094,27,12,0,22,2,0,25.519
131,Grid,4,10.438,1.203,0.819,0.001,23.343,30.086,0.001,0.050,0.563,9.615,0.107,27,12,0,22,2,0,22.159
131,Grid,5,10.421,1.269,0.811,0.001,25.397,32.316,0.001,0.051,0.558,9.625,0.099,27,12,0,22,2,0,24.515
131,Grid,6,10.408,1.316,0.821,0.001,24.030,30.100,0.001,0.051,0.570,9.557,0.132,27,12,0,22,2,0,22.116
131,Grid,7,10.473,1.442,0.828,0.001,27.659,30.050,0.001,0.049,0.567,9.658,0.110,27,12,0,22,2,0,22.023
131,Grid,8,10.900,1.420,0.840,0.001,24.596,31.248,0.001,0.051,0.560,10.090,0.094,27,12,0,22,2,0,23.082
131,Grid,9,10.481,1.574,0.854,0.001,27.814,30.960,0.001,0.059,0.544,9.692,0.095,27,12,0,22,2,0,22.864
131,Grid,10,10.470,1.542,0.843,0.001,26.834,22.226,0.001,0.057,0.602,9.586,0.094,27,12,0,22,2,0,15.352
131,Rows,1,13.152,0.909,0.834,0.001,24.451,32.733,0.001,0.059,0.610,12.276,0.096,27,12,0,22,2,0,24.497
131,Rows,2,25.226,0.467,1.165,0.001,25.550,29.040,0.001,0.054,0.667,24.308,0.097,27,12,0,22,2,0,20.424
131,Rows,3,10.465,1.635,0.733,0.001,23.038,23.924,0.001,0.057,0.509,9.672,0.095,27,12,0,22,2,0,17.032
131,Rows,4,16.704,2.678,1.143,0.001,23.082,35.511,0.001,0.054,0.572,15.807,0.173,27,12,0,22,2,0,26.829
131,Rows,5,10.858,1.355,0.758,0.001,25.364,34.581,0.001,0.056,0.629,9.956,0.096,27,12,0,22,2,0,21.637
131,Rows,6,18.551,0.053,1.139,0.001,24.201,30.663,0.001,0.059,0.656,17.517,0.166,27,12,0,22,2,0,21.937
131,Rows,7,10.977,1.500,0.762,0.001,24.295,26.594,0.001,0.058,0.597,10.107,0.094,27,12,0,22,2,0,19.854
131,Rows,8,17.828,1.016,1.183,0.001,24.558,27.038,0.001,0.062,0.601,16.889,0.149,27,12,0,22,2,0,18.158
131,Rows,9,18.698,0.065,1.175,0.001,28.393,38.210,0.001,0.058,0.554,17.810,0.168,27,12,0,22,2,0,29.241
131,Rows,10,10.683,1.560,0.778,0.001,23.624,30.533,0.001,0.053,0.599,9.796,0.101,27,12,0,22,2,0,22.366
132,Rows,1,10.801,1.470,0.784,0.001,18.981,53.864,0.001,0.058,0.518,10.020,0.097,27,12,0,22,2,0,46.812
132,Rows,2,10.432,1.252,0.761,0.001,23.728,30.553,0.001,0.051,0.551,9.620,0.110,27,12,0,22,2,0,22.448
132,Rows,3,10.510,2.176,0.758,0.001,24.716,33.670,0.001,0.058,0.471,9.774,0.101,27,12,0,22,2,0,25.876
132,Rows,4,10.667,1.538,0.727,0.001,23.088,29.667,0.001,0.051,0.562,9.781,0.166,27,12,0,22,2,0,21.569
132,Rows,5,10.399,1.600,0.750,0.001,23.252,35.995,0.001,0.072,0.491,9.639,0.094,27,12,0,22,2,0,28.212
132,Rows,6,12.056,0.060,1.114,0.001,23.446,33.016,0.001,0.051,0.556,11.208,0.137,27,12,0,22,2,0,24.271
132,Rows,7,10.486,1.802,0.804,0.001,24.318,34.260,0.001,0.060,0.499,9.719,0.099,27,12,0,22,2,0,25.951
132,Rows,8,10.500,1.758,0.719,0.001,22.786,22.517,0.001,0.056,0.559,9.673,0.100,27,12,0,22,2,0,15.618
132,Rows,9,16.590,1.937,1.123,0.001,21.800,29.891,0.001,0.050,0.571,15.703,0.166,27,12,0,22,2,0,21.863
132,Rows,10,15.955,3.154,1.131,0.001,25.605,34.570,0.001,0.052,0.546,15.080,0.164,27,12,0,22,2,0,26.028
132,Grid,1,15.856,0.209,0.870,0.001,27.765,31.358,0.001,0.051,0.479,15.042,0.187,27,12,0,22,2,0,23.225
132,Grid,2,13.181,0.645,0.894,0.001,17.644,30.988,0.002,0.056,0.834,12.049,0.115,27,12,0,22,2,0,23.770
132,Grid,3,21.617,0.289,1.403,0.001,24.725,24.938,0.001,0.061,0.564,20.713,0.168,27,12,0,22,2,0,16.172
132,Grid,4,15.581,0.270,0.838,0.001,19.679,33.271,0.001,0.056,0.604,14.707,0.097,27,12,0,22,2,0,22.915
132,Grid,5,17.096,1.964,1.454,0.001,25.501,32.579,0.001,0.052,0.629,16.086,0.196,27,12,0,22,2,0,24.160
132,Grid,6,21.965,0.050,1.275,0.001,28.954,31.318,0.001,0.054,0.564,21.081,0.165,27,12,0,22,2,0,22.767
132,Grid,7,18.788,0.334,1.257,0.001,25.065,32.387,0.001,0.051,0.952,17.517,0.166,27,12,0,22,2,0,24.096
132,Grid,8,11.601,1.348,0.870,0.001,23.494,30.261,0.001,0.057,0.627,10.716,0.095,27,12,0,22,2,0,23.131
132,Grid,9,12.097,1.287,0.866,0.001,26.091,33.954,0.001,0.056,0.626,11.164,0.127,27,12,0,22,2,0,21.635
132,Grid,10,10.401,1.534,0.854,0.001,24.340,29.873,0.001,0.055,0.551,9.583,0.095,27,12,0,22,2,0,21.611
133,Grid,1,10.526,1.267,0.825,0.001,19.441,49.256,0.001,0.046,0.486,9.803,0.093,27,12,0,22,2,0,41.178
133,Grid,2,10.329,1.352,0.814,0.001,24.474,28.487,0.001,0.052,0.442,9.629,0.094,27,12,0,22,2,0,20.640
133,Grid,3,10.311,1.506,0.813,0.001,27.723,22.510,0.001,0.053,0.481,9.580,0.096,27,12,0,22,2,0,15.850
133,Grid,4,18.154,0.140,1.297,0.001,24.276,33.921,0.001,0.050,0.695,17.141,0.162,27,12,0,22,2,0,25.764
133,Grid,5,11.456,1.222,0.830,0.001,24.460,25.628,0.001,0.053,0.641,10.575,0.094,27,12,0,22,2,0,18.921
133,Grid,6,18.503,1.080,1.351,0.001,25.076,35.464,0.001,0.067,0.674,17.471,0.174,27,12,0,22,2,0,27.473
133,Grid,7,10.336,1.399,0.789,0.001,27.670,30.464,0.001,0.062,0.496,9.575,0.095,27,12,0,22,2,0,22.361
133,Grid,8,11.018,0.878,0.816,0.001,24.018,30.037,0.001,0.050,0.600,10.158,0.111,27,12,0,22,2,0,22.044
133,Grid,9,10.356,1.365,0.818,0.001,24.195,29.323,0.001,0.051,0.549,9.571,0.094,27,12,0,22,2,0,21.028
133,Grid,10,10.969,1.033,0.803,0.001,29.284,33.766,0.001,0.055,0.618,10.096,0.092,27,12,0,22,2,0,22.137
133,Rows,1,10.527,1.728,0.796,0.001,22.861,28.955,0.001,0.053,0.494,9.748,0.101,27,12,0,22,2,0,21.201
133,Rows,2,21.768,0.266,1.063,0.001,18.405,28.520,0.001,0.055,0.620,20.822,0.164,27,12,0,22,2,0,20.209
133,Rows,3,16.450,2.276,1.085,0.001,24.985,33.357,0.001,0.053,0.631,15.478,0.190,27,12,0,22,2,0,25.218
133,Rows,4,11.013,1.381,0.703,0.001,24.291,31.607,0.001,0.049,0.546,10.233,0.095,27,12,0,22,2,0,24.966
133,Rows,5,14.233,1.398,0.689,0.001,24.456,34.011,0.001,0.055,4.453,9.530,0.093,27,12,0,22,2,0,19.056
133,Rows,6,10.393,1.444,0.743,0.001,23.621,28.900,0.001,0.050,0.526,9.614,0.095,27,12,0,22,2,0,21.022
133,Rows,7,10.222,1.504,0.699,0.001,26.242,28.490,0.001,0.054,0.450,9.527,0.092,27,12,0,22,2,0,20.725
133,Rows,8,10.710,1.842,0.711,0.001,22.188,21.721,0.001,0.052,0.607,9.857,0.095,27,12,0,22,2,0,15.206
133,Rows,9,16.067,2.893,1.137,0.001,22.973,32.062,0.001,0.043,0.519,15.260,0.159,27,12,0,22,2,0,24.199
133,Rows,10,21.341,0.309,0.840,0.001,24.097,28.661,0.001,0.053,0.472,20.517,0.192,27,12,0,22,2,0,20.813
134,Rows,1,11.552,1.074,1.018,0.001,24.765,32.185,0.001,0.048,0.482,10.833,0.094,27,12,0,22,2,0,23.314
134,Rows,2,16.066,1.256,0.662,0.001,23.995,34.294,0.001,0.049,0.523,15.219,0.166,27,12,0,22,2,0,17.826
134,Rows,3,10.396,1.269,0.717,0.001,22.534,29.214,0.001,0.048,0.547,9.581,0.123,27,12,0,22,2,0,21.366
134,Rows,4,10.289,1.392,0.727,0.001,24.722,28.593,0.001,0.055,0.443,9.583,0.093,27,12,0,22,2,0,21.055
134,Rows,5,15.716,0.977,0.745,0.001,24.772,33.149,0.001,0.055,4.642,10.800,0.094,27,12,0,22,2,0,18.894
134,Rows,6,10.852,1.611,0.727,0.001,23.947,21.935,0.001,0.050,0.648,9.902,0.120,27,12,0,22,2,0,15.226
134,Rows,7,21.285,2.482,1.069,0.001,24.479,36.195,0.001,0.048,0.537,20.438,0.166,27,12,0,22,2,0,23.704
134,Rows,8,10.407,1.171,0.663,0.001,22.438,29.405,0.001,0.048,0.532,9.624,0.108,27,12,0,22,2,0,21.592
134,Rows,9,10.473,1.302,0.726,0.001,24.808,28.794,0.001,0.050,0.471,9.761,0.094,27,12,0,22,2,0,21.433
134,Rows,10,10.702,1.731,0.716,0.001,25.344,34.066,0.001,0.054,0.619,9.807,0.111,27,12,0,22,2,0,22.394
134,Grid,1,10.242,1.500,0.817,0.001,23.995,29.748,0.001,0.049,0.447,9.545,0.092,27,12,0,22,2,0,22.025
134,Grid,2,17.481,0.310,1.273,0.001,20.848,28.766,0.001,0.048,0.609,16.635,0.099,27,12,0,22,2,0,20.534
134,Grid,3,16.763,1.735,1.267,0.001,24.175,30.995,0.001,0.049,0.616,15.827,0.170,27,12,0,22,2,0,23.406
134,Grid,4,10.298,1.397,0.795,0.001,27.436,22.356,0.001,0.052,0.537,9.527,0.093,27,12,0,22,2,0,15.935
134,Grid,5,19.117,0.179,1.341,0.001,30.634,25.577,0.001,0.047,0.625,18.163,0.183,27,12,0,22,2,0,16.468
134,Grid,6,12.820,0.357,0.844,0.001,25.497,35.037,0.001,0.501,0.722,11.408,0.094,27,12,0,22,2,0,26.496
134,Grid,7,23.251,0.109,1.310,0.001,26.883,29.966,0.001,0.053,5.217,17.692,0.179,27,12,0,22,2,0,21.139
134,Grid,8,18.567,0.300,0.975,0.001,18.816,28.493,0.001,0.048,0.588,17.667,0.165,27,12,0,22,2,0,20.213
134,Grid,9,16.921,1.179,1.284,0.001,24.870,35.316,0.001,0.057,0.614,15.965,0.192,27,12,0,22,2,0,26.950
134,Grid,10,10.258,1.529,0.891,0.001,24.157,30.181,0.001,0.055,0.472,9.521,0.094,27,12,0,22,2,0,22.131
135,Grid,1,10.651,1.552,0.846,0.002,19.561,50.317,0.001,0.096,0.508,9.817,0.096,27,12,0,22,2,0,41.819
135,Grid,2,10.724,1.503,0.846,0.001,24.731,31.087,0.001,0.053,0.547,9.921,0.096,27,12,0,22,2,0,22.513
135,Grid,3,14.762,0.195,1.228,0.001,32.191,30.742,0.001,0.058,0.668,13.824,0.095,27,12,0,22,2,0,22.286
135,Grid,4,10.938,1.697,0.891,0.001,24.322,31.269,0.001,0.060,0.572,10.064,0.096,27,12,0,22,2,0,22.929
135,Grid,5,10.466,1.518,0.837,0.001,27.437,30.429,0.001,0.050,0.555,9.673,0.098,27,12,0,22,2,0,22.345
135,Grid,6,10.618,1.535,0.831,0.001,25.585,31.733,0.001,0.061,0.628,9.718,0.094,27,12,0,22,2,0,23.050
135,Grid,7,10.230,1.574,0.830,0.001,25.135,36.641,0.001,0.056,0.486,9.491,0.094,27,12,0,22,2,0,28.909
135,Grid,8,18.314,0.185,0.827,0.001,26.489,22.726,0.001,0.057,0.667,17.274,0.184,27,12,0,22,2,0,15.920
135,Grid,9,14.984,0.515,0.880,0.002,25.237,36.703,0.002,0.062,0.618,14.026,0.099,27,12,0,22,2,0,28.035
135,Grid,10,10.406,1.426,0.841,0.001,23.986,30.549,0.001,0.052,0.550,9.610,0.095,27,12,0,22,2,0,22.622
135,Rows,1,10.431,1.698,0.755,0.001,22.646,33.024,0.001,0.052,0.475,9.716,0.096,27,12,0,22,2,0,25.583
135,Rows,2,17.018,0.276,1.101,0.001,16.928,29.820,0.001,0.053,0.639,16.125,0.096,27,12,0,22,2,0,21.037
135,Rows,3,18.212,0.088,1.169,0.001,23.569,29.692,0.001,0.054,0.595,17.296,0.158,27,12,0,22,2,0,21.203
135,Rows,4,10.548,1.689,0.713,0.001,23.228,29.118,0.001,0.080,0.487,9.742,0.123,27,12,0,22,2,0,21.144
135,Rows,5,10.446,1.407,0.719,0.001,25.641,33.435,0.001,0.052,0.450,9.747,0.094,27,12,0,22,2,0,25.686
135,Rows,6,10.461,1.526,0.743,0.001,24.543,31.388,0.001,0.049,0.543,9.665,0.094,27,12,0,22,2,0,23.116
135,Rows,7,10.483,1.507,0.747,0.001,24.273,32.625,0.001,0.050,0.567,9.680,0.094,27,12,0,22,2,0,24.896
135,Rows,8,10.362,1.508,0.750,0.001,26.751,32.967,0.001,0.052,0.541,9.564,0.094,27,12,0,22,2,0,24.772
135,Rows,9,10.568,1.659,0.702,0.001,31.883,23.786,0.001,0.062,0.554,9.741,0.101,27,12,0,22,2,0,15.179
135,Rows,10,10.441,1.796,0.775,0.001,24.106,29.238,0.001,0.050,0.590,9.607,0.094,27,12,0,22,2,0,20.886
136,Rows,1,10.466,1.696,0.769,0.002,21.502,43.495,0.001,0.059,0.402,9.791,0.098,27,12,0,22,2,0,36.597
136,Rows,2,18.418,0.093,1.056,0.001,24.731,31.370,0.001,0.082,0.616,17.403,0.161,27,12,0,22,2,0,22.697
136,Rows,3,11.061,1.460,0.766,0.001,27.046,22.998,0.001,0.063,0.617,10.171,0.098,27,12,0,22,2,0,16.183
136,Rows,4,18.879,0.063,1.206,0.001,24.185,29.083,0.001,0.047,0.739,17.799,0.176,27,12,0,22,2,0,16.727
136,Rows,5,10.391,1.290,0.713,0.001,23.630,22.142,0.001,0.050,0.551,9.598,0.095,27,12,0,22,2,0,15.410
136,Rows,6,17.986,0.926,1.107,0.001,24.183,25.457,0.001,0.056,0.577,17.043,0.189,27,12,0,22,2,0,16.893
136,Rows,7,18.003,1.310,1.167,0.001,25.990,39.049,0.002,0.059,0.654,16.983,0.173,27,12,0,22,2,0,26.587
136,Rows,8,10.396,1.351,0.726,0.001,24.986,30.287,0.001,0.053,0.549,9.602,0.094,27,12,0,22,2,0,22.330
136,Rows,9,15.835,0.106,1.103,0.001,25.194,33.925,0.001,0.050,0.666,14.927,0.097,27,12,0,22,2,0,25.209
136,Rows,10,13.585,0.918,0.743,0.001,22.754,23.317,0.001,0.050,0.543,12.708,0.170,27,12,0,22,2,0,16.422
136,Grid,1,15.369,4.201,1.340,0.001,24.997,38.837,0.001,0.051,0.504,14.547,0.173,27,12,0,22,2,0,30.597
136,Grid,2,13.794,0.263,0.854,0.001,23.230,30.873,0.001,0.053,0.716,12.827,0.095,27,12,0,22,2,0,24.101
136,Grid,3,10.685,1.678,0.856,0.001,25.456,36.140,0.001,0.060,0.465,9.958,0.094,27,12,0,22,2,0,29.383
136,Grid,4,18.733,0.459,1.323,0.001,24.680,29.698,0.001,0.053,0.856,17.558,0.164,27,12,0,22,2,0,21.031
136,Grid,5,14.347,0.964,0.858,0.001,28.502,27.219,0.001,0.057,0.480,13.533,0.172,27,12,0,22,2,0,20.504
136,Grid,6,16.416,2.791,1.337,0.001,25.712,33.043,0.001,0.072,0.632,15.404,0.173,27,12,0,22,2,0,24.402
136,Grid,7,14.320,0.370,1.323,0.001,25.503,35.271,0.001,2.751,0.470,10.892,0.097,27,12,0,22,2,0,26.774
136,Grid,8,18.676,0.075,0.909,0.001,18.021,30.807,0.001,0.051,0.810,17.565,0.144,27,12,0,22,2,0,22.578
136,Grid,9,16.331,2.545,1.303,0.001,27.152,38.640,0.001,0.052,0.525,15.486,0.168,27,12,0,22,2,0,29.759
136,Grid,10,10.408,1.355,0.828,0.001,24.303,31.582,0.001,0.048,0.561,9.601,0.096,27,12,0,22,2,0,23.132
137,Grid,1,10.314,1.317,0.798,0.001,18.353,54.108,0.001,0.055,0.392,9.665,0.093,27,12,0,22,2,0,47.358
137,Grid,2,10.370,1.495,0.861,0.001,25.049,30.470,0.001,0.057,0.475,9.624,0.099,27,12,0,22,2,0,22.260
137,Grid,3,10.566,1.851,0.868,0.001,25.732,34.752,0.001,0.056,0.554,9.745,0.100,27,12,0,22,2,0,26.190
137,Grid,4,10.756,1.589,0.843,0.001,24.891,31.404,0.001,0.048,0.541,9.948,0.096,27,12,0,22,2,0,22.973
137,Grid,5,10.478,1.546,0.851,0.001,24.931,28.464,0.001,0.069,0.575,9.603,0.124,27,12,0,22,2,0,21.543
137,Grid,6,16.005,2.978,1.230,0.001,26.781,34.812,0.001,0.054,0.534,15.157,0.127,27,12,0,22,2,0,26.253
137,Grid,7,18.032,0.079,1.278,0.001,24.668,30.221,0.002,0.086,0.606,17.147,0.094,27,12,0,22,2,0,21.764
137,Grid,8,18.591,0.024,1.321,0.001,26.109,33.069,0.001,0.055,0.765,17.462,0.175,27,12,0,22,2,0,20.986
137,Grid,9,11.760,1.436,0.868,0.001,23.799,24.644,0.001,0.060,0.636,10.777,0.155,27,12,0,22,2,0,17.019
137,Grid,10,18.835,0.203,1.300,0.001,18.906,31.782,0.001,0.057,0.568,17.933,0.168,27,12,0,22,2,0,23.739
137,Rows,1,17.203,1.837,1.121,0.001,25.928,37.365,0.001,0.050,0.571,16.302,0.175,27,12,0,22,2,0,25.840
137,Rows,2,12.522,1.125,0.743,0.002,18.949,43.626,0.001,0.054,0.626,11.650,0.093,27,12,0,22,2,0,36.836
137,Rows,3,10.372,2.328,0.768,0.001,27.491,31.052,0.001,0.050,0.550,9.588,0.093,27,12,0,22,2,0,23.016
137,Rows,4,10.593,2.012,0.736,0.001,22.956,22.580,0.001,0.049,0.666,9.686,0.092,27,12,0,22,2,0,15.921
137,Rows,5,18.392,0.116,1.175,0.001,23.546,33.856,0.001,0.052,0.560,17.485,0.168,27,12,0,22,2,0,25.252
137,Rows,6,21.450,0.073,0.818,0.001,25.980,30.163,0.002,0.056,0.488,20.627,0.165,27,12,0,22,2,0,21.855
137,Rows,7,10.759,1.640,0.839,0.001,23.282,31.535,0.001,0.061,0.563,9.895,0.103,27,12,0,22,2,0,22.879
137,Rows,8,10.907,1.120,0.708,0.001,24.473,22.440,0.001,0.066,0.596,10.028,0.093,27,12,0,22,2,0,15.742
137,Rows,9,18.199,0.364,1.152,0.001,23.528,25.728,0.001,0.054,0.581,17.290,0.167,27,12,0,22,2,0,16.886
137,Rows,10,11.242,1.920,0.791,0.001,26.117,26.150,0.002,0.103,0.628,10.259,0.112,27,12,0,22,2,0,19.372
138,Rows,1,10.380,1.767,0.739,0.001,25.989,28.936,0.001,0.065,0.406,9.695,0.097,27,12,0,22,2,0,20.904
138,Rows,2,10.880,1.804,0.766,0.001,23.632,24.689,0.001,0.062,0.661,9.910,0.116,27,12,0,22,2,0,17.522
138,Rows,3,16.337,3.478,1.270,0.001,24.692,34.970,0.003,0.061,0.540,15.408,0.196,27,12,0,22,2,0,26.392
138,Rows,4,10.638,2.573,0.744,0.001,22.445,43.022,0.001,0.054,0.576,9.801,0.093,27,12,0,22,2,0,27.999
138,Rows,5,10.446,1.525,0.770,0.001,24.489,30.890,0.001,0.059,0.553,9.610,0.097,27,12,0,22,2,0,22.756
138,Rows,6,10.354,1.891,0.711,0.001,26.559,23.488,0.001,0.060,0.480,9.590,0.097,27,12,0,22,2,0,16.740
138,Rows,7,17.809,1.195,1.228,0.001,22.034,35.425,0.001,0.075,0.626,16.801,0.181,27,12,0,22,2,0,26.490
138,Rows,8,11.141,1.163,0.774,0.001,24.415,32.364,0.001,0.055,0.566,10.331,0.097,27,12,0,22,2,0,25.524
138,Rows,9,15.249,1.796,0.845,0.001,26.584,33.190,0.001,0.057,0.525,14.458,0.096,27,12,0,22,2,0,20.282
138,Rows,10,10.428,1.609,0.757,0.001,23.625,22.254,0.001,0.053,0.532,9.620,0.095,27,12,0,22,2,0,15.377
138,Grid,1,10.474,1.776,0.867,0.001,24.125,28.806,0.001,0.059,0.455,9.755,0.097,27,12,0,22,2,0,22.003
138,Grid,2,18.198,0.237,1.303,0.001,24.983,31.886,0.001,0.061,0.563,17.279,0.170,27,12,0,22,2,0,23.858
138,Grid,3,12.336,1.496,0.881,0.001,26.667,35.651,0.001,0.050,0.467,11.528,0.181,27,12,0,22,2,0,27.726
138,Grid,4,10.481,1.794,0.869,0.001,23.351,23.028,0.001,0.051,0.592,9.615,0.099,27,12,0,22,2,0,15.982
138,Grid,5,11.000,1.211,0.868,0.001,25.189,34.857,0.001,0.053,0.579,10.158,0.117,27,12,0,22,2,0,28.112
138,Grid,6,10.618,1.373,0.839,0.001,24.711,30.817,0.001,0.053,0.551,9.820,0.093,27,12,0,22,2,0,22.833
138,Grid,7,18.584,0.137,1.308,0.001,28.385,30.112,0.001,0.057,0.742,17.515,0.172,27,12,0,22,2,0,21.584
138,Grid,8,10.814,1.338,0.838,0.001,24.135,23.110,0.001,0.050,0.644,9.905,0.109,27,12,0,22,2,0,16.222
138,Grid,9,16.339,2.758,1.273,0.001,24.181,33.336,0.002,0.049,0.534,15.491,0.166,27,12,0,22,2,0,25.333
138,Grid,10,14.562,1.347,0.829,0.001,28.183,34.376,0.001,0.055,0.573,13.741,0.097,27,12,0,22,2,0,20.912
139,Grid,1,10.617,1.572,0.835,0.001,26.147,29.758,0.001,0.059,0.458,9.854,0.125,27,12,0,22,2,0,21.525
139,Grid,2,17.070,1.881,0.853,0.001,27.894,35.127,0.001,0.059,0.462,16.269,0.169,27,12,0,22,2,0,19.233
139,Grid,3,10.508,1.646,0.842,0.001,27.552,23.192,0.001,0.057,0.568,9.671,0.097,27,12,0,22,2,0,16.076
139,Grid,4,19.580,0.240,0.908,0.001,25.597,36.535,0.003,0.067,0.707,18.521,0.165,27,12,0,22,2,0,26.064
139,Grid,5,18.233,0.059,0.919,0.001,24.715,22.496,0.002,0.090,0.628,17.218,0.184,27,12,0,22,2,0,15.482
139,Grid,6,14.757,1.135,0.899,0.001,28.189,31.867,0.001,0.057,0.558,13.855,0.173,27,12,0,22,2,0,22.927
139,Grid,7,18.265,0.197,1.134,0.001,24.452,23.383,0.001,0.057,0.692,17.233,0.173,27,12,0,22,2,0,16.401
139,Grid,8,18.279,0.122,0.876,0.001,18.611,29.056,0.001,0.060,0.625,17.301,0.160,27,12,0,22,2,0,20.475
139,Grid,9,25.265,0.133,1.332,0.001,27.357,31.243,0.001,0.054,0.607,24.310,0.182,27,12,0,22,2,0,22.159
139,Grid,10,18.473,0.061,0.887,0.001,24.509,31.454,0.001,0.053,0.653,17.468,0.170,27,12,0,22,2,0,22.880
139,Rows,1,18.500,0.877,0.767,0.001,25.416,35.144,0.001,0.053,0.551,17.612,0.178,27,12,0,22,2,0,19.317
139,Rows,2,18.158,0.057,0.764,0.001,25.770,31.254,0.001,0.065,0.689,17.089,0.175,27,12,0,22,2,0,23.923
139,Rows,3,13.556,1.174,0.783,0.001,24.583,30.999,0.001,0.057,0.565,12.662,0.169,27,12,0,22,2,0,22.594
139,Rows,4,21.440,0.497,1.160,0.001,25.619,29.782,0.001,0.063,4.778,16.331,0.155,27,12,0,22,2,0,20.970
139,Rows,5,10.446,1.623,0.719,0.001,23.825,31.573,0.001,0.064,0.537,9.646,0.095,27,12,0,22,2,0,23.082
139,Rows,6,10.620,1.723,0.774,0.001,24.262,32.432,0.001,0.059,0.461,9.898,0.095,27,12,0,22,2,0,24.595
139,Rows,7,10.532,1.599,0.781,0.001,22.957,30.178,0.001,0.051,0.597,9.685,0.094,27,12,0,22,2,0,22.038
139,Rows,8,10.497,1.364,0.762,0.002,26.475,34.936,0.001,0.051,0.663,9.587,0.095,27,12,0,22,2,0,27.038
139,Rows,9,10.415,1.597,0.756,0.001,23.437,31.552,0.001,0.050,0.559,9.609,0.096,27,12,0,22,2,0,23.492
139,Rows,10,10.550,1.632,0.748,0.001,23.402,27.571,0.001,0.048,0.560,9.713,0.135,27,12,0,22,2,0,20.842
140,Rows,1,10.380,1.582,0.682,0.001,26.616,28.679,0.001,0.053,0.382,9.737,0.094,27,12,0,22,2,0,20.764
140,Rows,2,10.687,1.937,0.811,0.001,24.512,35.561,0.001,0.062,0.553,9.822,0.100,27,12,0,22,2,0,27.382
140,Rows,3,10.513,1.280,0.740,0.001,24.007,30.275,0.001,0.050,0.568,9.691,0.106,27,12,0,22,2,0,22.073
140,Rows,4,10.329,1.560,0.689,0.001,23.333,30.116,0.001,0.054,0.472,9.607,0.092,27,12,0,22,2,0,22.501
140,Rows,5,18.412,0.042,1.126,0.001,26.158,32.031,0.001,0.057,0.653,17.415,0.169,27,12,0,22,2,0,19.940
140,Rows,6,19.125,0.423,1.132,0.001,16.441,27.775,0.001,0.075,1.214,17.555,0.163,27,12,0,22,2,0,19.055
140,Rows,7,18.236,0.265,1.144,0.001,34.197,24.201,0.001,0.052,0.569,17.336,0.169,27,12,0,22,2,0,16.026
140,Rows,8,11.550,1.086,0.757,0.001,24.683,24.346,0.001,0.050,0.636,10.661,0.094,27,12,0,22,2,0,17.426
140,Rows,9,17.404,0.508,1.167,0.001,27.679,25.124,0.001,0.060,0.535,16.539,0.171,27,12,0,22,2,0,16.944
140,Rows,10,16.651,2.463,1.128,0.001,23.300,33.316,0.001,0.055,0.680,15.626,0.169,27,12,0,22,2,0,24.774
140,Grid,1,10.175,1.507,0.833,0.001,24.737,31.946,0.001,0.055,0.377,9.508,0.122,27,12,0,22,2,0,24.144
140,Grid,2,23.358,0.055,0.996,0.001,25.684,31.974,0.001,0.054,0.652,22.379,0.165,27,12,0,22,2,0,23.709
140,Grid,3,10.414,1.552,0.821,0.001,25.305,23.162,0.001,0.050,0.552,9.619,0.093,27,12,0,22,2,0,16.491
140,Grid,4,18.141,0.147,1.324,0.001,24.709,35.562,0.001,0.056,0.554,17.247,0.168,27,12,0,22,2,0,27.873
140,Grid,5,11.379,1.433,0.830,0.001,23.809,22.652,0.001,0.055,0.616,10.496,0.096,27,12,0,22,2,0,15.841
140,Grid,6,18.213,0.366,1.301,0.001,27.009,36.227,0.001,0.053,0.598,17.267,0.183,27,12,0,22,2,0,27.907
140,Grid,7,10.817,1.868,0.918,0.001,24.720,23.274,0.001,0.064,0.606,9.920,0.107,27,12,0,22,2,0,16.333
140,Grid,8,18.563,0.169,6.738,0.001,27.949,35.310,0.001,0.054,0.599,17.593,0.201,27,12,0,22,2,0,23.762
140,Grid,9,10.547,1.549,0.891,0.001,25.079,32.229,0.001,0.053,0.530,9.744,0.101,27,12,0,22,2,0,23.864
140,Grid,10,10.456,1.876,0.919,0.001,24.822,33.625,0.001,0.056,0.455,9.730,0.102,27,12,0,22,2,0,25.293
141,Grid,1,10.363,1.425,0.779,0.001,28.397,30.600,0.001,0.053,0.386,9.719,0.095,27,12,0,22,2,0,22.415
141,Grid,2,11.129,2.302,0.807,0.001,18.036,51.611,0.001,0.055,0.561,10.304,0.093,27,12,0,22,2,0,43.505
141,Grid,3,10.355,1.536,0.853,0.001,24.430,30.692,0.001,0.056,0.472,9.606,0.117,27,12,0,22,2,0,22.524
141,Grid,4,11.471,0.587,0.822,0.001,25.120,34.608,0.001,0.053,0.597,10.615,0.094,27,12,0,22,2,0,23.111
141,Grid,5,10.347,1.433,0.828,0.001,25.010,31.793,0.001,0.052,0.553,9.520,0.123,27,12,0,22,2,0,23.838
141,Grid,6,10.426,1.371,0.833,0.001,24.632,34.955,0.001,0.052,0.541,9.628,0.094,27,12,0,22,2,0,27.076
141,Grid,7,10.342,1.439,0.814,0.001,24.297,30.231,0.001,0.050,0.552,9.547,0.095,27,12,0,22,2,0,22.335
141,Grid,8,10.458,1.423,0.827,0.001,25.106,33.245,0.001,0.065,0.441,9.758,0.094,27,12,0,22,2,0,25.480
141,Grid,9,10.392,1.413,0.852,0.001,24.254,29.756,0.001,0.052,0.546,9.604,0.093,27,12,0,22,2,0,21.494
141,Grid,10,10.304,1.633,0.817,0.001,26.332,22.425,0.001,0.052,0.526,9.530,0.093,27,12,0,22,2,0,15.690
141,Rows,1,16.345,1.851,1.036,0.001,22.353,33.718,0.001,0.054,0.533,15.433,0.206,27,12,0,22,2,0,25.846
141,Rows,2,11.689,2.120,0.774,0.001,16.724,29.023,0.001,0.053,0.607,10.829,0.094,27,12,0,22,2,0,22.122
141,Rows,3,24.359,0.196,1.128,0.001,26.778,31.128,0.001,0.050,0.586,23.457,0.170,27,12,0,22,2,0,23.219
141,Rows,4,11.232,1.646,0.772,0.001,22.680,22.364,0.001,0.054,0.797,10.140,0.096,27,12,0,22,2,0,15.432
141,Rows,5,26.657,0.256,1.541,0.001,26.293,33.592,0.001,0.049,0.544,25.816,0.154,27,12,0,22,2,0,22.331
141,Rows,6,10.928,1.552,0.718,0.001,21.240,22.093,0.001,0.057,0.734,9.927,0.093,27,12,0,22,2,0,15.392
141,Rows,7,11.300,1.413,0.707,0.001,21.984,30.615,0.001,0.060,0.635,10.377,0.096,27,12,0,22,2,0,23.866
141,Rows,8,15.992,1.270,0.731,0.001,26.828,38.924,0.001,0.057,4.628,11.034,0.166,27,12,0,22,2,0,25.840
141,Rows,9,10.371,1.528,0.736,0.001,22.778,29.347,0.001,0.054,0.515,9.590,0.094,27,12,0,22,2,0,21.655
141,Rows,10,17.370,0.201,1.104,0.001,24.583,32.345,0.001,0.049,0.456,16.606,0.157,27,12,0,22,2,0,24.217
142,Rows,1,10.380,1.573,0.719,0.001,28.217,29.974,0.001,0.055,0.401,9.715,0.097,27,12,0,22,2,0,21.935
142,Rows,2,10.708,1.371,0.751,0.001,22.857,22.906,0.001,0.055,0.603,9.819,0.094,27,12,0,22,2,0,16.125
142,Rows,3,19.046,0.081,1.207,0.001,23.966,25.751,0.001,0.058,0.593,18.114,0.165,27,12,0,22,2,0,17.174
142,Rows,4,16.751,2.277,1.090,0.001,26.736,36.384,0.001,0.048,0.620,15.792,0.185,27,12,0,22,2,0,23.694
142,Rows,5,10.426,1.627,0.743,0.001,22.600,30.029,0.001,0.055,0.546,9.592,0.111,27,12,0,22,2,0,22.167
142,Rows,6,10.538,1.574,0.739,0.001,22.599,29.733,0.001,0.055,0.455,9.826,0.095,27,12,0,22,2,0,21.683
142,Rows,7,10.685,1.893,0.728,0.001,27.449,35.150,0.002,0.056,0.632,9.783,0.094,27,12,0,22,2,0,22.814
142,Rows,8,18.737,0.258,1.130,0.001,22.552,30.220,0.001,0.055,0.700,17.649,0.161,27,12,0,22,2,0,21.544
142,Rows,9,11.389,1.323,0.736,0.001,25.250,26.059,0.001,0.049,0.639,10.500,0.095,27,12,0,22,2,0,15.733
142,Rows,10,17.693,0.637,1.209,0.001,22.297,26.236,0.001,0.050,0.607,16.764,0.159,27,12,0,22,2,0,17.242
142,Grid,1,16.805,1.451,1.308,0.001,24.336,27.321,0.001,0.053,0.505,15.979,0.173,27,12,0,22,2,0,19.186
142,Grid,2,18.682,0.122,1.186,0.001,26.548,40.340,0.001,0.052,0.641,17.710,0.172,27,12,0,22,2,0,28.095
142,Grid,3,11.476,1.553,0.880,0.001,18.674,30.791,0.001,0.053,0.702,10.523,0.094,27,12,0,22,2,0,23.826
142,Grid,4,16.587,3.264,1.355,0.001,28.145,35.299,0.001,0.055,0.551,15.700,0.176,27,12,0,22,2,0,26.629
142,Grid,5,11.418,1.409,0.881,0.001,25.097,31.775,0.001,0.055,0.621,10.537,0.097,27,12,0,22,2,0,22.966
142,Grid,6,10.814,1.426,0.835,0.001,25.625,32.040,0.001,0.065,0.582,9.943,0.100,27,12,0,22,2,0,23.771
142,Grid,7,22.265,0.105,1.254,0.001,26.374,32.462,0.001,0.053,0.678,21.253,0.182,27,12,0,22,2,0,24.047
142,Grid,8,18.400,0.077,0.888,0.001,24.980,31.199,0.001,0.054,0.603,17.442,0.167,27,12,0,22,2,0,24.091
142,Grid,9,11.755,1.369,0.891,0.001,31.005,24.072,0.001,0.055,0.681,10.823,0.096,27,12,0,22,2,0,17.307
142,Grid,10,18.770,0.079,1.258,0.001,24.213,32.348,0.001,0.057,0.769,17.651,0.167,27,12,0,22,2,0,24.574
143,Grid,1,10.394,1.539,0.824,0.002,22.967,43.848,0.001,0.060,0.418,9.702,0.095,27,12,0,22,2,0,36.946
143,Grid,2,10.771,1.595,0.861,0.001,25.462,30.542,0.001,0.056,0.626,9.846,0.132,27,12,0,22,2,0,21.919
143,Grid,3,10.525,1.664,0.870,0.001,27.362,30.559,0.001,0.057,0.567,9.676,0.129,27,12,0,22,2,0,22.531
143,Grid,4,11.730,0.885,1.344,0.001,27.533,37.354,0.001,0.065,0.639,10.764,0.100,27,12,0,22,2,0,20.169
143,Grid,5,10.501,1.461,0.854,0.001,25.248,22.722,0.001,0.058,0.560,9.668,0.094,27,12,0,22,2,0,15.911
143,Grid,6,10.630,1.832,0.915,0.001,25.318,30.041,0.001,0.056,0.577,9.789,0.104,27,12,0,22,2,0,21.573
143,Grid,7,10.785,1.695,0.869,0.001,26.217,33.877,0.001,0.068,0.620,9.889,0.096,27,12,0,22,2,0,21.431
143,Grid,8,10.476,1.507,0.844,0.001,25.883,30.662,0.001,0.053,0.597,9.628,0.094,27,12,0,22,2,0,22.439
143,Grid,9,10.433,1.705,0.868,0.001,24.507,36.432,0.001,0.059,0.496,9.675,0.094,27,12,0,22,2,0,28.122
143,Grid,10,10.348,1.743,0.824,0.001,24.435,30.885,0.001,0.066,0.471,9.588,0.095,27,12,0,22,2,0,22.275
143,Rows,1,10.467,1.812,0.755,0.001,23.980,34.079,0.001,0.060,0.416,9.783,0.096,27,12,0,22,2,0,25.835
143,Rows,2,13.284,0.973,0.734,0.001,23.786,31.106,0.001,0.057,0.640,12.324,0.124,27,12,0,22,2,0,24.239
143,Rows,3,18.214,0.255,1.130,0.001,24.129,29.357,0.001,0.085,0.602,17.328,0.099,27,12,0,22,2,0,20.538
143,Rows,4,10.648,1.530,0.685,0.001,24.730,33.429,0.001,0.059,0.576,9.789,0.094,27,12,0,22,2,0,21.706
143,Rows,5,10.415,1.332,0.739,0.001,25.143,31.256,0.001,0.051,0.543,9.631,0.093,27,12,0,22,2,0,23.013
143,Rows,6,10.688,1.575,0.734,0.001,26.342,23.664,0.001,0.060,0.690,9.730,0.096,27,12,0,22,2,0,16.902
143,Rows,7,19.340,0.173,1.192,0.001,23.546,34.225,0.001,0.060,0.729,18.232,0.192,27,12,0,22,2,0,25.291
143,Rows,8,10.906,1.462,0.947,0.001,17.532,31.122,0.001,0.055,0.649,9.999,0.095,27,12,0,22,2,0,24.347
143,Rows,9,23.997,0.037,1.204,0.001,26.234,32.296,0.002,0.057,0.571,23.036,0.217,27,12,0,22,2,0,23.924
143,Rows,10,11.033,1.764,0.835,0.001,25.832,24.859,0.001,0.061,0.619,10.056,0.143,27,12,0,22,2,0,17.676
144,Rows,1,10.525,1.581,0.747,0.001,27.972,29.497,0.001,0.059,0.543,9.718,0.097,27,12,0,22,2,0,21.475
144,Rows,2,10.620,1.602,0.730,0.001,22.551,31.246,0.001,0.081,0.545,9.773,0.095,27,12,0,22,2,0,22.760
144,Rows,3,10.389,1.626,0.827,0.001,28.722,31.020,0.001,0.055,0.485,9.626,0.115,27,12,0,22,2,0,22.746
144,Rows,4,11.283,0.899,0.715,0.001,22.736,29.542,0.001,0.057,0.558,10.450,0.096,27,12,0,22,2,0,21.560
144,Rows,5,10.372,1.649,0.731,0.001,23.766,30.970,0.001,0.056,0.469,9.644,0.097,27,12,0,22,2,0,23.192
144,Rows,6,22.324,0.169,0.950,0.001,26.491,29.850,0.001,0.056,0.555,21.413,0.170,27,12,0,22,2,0,21.022
144,Rows,7,10.962,1.688,0.773,0.001,23.313,23.277,0.001,0.065,0.525,10.137,0.112,27,12,0,22,2,0,16.270
144,Rows,8,18.375,0.326,1.167,0.001,26.788,25.353,0.002,0.063,0.559,17.479,0.164,27,12,0,22,2,0,16.709
144,Rows,9,17.118,1.573,0.771,0.001,25.502,25.449,0.002,5.498,1.537,9.824,0.097,27,12,0,22,2,0,16.377
144,Rows,10,17.868,0.540,1.202,0.001,23.222,26.372,0.002,0.058,0.599,16.899,0.178,27,12,0,22,2,0,17.113
144,Grid,1,16.052,3.680,1.351,0.001,28.972,34.887,0.001,0.046,0.556,15.203,0.141,27,12,0,22,2,0,26.454
144,Grid,2,15.978,0.142,0.880,0.001,23.938,23.813,0.001,0.057,0.615,14.996,0.169,27,12,0,22,2,0,16.761
144,Grid,3,16.933,2.020,1.403,0.001,26.766,34.707,0.001,0.060,0.593,16.013,0.166,27,12,0,22,2,0,25.890
144,Grid,4,16.826,1.474,0.977,0.001,27.144,37.459,0.001,0.057,0.580,15.967,0.098,27,12,0,22,2,0,24.580
144,Grid,5,10.674,1.794,0.866,0.001,24.472,32.193,0.001,0.086,0.604,9.742,0.114,27,12,0,22,2,0,23.313
144,Grid,6,10.591,1.932,0.888,0.001,25.634,34.592,0.001,0.061,0.488,9.837,0.097,27,12,0,22,2,0,26.292
144,Grid,7,12.245,1.755,0.868,0.001,24.490,30.593,0.001,0.081,0.453,11.420,0.163,27,12,0,22,2,0,22.181
144,Grid,8,18.307,0.073,0.849,0.001,27.789,27.951,0.001,0.058,0.557,17.410,0.160,27,12,0,22,2,0,21.173
144,Grid,9,11.883,2.024,1.099,0.001,25.149,31.550,0.001,0.063,0.744,10.821,0.097,27,12,0,22,2,0,24.280
144,Grid,10,10.968,1.858,0.893,0.001,26.204,35.763,0.001,0.054,0.593,10.126,0.097,27,12,0,22,2,0,28.844
145,Grid,1,10.540,1.657,0.851,0.001,28.311,30.669,0.001,0.059,0.411,9.854,0.096,27,12,0,22,2,0,22.470
145,Grid,2,10.600,1.406,0.850,0.001,25.180,31.701,0.001,0.060,0.552,9.728,0.097,27,12,0,22,2,0,23.255
145,Grid,3,10.385,1.546,0.919,0.001,28.840,32.158,0.001,0.056,0.492,9.595,0.125,27,12,0,22,2,0,23.650
145,Grid,4,10.765,2.067,0.871,0.001,24.722,31.644,0.001,0.060,0.556,9.920,0.097,27,12,0,22,2,0,22.941
145,Grid,5,10.689,1.595,0.886,0.001,24.703,30.541,0.001,0.074,0.629,9.785,0.097,27,12,0,22,2,0,22.283
145,Grid,6,22.327,0.345,1.171,0.001,25.884,30.566,0.001,0.067,0.489,21.450,0.192,27,12,0,22,2,0,21.977
145,Grid,7,18.569,0.262,0.870,0.001,25.205,32.062,0.001,0.061,0.691,17.531,0.165,27,12,0,22,2,0,24.801
145,Grid,8,18.420,0.218,0.878,0.001,24.814,26.946,0.001,0.077,0.628,17.418,0.164,27,12,0,22,2,0,20.177
145,Grid,9,12.190,1.542,0.846,0.001,24.979,32.445,0.001,0.057,0.650,11.261,0.098,27,12,0,22,2,0,25.424
145,Grid,10,10.445,1.553,0.851,0.001,25.940,35.140,0.001,0.052,0.570,9.633,0.096,27,12,0,22,2,0,27.194
145,Rows,1,10.578,1.691,0.761,0.001,23.687,30.404,0.003,0.056,0.570,9.746,0.096,27,12,0,22,2,0,22.241
145,Rows,2,15.717,0.321,0.734,0.002,27.932,36.275,0.001,0.060,0.597,14.849,0.098,27,12,0,22,2,0,29.358
145,Rows,3,10.554,1.659,0.768,0.001,23.996,30.724,0.001,0.055,0.523,9.733,0.098,27,12,0,22,2,0,22.100
145,Rows,4,10.462,1.707,0.765,0.002,22.923,30.600,0.002,0.052,0.542,9.672,0.098,27,12,0,22,2,0,23.612
145,Rows,5,16.593,2.387,1.201,0.001,23.342,26.178,0.001,0.079,0.568,15.638,0.174,27,12,0,22,2,0,17.448
145,Rows,6,16.033,3.824,1.163,0.001,25.086,38.434,0.001,0.059,0.551,15.156,0.160,27,12,0,22,2,0,29.703
145,Rows,7,10.558,1.736,0.726,0.001,23.628,31.713,0.001,0.068,0.520,9.750,0.097,27,12,0,22,2,0,23.078
145,Rows,8,10.499,1.764,0.765,0.001,25.087,30.733,0.001,0.054,0.592,9.656,0.097,27,12,0,22,2,0,22.753
145,Rows,9,11.016,1.868,0.786,0.001,25.164,34.130,0.002,0.062,0.656,10.071,0.097,27,12,0,22,2,0,22.024
145,Rows,10,10.582,1.919,0.788,0.001,23.844,30.784,0.001,0.062,0.580,9.715,0.099,27,12,0,22,2,0,22.419
146,Rows,1,10.436,1.538,0.674,0.003,19.318,43.778,0.001,0.053,0.478,9.712,0.095,27,12,0,22,2,0,37.038
146,Rows,2,18.862,0.126,1.069,0.001,24.307,28.930,0.001,0.056,0.577,17.939,0.162,27,12,0,22,2,0,20.596
146,Rows,3,10.967,1.348,0.753,0.001,26.511,22.732,0.001,0.057,0.627,10.081,0.094,27,12,0,22,2,0,16.075
146,Rows,4,19.438,0.132,1.155,0.001,24.210,24.850,0.001,0.054,0.717,18.378,0.175,27,12,0,22,2,0,16.409
146,Rows,5,10.902,1.556,0.780,0.002,24.617,27.206,0.001,0.072,0.654,9.970,0.096,27,12,0,22,2,0,20.370
146,Rows,6,19.364,0.066,1.169,0.001,22.556,25.815,0.001,0.050,0.585,18.350,0.237,27,12,0,22,2,0,16.880
146,Rows,7,10.491,1.411,0.752,0.001,24.640,29.780,0.001,0.086,0.564,9.648,0.097,27,12,0,22,2,0,21.627
146,Rows,8,10.922,1.887,0.775,0.001,24.135,33.602,0.001,0.052,0.625,10.027,0.098,27,12,0,22,2,0,21.909
146,Rows,9,10.372,1.382,0.718,0.001,24.239,29.036,0.001,0.046,0.524,9.586,0.094,27,12,0,22,2,0,21.216
146,Rows,10,10.406,1.494,0.746,0.001,23.903,29.902,0.001,0.055,0.481,9.665,0.095,27,12,0,22,2,0,22.056
146,Grid,1,10.902,1.323,0.780,0.001,26.050,27.359,0.001,0.050,0.555,10.090,0.096,27,12,0,22,2,0,16.897
146,Grid,2,19.789,0.113,1.507,0.001,26.864,36.075,0.001,0.047,0.628,18.822,0.158,27,12,0,22,2,0,27.969
146,Grid,3,11.710,1.122,0.861,0.001,25.904,23.762,0.001,0.056,0.749,10.680,0.122,27,12,0,22,2,0,16.829
146,Grid,4,19.499,0.391,1.384,0.001,25.898,38.292,0.001,0.060,0.573,18.556,0.181,27,12,0,22,2,0,29.800
146,Grid,5,11.513,1.489,0.857,0.001,24.589,22.584,0.001,0.052,0.673,10.590,0.094,27,12,0,22,2,0,15.705
146,Grid,6,19.003,0.335,1.309,0.001,31.129,36.314,0.001,0.056,0.559,18.097,0.182,27,12,0,22,2,0,28.146
146,Grid,7,18.715,0.183,1.204,0.001,25.311,33.696,0.001,0.055,0.821,17.543,0.172,27,12,0,22,2,0,25.088
146,Grid,8,11.897,1.112,0.859,0.001,23.798,32.934,0.001,0.055,0.625,10.992,0.097,27,12,0,22,2,0,26.129
146,Grid,9,18.125,0.179,0.969,0.001,24.152,29.895,0.002,0.100,0.541,17.207,0.162,27,12,0,22,2,0,21.247
146,Grid,10,13.417,1.145,0.783,0.001,24.676,27.260,0.001,0.056,0.504,12.590,0.166,27,12,0,22,2,0,20.517
147,Grid,1,10.424,1.514,0.799,0.001,26.470,21.782,0.001,0.045,0.498,9.694,0.093,27,12,0,22,2,0,14.944
147,Grid,2,15.974,2.697,1.123,0.001,25.737,31.552,0.001,0.056,0.518,15.114,0.170,27,12,0,22,2,0,23.400
147,Grid,3,10.273,1.478,0.808,0.001,28.638,29.825,0.001,0.054,0.454,9.571,0.094,27,12,0,22,2,0,21.871
147,Grid,4,11.022,1.009,0.835,0.001,23.068,22.026,0.001,0.067,0.567,10.173,0.094,27,12,0,22,2,0,15.339
147,Grid,5,10.426,1.361,0.857,0.001,24.596,30.283,0.001,0.048,0.545,9.627,0.093,27,12,0,22,2,0,22.369
147,Grid,6,21.706,0.434,1.152,0.001,27.726,32.796,0.001,0.078,0.543,20.817,0.173,27,12,0,22,2,0,24.318
147,Grid,7,10.594,2.510,0.825,0.001,24.186,29.827,0.001,0.062,0.538,9.769,0.094,27,12,0,22,2,0,21.814
147,Grid,8,18.462,0.045,0.861,0.001,24.132,25.656,0.001,0.050,0.770,17.368,0.171,27,12,0,22,2,0,19.124
147,Grid,9,18.349,0.168,1.031,0.001,24.224,29.589,0.001,0.052,0.657,17.371,0.165,27,12,0,22,2,0,21.088
147,Grid,10,11.916,1.273,0.831,0.001,21.648,33.371,0.001,0.061,1.142,10.506,0.093,27,12,0,22,2,0,26.169
147,Rows,1,19.219,0.230,1.209,0.001,22.946,32.978,0.001,0.049,1.036,17.833,0.174,27,12,0,22,2,0,25.418
147,Rows,2,11.455,1.257,0.773,0.001,24.468,26.483,0.001,0.051,0.648,10.559,0.101,27,12,0,22,2,0,19.781
147,Rows,3,19.251,0.446,1.142,0.001,23.896,32.175,0.001,0.049,0.651,18.197,0.229,27,12,0,22,2,0,23.881
147,Rows,4,10.821,1.254,0.729,0.001,24.448,27.561,0.001,0.050,0.621,9.969,0.094,27,12,0,22,2,0,20.939
147,Rows,5,17.566,0.128,1.132,0.001,21.965,25.892,0.001,0.051,0.585,16.661,0.161,27,12,0,22,2,0,17.111
147,Rows,6,18.241,0.173,1.172,0.001,24.578,33.218,0.001,0.057,0.820,17.090,0.165,27,12,0,22,2,0,24.588
147,Rows,7,10.475,2.049,0.717,0.001,25.992,37.860,0.001,0.047,0.592,9.646,0.094,27,12,0,22,2,0,26.325
147,Rows,8,10.366,1.378,0.723,0.001,23.443,29.646,0.001,0.055,0.509,9.593,0.094,27,12,0,22,2,0,21.992
147,Rows,9,10.250,1.699,0.724,0.001,23.202,32.482,0.001,0.055,0.491,9.510,0.092,27,12,0,22,2,0,24.751
147,Rows,10,10.518,1.374,0.690,0.001,21.754,22.025,0.001,0.051,0.531,9.743,0.095,27,12,0,22,2,0,15.362
148,Rows,1,12.215,0.814,0.732,0.002,19.147,48.018,0.001,0.055,0.397,11.550,0.095,27,12,0,22,2,0,40.034
148,Rows,2,10.567,1.389,0.721,0.001,24.259,30.773,0.001,0.056,0.579,9.712,0.096,27,12,0,22,2,0,22.245
148,Rows,3,10.506,1.273,0.752,0.001,33.901,29.943,0.001,0.058,0.535,9.728,0.094,27,12,0,22,2,0,22.014
148,Rows,4,10.704,2.056,0.812,0.001,23.706,31.242,0.001,0.061,0.581,9.810,0.096,27,12,0,22,2,0,22.904
148,Rows,5,10.537,1.802,0.753,0.001,25.978,34.673,0.001,0.058,0.453,9.822,0.101,27,12,0,22,2,0,26.827
148,Rows,6,10.524,1.353,0.736,0.001,24.869,29.551,0.001,0.059,0.576,9.673,0.095,27,12,0,22,2,0,21.797
148,Rows,7,10.337,1.557,0.736,0.001,25.480,33.951,0.001,0.062,0.471,9.603,0.095,27,12,0,22,2,0,25.917
148,Rows,8,10.356,1.639,0.763,0.001,23.183,30.757,0.001,0.058,0.496,9.588,0.095,27,12,0,22,2,0,22.908
148,Rows,9,10.325,1.589,0.747,0.001,25.009,34.613,0.001,0.057,0.484,9.575,0.102,27,12,0,22,2,0,26.809
148,Rows,10,12.066,1.229,1.068,0.001,22.515,30.777,0.001,0.052,0.535,11.279,0.096,27,12,0,22,2,0,22.366
148,Grid,1,10.315,1.731,0.840,0.001,25.148,35.077,0.001,0.055,0.404,9.643,0.095,27,12,0,22,2,0,26.730
148,Grid,2,18.128,0.354,0.853,0.001,17.733,30.645,0.001,0.059,0.613,17.166,0.164,27,12,0,22,2,0,23.656
148,Grid,3,16.624,1.436,1.210,0.001,26.419,36.485,0.001,0.052,0.555,15.747,0.167,27,12,0,22,2,0,28.222
148,Grid,4,11.003,1.247,0.814,0.001,26.279,31.660,0.001,0.062,0.502,10.223,0.095,27,12,0,22,2,0,23.087
148,Grid,5,10.249,1.679,0.859,0.001,28.137,29.405,0.001,0.058,0.460,9.502,0.124,27,12,0,22,2,0,21.474
148,Grid,6,11.075,0.816,0.846,0.001,24.601,31.256,0.001,0.059,0.633,10.171,0.094,27,12,0,22,2,0,22.997
148,Grid,7,10.352,1.558,0.845,0.001,25.004,30.952,0.001,0.058,0.464,9.591,0.116,27,12,0,22,2,0,22.626
148,Grid,8,13.849,2.107,0.846,0.001,27.554,33.436,0.001,0.052,0.571,13.034,0.100,27,12,0,22,2,0,18.499
148,Grid,9,18.846,0.276,1.422,0.001,28.175,33.724,0.001,0.084,0.636,17.797,0.180,27,12,0,22,2,0,24.601
148,Grid,10,12.247,1.496,0.863,0.001,23.923,30.582,0.001,0.055,0.634,11.329,0.097,27,12,0,22,2,0,23.546
149,Grid,1,18.334,1.351,0.782,0.001,23.393,41.537,0.001,0.051,0.507,9.827,7.845,27,12,0,22,2,0,26.740
149,Grid,2,10.327,1.307,0.822,0.001,23.867,29.671,0.001,0.054,0.502,9.541,0.116,27,12,0,22,2,0,21.965
149,Grid,3,11.616,1.448,0.817,0.001,24.046,33.286,0.001,0.056,0.463,10.902,0.093,27,12,0,22,2,0,25.574
149,Grid,4,10.524,1.468,0.814,0.001,23.901,29.570,0.001,0.052,0.656,9.624,0.093,27,12,0,22,2,0,21.386
149,Grid,5,10.405,1.375,0.760,0.001,26.181,33.540,0.001,0.068,0.481,9.659,0.093,27,12,0,22,2,0,25.641
149,Grid,6,10.347,1.427,0.817,0.001,24.100,28.260,0.001,0.070,0.506,9.562,0.094,27,12,0,22,2,0,20.350
149,Grid,7,10.352,1.497,0.831,0.001,27.233,21.984,0.001,0.074,0.498,9.536,0.132,27,12,0,22,2,0,15.451
149,Grid,8,18.436,0.244,1.322,0.001,23.568,33.310,0.001,0.048,0.750,17.341,0.197,27,12,0,22,2,0,25.178
149,Grid,9,18.500,0.467,1.286,0.001,25.624,29.539,0.001,0.055,0.610,17.537,0.189,27,12,0,22,2,0,21.130
149,Grid,10,23.300,0.051,1.084,0.001,25.371,29.585,0.001,0.054,0.663,22.311,0.165,27,12,0,22,2,0,20.962
149,Rows,1,11.234,1.402,0.705,0.001,22.089,22.861,0.001,0.053,0.543,10.447,0.093,27,12,0,22,2,0,16.347
149,Rows,2,19.127,0.126,1.163,0.001,22.844,27.672,0.001,0.056,0.557,18.211,0.194,27,12,0,22,2,0,19.803
149,Rows,3,10.768,1.340,0.724,0.001,25.258,21.908,0.001,0.051,0.626,9.874,0.116,27,12,0,22,2,0,15.186
149,Rows,4,18.275,0.139,1.149,0.001,33.193,29.277,0.001,0.055,0.583,17.370,0.162,27,12,0,22,2,0,21.032
149,Rows,5,13.813,0.411,0.743,0.001,24.251,37.949,0.001,0.053,0.750,12.787,0.094,27,12,0,22,2,0,29.258
149,Rows,6,10.409,1.473,0.709,0.001,23.760,34.108,0.001,0.052,0.547,9.624,0.093,27,12,0,22,2,0,25.930
149,Rows,7,10.355,1.810,0.773,0.001,23.524,29.322,0.001,0.058,0.480,9.604,0.094,27,12,0,22,2,0,20.923
149,Rows,8,10.294,1.397,0.696,0.001,27.107,29.240,0.001,0.049,0.554,9.504,0.097,27,12,0,22,2,0,21.571
149,Rows,9,10.734,1.344,0.754,0.001,23.348,30.508,0.001,0.061,0.617,9.838,0.095,27,12,0,22,2,0,22.222
149,Rows,10,10.302,1.242,0.683,0.001,23.755,28.459,0.001,0.047,0.557,9.518,0.094,27,12,0,22,2,0,20.842
150,Rows,1,10.410,1.137,0.687,0.001,21.397,40.808,0.001,0.052,0.472,9.667,0.093,27,12,0,22,2,0,33.849
150,Rows,2,10.495,1.229,0.684,0.001,24.632,29.270,0.001,0.053,0.545,9.690,0.093,27,12,0,22,2,0,21.600
150,Rows,3,18.600,0.136,1.096,0.001,26.466,27.972,0.001,0.054,0.731,17.539,0.172,27,12,0,22,2,0,20.162
150,Rows,4,11.064,1.479,0.670,0.001,21.060,28.822,0.001,0.053,0.619,10.182,0.094,27,12,0,22,2,0,22.092
150,Rows,5,10.415,1.111,0.700,0.001,22.704,32.733,0.001,0.069,0.461,9.672,0.092,27,12,0,22,2,0,24.528
150,Rows,6,10.348,1.342,0.702,0.001,22.334,29.154,0.001,0.048,0.481,9.584,0.121,27,12,0,22,2,0,21.179
150,Rows,7,10.520,1.125,0.719,0.001,22.145,21.925,0.001,0.059,0.527,9.742,0.093,27,12,0,22,2,0,15.488
150,Rows,8,18.423,0.299,0.996,0.001,23.884,27.902,0.001,0.048,0.623,17.484,0.174,27,12,0,22,2,0,16.064
150,Rows,9,10.827,1.296,0.876,0.001,15.846,28.089,0.001,0.047,0.589,10.003,0.093,27,12,0,22,2,0,21.547
150,Rows,10,18.424,0.170,1.211,0.001,25.092,23.591,0.001,0.052,0.569,17.535,0.167,27,12,0,22,2,0,15.573
150,Grid,1,10.720,1.218,0.796,0.001,24.002,28.470,0.001,0.063,0.566,9.891,0.092,27,12,0,22,2,0,21.013
150,Grid,2,12.129,1.156,0.795,0.001,23.855,21.705,0.001,0.048,0.619,11.280,0.094,27,12,0,22,2,0,15.270
150,Grid,3,23.280,0.855,1.345,0.001,31.081,38.334,0.001,0.055,0.600,22.367,0.150,27,12,0,22,2,0,25.068
150,Grid,4,10.869,1.179,0.874,0.001,26.575,22.522,0.001,0.056,0.601,9.941,0.113,27,12,0,22,2,0,15.840
150,Grid,5,17.849,0.215,1.284,0.001,26.707,32.296,0.001,0.049,0.625,16.925,0.151,27,12,0,22,2,0,24.719
150,Grid,6,10.525,1.486,0.889,0.001,23.518,34.548,0.001,0.056,0.520,9.715,0.130,27,12,0,22,2,0,26.612
150,Grid,7,10.308,1.524,0.819,0.001,23.355,29.511,0.001,0.055,0.476,9.565,0.098,27,12,0,22,2,0,21.506
150,Grid,8,10.251,1.476,0.868,0.001,26.174,35.562,0.001,0.049,0.447,9.556,0.100,27,12,0,22,2,0,27.392
150,Grid,9,10.375,1.262,0.808,0.001,24.881,29.799,0.001,0.049,0.552,9.580,0.094,27,12,0,22,2,0,21.990
150,Grid,10,10.448,1.473,0.831,0.001,23.973,32.836,0.001,0.050,0.557,9.580,0.169,27,12,0,22,2,0,24.822
151,Grid,1,10.444,1.276,0.792,0.001,25.415,21.649,0.001,0.047,0.488,9.722,0.094,27,12,0,22,2,0,14.909
151,Grid,2,16.301,1.460,1.052,0.001,23.535,32.936,0.001,0.054,0.524,15.386,0.186,27,12,0,22,2,0,25.010
151,Grid,3,19.088,0.466,1.463,0.001,24.328,31.148,0.001,0.058,0.615,18.125,0.193,27,12,0,22,2,0,22.466
151,Grid,4,12.484,0.388,0.839,0.001,25.832,35.923,0.001,0.048,0.632,11.610,0.094,27,12,0,22,2,0,24.565
151,Grid,5,18.433,0.031,0.855,0.001,24.102,22.113,0.001,0.055,0.627,17.480,0.163,27,12,0,22,2,0,15.385
151,Grid,6,10.327,1.348,0.800,0.001,24.049,26.386,0.001,0.054,0.447,9.634,0.092,27,12,0,22,2,0,19.811
151,Grid,7,18.017,0.193,1.278,0.001,25.100,32.351,0.001,0.055,0.594,17.075,0.172,27,12,0,22,2,0,24.254
151,Grid,8,10.406,1.489,0.821,0.001,24.325,27.829,0.001,0.057,0.507,9.645,0.093,27,12,0,22,2,0,21.249
151,Grid,9,16.326,2.671,1.307,0.001,23.187,31.762,0.001,0.053,0.566,15.377,0.172,27,12,0,22,2,0,23.665
151,Grid,10,11.495,0.888,0.850,0.001,25.910,33.043,0.001,0.057,0.476,10.761,0.096,27,12,0,22,2,0,24.882
151,Rows,1,10.505,1.454,0.720,0.001,23.106,29.400,0.001,0.047,0.507,9.763,0.092,27,12,0,22,2,0,21.798
151,Rows,2,12.760,0.637,0.747,0.001,22.944,22.036,0.001,0.050,0.604,11.903,0.094,27,12,0,22,2,0,15.464
151,Rows,3,19.592,0.127,1.198,0.001,28.431,28.230,0.001,0.053,0.800,18.429,0.162,27,12,0,22,2,0,15.679
151,Rows,4,10.513,1.319,0.701,0.001,22.325,30.122,0.001,0.055,0.545,9.686,0.112,27,12,0,22,2,0,21.820
151,Rows,5,10.343,1.307,0.710,0.001,22.638,32.063,0.001,0.045,0.560,9.559,0.093,27,12,0,22,2,0,24.193
151,Rows,6,10.659,1.329,0.733,0.001,24.166,22.002,0.001,0.051,0.646,9.730,0.118,27,12,0,22,2,0,15.355
151,Rows,7,10.395,1.436,0.676,0.001,26.469,31.172,0.001,0.053,0.464,9.677,0.098,27,12,0,22,2,0,23.135
151,Rows,8,10.917,1.461,0.661,0.001,22.758,29.347,0.001,0.048,0.591,10.056,0.108,27,12,0,22,2,0,21.611
151,Rows,9,10.573,1.399,0.706,0.001,22.782,26.144,0.001,0.056,0.475,9.848,0.095,27,12,0,22,2,0,19.703
151,Rows,10,17.873,0.111,1.123,0.001,23.146,23.845,0.001,0.054,0.580,16.966,0.157,27,12,0,22,2,0,15.402
152,Rows,1,10.316,1.360,0.703,0.002,20.080,46.264,0.001,0.054,0.384,9.670,0.094,27,12,0,22,2,0,38.420
152,Rows,2,15.385,0.542,1.067,0.001,18.278,34.961,0.001,0.052,0.647,14.376,0.186,27,12,0,22,2,0,26.649
152,Rows,3,17.698,0.387,1.164,0.001,32.351,24.908,0.001,0.058,0.579,16.777,0.172,27,12,0,22,2,0,16.343
152,Rows,4,18.797,0.313,1.171,0.001,24.881,24.754,0.001,0.057,0.680,17.737,0.181,27,12,0,22,2,0,16.612
152,Rows,5,18.531,0.147,1.007,0.001,19.429,28.556,0.001,0.055,0.635,17.563,0.172,27,12,0,22,2,0,19.876
152,Rows,6,18.437,0.571,1.145,0.001,23.766,24.833,0.001,0.056,0.681,17.395,0.183,27,12,0,22,2,0,16.500
152,Rows,7,16.004,2.859,1.130,0.001,22.350,29.256,0.001,0.049,0.566,15.127,0.168,27,12,0,22,2,0,20.829
152,Rows,8,17.832,0.111,0.932,0.001,22.547,24.341,0.001,0.053,0.594,16.907,0.164,27,12,0,22,2,0,16.228
152,Rows,9,10.281,1.397,0.761,0.001,22.560,22.106,0.001,0.054,0.483,9.545,0.096,27,12,0,22,2,0,15.407
152,Rows,10,18.813,0.191,1.112,0.001,30.019,27.644,0.002,0.076,0.670,17.700,0.171,27,12,0,22,2,0,15.567
152,Grid,1,11.377,1.079,0.822,0.001,17.152,29.124,0.001,0.050,0.709,10.424,0.094,27,12,0,22,2,0,21.762
152,Grid,2,16.569,1.141,1.109,0.001,28.727,36.725,0.001,0.047,0.561,15.682,0.186,27,12,0,22,2,0,28.475
152,Grid,3,10.405,1.843,0.838,0.001,25.024,30.502,0.001,0.052,0.562,9.585,0.094,27,12,0,22,2,0,22.340
152,Grid,4,10.352,1.487,0.794,0.001,24.090,22.367,0.001,0.051,0.556,9.559,0.093,27,12,0,22,2,0,15.719
152,Grid,5,24.018,0.382,1.290,0.001,19.359,31.154,0.001,0.056,0.627,23.056,0.162,27,12,0,22,2,0,22.096
152,Grid,6,18.912,0.411,1.290,0.001,24.368,34.020,0.001,0.058,0.715,17.850,0.167,27,12,0,22,2,0,25.920
152,Grid,7,11.440,0.753,0.827,0.001,24.740,21.901,0.001,0.058,0.634,10.550,0.094,27,12,0,22,2,0,15.426
152,Grid,8,19.805,0.187,1.305,0.001,19.641,58.224,0.001,0.054,0.823,18.642,0.166,27,12,0,22,2,0,46.072
152,Grid,9,10.669,1.875,0.867,0.001,24.844,31.224,0.001,0.055,0.541,9.833,0.097,27,12,0,22,2,0,22.661
152,Grid,10,10.379,1.297,0.774,0.002,19.241,45.815,0.001,0.061,0.583,9.548,0.094,27,12,0,22,2,0,37.891
153,Grid,1,10.914,1.456,0.801,0.001,28.137,32.645,0.001,0.062,0.623,9.980,0.097,27,12,0,22,2,0,23.974
153,Grid,2,10.460,1.616,0.867,0.001,24.620,31.608,0.002,0.063,0.536,9.626,0.096,27,12,0,22,2,0,23.020
153,Grid,3,10.378,1.605,0.802,0.001,28.153,22.658,0.001,0.050,0.531,9.613,0.093,27,12,0,22,2,0,15.868
153,Grid,4,16.806,2.348,1.360,0.001,23.396,34.638,0.001,0.059,0.616,15.816,0.174,27,12,0,22,2,0,26.427
153,Grid,5,10.919,1.338,0.875,0.001,26.259,30.278,0.001,0.059,0.511,10.144,0.097,27,12,0,22,2,0,23.535
153,Grid,6,21.060,0.115,1.369,0.001,25.867,30.731,0.001,0.049,0.609,20.137,0.168,27,12,0,22,2,0,21.813
153,Grid,7,10.508,1.420,0.853,0.001,23.806,22.383,0.001,0.053,0.566,9.674,0.096,27,12,0,22,2,0,15.585
153,Grid,8,10.309,1.677,0.812,0.001,25.465,33.143,0.001,0.051,0.460,9.595,0.095,27,12,0,22,2,0,24.039
153,Grid,9,11.322,0.482,0.818,0.001,25.943,33.229,0.001,0.052,0.648,10.416,0.093,27,12,0,22,2,0,21.634
153,Grid,10,10.326,1.449,0.836,0.001,25.120,29.444,0.001,0.046,0.545,9.540,0.098,27,12,0,22,2,0,21.456
153,Rows,1,10.341,1.539,0.739,0.001,26.696,30.679,0.001,0.050,0.465,9.627,0.111,27,12,0,22,2,0,23.195
153,Rows,2,18.381,0.064,0.748,0.001,26.767,32.067,0.001,0.053,0.609,17.409,0.189,27,12,0,22,2,0,25.104
153,Rows,3,11.885,1.625,0.764,0.001,23.517,22.553,0.001,0.059,0.633,10.988,0.097,27,12,0,22,2,0,15.857
153,Rows,4,24.732,0.093,1.214,0.001,26.522,32.863,0.001,0.056,0.594,23.782,0.189,27,12,0,22,2,0,25.185
153,Rows,5,11.578,1.605,0.715,0.001,22.914,21.508,0.001,0.052,0.715,10.593,0.095,27,12,0,22,2,0,14.676
153,Rows,6,10.663,1.999,0.773,0.001,23.047,31.703,0.001,0.053,0.457,9.952,0.094,27,12,0,22,2,0,24.888
153,Rows,7,15.312,2.299,1.138,0.001,24.243,29.747,0.001,0.050,4.592,10.409,0.163,27,12,0,22,2,0,21.003
153,Rows,8,18.346,0.208,0.773,0.001,24.734,22.378,0.001,0.057,0.601,17.413,0.165,27,12,0,22,2,0,15.443
153,Rows,9,11.620,1.786,0.758,0.001,27.705,30.039,0.001,0.052,0.651,10.654,0.165,27,12,0,22,2,0,23.292
153,Rows,10,10.518,1.895,1.459,0.001,24.862,32.466,0.001,0.054,0.571,9.685,0.093,27,12,0,22,2,0,23.748
154,Rows,1,10.497,1.448,0.714,0.001,30.074,29.271,0.001,0.058,0.522,9.719,0.095,27,12,0,22,2,0,21.345
154,Rows,2,10.834,2.164,0.718,0.001,22.545,33.212,0.001,0.055,0.540,10.032,0.099,27,12,0,22,2,0,25.584
154,Rows,3,10.329,1.454,0.692,0.001,28.227,21.913,0.001,0.052,0.516,9.580,0.093,27,12,0,22,2,0,15.364
154,Rows,4,21.220,0.344,1.193,0.001,25.343,38.479,0.001,0.057,3.666,17.152,0.186,27,12,0,22,2,0,24.150
154,Rows,5,10.369,1.422,0.761,0.001,24.784,30.078,0.001,0.048,0.539,9.591,0.092,27,12,0,22,2,0,22.200
154,Rows,6,14.485,1.099,0.806,0.001,24.326,30.374,0.001,0.056,0.497,13.636,0.182,27,12,0,22,2,0,22.045
154,Rows,7,23.047,0.240,0.708,0.001,25.510,21.989,0.001,0.057,5.255,17.471,0.170,27,12,0,22,2,0,15.217
154,Rows,8,10.943,1.452,0.753,0.001,24.728,31.488,0.001,0.057,0.595,10.060,0.095,27,12,0,22,2,0,24.426
154,Rows,9,11.069,1.441,0.779,0.001,23.003,34.554,0.001,0.057,0.456,10.355,0.096,27,12,0,22,2,0,27.889
154,Rows,10,10.407,1.679,0.782,0.001,23.247,29.440,0.001,0.050,0.597,9.562,0.095,27,12,0,22,2,0,21.144
154,Grid,1,10.388,1.509,0.832,0.001,22.344,28.677,0.001,0.056,0.503,9.633,0.096,27,12,0,22,2,0,22.246
154,Grid,2,16.937,2.131,1.392,0.001,24.928,33.296,0.001,0.053,0.568,16.024,0.171,27,12,0,22,2,0,24.986
154,Grid,3,10.936,1.463,0.809,0.001,21.268,44.464,0.001,0.054,0.590,10.106,0.095,27,12,0,22,2,0,36.342
154,Grid,4,10.831,1.282,0.843,0.001,24.659,30.666,0.001,0.055,0.562,9.898,0.157,27,12,0,22,2,0,22.367
154,Grid,5,10.660,1.662,0.859,0.001,25.164,27.537,0.001,0.059,0.617,9.778,0.095,27,12,0,22,2,0,20.775
154,Grid,6,16.186,1.670,1.199,0.001,26.126,33.614,0.001,0.053,0.532,15.294,0.179,27,12,0,22,2,0,25.299
154,Grid,7,10.408,1.484,0.866,0.001,26.815,29.188,0.001,0.048,0.563,9.579,0.125,27,12,0,22,2,0,21.125
154,Grid,8,10.492,1.437,0.784,0.001,23.244,29.872,0.001,0.055,0.613,9.593,0.118,27,12,0,22,2,0,21.915
154,Grid,9,10.468,1.415,0.794,0.001,23.554,21.952,0.001,0.049,0.552,9.687,0.093,27,12,0,22,2,0,15.421
154,Grid,10,25.881,0.186,1.024,0.001,25.854,30.209,0.001,0.050,0.588,24.952,0.183,27,12,0,22,2,0,21.460
155,Grid,1,10.456,1.270,0.788,0.001,25.192,29.683,0.001,0.051,0.551,9.661,0.095,27,12,0,22,2,0,21.444
155,Grid,2,18.831,1.604,0.827,0.001,22.896,44.208,0.002,0.057,0.504,17.993,0.166,27,12,0,22,2,0,27.801
155,Grid,3,10.706,1.393,1.026,0.001,23.805,30.327,0.001,0.057,0.616,9.821,0.094,27,12,0,22,2,0,23.605
155,Grid,4,10.577,1.590,0.819,0.001,24.504,22.517,0.001,0.054,0.538,9.798,0.095,27,12,0,22,2,0,15.814
155,Grid,5,18.034,0.307,1.192,0.001,27.118,36.367,0.001,0.057,0.703,16.979,0.171,27,12,0,22,2,0,23.993
155,Grid,6,11.009,1.726,0.871,0.001,23.742,32.820,0.001,0.057,0.539,10.190,0.096,27,12,0,22,2,0,25.794
155,Grid,7,10.360,1.855,0.864,0.001,27.946,29.878,0.001,0.075,0.544,9.550,0.099,27,12,0,22,2,0,23.139
155,Grid,8,10.587,2.041,1.610,0.001,24.542,31.288,0.001,0.055,0.579,9.723,0.094,27,12,0,22,2,0,22.859
155,Grid,9,10.415,1.638,0.839,0.001,24.153,34.957,0.001,0.055,0.502,9.657,0.095,27,12,0,22,2,0,26.665
155,Grid,10,10.417,1.387,0.854,0.001,24.044,29.315,0.001,0.049,0.553,9.623,0.094,27,12,0,22,2,0,21.379
155,Rows,1,10.335,1.562,0.706,0.001,27.781,27.440,0.001,0.058,0.474,9.609,0.093,27,12,0,22,2,0,21.149
155,Rows,2,19.215,0.085,1.164,0.001,23.157,25.824,0.001,0.054,0.669,18.128,0.213,27,12,0,22,2,0,16.886
155,Rows,3,11.168,1.621,5.098,0.001,25.372,37.388,0.001,0.055,0.660,10.244,0.105,27,12,0,22,2,0,25.092
155,Rows,4,10.431,1.706,0.870,0.001,24.312,31.617,0.001,0.053,0.494,9.670,0.099,27,12,0,22,2,0,22.516
155,Rows,5,10.733,1.799,0.784,0.001,25.965,34.014,0.001,0.065,0.564,9.909,0.103,27,12,0,22,2,0,25.865
155,Rows,6,10.398,1.368,0.747,0.001,22.371,29.673,0.001,0.060,0.543,9.569,0.093,27,12,0,22,2,0,21.873
155,Rows,7,10.468,1.479,0.751,0.001,25.917,29.328,0.001,0.052,0.566,9.667,0.093,27,12,0,22,2,0,21.701
155,Rows,8,11.032,1.117,0.781,0.001,23.301,30.961,0.001,0.057,0.613,10.131,0.097,27,12,0,22,2,0,22.956
155,Rows,9,10.502,1.550,0.717,0.001,22.987,22.461,0.001,0.057,0.492,9.746,0.106,27,12,0,22,2,0,15.783
155,Rows,10,23.019,0.199,1.170,0.001,18.786,30.826,0.001,0.045,0.573,22.102,0.200,27,12,0,22,2,0,22.671
156,Rows,1,10.387,1.050,0.693,0.001,22.236,27.939,0.001,0.047,0.470,9.676,0.093,27,12,0,22,2,0,20.167
156,Rows,2,23.466,0.157,0.694,0.001,23.833,21.472,0.001,0.055,0.630,22.510,0.167,27,12,0,22,2,0,14.984
156,Rows,3,11.154,1.071,0.707,0.001,21.197,30.505,0.001,0.055,0.643,10.249,0.093,27,12,0,22,2,0,24.027
156,Rows,4,10.599,1.280,0.669,0.001,22.939,33.059,0.001,0.050,0.526,9.843,0.092,27,12,0,22,2,0,26.633
156,Rows,5,10.359,1.105,0.699,0.001,23.635,28.224,0.001,0.048,0.568,9.534,0.093,27,12,0,22,2,0,20.332
156,Rows,6,10.302,1.306,1.037,0.001,22.887,33.187,0.001,0.077,0.507,9.526,0.092,27,12,0,22,2,0,24.837
156,Rows,7,10.397,1.300,0.715,0.001,23.979,28.965,0.001,0.053,0.493,9.612,0.125,27,12,0,22,2,0,21.059
156,Rows,8,10.358,1.227,0.707,0.001,25.168,32.910,0.001,0.046,0.551,9.582,0.092,27,12,0,22,2,0,25.331
156,Rows,9,11.475,0.450,0.719,0.001,23.028,26.856,0.001,0.051,0.557,10.675,0.096,27,12,0,22,2,0,18.114
156,Rows,10,16.204,2.685,1.102,0.001,24.085,30.037,0.001,0.044,0.520,15.397,0.152,27,12,0,22,2,0,21.936
156,Grid,1,17.179,0.110,1.253,0.001,22.839,27.667,0.001,0.052,0.554,16.260,0.176,27,12,0,22,2,0,19.332
156,Grid,2,17.304,1.740,1.312,0.001,25.323,35.485,0.001,0.047,0.560,16.426,0.178,27,12,0,22,2,0,27.506
156,Grid,3,10.349,1.327,0.796,0.001,23.058,22.078,0.001,0.062,0.542,9.522,0.104,27,12,0,22,2,0,15.656
156,Grid,4,17.315,0.410,1.329,0.001,24.906,34.478,0.001,0.055,0.566,16.425,0.169,27,12,0,22,2,0,26.209
156,Grid,5,10.387,1.305,0.793,0.001,27.622,32.819,0.001,0.044,0.563,9.589,0.094,27,12,0,22,2,0,24.780
156,Grid,6,13.059,1.136,0.830,0.001,24.652,34.649,0.001,0.061,0.617,12.192,0.095,27,12,0,22,2,0,26.708
156,Grid,7,12.157,0.344,0.765,0.001,16.769,28.202,0.001,0.054,0.640,11.251,0.093,27,12,0,22,2,0,20.516
156,Grid,8,19.781,0.159,1.127,0.001,24.756,39.299,0.001,0.075,0.656,18.403,0.196,27,12,0,22,2,0,31.916
156,Grid,9,12.827,0.182,0.811,0.001,24.832,21.533,0.001,0.066,0.676,11.875,0.094,27,12,0,22,2,0,15.068
156,Grid,10,11.170,0.925,0.796,0.001,23.521,26.014,0.001,0.051,0.440,10.487,0.094,27,12,0,22,2,0,19.612
157,Grid,1,10.388,1.261,0.775,0.001,25.600,28.822,0.001,0.047,0.483,9.674,0.092,27,12,0,22,2,0,20.936
157,Grid,2,10.298,1.335,0.815,0.001,23.383,28.260,0.001,0.052,0.502,9.539,0.092,27,12,0,22,2,0,20.278
157,Grid,3,10.485,1.160,0.891,0.001,29.555,30.035,0.001,0.049,0.555,9.695,0.098,27,12,0,22,2,0,22.299
157,Grid,4,11.273,0.688,0.816,0.001,24.064,30.619,0.001,0.057,0.583,10.416,0.097,27,12,0,22,2,0,22.502
157,Grid,5,10.458,1.368,0.776,0.001,24.693,29.097,0.001,0.056,0.469,9.720,0.110,27,12,0,22,2,0,21.197
157,Grid,6,21.935,0.077,1.227,0.001,26.881,30.876,0.001,0.044,0.540,21.095,0.168,27,12,0,22,2,0,22.257
157,Grid,7,12.337,0.922,0.936,0.001,27.490,31.121,0.001,0.064,0.777,11.242,0.108,27,12,0,22,2,0,24.100
157,Grid,8,14.881,0.773,0.843,0.001,24.318,29.854,0.002,0.069,0.636,13.877,0.173,27,12,0,22,2,0,21.407
157,Grid,9,10.910,1.812,0.892,0.001,17.572,32.384,0.001,0.061,0.649,9.990,0.100,27,12,0,22,2,0,25.443
157,Grid,10,16.653,2.632,1.381,0.001,16.713,34.108,0.001,0.056,0.558,15.736,0.177,27,12,0,22,2,0,25.792
157,Rows,1,17.549,0.080,1.214,0.001,25.620,31.725,0.001,0.053,0.475,16.735,0.183,27,12,0,22,2,0,23.694
157,Rows,2,18.275,0.052,0.717,0.001,25.324,22.237,0.001,0.047,1.467,16.550,0.095,27,12,0,22,2,0,15.451
157,Rows,3,14.336,1.382,0.740,0.001,24.430,31.689,0.001,0.068,0.719,13.337,0.098,27,12,0,22,2,0,23.173
157,Rows,4,14.678,1.303,0.723,0.001,25.319,32.099,0.001,0.053,0.476,13.955,0.094,27,12,0,22,2,0,18.871
157,Rows,5,10.461,1.560,0.727,0.001,24.451,29.775,0.001,0.055,0.548,9.630,0.112,27,12,0,22,2,0,21.744
157,Rows,6,10.355,1.483,0.711,0.001,23.852,31.510,0.001,0.056,0.491,9.592,0.112,27,12,0,22,2,0,23.686
157,Rows,7,10.644,2.189,0.745,0.001,25.533,33.101,0.001,0.057,0.595,9.786,0.100,27,12,0,22,2,0,21.370
157,Rows,8,10.465,1.526,0.738,0.001,23.306,31.038,0.001,0.054,0.537,9.655,0.095,27,12,0,22,2,0,23.089
157,Rows,9,10.391,1.571,0.739,0.001,22.958,32.683,0.001,0.053,0.469,9.657,0.095,27,12,0,22,2,0,24.858
157,Rows,10,10.374,1.294,0.681,0.001,23.239,22.037,0.001,0.068,0.547,9.540,0.094,27,12,0,22,2,0,15.395
158,Rows,1,10.766,1.222,0.757,0.002,21.447,43.902,0.001,0.064,0.571,9.911,0.093,27,12,0,22,2,0,36.763
158,Rows,2,10.667,1.368,0.755,0.001,24.743,32.625,0.001,0.061,0.636,9.765,0.096,27,12,0,22,2,0,24.799
158,Rows,3,10.407,1.333,0.754,0.001,27.364,29.052,0.001,0.052,0.540,9.629,0.094,27,12,0,22,2,0,21.297
158,Rows,4,11.046,0.920,0.763,0.001,23.218,30.477,0.001,0.057,0.585,10.183,0.095,27,12,0,22,2,0,22.193
158,Rows,5,10.367,1.282,0.742,0.001,28.462,30.921,0.001,0.071,0.549,9.561,0.094,27,12,0,22,2,0,23.287
158,Rows,6,10.443,1.417,0.737,0.001,24.063,30.270,0.001,0.052,0.637,9.538,0.093,27,12,0,22,2,0,22.247
158,Rows,7,10.586,1.579,0.721,0.001,24.196,33.652,0.001,0.068,0.560,9.746,0.096,27,12,0,22,2,0,25.792
158,Rows,8,10.491,1.615,0.718,0.001,22.630,22.776,0.001,0.065,0.550,9.662,0.095,27,12,0,22,2,0,15.808
158,Rows,9,17.641,0.121,1.008,0.001,24.653,29.214,0.001,0.052,0.553,16.751,0.174,27,12,0,22,2,0,20.557
158,Rows,10,10.412,1.381,0.744,0.001,23.157,28.954,0.001,0.069,0.537,9.613,0.093,27,12,0,22,2,0,20.942
158,Grid,1,10.335,1.458,0.833,0.001,26.080,34.448,0.001,0.050,0.495,9.595,0.108,27,12,0,22,2,0,26.414
158,Grid,2,18.277,0.090,0.897,0.001,24.751,21.703,0.001,0.050,0.610,17.283,0.193,27,12,0,22,2,0,14.902
158,Grid,3,10.474,1.412,0.821,0.001,24.061,30.070,0.001,0.054,0.483,9.722,0.113,27,12,0,22,2,0,22.129
158,Grid,4,10.464,1.531,0.775,0.001,26.182,33.913,0.001,0.054,0.582,9.619,0.093,27,12,0,22,2,0,22.252
158,Grid,5,10.456,1.235,0.820,0.001,24.174,21.661,0.001,0.055,0.542,9.622,0.094,27,12,0,22,2,0,14.986
158,Grid,6,10.385,1.382,0.789,0.001,23.983,30.207,0.001,0.048,0.447,9.695,0.093,27,12,0,22,2,0,22.267
158,Grid,7,10.703,1.531,0.783,0.001,26.302,36.777,0.001,0.056,0.563,9.875,0.114,27,12,0,22,2,0,25.278
158,Grid,8,10.762,1.466,0.778,0.001,27.295,31.698,0.001,0.068,0.549,9.929,0.094,27,12,0,22,2,0,23.197
158,Grid,9,10.411,1.353,0.808,0.001,24.553,30.239,0.001,0.048,0.590,9.577,0.092,27,12,0,22,2,0,22.254
158,Grid,10,10.405,1.460,0.808,0.001,23.759,31.025,0.001,0.056,0.466,9.682,0.095,27,12,0,22,2,0,22.907
159,Grid,1,10.582,1.559,0.817,0.001,20.450,48.217,0.001,0.059,0.460,9.843,0.103,27,12,0,22,2,0,40.263
159,Grid,2,10.547,1.483,0.836,0.001,24.366,31.380,0.002,0.055,0.549,9.713,0.110,27,12,0,22,2,0,23.078
159,Grid,3,11.776,1.367,0.858,0.001,25.412,33.686,0.001,0.051,0.651,10.814,0.168,27,12,0,22,2,0,27.047
159,Grid,4,10.988,1.689,0.885,0.001,26.394,32.415,0.001,0.054,0.492,10.228,0.096,27,12,0,22,2,0,24.188
159,Grid,5,10.339,1.717,0.989,0.001,25.858,33.224,0.001,0.054,0.452,9.635,0.094,27,12,0,22,2,0,24.927
159,Grid,6,18.351,0.177,1.312,0.001,25.905,30.669,0.001,0.058,0.639,17.325,0.186,27,12,0,22,2,0,22.060
159,Grid,7,11.505,1.340,0.863,0.001,21.870,31.914,0.001,0.054,0.661,10.603,0.094,27,12,0,22,2,0,25.120
159,Grid,8,16.159,2.747,1.362,0.001,24.263,30.905,0.001,0.051,0.589,15.242,0.171,27,12,0,22,2,0,23.033
159,Grid,9,10.299,1.882,0.912,0.002,26.791,35.124,0.001,0.057,0.458,9.580,0.096,27,12,0,22,2,0,27.853
159,Grid,10,10.480,1.567,0.848,0.001,24.579,30.203,0.001,0.053,0.556,9.673,0.095,27,12,0,22,2,0,21.826
159,Rows,1,10.397,1.916,0.731,0.001,26.905,23.235,0.001,0.054,0.434,9.686,0.116,27,12,0,22,2,0,16.720
159,Rows,2,17.625,1.274,1.112,0.001,22.597,25.295,0.001,0.050,0.639,16.668,0.158,27,12,0,22,2,0,16.885
159,Rows,3,17.478,0.871,1.031,0.001,24.168,25.411,0.001,0.053,0.591,16.570,0.152,27,12,0,22,2,0,16.742
159,Rows,4,22.674,2.119,1.096,0.001,29.683,38.767,0.001,0.046,0.563,21.797,0.170,27,12,0,22,2,0,25.000
159,Rows,5,10.943,1.607,0.857,0.001,28.364,32.949,0.001,0.054,0.593,9.973,0.171,27,12,0,22,2,0,23.058
159,Rows,6,18.817,0.329,0.716,0.001,22.831,22.586,0.001,0.059,0.944,17.524,0.169,27,12,0,22,2,0,15.681
159,Rows,7,10.578,2.728,0.805,0.001,22.479,27.524,0.001,0.053,0.550,9.772,0.104,27,12,0,22,2,0,20.631
159,Rows,8,16.120,3.082,1.127,0.001,27.062,34.342,0.001,0.060,0.567,15.215,0.170,27,12,0,22,2,0,25.566
159,Rows,9,10.556,1.509,0.795,0.001,28.643,29.341,0.001,0.058,0.470,9.829,0.099,27,12,0,22,2,0,21.668
159,Rows,10,10.880,1.165,0.746,0.001,24.295,22.161,0.002,0.056,0.584,10.013,0.093,27,12,0,22,2,0,15.259
160,Rows,1,10.486,1.519,0.709,0.002,21.932,44.579,0.001,0.054,0.432,9.753,0.135,27,12,0,22,2,0,37.744
160,Rows,2,10.409,1.494,0.734,0.001,23.783,31.346,0.001,0.051,0.549,9.612,0.094,27,12,0,22,2,0,23.109
160,Rows,3,10.422,1.457,0.748,0.001,26.959,31.264,0.001,0.054,0.567,9.615,0.096,27,12,0,22,2,0,23.299
160,Rows,4,10.653,1.250,0.767,0.001,21.884,22.613,0.001,0.055,0.590,9.784,0.093,27,12,0,22,2,0,15.751
160,Rows,5,10.652,1.785,0.776,0.001,24.975,35.018,0.001,0.055,0.465,9.932,0.095,27,12,0,22,2,0,28.268
160,Rows,6,10.486,1.512,0.738,0.001,23.789,30.104,0.001,0.069,0.562,9.647,0.095,27,12,0,22,2,0,22.216
160,Rows,7,10.456,1.329,0.716,0.001,21.373,28.015,0.001,0.064,0.583,9.626,0.093,27,12,0,22,2,0,21.207
160,Rows,8,16.642,1.209,1.163,0.001,23.076,25.524,0.001,0.053,0.539,15.737,0.173,27,12,0,22,2,0,16.663
160,Rows,9,18.299,0.063,1.162,0.001,24.127,24.360,0.001,0.060,0.596,17.096,0.433,27,12,0,22,2,0,15.950
160,Rows,10,10.547,1.991,0.792,0.001,27.629,37.903,0.001,0.047,0.587,9.719,0.094,27,12,0,22,2,0,26.193
160,Grid,1,10.550,1.927,0.866,0.001,24.887,31.730,0.001,0.052,0.526,9.723,0.102,27,12,0,22,2,0,23.404
160,Grid,2,23.402,0.145,1.053,0.001,19.950,28.989,0.001,0.057,0.669,22.415,0.166,27,12,0,22,2,0,20.716
160,Grid,3,16.377,2.323,1.277,0.001,23.920,24.151,0.001,0.065,0.639,15.380,0.172,27,12,0,22,2,0,15.892
160,Grid,4,10.421,1.314,0.835,0.001,24.790,29.348,0.001,0.058,0.553,9.565,0.094,27,12,0,22,2,0,21.548
160,Grid,5,10.873,1.708,0.829,0.001,26.121,26.585,0.001,0.059,0.656,9.946,0.094,27,12,0,22,2,0,16.032
160,Grid,6,18.785,0.057,1.121,0.001,17.726,32.768,0.001,0.051,0.743,17.717,0.167,27,12,0,22,2,0,24.433
160,Grid,7,16.963,1.298,1.272,0.001,29.751,34.303,0.001,0.048,0.536,16.067,0.215,27,12,0,22,2,0,25.853
160,Grid,8,10.583,1.353,1.636,0.001,24.394,29.724,0.001,0.053,0.602,9.735,0.094,27,12,0,22,2,0,21.368
160,Grid,9,10.593,1.525,0.832,0.001,24.084,22.764,0.001,0.053,0.583,9.771,0.094,27,12,0,22,2,0,16.083
160,Grid,10,23.193,0.304,1.250,0.001,26.686,30.803,0.001,0.056,5.188,17.607,0.228,27,12,0,22,2,0,21.909
