products,cycle,phase,elapsed_s,private_bytes,managed_bytes,handles,gdi,user,threads,gc0,gc1,gc2,dispatcher_ms,pending_dispatcher,cache_entries,image_lookups,scan_ms,render_ms,native_input_pending
100000,0,Rows,2.132,265887744,105801192,673,24,49,42,155,126,13,0.431,29,0,0,1833.065,113.741,1
100000,0,Rows,3.809,285474816,111087936,670,26,49,42,171,140,14,0.280,32,0,0,86.033,1585.537,1
100000,0,Rows,4.060,288546816,107858232,671,28,49,43,175,143,15,0.276,32,0,0,83.836,163.747,1
100000,0,Rows,4.238,287223808,110688044,671,28,49,43,176,144,15,0.251,23,0,0,41.862,132.959,1
100000,0,Rows,4.481,289513472,107557976,671,29,49,43,179,146,16,0.206,23,0,0,62.462,177.368,1
100000,0,Rows,4.680,289603584,108638552,671,30,49,43,181,148,16,0.192,23,0,0,63.128,132.080,1
100000,0,Rows,4.867,288608256,107383700,671,32,49,43,183,150,17,0.181,23,0,0,42.706,140.621,1
100000,0,Rows,5.046,290865152,110701780,671,34,49,43,185,151,17,0.190,23,0,0,61.177,114.080,1
100000,0,Rows,5.254,288354304,107390200,671,36,49,43,188,153,18,0.185,23,0,0,60.525,145.315,1
100000,0,Rows,5.447,292573184,108393164,671,38,49,43,190,155,18,0.184,23,0,0,64.091,125.066,1
100000,0,Grid,5.979,290193408,107783872,674,42,49,43,196,158,19,0.191,21,500,0,150.122,199.406,1
100000,0,Grid,6.147,308080640,111519888,674,44,49,43,197,159,19,0.194,21,500,0,67.146,97.730,1
100000,0,Grid,6.346,279375872,107552768,674,26,49,43,200,161,20,0.184,21,500,0,64.974,131.485,1
100000,0,Grid,6.527,296660992,110780404,674,28,49,43,202,162,20,0.183,21,500,0,63.476,113.723,1
100000,0,Grid,6.703,284712960,111678320,674,30,49,43,204,163,20,0.192,21,500,0,68.724,104.782,1
100000,0,Grid,6.884,296960000,112318248,674,32,49,43,206,164,20,0.194,21,500,0,66.948,110.567,1
100000,0,Grid,7.056,280662016,113011100,674,34,49,43,208,165,20,0.176,21,500,0,64.742,104.239,1
100000,0,Grid,7.230,298319872,113505776,674,36,49,43,210,166,20,0.205,21,500,0,59.810,110.928,1
100000,0,Grid,7.404,298758144,114289332,674,38,49,43,212,167,20,0.229,21,500,0,63.710,106.734,1
100000,0,Grid,7.575,299646976,114866932,674,40,49,43,214,168,20,0.191,21,500,0,60.726,107.642,1
100000,0,before_idle,9.131,331198464,108829656,720,32,48,43,231,184,21,0.125,47,500,0,0.000,0.000,1
100000,0,after_idle,29.179,301592576,113319000,718,26,46,43,467,419,21,0.160,37,500,0,0.000,0.000,1
100000,1,Rows,31.611,360325120,170676136,722,27,46,43,495,447,21,0.312,1086,500,0,93.866,221.077,1
100000,1,Rows,31.726,362356736,169924796,722,28,46,43,496,448,21,0.207,862,500,0,7.754,103.310,1
100000,1,Rows,33.636,367087616,114625760,689,27,46,43,513,461,23,0.204,52,500,0,1756.754,149.835,1
100000,1,Rows,33.847,368074752,111431928,690,28,46,44,515,463,23,0.190,46,500,0,68.467,136.646,1
100000,1,Rows,34.012,358662144,114047676,690,30,46,44,516,464,23,0.189,46,500,0,41.782,120.230,1
100000,1,Rows,34.229,367730688,110519380,690,32,46,44,519,467,24,0.192,46,500,0,61.568,152.395,1
100000,1,Rows,34.390,368115712,114259744,690,34,46,44,520,468,24,0.180,46,500,0,64.495,90.374,1
100000,1,Rows,34.589,368963584,114657016,690,36,46,44,523,471,25,0.200,46,500,0,63.360,131.828,1
100000,1,Rows,34.768,356941824,112978144,690,38,46,44,525,472,25,0.190,46,500,0,64.281,108.647,1
100000,1,Rows,34.975,367796224,110695908,690,40,46,44,528,474,26,0.199,46,500,0,62.778,141.224,1
100000,1,Grid,35.309,368873472,111333760,690,44,46,44,532,476,26,0.193,44,500,0,149.358,143.239,1
100000,1,Grid,35.475,369676288,113917800,690,46,46,44,533,477,26,0.306,44,500,0,43.573,119.200,1
100000,1,Grid,35.682,368820224,114886880,690,28,46,44,536,479,27,0.198,44,500,0,66.073,137.234,1
100000,1,Grid,35.882,369844224,111855564,690,30,46,44,538,481,27,0.195,44,500,0,71.154,122.649,1
100000,1,Grid,36.066,369836032,114966164,690,32,46,44,540,483,28,0.197,44,500,0,67.413,113.025,1
100000,1,Grid,36.239,368353280,113920656,690,34,46,44,542,484,28,0.178,44,500,0,62.376,105.456,1
100000,1,Grid,36.451,369184768,111618604,690,36,46,44,545,486,29,0.203,44,500,0,66.033,143.000,1
100000,1,Grid,36.644,359366656,112007720,690,38,46,44,547,488,29,0.191,44,500,0,64.527,122.573,1
100000,1,Grid,36.878,369041408,116740680,690,40,46,44,550,491,30,0.197,44,500,0,67.659,162.476,1
100000,1,Grid,37.048,370597888,113382464,690,42,46,44,551,492,30,0.211,44,500,0,41.594,125.690,1
100000,1,before_idle,38.475,398118912,111215756,728,32,48,44,566,505,31,0.469,70,500,0,0.000,0.000,1
100000,1,after_idle,58.519,371187712,111698100,717,28,44,37,805,744,31,0.228,60,500,0,0.000,0.000,1
100000,2,Rows,60.977,381722624,167685724,678,27,43,38,835,773,32,0.259,1096,500,0,66.549,257.578,1
100000,2,Rows,61.085,385007616,173036948,678,28,43,38,835,773,32,0.223,809,500,0,9.077,96.277,1
100000,2,Rows,62.949,382205952,114858336,672,30,43,37,854,788,35,0.204,75,500,0,1689.249,171.445,1
100000,2,Rows,63.134,383066112,116483492,673,30,43,38,855,789,35,0.402,69,500,0,46.747,131.383,1
100000,2,Rows,63.361,382504960,114459720,673,31,43,38,858,791,36,0.209,69,500,0,67.193,155.512,1
100000,2,Rows,63.560,382922752,114271536,673,32,43,38,860,793,36,0.199,69,500,0,69.677,123.315,1
100000,2,Rows,63.726,383340544,116788068,673,34,43,38,861,794,36,0.312,69,500,0,40.849,122.247,1
100000,2,Rows,63.978,382320640,114116596,672,36,43,38,864,796,37,0.334,69,500,0,79.981,167.186,1
100000,2,Rows,64.184,382119936,114542104,672,37,43,38,866,798,37,0.198,69,500,0,72.753,126.703,1
100000,2,Rows,64.385,382537728,113739820,672,38,46,38,868,800,38,0.274,70,500,0,70.613,127.932,1
100000,2,Grid,64.696,383590400,116242012,672,42,46,38,872,802,38,0.221,68,500,0,172.647,120.798,1
100000,2,Grid,64.961,383721472,116375564,672,44,43,38,875,804,39,0.295,67,500,0,80.977,179.306,1
100000,2,Grid,65.252,384643072,114413320,672,26,43,38,877,806,39,0.263,67,500,0,95.884,187.864,1
100000,2,Grid,65.488,384647168,117159192,672,28,43,38,878,807,39,0.201,67,500,0,63.309,165.798,1
100000,2,Grid,65.739,384643072,117150380,672,30,43,38,881,809,40,0.227,67,500,0,79.594,167.933,1
100000,2,Grid,65.982,384643072,114700416,672,32,43,38,883,811,40,0.222,67,500,0,81.252,155.833,1
100000,2,Grid,66.272,384929792,119658144,672,34,43,38,886,814,41,0.218,67,500,0,78.679,206.802,1
100000,2,Grid,66.484,384946176,116070932,672,36,43,38,887,815,41,0.209,67,500,0,60.691,148.229,1
100000,2,Grid,66.751,384942080,115516504,672,38,43,38,890,817,42,0.226,67,500,0,80.876,182.651,1
100000,2,Grid,67.004,384942080,114175324,672,40,43,38,892,819,42,0.359,67,500,0,86.011,159.479,1
100000,2,before_idle,69.559,400592896,114763352,733,30,47,40,904,831,43,0.235,83,500,0,0.000,0.000,1
100000,2,after_idle,89.602,382406656,116490776,725,26,44,38,1014,936,43,0.046,3,500,0,0.000,0.000,1
100000,3,Rows,92.691,385716224,122153804,700,27,45,40,1044,963,46,0.297,1042,500,0,84.044,289.882,1
100000,3,Rows,95.193,384040960,59875108,695,27,45,39,1065,976,50,0.220,21,500,0,2233.040,265.535,1
100000,3,Rows,95.406,384315392,62539784,696,28,45,40,1066,977,50,0.387,15,500,0,45.543,163.312,1
100000,3,Rows,95.781,240254976,62563116,697,30,45,40,1068,979,51,0.248,15,500,0,72.071,300.483,1
100000,3,Rows,95.995,241639424,62723052,696,32,45,40,1070,980,51,0.303,15,500,0,71.364,139.288,1
100000,3,Rows,96.245,242040832,60614324,696,34,45,40,1073,983,52,0.392,15,500,0,72.491,173.626,1
100000,3,Rows,96.422,242315264,62911120,696,36,45,40,1074,984,52,0.351,15,500,0,40.720,132.182,1
100000,3,Rows,96.680,242589696,60471576,696,38,45,40,1077,986,53,0.241,15,500,0,73.796,177.591,1
100000,3,Rows,96.900,242589696,60810320,696,40,45,40,1079,988,53,0.263,15,500,0,67.823,149.430,1
100000,3,Rows,97.085,242589696,63067008,696,42,45,40,1080,989,53,0.267,15,500,0,49.405,131.082,1
100000,3,Grid,97.537,243015680,60289476,696,46,45,40,1086,992,55,0.249,13,500,0,223.987,190.071,1
100000,3,Grid,97.777,243294208,59834940,696,28,45,40,1088,994,55,0.265,13,500,0,75.448,161.085,1
100000,3,Grid,97.953,243712000,62438448,696,30,45,40,1089,995,55,0.249,13,500,0,36.274,136.389,1
100000,3,Grid,98.219,243712000,60529260,696,32,45,40,1092,997,56,0.250,13,500,0,77.782,184.015,1
100000,3,Grid,98.393,243712000,62665628,696,34,45,40,1093,998,56,0.250,13,500,0,36.465,134.523,1
100000,3,Grid,98.656,243712000,60736388,696,36,45,40,1096,1000,57,0.278,13,500,0,74.491,184.235,1
100000,3,Grid,98.871,243712000,61137412,696,38,45,40,1098,1002,57,0.380,13,500,0,70.477,140.485,1
100000,3,Grid,99.114,243294208,59718660,696,40,45,40,1101,1004,58,0.259,13,500,0,65.538,170.094,1
100000,3,Grid,99.312,243855360,61804704,695,42,45,40,1102,1005,58,0.255,13,500,0,43.482,150.746,1
100000,3,Grid,99.564,243855360,60591256,695,44,45,40,1105,1007,59,0.243,13,500,0,71.178,177.683,1
100000,3,before_idle,101.772,259465216,57247804,732,30,47,40,1119,1020,61,0.164,17,500,0,0.000,0.000,1
100000,3,after_idle,121.799,238411776,60072372,721,28,43,37,1218,1117,61,0.066,3,500,0,0.000,0.000,1
100000,4,Rows,124.686,298622976,108528052,695,27,44,39,1247,1145,62,0.261,1042,500,0,82.124,294.613,1
100000,4,Rows,126.866,301051904,60688152,690,27,44,38,1264,1158,64,0.256,21,500,0,1974.753,202.180,1
100000,4,Rows,127.049,302624768,63582740,691,28,44,39,1265,1159,64,0.320,15,500,0,72.131,106.937,1
100000,4,Rows,127.292,302141440,60408292,692,30,44,39,1268,1161,65,0.349,15,500,0,65.924,173.418,1
100000,4,Rows,127.492,302284800,61768832,691,32,44,39,1270,1162,65,0.247,15,500,0,66.991,127.978,1
100000,4,Rows,127.736,302624768,59930488,691,34,44,39,1273,1164,66,0.237,15,500,0,67.529,172.453,1
100000,4,Rows,127.913,303538176,61923596,685,36,43,38,1274,1165,66,0.250,15,500,0,41.298,132.454,1
100000,4,Rows,128.172,302112768,60111304,685,38,43,38,1277,1167,67,0.324,15,500,0,68.252,187.191,1
100000,4,Rows,128.399,302608384,59689800,685,40,43,38,1279,1169,67,0.246,15,500,0,60.340,160.716,1
100000,4,Rows,128.585,303738880,62120600,685,42,43,38,1280,1170,67,0.249,15,500,0,43.379,139.072,1
100000,4,Grid,129.121,240893952,62424892,685,46,43,38,1285,1173,69,0.406,13,500,0,220.735,277.643,1
100000,4,Grid,129.307,244690944,62743748,685,48,43,38,1287,1173,69,0.242,13,500,0,57.829,124.690,1
100000,4,Grid,129.554,242020352,60509396,685,30,43,38,1290,1175,70,0.253,13,500,0,60.135,183.847,1
100000,4,Grid,129.755,242266112,61006148,685,32,43,38,1292,1177,70,0.256,13,500,0,62.478,135.636,1
100000,4,Grid,129.990,242753536,59562600,685,34,43,38,1295,1179,71,0.253,13,500,0,69.688,162.265,1
100000,4,Grid,130.180,243781632,61650072,685,36,43,38,1296,1180,71,0.249,13,500,0,52.018,134.004,1
100000,4,Grid,130.428,229568512,60418468,685,38,43,38,1299,1182,72,0.240,13,500,0,69.488,175.163,1
100000,4,Grid,130.615,241778688,62532180,685,40,43,38,1300,1183,72,0.319,13,500,0,47.547,135.841,1
100000,4,Grid,130.851,241516544,60461248,685,42,43,38,1303,1185,73,0.316,13,500,0,62.215,170.215,1
100000,4,Grid,131.056,241664000,61629164,685,44,43,38,1305,1186,73,0.254,13,500,0,69.143,132.123,1
100000,4,before_idle,133.503,259284992,59270112,724,30,46,38,1320,1197,74,0.575,18,500,0,0.000,0.000,1
100000,4,after_idle,153.512,241156096,63621364,717,26,43,36,1418,1295,74,0.055,1,500,0,0.000,0.000,0
100000,5,Rows,156.401,301170688,117763776,689,27,43,38,1447,1323,75,0.312,1042,500,0,121.010,265.618,1
100000,5,Rows,159.247,300945408,60601032,684,27,43,37,1467,1336,79,0.224,21,500,0,2600.130,241.656,1
100000,5,Rows,159.478,300929024,60598788,685,28,43,38,1469,1338,79,0.449,15,500,0,74.171,153.005,1
100000,5,Rows,159.693,301797376,62937520,685,30,43,38,1470,1339,79,0.518,15,500,0,48.102,162.955,1
100000,5,Rows,159.971,300924928,60673296,685,32,43,38,1473,1341,80,0.269,15,500,0,82.191,190.990,1
100000,5,Rows,160.159,301281280,62806216,685,34,43,38,1474,1342,80,0.238,15,500,0,78.344,106.303,1
100000,5,Rows,160.426,300851200,60443980,685,36,43,38,1477,1344,81,0.266,15,500,0,80.186,182.594,1
100000,5,Rows,160.643,301056000,60819376,685,38,43,38,1479,1346,81,0.230,15,500,0,79.033,134.238,1
100000,5,Rows,160.830,301453312,63046424,685,40,43,38,1480,1347,81,0.242,15,500,0,48.136,135.686,1
100000,5,Rows,161.095,300912640,60618164,685,42,43,38,1483,1349,82,0.245,15,500,0,76.457,185.674,1
100000,5,Grid,161.451,301420544,60666708,685,46,43,38,1487,1351,82,0.297,13,500,0,181.972,141.224,1
100000,5,Grid,161.716,302751744,60755016,685,28,43,38,1489,1353,83,0.315,13,500,0,51.352,210.201,1
100000,5,Grid,161.916,302755840,61681488,685,30,43,38,1491,1354,83,0.382,13,500,0,56.754,139.165,1
100000,5,Grid,162.170,302247936,60453304,685,32,43,38,1494,1356,84,0.281,13,500,0,63.265,186.683,1
100000,5,Grid,162.351,302551040,62589412,685,34,43,38,1495,1357,84,0.249,13,500,0,47.159,130.205,1
100000,5,Grid,162.605,302002176,60263968,685,36,43,38,1498,1359,85,0.257,13,500,0,69.209,181.723,1
100000,5,Grid,162.821,302145536,61758408,685,38,43,38,1500,1360,85,0.298,13,500,0,70.715,140.974,1
100000,5,Grid,163.086,302899200,60126736,685,40,43,38,1503,1362,86,0.270,13,500,0,70.834,191.336,1
100000,5,Grid,163.267,302632960,62218516,685,42,43,38,1504,1363,86,0.264,13,500,0,42.709,135.543,1
100000,5,Grid,163.536,302391296,60086412,685,44,43,38,1507,1365,87,0.257,13,500,0,79.660,185.787,1
100000,5,before_idle,166.050,317874176,57184668,722,30,45,38,1521,1379,88,0.377,17,500,0,0.000,0.000,1
100000,5,after_idle,186.082,299311104,61463884,715,26,42,36,1620,1477,88,0.050,3,500,0,0.000,0.000,1
100000,6,Rows,189.041,315674624,121021976,687,27,43,37,1649,1504,90,0.462,1042,500,0,102.283,264.006,1
100000,6,Rows,191.427,315817984,60590812,682,27,43,36,1669,1518,94,0.232,21,500,0,2148.576,232.149,1
100000,6,Rows,191.656,316317696,60575148,683,28,43,37,1671,1520,94,0.936,15,500,0,78.242,145.859,1
100000,6,Rows,191.833,317005824,62912788,684,30,43,37,1672,1521,94,0.303,15,500,0,33.846,136.832,1
100000,6,Rows,192.091,316112896,60513152,683,32,43,37,1675,1523,95,0.784,15,500,0,73.470,180.568,1
100000,6,Rows,192.278,316461056,62459092,683,34,43,37,1676,1524,95,0.241,15,500,0,48.970,132.728,1
100000,6,Rows,192.541,315965440,60128308,683,36,43,37,1679,1526,96,0.248,15,500,0,72.872,187.571,1
100000,6,Rows,192.767,316125184,60631540,683,38,43,37,1681,1528,96,0.276,15,500,0,74.478,147.755,1
100000,6,Rows,192.953,316600320,62889452,683,40,43,37,1682,1529,96,0.240,15,500,0,38.813,143.474,1
100000,6,Rows,193.244,315854848,60495224,683,42,43,37,1685,1531,97,0.481,15,500,0,74.808,212.525,1
100000,6,Grid,193.600,315949056,60595532,683,46,43,37,1689,1533,97,0.233,13,500,0,187.488,150.871,1
100000,6,Grid,193.869,316923904,60199260,683,28,43,37,1691,1535,98,0.271,13,500,0,45.574,220.327,1
100000,6,Grid,194.070,316923904,61572872,683,30,43,37,1693,1536,98,0.255,13,500,0,64.791,132.141,1
100000,6,Grid,194.333,316293120,60344412,683,32,43,37,1696,1538,99,0.272,13,500,0,76.792,182.699,1
100000,6,Grid,194.529,316600320,62408412,683,34,43,37,1697,1539,99,0.255,13,500,0,46.859,145.058,1
100000,6,Grid,194.830,316108800,60338888,683,36,43,37,1700,1541,100,0.260,13,500,0,82.710,214.954,1
100000,6,Grid,195.039,316227584,60933908,683,38,43,37,1702,1543,100,0.255,13,500,0,72.982,132.371,1
100000,6,Grid,195.308,316547072,59548832,683,40,43,37,1705,1545,101,0.378,13,500,0,78.000,188.080,1
100000,6,Grid,195.509,317296640,61637104,683,42,43,37,1706,1546,101,0.290,13,500,0,44.562,153.184,1
100000,6,Grid,195.775,316276736,60420104,683,44,43,37,1709,1548,102,0.788,13,500,0,66.837,194.703,1
100000,6,before_idle,197.976,308793344,57183952,720,30,45,37,1722,1561,103,0.398,17,500,0,0.000,0.000,1
100000,6,after_idle,218.042,288702464,59858196,713,26,42,35,1821,1658,103,0.047,3,500,0,0.000,0.000,1
100000,7,Rows,220.890,318857216,121348936,687,27,43,37,1850,1686,104,0.287,1042,500,0,87.133,282.592,1
100000,7,Rows,223.491,318439424,60576460,682,27,43,36,1870,1700,108,0.233,21,500,0,2363.076,235.188,1
100000,7,Rows,223.730,318849024,60735720,683,28,43,37,1872,1702,108,0.317,15,500,0,73.944,161.548,1
100000,7,Rows,223.916,319901696,63020968,683,30,43,37,1873,1703,108,0.237,15,500,0,43.692,137.979,1
100000,7,Rows,224.192,319086592,60269580,683,32,43,37,1876,1705,109,0.804,15,500,0,71.643,199.107,1
100000,7,Rows,224.420,319434752,60023096,683,34,43,37,1878,1707,109,0.257,15,500,0,73.544,147.673,1
100000,7,Rows,224.604,320270336,62391892,683,36,43,37,1879,1708,109,0.229,15,500,0,35.620,144.957,1
100000,7,Rows,224.872,305221632,60509244,683,38,43,37,1882,1710,110,0.245,15,500,0,69.396,195.647,1
100000,7,Rows,225.079,319164416,62504532,683,40,43,37,1883,1711,110,0.263,15,500,0,55.055,147.545,1
100000,7,Rows,225.352,318976000,60308260,683,42,43,37,1886,1713,111,0.370,15,500,0,70.681,198.689,1
100000,7,Grid,225.726,319270912,60689176,683,46,43,37,1890,1715,111,0.252,13,500,0,201.621,143.664,1
100000,7,Grid,225.992,320577536,60215684,683,28,43,37,1892,1717,112,0.332,13,500,0,47.093,214.933,1
100000,7,Grid,226.198,320008192,61799976,683,30,43,37,1894,1718,112,0.336,13,500,0,69.864,131.708,1
100000,7,Grid,226.485,320126976,59868168,683,32,43,37,1897,1721,113,0.276,13,500,0,74.470,208.228,1
100000,7,Grid,226.723,320348160,59979972,683,34,43,37,1899,1723,113,0.261,13,500,0,77.501,156.711,1
100000,7,Grid,226.922,321470464,62537892,683,36,43,37,1900,1724,113,0.322,13,500,0,42.590,153.099,1
100000,7,Grid,227.193,319893504,60395052,683,38,43,37,1903,1727,114,0.467,13,500,0,59.854,204.531,1
100000,7,Grid,227.377,320602112,62823308,683,40,43,37,1904,1728,114,0.477,13,500,0,38.586,142.048,1
100000,7,Grid,227.654,320098304,60489880,683,42,43,37,1907,1730,115,0.271,13,500,0,68.186,201.118,1
100000,7,Grid,227.888,320348160,61046356,683,44,43,37,1909,1732,115,0.255,13,500,0,84.873,146.511,1
100000,7,before_idle,230.092,336805888,58853264,720,30,45,37,1923,1744,116,0.257,18,500,0,0.000,0.000,1
100000,7,after_idle,250.140,318160896,63261296,713,26,42,35,2021,1842,116,0.048,3,500,0,0.000,0.000,1
100000,8,Rows,252.941,321507328,114307364,687,27,43,37,2052,1871,118,0.288,1042,500,0,97.042,274.585,1
100000,8,Rows,255.260,319713280,60460640,682,27,43,36,2069,1885,120,0.231,21,500,0,2060.202,255.757,1
100000,8,Rows,255.515,319819776,60651984,683,28,43,37,2071,1887,120,0.317,15,500,0,79.817,171.605,1
100000,8,Rows,255.706,320028672,62957040,684,30,43,37,2072,1888,120,0.252,15,500,0,42.327,145.550,1
100000,8,Rows,255.995,319827968,59952440,683,32,43,37,2075,1890,121,0.471,15,500,0,65.807,218.413,1
100000,8,Rows,256.178,319827968,63155484,683,34,43,37,2076,1891,121,0.257,15,500,0,74.883,100.573,1
100000,8,Rows,256.457,319827968,60011536,683,36,43,37,2079,1893,122,0.385,15,500,0,71.299,199.980,1
100000,8,Rows,256.673,319827968,61793824,683,38,43,37,2081,1894,122,0.277,15,500,0,64.854,147.089,1
100000,8,Rows,256.961,319827968,59923456,683,40,43,37,2084,1896,123,0.527,15,500,0,64.715,217.258,1
100000,8,Rows,257.154,320086016,61903068,683,42,43,37,2085,1897,123,0.253,15,500,0,44.287,144.378,1
100000,8,Grid,257.720,243253248,62426120,683,46,43,37,2090,1900,125,0.367,13,500,0,236.766,291.062,1
100000,8,Grid,257.927,243396608,62447420,683,28,43,37,2092,1901,125,0.269,13,500,0,53.307,146.910,1
100000,8,Grid,258.197,243855360,60459496,683,30,43,37,2095,1903,126,0.266,13,500,0,81.848,184.288,1
100000,8,Grid,258.396,244056064,61091744,683,32,43,37,2097,1905,126,0.234,13,500,0,61.260,133.936,1
100000,8,Grid,258.644,244121600,59569400,683,34,43,37,2100,1907,127,0.276,13,500,0,68.339,176.637,1
100000,8,Grid,258.838,244543488,61661404,683,36,43,37,2101,1908,127,0.246,13,500,0,39.518,151.153,1
100000,8,Grid,259.091,244121600,60427500,683,38,43,37,2104,1910,128,0.275,13,500,0,74.623,174.247,1
100000,8,Grid,259.276,244121600,62545708,683,40,43,37,2105,1911,128,0.251,13,500,0,45.813,135.538,1
100000,8,Grid,259.536,244121600,60568540,683,42,43,37,2108,1913,129,0.241,13,500,0,75.981,179.743,1
100000,8,Grid,259.742,244637696,62045668,683,44,43,37,2110,1914,129,0.261,13,500,0,62.959,139.822,1
100000,8,before_idle,262.296,260292608,60211448,720,30,45,37,2124,1928,130,0.258,15,500,0,0.000,0.000,1
100000,8,after_idle,282.301,242434048,61272924,715,26,43,35,2222,2025,130,0.109,1,500,0,0.000,0.000,0
100000,9,Rows,285.168,303300608,120456160,687,27,43,37,2250,2052,131,0.288,1042,500,0,107.830,271.108,1
100000,9,Rows,285.330,304861184,99746232,687,28,43,37,2252,2054,132,0.287,819,500,0,20.293,136.743,1
100000,9,Rows,288.072,302587904,60488220,683,29,43,38,2271,2066,135,0.220,21,500,0,2528.372,210.299,1
100000,9,Rows,288.319,302944256,60676940,683,29,43,38,2273,2068,136,0.345,15,500,0,81.380,161.103,1
100000,9,Rows,288.525,302944256,62033820,683,30,43,38,2275,2069,136,0.238,15,500,0,73.753,129.049,1
100000,9,Rows,288.790,302403584,60547236,683,32,43,38,2278,2071,137,0.246,15,500,0,73.233,187.965,1
100000,9,Rows,289.025,302837760,60221896,683,34,43,38,2280,2073,137,0.243,15,500,0,81.035,150.287,1
100000,9,Rows,289.224,303644672,62650804,683,36,43,39,2281,2074,137,0.376,15,500,0,52.166,143.674,1
100000,9,Rows,289.488,302911488,60276640,683,38,43,39,2284,2076,138,0.343,15,500,0,59.346,200.895,1
100000,9,Rows,289.719,303521792,60276724,683,40,43,39,2286,2078,138,0.253,15,500,0,79.304,145.965,1
100000,9,Grid,290.135,303497216,60581952,683,44,43,39,2290,2081,139,0.293,13,500,0,188.622,190.117,1
100000,9,Grid,290.363,304439296,60828688,683,46,43,39,2292,2083,139,0.250,13,500,0,84.369,136.496,1
100000,9,Grid,290.569,305352704,63349008,683,28,43,39,2293,2084,139,0.368,13,500,0,57.303,144.841,1
100000,9,Grid,290.847,304734208,60599904,683,30,43,39,2296,2086,140,0.244,13,500,0,81.910,191.983,1
100000,9,Grid,291.078,304345088,61015808,683,32,43,39,2298,2088,140,0.242,13,500,0,73.550,153.526,1
100000,9,Grid,291.348,304631808,59631304,683,34,43,39,2301,2090,141,0.273,13,500,0,79.373,187.294,1
100000,9,Grid,291.540,305848320,61798832,683,36,43,39,2302,2091,141,0.263,13,500,0,41.194,146.965,1
100000,9,Grid,291.785,304701440,60601784,683,38,43,39,2305,2094,142,0.300,13,500,0,66.549,175.309,1
100000,9,Grid,291.990,305295360,63357076,683,40,43,39,2306,2095,142,0.645,13,500,0,77.886,121.657,1
100000,9,Grid,292.251,304730112,60184196,683,42,43,39,2309,2097,143,0.280,13,500,0,71.731,183.164,1
100000,9,before_idle,294.447,321052672,57193336,722,30,46,39,2323,2110,144,0.220,19,500,0,0.000,0.000,1
100000,9,after_idle,314.454,302256128,62890404,716,26,43,37,2425,2210,144,0.063,1,500,0,0.000,0.000,0
100000,10,Rows,317.156,318345216,119090704,688,27,43,39,2455,2238,146,0.289,1042,500,0,113.493,251.060,1
100000,10,Rows,319.496,323796992,60378644,682,27,43,38,2472,2252,148,0.238,21,500,0,2109.345,226.530,1
100000,10,Rows,319.731,324141056,61158840,683,28,43,39,2474,2254,148,0.332,15,500,0,75.300,155.872,1
100000,10,Rows,319.921,324431872,63343044,684,30,43,39,2475,2255,148,0.247,15,500,0,42.624,143.690,1
100000,10,Rows,320.188,323915776,60145840,683,32,43,39,2478,2257,149,0.249,15,500,0,73.086,190.487,1
100000,10,Rows,320.412,324079616,60663052,683,34,43,39,2480,2259,149,0.248,15,500,0,70.046,150.219,1
100000,10,Rows,320.591,324571136,62910568,683,36,43,39,2481,2260,149,0.328,15,500,0,37.410,138.446,1
100000,10,Rows,320.867,323809280,60360196,683,38,43,39,2484,2262,150,0.266,15,500,0,73.145,198.446,1
100000,10,Rows,321.098,324157440,60418396,683,40,43,39,2486,2264,150,0.263,15,500,0,68.255,158.361,1
100000,10,Rows,321.289,324759552,62724340,683,42,43,39,2487,2265,150,0.268,15,500,0,42.759,144.376,1
100000,10,Grid,321.813,245608448,62425684,683,46,43,39,2492,2268,152,0.258,13,500,0,222.243,285.096,1
100000,10,Grid,322.007,245612544,62454116,683,28,43,39,2494,2269,152,0.257,13,500,0,54.223,135.439,1
100000,10,Grid,322.257,245891072,60612824,683,30,43,39,2497,2271,153,0.271,13,500,0,68.433,177.165,1
100000,10,Grid,322.468,246439936,60432652,683,32,43,39,2499,2273,153,0.248,13,500,0,79.794,128.109,1
100000,10,Grid,322.637,247009280,62900644,683,34,43,39,2500,2274,153,0.433,13,500,0,34.269,130.188,1
100000,10,Grid,322.903,246886400,60615892,683,36,43,39,2503,2276,154,0.263,13,500,0,69.006,188.038,1
100000,10,Grid,323.114,247209984,60681984,683,38,43,39,2505,2278,154,0.254,13,500,0,60.459,147.253,1
100000,10,Grid,323.286,247635968,63100108,683,40,43,39,2506,2279,154,0.300,13,500,0,39.653,129.271,1
100000,10,Grid,323.551,247160832,60620080,683,42,43,39,2509,2281,155,0.271,13,500,0,68.129,192.609,1
100000,10,Grid,323.757,247599104,60958296,683,44,43,39,2511,2283,155,0.317,13,500,0,67.409,135.704,1
100000,10,before_idle,326.278,264704000,59124032,722,30,46,39,2527,2295,157,0.222,18,500,0,0.000,0.000,1
100000,10,after_idle,346.316,245764096,64602788,710,26,43,37,2625,2391,157,0.062,3,500,0,0.000,0.000,1
100000,11,Rows,349.105,305360896,120628196,689,27,44,40,2654,2419,158,0.271,1042,500,0,80.150,273.502,1
100000,11,Rows,351.631,305876992,60457628,684,27,44,39,2673,2433,161,0.247,21,500,0,2293.008,229.505,1
100000,11,Rows,351.891,305958912,60623776,685,28,44,40,2675,2435,161,0.633,15,500,0,80.186,175.421,1
100000,11,Rows,352.070,306675712,62937032,686,30,44,40,2676,2436,161,0.233,15,500,0,38.989,134.658,1
100000,11,Rows,352.337,306130944,60568616,685,32,44,40,2679,2439,162,0.229,15,500,0,72.973,191.014,1
100000,11,Rows,352.526,306462720,62808452,685,34,44,40,2680,2440,162,0.239,15,500,0,50.438,135.542,1
100000,11,Rows,352.794,306241536,60354832,685,36,44,40,2683,2442,163,0.252,15,500,0,73.009,190.109,1
100000,11,Rows,353.017,306454528,60731876,685,38,44,40,2685,2444,163,0.239,15,500,0,73.442,146.384,1
100000,11,Rows,353.202,306892800,62983804,685,40,44,40,2686,2445,163,0.245,15,500,0,42.470,138.968,1
100000,11,Rows,353.471,306159616,60313692,685,42,44,40,2689,2447,164,0.603,15,500,0,70.954,193.916,1
100000,11,Grid,353.828,306421760,60569952,685,46,44,40,2693,2449,164,1.179,13,500,0,187.878,144.861,1
100000,11,Grid,354.020,307937280,62923572,685,28,44,40,2694,2450,164,0.264,13,500,0,37.291,147.601,1
100000,11,Grid,354.280,307085312,60515664,685,30,44,40,2697,2452,165,0.323,13,500,0,59.639,197.177,1
100000,11,Grid,354.512,307384320,60562060,685,32,44,40,2699,2454,165,0.403,13,500,0,72.537,153.467,1
100000,11,Grid,354.696,307310592,63010496,685,34,44,40,2700,2455,165,0.259,13,500,0,45.670,134.310,1
100000,11,Grid,354.978,307228672,60637716,685,36,44,40,2703,2457,166,0.348,13,500,0,69.781,209.220,1
100000,11,Grid,355.193,307609600,60835324,685,38,44,40,2705,2459,166,0.343,13,500,0,69.705,141.243,1
100000,11,Grid,355.437,307888128,60633472,685,40,44,40,2707,2461,167,0.257,13,500,0,51.560,187.875,1
100000,11,Grid,355.653,307888128,62066728,685,42,44,40,2709,2462,167,0.593,13,500,0,69.728,143.211,1
100000,11,Grid,355.948,307396608,60358712,685,44,44,40,2712,2464,168,0.253,13,500,0,88.852,197.061,1
100000,11,before_idle,358.128,323772416,57208960,722,30,46,40,2728,2475,170,0.166,18,500,0,0.000,0.000,1
100000,11,after_idle,378.144,304472064,61830560,712,26,44,38,2826,2572,170,0.055,1,500,0,0.000,0.000,0
100000,12,Rows,380.859,320847872,120825528,689,27,44,40,2856,2600,172,0.288,1042,500,0,100.805,267.281,1
100000,12,Rows,383.182,319102976,60621328,684,27,44,39,2875,2615,175,0.229,21,500,0,2105.784,214.298,1
100000,12,Rows,383.376,319700992,63476396,685,28,44,40,2876,2616,175,0.333,15,500,0,71.454,119.056,1
100000,12,Rows,383.658,319160320,60198400,686,30,44,40,2879,2618,176,0.392,15,500,0,69.972,208.006,1
100000,12,Rows,383.875,319160320,61636704,685,32,44,40,2881,2619,176,0.245,15,500,0,69.984,143.118,1
100000,12,Rows,384.127,319770624,59881264,685,34,44,40,2884,2621,177,0.242,15,500,0,71.643,176.641,1
100000,12,Rows,384.326,320532480,61850356,685,36,44,40,2885,2622,177,0.347,15,500,0,51.078,141.575,1
100000,12,Rows,384.577,319619072,60635012,685,38,44,40,2888,2624,178,0.369,15,500,0,62.721,184.439,1
100000,12,Rows,384.768,319950848,62671188,685,40,44,40,2889,2625,178,0.255,15,500,0,49.086,137.891,1
100000,12,Rows,385.038,319950848,60544908,685,42,44,40,2892,2628,179,0.246,15,500,0,81.906,184.501,1
100000,12,Grid,385.409,319893504,61348872,685,46,44,40,2896,2630,179,0.250,13,500,0,191.348,137.752,1
100000,12,Grid,385.662,320253952,59792868,685,28,44,40,2899,2632,180,0.241,13,500,0,74.422,175.428,1
100000,12,Grid,385.857,321605632,61890460,685,30,44,40,2900,2633,180,0.261,13,500,0,45.978,145.407,1
100000,12,Grid,386.120,320323584,60137888,685,32,44,40,2903,2635,181,0.254,13,500,0,68.928,191.056,1
100000,12,Grid,386.363,320479232,60085080,685,34,44,40,2905,2637,181,0.276,13,500,0,76.608,162.932,1
100000,12,Grid,386.563,321110016,62604044,685,36,44,40,2906,2638,181,0.326,13,500,0,45.171,150.646,1
100000,12,Grid,386.833,320393216,60145312,685,38,44,40,2909,2640,182,0.281,13,500,0,60.966,205.087,1
100000,12,Grid,387.067,320598016,60429332,685,40,44,40,2911,2642,182,0.299,13,500,0,74.014,156.485,1
100000,12,Grid,387.254,321032192,62900892,685,42,44,40,2912,2643,182,0.254,13,500,0,38.042,145.296,1
100000,12,Grid,387.528,320229376,60372736,685,44,44,40,2915,2645,183,0.434,13,500,0,64.462,204.839,1
100000,12,before_idle,389.729,316817408,57201588,720,30,45,38,2931,2659,185,0.115,19,500,0,0.000,0.000,1
100000,12,after_idle,409.733,298131456,58808444,710,26,43,36,3029,2756,185,0.060,1,500,0,0.000,0.000,0
100000,13,Rows,412.614,324173824,117384336,687,27,43,38,3058,2783,187,0.287,1042,500,0,69.875,313.609,1
100000,13,Rows,415.014,322371584,60164028,682,27,43,37,3075,2796,189,0.233,21,500,0,2144.448,251.457,1
100000,13,Rows,415.256,323358720,60312312,683,28,43,38,3077,2798,189,0.315,15,500,0,84.386,151.066,1
100000,13,Rows,415.455,324419584,62699436,684,30,43,38,3078,2799,189,0.330,15,500,0,55.185,140.124,1
100000,13,Rows,415.739,323379200,60205204,683,32,43,38,3081,2802,190,0.259,15,500,0,69.381,210.803,1
100000,13,Rows,415.929,323948544,62508988,683,34,43,38,3082,2803,190,0.236,15,500,0,38.051,148.915,1
100000,13,Rows,416.212,323096576,60230200,683,36,43,38,3085,2805,191,0.254,15,500,0,72.544,206.650,1
100000,13,Rows,416.443,323432448,60254280,683,38,43,38,3087,2807,191,0.237,15,500,0,69.163,159.057,1
100000,13,Rows,416.651,324567040,62599484,683,40,43,38,3088,2808,191,0.518,15,500,0,47.158,157.296,1
100000,13,Rows,416.931,323149824,60265144,683,42,43,38,3091,2810,192,0.255,15,500,0,69.391,203.784,1
100000,13,Grid,417.279,323604480,62879636,683,46,43,38,3094,2812,192,0.248,13,500,0,174.750,138.187,1
100000,13,Grid,417.546,323592192,60233188,683,28,43,38,3097,2814,193,0.744,13,500,0,58.909,204.612,1
100000,13,Grid,417.764,324046848,62143452,683,30,43,38,3099,2815,193,0.274,13,500,0,66.219,143.440,1
100000,13,Grid,418.041,324407296,60317892,683,32,43,38,3102,2818,194,0.304,13,500,0,74.891,198.078,1
100000,13,Grid,418.238,324784128,62800384,683,34,43,38,3103,2819,194,0.264,13,500,0,43.614,148.724,1
100000,13,Grid,418.514,324222976,60304520,683,36,43,38,3106,2821,195,0.289,13,500,0,62.522,210.318,1
100000,13,Grid,418.745,324386816,60985044,683,38,43,38,3108,2823,195,0.329,13,500,0,74.134,153.267,1
100000,13,Grid,418.983,324706304,56921812,683,40,43,38,3111,2825,196,0.269,13,500,0,69.895,164.427,1
100000,13,Grid,419.189,324706304,62146472,683,42,43,38,3112,2826,196,0.238,13,500,0,51.388,127.186,1
100000,13,Grid,419.462,324136960,60298256,683,44,43,38,3115,2828,197,0.259,13,500,0,75.275,194.637,1
100000,13,before_idle,421.618,340197376,57199880,720,30,45,38,3130,2842,198,0.138,19,500,0,0.000,0.000,1
100000,13,after_idle,441.623,321421312,58646384,712,26,44,36,3228,2939,198,0.124,1,500,0,0.000,0.000,0
100000,14,Rows,444.378,325378048,117502840,689,27,44,38,3258,2967,200,0.289,1042,500,0,78.075,297.323,1
100000,14,Rows,444.544,325017600,99751316,689,28,44,38,3260,2969,201,0.297,824,500,0,7.872,154.886,1
100000,14,Rows,446.841,324505600,88899176,684,30,44,37,3277,2980,203,0.266,21,500,0,2141.269,152.124,1
100000,14,Rows,447.163,323579904,60272472,685,29,44,38,3280,2982,204,0.355,15,500,0,76.627,241.535,1
100000,14,Rows,447.396,323792896,60156940,686,30,44,38,3282,2984,204,0.378,15,500,0,74.716,152.871,1
100000,14,Rows,447.598,324481024,62600680,685,32,44,38,3283,2985,204,0.244,15,500,0,43.170,151.963,1
100000,14,Rows,447.890,323551232,60044464,685,34,44,38,3286,2987,205,0.292,15,500,0,79.287,208.616,1
100000,14,Rows,448.126,323821568,60216060,685,36,44,38,3288,2989,205,0.270,15,500,0,65.929,161.650,1
100000,14,Rows,448.333,324476928,62659828,685,38,44,38,3289,2990,205,0.268,15,500,0,39.262,164.251,1
100000,14,Rows,448.611,323538944,60217912,685,40,44,38,3292,2992,206,0.247,15,500,0,63.458,210.731,1
100000,14,Grid,448.974,323522560,60339124,685,44,44,38,3296,2994,206,0.547,13,500,0,177.126,167.093,1
100000,14,Grid,449.168,325033984,62792280,685,46,44,38,3297,2995,206,0.275,13,500,0,48.271,142.618,1
100000,14,Grid,449.466,324100096,60200208,685,28,44,38,3300,2997,207,0.273,13,500,0,85.828,208.265,1
100000,14,Grid,449.712,324341760,60566288,685,30,44,38,3302,2999,207,0.254,13,500,0,78.816,162.946,1
100000,14,Grid,449.896,325066752,63103604,685,32,44,38,3303,3000,207,0.240,13,500,0,43.752,137.153,1
100000,14,Grid,450.181,324513792,59993532,685,34,44,38,3306,3002,208,0.556,13,500,0,78.656,202.570,1
100000,14,Grid,450.407,324624384,61156880,685,36,44,38,3308,3004,208,0.244,13,500,0,77.553,143.691,1
100000,14,Grid,450.678,324898816,59700196,685,38,44,38,3311,3006,209,1.335,13,500,0,82.046,183.783,1
100000,14,Grid,450.886,325816320,61872960,685,40,44,38,3312,3007,209,0.500,13,500,0,48.599,153.976,1
100000,14,Grid,451.177,324898816,60155424,685,42,44,38,3315,3009,210,0.254,13,500,0,77.566,208.725,1
100000,14,before_idle,453.362,340692992,57188976,722,30,46,38,3330,3024,211,0.163,19,500,0,0.000,0.000,1
100000,14,after_idle,473.411,321806336,62421036,712,28,44,35,3432,3125,211,0.050,3,500,0,0.000,0.000,1
100000,15,Rows,476.295,327053312,119916392,689,27,44,37,3461,3152,213,0.391,1042,500,0,111.855,276.748,1
100000,15,Rows,478.721,327004160,60281364,684,28,44,36,3477,3168,214,0.321,21,500,0,2158.946,263.677,1
100000,15,Rows,478.934,327626752,62191736,685,29,44,37,3479,3170,214,0.339,15,500,0,57.112,152.731,1
100000,15,Rows,479.224,325398528,60120736,686,30,44,37,3482,3173,215,0.281,15,500,0,75.151,211.599,1
100000,15,Rows,479.416,329637888,62486860,685,32,44,37,3483,3174,215,0.473,15,500,0,37.516,150.721,1
100000,15,Rows,479.685,328753152,60098352,685,34,44,37,3486,3176,216,0.296,15,500,0,58.742,205.743,1
100000,15,Rows,479.915,329060352,60203248,685,36,44,37,3488,3178,216,0.264,15,500,0,71.536,155.559,1
100000,15,Rows,480.107,330260480,62540624,685,38,44,37,3489,3179,216,0.250,15,500,0,42.231,145.693,1
100000,15,Rows,480.393,329363456,60188640,685,40,44,37,3492,3181,217,0.242,15,500,0,78.786,203.013,1
100000,15,Rows,480.615,329584640,59921948,685,42,44,37,3494,3183,217,0.236,15,500,0,68.318,150.138,1
100000,15,Grid,481.048,329240576,60338724,685,46,44,37,3498,3186,218,0.264,13,500,0,179.892,216.551,1
100000,15,Grid,481.281,330371072,60283912,685,28,44,37,3500,3188,218,0.252,13,500,0,71.398,157.409,1
100000,15,Grid,481.477,330870784,62804780,685,30,44,37,3501,3189,218,0.270,13,500,0,51.888,140.869,1
100000,15,Grid,481.738,330190848,60695268,685,32,44,37,3504,3192,219,0.257,13,500,0,65.024,193.653,1
100000,15,Grid,481.927,330481664,63358848,685,34,44,37,3505,3193,219,0.274,13,500,0,77.270,107.513,1
100000,15,Grid,482.197,329936896,60195380,685,36,44,37,3508,3195,220,0.250,13,500,0,68.568,198.418,1
100000,15,Grid,482.412,330637312,61605368,685,38,44,37,3510,3196,220,0.257,13,500,0,69.033,142.946,1
100000,15,Grid,482.680,330252288,60318820,685,40,44,37,3513,3198,221,0.329,13,500,0,76.345,187.889,1
100000,15,Grid,482.868,330584064,62384120,685,42,44,37,3514,3199,221,0.294,13,500,0,40.537,140.854,1
100000,15,Grid,483.153,330067968,60043876,685,44,44,37,3517,3201,222,0.261,13,500,0,71.257,210.005,1
100000,15,before_idle,485.655,345911296,57186948,724,30,47,37,3531,3215,223,0.210,17,500,0,0.000,0.000,1
100000,15,after_idle,505.684,327290880,58743960,714,26,45,36,3630,3313,223,0.047,3,500,0,0.000,0.000,1
100000,16,Rows,508.589,330870784,109600216,691,27,45,37,3661,3341,226,0.287,1042,500,0,110.781,292.339,1
100000,16,Rows,511.032,329216000,60442668,686,27,45,36,3679,3354,229,0.228,21,500,0,2186.853,253.252,1
100000,16,Rows,511.259,329609216,60648476,687,28,45,37,3681,3356,229,0.317,15,500,0,68.054,155.189,1
100000,16,Rows,511.446,330309632,62950208,688,30,45,37,3682,3357,229,0.244,15,500,0,46.287,137.969,1
100000,16,Rows,511.750,329478144,60306280,687,32,45,37,3685,3359,230,0.247,15,500,0,76.305,224.494,1
100000,16,Rows,511.934,329695232,57004808,687,34,45,37,3687,3361,230,0.254,15,500,0,75.349,105.030,1
100000,16,Rows,512.207,329289728,60019048,687,36,45,37,3689,3362,231,0.673,15,500,0,35.749,195.226,1
100000,16,Rows,512.433,329256960,61864200,687,38,45,37,3691,3363,231,0.343,15,500,0,80.515,138.220,1
100000,16,Rows,512.719,329592832,59936332,687,40,45,37,3694,3365,232,0.264,15,500,0,74.193,206.985,1
100000,16,Rows,512.914,330383360,61915328,687,42,45,37,3695,3366,232,0.247,15,500,0,49.877,142.274,1
100000,16,Grid,513.344,329474048,60400236,687,46,45,37,3700,3369,233,0.246,13,500,0,190.401,201.808,1
100000,16,Grid,513.548,329826304,63002368,687,28,45,37,3701,3370,233,0.539,13,500,0,59.024,141.097,1
100000,16,Grid,513.829,329576448,60225028,687,30,45,37,3704,3372,234,0.251,13,500,0,74.268,201.642,1
100000,16,Grid,514.066,329719808,61214484,687,32,45,37,3706,3374,234,0.273,13,500,0,85.823,147.879,1
100000,16,Grid,514.333,330690560,59677392,687,34,45,37,3709,3376,235,0.263,13,500,0,68.971,194.720,1
100000,16,Grid,514.531,331415552,61785024,687,36,45,37,3710,3377,235,0.242,13,500,0,42.762,151.537,1
100000,16,Grid,514.803,330477568,60576628,687,38,45,37,3713,3380,236,0.263,13,500,0,68.789,199.924,1
100000,16,Grid,515.032,332185600,60197300,687,40,45,37,3715,3382,236,0.286,13,500,0,52.096,172.661,1
100000,16,Grid,515.292,330776576,60491432,687,42,45,37,3717,3384,237,0.278,13,500,0,51.972,205.009,1
100000,16,Grid,515.511,330792960,62078328,687,44,45,37,3719,3385,237,0.231,13,500,0,81.121,134.377,1
100000,16,before_idle,518.091,346406912,59678624,724,30,47,37,3735,3398,239,0.375,18,500,0,0.000,0.000,1
100000,16,after_idle,538.095,244895744,63222484,680,26,44,35,3833,3495,240,0.051,1,500,0,0.000,0.000,0
100000,17,Rows,541.083,304951296,115247224,689,27,44,37,3862,3523,241,0.379,1042,500,0,83.451,317.734,1
100000,17,Rows,543.812,307191808,60816920,684,28,44,36,3879,3536,243,0.235,21,500,0,2501.796,223.453,1
100000,17,Rows,544.052,307363840,61177836,685,29,44,37,3881,3538,243,0.432,15,500,0,71.438,165.100,1
100000,17,Rows,544.234,307695616,63367348,685,30,44,37,3882,3539,243,0.266,15,500,0,38.288,136.584,1
100000,17,Rows,544.511,307195904,60645392,685,32,44,37,3885,3541,244,0.406,15,500,0,69.389,202.718,1
100000,17,Rows,544.729,307372032,60574872,685,34,44,37,3887,3543,244,0.280,15,500,0,73.245,140.942,1
100000,17,Rows,544.916,307920896,62842044,685,36,44,37,3888,3544,244,0.233,15,500,0,35.288,146.576,1
100000,17,Rows,545.186,307081216,60374448,685,38,44,37,3891,3546,245,0.248,15,500,0,72.307,194.093,1
100000,17,Rows,545.408,307445760,60327180,685,40,44,37,3893,3548,245,0.268,15,500,0,70.878,145.834,1
100000,17,Rows,545.603,308109312,62651896,685,42,44,37,3894,3549,245,0.244,15,500,0,58.332,132.692,1
100000,17,Grid,546.135,248561664,62439156,685,46,44,37,3899,3552,247,0.254,13,500,0,224.058,276.386,1
100000,17,Grid,546.339,248569856,62490828,685,28,44,37,3901,3553,247,0.242,13,500,0,69.972,130.583,1
100000,17,Grid,546.582,248786944,60521128,685,30,44,37,3904,3555,248,0.287,13,500,0,53.603,186.146,1
100000,17,Grid,546.793,249061376,60482332,685,32,44,37,3906,3557,248,0.262,13,500,0,59.289,146.667,1
100000,17,Grid,546.980,249466880,62939288,685,34,44,37,3907,3558,248,0.348,13,500,0,55.463,127.452,1
100000,17,Grid,547.298,248700928,60535624,685,36,44,37,3910,3560,249,0.291,13,500,0,97.565,207.860,1
100000,17,Grid,547.511,249012224,60757556,685,38,44,37,3912,3562,249,0.245,13,500,0,70.861,138.649,1
100000,17,Grid,547.742,249278464,60879160,685,40,44,37,3914,3564,250,0.252,13,500,0,49.664,177.892,1
100000,17,Grid,547.957,249278464,61968036,685,42,44,37,3916,3565,250,0.273,13,500,0,72.828,138.616,1
100000,17,Grid,548.208,248877056,60623316,685,44,44,37,3919,3567,251,0.257,13,500,0,63.041,184.770,1
100000,17,before_idle,550.688,264925184,57191444,722,30,46,37,3934,3579,252,0.272,19,500,0,0.000,0.000,1
100000,17,after_idle,570.732,237711360,61084676,710,24,43,36,4169,3813,252,0.116,6,500,0,0.000,0.000,1
100000,18,Rows,573.268,298729472,118127028,689,25,44,38,4198,3841,253,0.224,1043,500,0,67.507,254.320,1
100000,18,Rows,573.407,298913792,100580848,689,26,44,38,4200,3843,254,0.192,696,500,0,10.157,125.671,1
100000,18,Rows,575.279,294977536,61660292,683,28,44,37,4217,3856,256,0.180,22,500,0,1691.789,175.865,1
100000,18,Rows,575.598,236331008,63321748,684,27,45,38,4219,3857,257,0.198,20,500,0,71.186,245.088,1
100000,18,Rows,575.778,236597248,63516248,684,28,45,38,4221,3858,257,0.230,20,500,0,61.143,115.431,1
100000,18,Rows,576.009,237621248,61431992,684,30,45,38,4224,3860,258,0.204,20,500,0,59.953,167.140,1
100000,18,Rows,576.213,237883392,60654200,684,27,46,38,4226,3862,258,0.182,17,500,0,64.052,136.950,1
100000,18,Rows,576.372,239054848,63182812,684,28,45,38,4227,3863,258,0.168,17,500,0,39.061,115.902,1
100000,18,Rows,576.593,224915456,61214660,684,30,45,38,4230,3865,259,0.250,16,500,0,62.431,154.957,1
100000,18,Rows,576.754,237338624,63276672,684,32,45,38,4231,3866,259,0.225,16,500,0,39.911,116.637,1
100000,18,Grid,577.127,237826048,61500792,684,36,45,38,4237,3869,261,0.193,14,500,0,197.361,161.933,1
100000,18,Grid,577.321,238350336,60764280,684,38,45,38,4239,3871,261,0.210,14,500,0,63.160,127.224,1
100000,18,Grid,577.495,239595520,63414488,684,40,45,38,4240,3872,261,0.223,14,500,0,42.953,127.002,1
100000,18,Grid,577.723,238272512,61486572,684,42,45,38,4243,3874,262,0.197,14,500,0,64.789,159.992,1
100000,18,Grid,577.917,239022080,61302796,684,44,45,38,4245,3876,262,0.197,14,500,0,62.945,127.219,1
100000,18,Grid,578.082,238825472,63866596,684,26,45,38,4246,3877,262,0.190,14,500,0,41.293,120.351,1
100000,18,Grid,578.297,238862336,61506080,684,28,45,38,4249,3879,263,0.208,14,500,0,61.503,150.223,1
100000,18,Grid,578.483,238915584,61840088,684,30,45,38,4251,3881,263,0.415,14,500,0,60.975,120.653,1
100000,18,Grid,578.695,239218688,60419656,684,32,45,38,4254,3883,264,0.196,14,500,0,63.140,145.912,1
100000,18,Grid,578.857,239521792,62583096,684,34,45,38,4255,3884,264,0.185,14,500,0,41.068,117.296,1
100000,18,before_idle,580.235,255156224,63766620,720,32,45,38,4270,3897,265,0.034,41,500,0,0.000,0.000,1
100000,18,after_idle,600.256,242311168,62530144,713,26,44,37,4500,4127,265,0.129,31,500,0,0.000,0.000,1
100000,19,Rows,602.869,302137344,111853800,690,27,44,39,4529,4155,266,0.221,1067,500,0,71.324,258.634,1
100000,19,Rows,602.981,306151424,117207696,690,28,44,39,4529,4155,266,0.206,758,500,0,10.177,97.719,1
100000,19,Rows,604.912,302067712,63616280,684,30,44,38,4548,4168,269,0.210,46,500,0,1747.868,179.308,1
100000,19,Rows,605.090,303357952,66253588,685,30,44,39,4549,4169,269,0.260,40,500,0,44.409,129.873,1
100000,19,Rows,605.335,302903296,63762708,685,31,44,39,4552,4171,270,0.194,40,500,0,63.532,177.684,1
100000,19,Rows,605.534,303575040,63988592,685,32,44,39,4554,4173,270,0.187,40,500,0,65.176,130.693,1
100000,19,Rows,605.703,304484352,66375032,685,34,44,39,4555,4174,270,0.188,40,500,0,43.387,122.350,1
100000,19,Rows,605.944,303644672,63769440,685,36,44,39,4558,4176,271,0.197,40,500,0,65.439,171.778,1
100000,19,Rows,606.140,304001024,64031296,685,38,44,39,4560,4178,271,0.323,40,500,0,64.005,128.891,1
100000,19,Rows,606.315,304340992,66411152,685,40,44,39,4561,4179,271,0.184,40,500,0,42.020,129.284,1
100000,19,Grid,606.720,304443392,63483232,685,44,44,39,4567,4182,273,0.196,38,500,0,208.632,180.367,1
100000,19,Grid,606.922,304951296,63323840,685,46,44,39,4569,4184,273,0.189,38,500,0,68.111,130.873,1
100000,19,Grid,607.096,305934336,65995840,685,28,44,39,4570,4185,273,0.199,38,500,0,38.490,132.085,1
100000,19,Grid,607.340,305123328,63794792,685,30,44,39,4573,4187,274,0.252,38,500,0,63.724,175.857,1
100000,19,Grid,607.546,305627136,63603608,685,32,44,39,4575,4189,274,0.204,38,500,0,68.524,133.916,1
100000,19,Grid,607.723,306155520,66229224,685,34,44,39,4576,4190,274,0.194,38,500,0,42.478,130.347,1
100000,19,Grid,607.969,305242112,63808884,685,36,44,39,4579,4192,275,0.244,38,500,0,66.498,175.350,1
100000,19,Grid,608.173,305586176,64148648,685,38,44,39,4581,4194,275,0.195,38,500,0,67.637,133.483,1
100000,19,Grid,608.390,306401280,64214956,685,40,44,39,4583,4196,276,0.199,38,500,0,44.206,169.168,1
100000,19,Grid,608.571,306544640,65542788,685,42,44,39,4585,4197,276,0.196,38,500,0,65.714,111.975,1
100000,19,before_idle,609.956,322400256,65675572,722,32,45,39,4600,4209,277,0.054,64,500,0,0.000,0.000,1
100000,19,after_idle,630.013,304623616,64092992,714,26,44,37,4820,4429,277,0.117,54,500,0,0.000,0.000,1
100000,20,Rows,632.615,327655424,118841760,691,27,44,39,4850,4457,279,0.273,1090,500,0,71.222,265.652,1
100000,20,Rows,632.725,330813440,124144816,691,28,44,39,4850,4457,279,0.219,867,500,0,8.236,97.498,1
100000,20,Rows,634.651,328495104,66423848,685,30,44,38,4868,4472,281,0.203,69,500,0,1725.180,197.315,1
100000,20,Rows,634.859,328835072,67219372,686,29,44,39,4870,4474,281,0.266,63,500,0,61.528,143.017,1
100000,20,Rows,635.026,329187328,69518352,686,30,44,39,4871,4475,281,0.196,63,500,0,40.353,122.579,1
100000,20,Rows,635.267,328581120,66165128,686,32,44,39,4874,4477,282,0.278,63,500,0,65.867,172.106,1
100000,20,Rows,635.465,328859648,66896788,686,34,44,39,4876,4479,282,0.388,63,500,0,60.767,133.910,1
100000,20,Rows,635.630,329170944,69239992,686,36,44,39,4877,4480,282,0.193,63,500,0,40.262,120.781,1
100000,20,Rows,635.869,328622080,66230876,686,38,44,39,4880,4482,283,0.199,63,500,0,59.713,175.053,1
100000,20,Rows,636.065,328818688,67016988,686,40,44,39,4882,4484,283,0.179,63,500,0,63.201,129.553,1
100000,20,Grid,636.441,329093120,66653488,686,44,44,39,4886,4487,284,0.230,61,500,0,157.722,181.109,1
100000,20,Grid,636.629,329101312,67836636,686,46,44,39,4888,4488,284,0.212,61,500,0,59.702,123.609,1
100000,20,Grid,636.877,329633792,66314988,686,28,44,39,4891,4490,285,0.201,61,500,0,66.378,178.437,1
100000,20,Grid,637.047,330321920,68528032,686,30,44,39,4892,4491,285,0.196,61,500,0,42.063,124.004,1
100000,20,Grid,637.296,329654272,66236784,686,32,44,39,4895,4493,286,0.198,61,500,0,65.336,179.633,1
100000,20,Grid,637.485,329797632,67452600,686,34,44,39,4897,4494,286,0.193,61,500,0,63.545,121.326,1
100000,20,Grid,637.717,330170368,65897368,686,36,44,39,4900,4496,287,0.199,61,500,0,62.258,166.820,1
100000,20,Grid,637.885,330825728,68053316,686,38,44,39,4901,4497,287,0.196,61,500,0,41.798,122.863,1
100000,20,Grid,638.135,329900032,66633460,686,40,44,39,4904,4499,288,0.215,61,500,0,64.582,181.860,1
100000,20,Grid,638.334,330076160,66554544,686,42,44,39,4906,4501,288,0.238,61,500,0,67.332,128.957,1
100000,20,before_idle,639.708,347062272,66902524,721,32,45,39,4920,4515,289,0.042,87,500,0,0.000,0.000,1
100000,20,after_idle,659.763,327995392,67767932,707,28,42,34,5152,4747,289,0.119,77,500,0,0.000,0.000,1
100000,21,Rows,662.334,338518016,124772944,684,27,42,36,5182,4775,291,0.276,1113,500,0,95.808,234.621,1
100000,21,Rows,662.456,340832256,124052176,684,28,42,36,5183,4776,291,0.234,908,500,0,8.134,109.486,1
100000,21,Rows,664.429,339677184,68674612,678,30,42,35,5202,4790,294,0.215,92,500,0,1753.036,216.301,1
100000,21,Rows,664.607,339759104,71281704,679,30,42,36,5203,4791,294,0.306,86,500,0,44.110,130.702,1
100000,21,Rows,664.872,339759104,68464784,679,31,42,36,5206,4793,295,0.208,86,500,0,65.958,194.782,1
100000,21,Rows,665.077,339902464,68851932,679,32,42,36,5208,4795,295,0.203,86,500,0,67.957,133.293,1
100000,21,Rows,665.246,340336640,71321752,679,34,42,36,5209,4796,295,0.198,86,500,0,39.964,125.950,1
100000,21,Rows,665.501,339738624,68683232,679,36,42,36,5212,4798,296,0.202,86,500,0,63.652,188.238,1
100000,21,Rows,665.705,339738624,68895292,679,38,42,36,5214,4800,296,0.204,86,500,0,66.697,133.443,1
100000,21,Rows,665.884,339886080,71356128,679,40,42,36,5215,4801,296,0.213,86,500,0,44.263,130.508,1
100000,21,Grid,666.405,257286144,71174612,679,44,42,36,5220,4804,298,0.220,84,500,0,205.860,277.636,1
100000,21,Grid,666.579,257433600,71324772,679,46,42,36,5222,4805,298,0.201,84,500,0,61.220,109.328,1
100000,21,Grid,666.754,257572864,71250380,679,28,42,36,5224,4806,298,0.197,84,500,0,60.254,112.019,1
100000,21,Grid,666.986,257482752,69007960,679,30,42,36,5227,4808,299,0.210,84,500,0,63.064,165.817,1
100000,21,Grid,667.173,258101248,69415304,679,32,42,36,5229,4810,299,0.251,84,500,0,61.748,121.822,1
100000,21,Grid,667.380,258387968,69261248,679,34,42,36,5231,4812,300,0.195,84,500,0,40.382,162.146,1
100000,21,Grid,667.552,257814528,70882892,679,36,42,36,5233,4813,300,0.205,84,500,0,61.580,106.256,1
100000,21,Grid,667.784,257978368,69110584,679,38,42,36,5236,4815,301,0.206,84,500,0,64.162,165.054,1
100000,21,Grid,667.973,258539520,69499316,679,40,42,36,5238,4817,301,0.193,84,500,0,64.087,121.270,1
100000,21,Grid,668.177,258822144,65627764,679,42,42,36,5241,4819,302,0.241,84,500,0,41.653,158.997,1
100000,21,before_idle,669.589,271740928,73030516,731,32,43,36,5255,4833,303,0.045,110,500,0,0.000,0.000,1
100000,21,after_idle,689.633,255537152,73881196,711,26,41,35,5524,5102,303,0.123,100,500,0,0.000,0.000,1
100000,22,Rows,692.105,315518976,130464796,685,27,42,36,5553,5130,304,0.229,1136,500,0,67.644,242.910,1
100000,22,Rows,692.251,316518400,111058676,685,28,42,36,5555,5132,305,0.222,909,500,0,23.079,119.113,1
100000,22,Rows,694.150,316239872,71584972,679,30,42,35,5573,5144,307,0.209,115,500,0,1699.668,195.825,1
100000,22,Rows,694.405,315969536,71366140,680,29,42,36,5576,5146,308,0.205,109,500,0,61.396,190.304,1
100000,22,Rows,694.575,316973056,73365300,680,30,42,36,5577,5147,308,0.198,109,500,0,42.000,123.873,1
100000,22,Rows,694.816,316063744,71330732,680,32,42,36,5580,5149,309,0.324,109,500,0,61.791,175.030,1
100000,22,Rows,695.011,316485632,71651984,680,34,42,36,5582,5151,309,0.190,109,500,0,65.769,125.787,1
100000,22,Rows,695.175,317222912,74063612,680,36,42,36,5583,5152,309,0.211,109,500,0,40.643,120.920,1
100000,22,Rows,695.427,316309504,71584904,680,38,42,36,5586,5154,310,0.222,109,500,0,62.654,184.905,1
100000,22,Rows,695.626,316653568,71743272,680,40,42,36,5588,5156,310,0.198,109,500,0,63.254,132.708,1
100000,22,Grid,695.996,316870656,71613880,680,44,42,36,5592,5159,311,0.220,107,500,0,156.719,176.223,1
100000,22,Grid,696.193,317001728,72361720,680,46,42,36,5594,5161,311,0.210,107,500,0,64.561,128.443,1
100000,22,Grid,696.414,317648896,71945248,680,28,42,36,5596,5163,312,0.216,107,500,0,40.816,176.936,1
100000,22,Grid,696.597,317792256,73498984,680,30,42,36,5598,5164,312,0.201,107,500,0,63.712,114.947,1
100000,22,Grid,696.859,318062592,71326944,680,32,42,36,5601,5166,313,0.216,107,500,0,72.084,186.190,1
100000,22,Grid,697.055,318349312,72068008,680,34,42,36,5603,5168,313,0.200,107,500,0,67.661,125.069,1
100000,22,Grid,697.270,318660608,68180468,680,36,42,36,5606,5170,314,0.212,107,500,0,40.569,171.185,1
100000,22,Grid,697.455,318087168,73510704,680,38,42,36,5607,5171,314,0.200,107,500,0,40.540,116.568,1
100000,22,Grid,697.697,317751296,71464420,680,40,42,36,5610,5173,315,0.203,107,500,0,62.112,176.516,1
100000,22,Grid,697.888,318078976,72184136,680,42,42,36,5612,5175,315,0.199,107,500,0,65.044,123.123,1
100000,22,before_idle,699.255,333963264,72859608,715,32,43,36,5626,5188,316,0.042,133,500,0,0.000,0.000,1
100000,22,after_idle,719.308,315846656,74419820,709,28,42,36,5848,5410,316,0.266,118,500,0,0.000,0.000,1
100000,23,Rows,721.835,341811200,128403048,686,27,42,38,5878,5439,317,0.299,1155,500,0,75.458,263.147,1
100000,23,Rows,723.872,340676608,73112440,680,27,42,37,5896,5453,320,0.218,134,500,0,1810.121,223.652,1
100000,23,Rows,724.077,341934080,75031288,681,28,42,38,5898,5454,320,0.315,128,500,0,61.334,139.947,1
100000,23,Rows,724.317,342417408,73004640,681,30,42,38,5901,5457,321,0.232,128,500,0,64.940,171.684,1
100000,23,Rows,724.486,343203840,75401120,681,32,42,38,5902,5458,321,0.238,128,500,0,37.476,127.953,1
100000,23,Rows,724.742,342425600,73027808,681,34,42,38,5905,5460,322,0.406,128,500,0,64.202,188.337,1
100000,23,Rows,724.943,342638592,73057080,681,36,42,38,5907,5462,322,0.244,128,500,0,65.023,131.706,1
100000,23,Rows,725.105,343470080,75454104,681,38,42,38,5908,5463,322,0.225,128,500,0,37.551,121.258,1
100000,23,Rows,725.331,342745088,72564552,681,40,42,38,5911,5466,323,0.231,128,500,0,59.809,162.707,1
100000,23,Rows,725.493,343400448,75709992,681,42,42,38,5912,5467,323,0.233,128,500,0,37.329,120.765,1
100000,23,Grid,725.876,343130112,73080512,681,46,42,38,5917,5470,324,0.204,126,500,0,163.004,182.842,1
100000,23,Grid,726.073,343810048,73151752,681,28,42,38,5919,5472,324,0.201,126,500,0,64.004,129.943,1
100000,23,Grid,726.240,344612864,75725768,681,30,42,38,5920,5473,324,0.199,126,500,0,37.375,125.273,1
100000,23,Grid,726.473,343609344,72578308,681,32,42,38,5923,5476,325,0.209,126,500,0,62.168,166.906,1
100000,23,Grid,726.636,343891968,75908168,681,34,42,38,5924,5477,325,0.226,126,500,0,39.137,121.019,1
100000,23,Grid,726.893,343392256,72943372,681,36,42,38,5927,5479,326,0.228,126,500,0,59.837,193.265,1
100000,23,Grid,727.084,343584768,74058944,681,38,42,38,5929,5481,326,0.634,126,500,0,63.633,123.681,1
100000,23,Grid,727.312,343867392,73031284,681,40,42,38,5931,5483,327,0.203,126,500,0,64.940,159.068,1
100000,23,Grid,727.491,343867392,75103296,681,42,42,38,5933,5484,327,0.283,126,500,0,57.853,117.799,1
100000,23,Grid,727.738,343588864,73102292,681,44,42,38,5936,5486,328,0.203,126,500,0,61.043,182.807,1
100000,23,before_idle,729.051,359329792,74399912,731,32,43,38,5951,5500,329,0.065,154,500,0,0.000,0.000,1
100000,23,after_idle,749.128,341258240,72753096,708,28,42,36,6186,5734,329,0.128,143,500,0,0.000,0.000,1
100000,24,Rows,751.713,349753344,129901872,685,27,42,38,6216,5762,331,0.261,1179,500,0,71.850,264.875,1
100000,24,Rows,751.861,350539776,123216636,685,28,42,38,6218,5764,332,0.251,942,500,0,8.471,135.193,1
100000,24,Rows,753.781,352612352,75541060,679,30,42,37,6234,5778,333,0.215,158,500,0,1677.388,239.494,1
100000,24,Rows,754.120,268374016,78263724,680,30,42,38,6235,5779,334,0.277,152,500,0,42.661,291.924,1
100000,24,Rows,754.301,267829248,78295712,680,31,42,38,6237,5780,334,0.201,152,500,0,63.940,114.275,1
100000,24,Rows,754.560,268021760,75759212,680,32,42,38,6240,5783,335,0.206,152,500,0,65.626,189.322,1
100000,24,Rows,754.722,268443648,78630580,680,34,42,38,6241,5784,335,0.198,152,500,0,40.705,118.087,1
100000,24,Rows,754.955,267874304,75778500,680,36,42,38,6244,5786,336,0.208,152,500,0,60.465,168.602,1
100000,24,Rows,755.148,268058624,76645244,680,38,42,38,6246,5788,336,0.198,152,500,0,61.992,127.328,1
100000,24,Rows,755.311,268386304,78981960,680,40,42,38,6247,5789,336,0.210,152,500,0,43.993,114.708,1
100000,24,Grid,755.686,267931648,76016908,680,44,42,38,6253,5793,338,0.209,150,500,0,196.951,161.493,1
100000,24,Grid,755.878,268292096,76346220,680,46,42,38,6255,5795,338,0.204,150,500,0,64.855,124.268,1
100000,24,Grid,756.044,268955648,78935092,680,28,42,38,6256,5796,338,0.206,150,500,0,41.309,121.649,1
100000,24,Grid,756.280,268062720,75896916,680,30,42,38,6259,5798,339,0.210,150,500,0,60.994,171.505,1
100000,24,Grid,756.468,268292096,76556260,680,32,42,38,6261,5800,339,0.208,150,500,0,61.528,123.140,1
100000,24,Grid,756.677,268582912,76416020,680,34,42,38,6263,5802,340,0.219,150,500,0,40.958,164.111,1
100000,24,Grid,756.851,268726272,77974112,680,36,42,38,6265,5803,340,0.233,150,500,0,60.814,110.025,1
100000,24,Grid,757.085,268111872,75692612,680,38,42,38,6268,5805,341,0.209,150,500,0,60.768,169.488,1
100000,24,Grid,757.278,268832768,76565328,680,40,42,38,6270,5807,341,0.207,150,500,0,62.680,127.605,1
100000,24,Grid,757.485,269144064,76452088,680,42,42,38,6272,5809,342,0.215,150,500,0,43.946,159.381,1
100000,24,before_idle,758.844,284573696,79970620,732,32,43,38,6287,5823,343,0.195,176,500,0,0.000,0.000,1
100000,24,after_idle,778.871,266817536,80490012,713,28,42,37,6559,6095,343,0.138,165,500,0,0.000,0.000,1
100000,25,Rows,781.384,328220672,120088700,685,28,42,38,6589,6124,344,0.286,1201,500,0,93.699,276.864,1
100000,25,Rows,781.546,324866048,118165396,685,29,42,38,6591,6126,345,0.222,978,500,0,8.506,149.256,1
100000,25,Rows,783.411,325705728,106246956,679,30,42,37,6610,6137,348,0.215,180,500,0,1740.439,121.375,1
100000,25,Rows,783.664,326082560,77933528,680,29,42,38,6613,6140,349,0.210,174,500,0,67.723,180.709,1
100000,25,Rows,783.836,326488064,81157120,680,30,42,38,6614,6141,349,0.218,174,500,0,45.353,123.566,1
100000,25,Rows,784.090,325918720,78592688,680,32,42,38,6617,6143,350,0.206,174,500,0,65.053,185.938,1
100000,25,Rows,784.288,326373376,79271156,680,34,42,38,6619,6145,350,0.198,174,500,0,67.213,126.931,1
100000,25,Rows,784.512,326684672,78671076,680,36,42,38,6621,6147,351,0.225,174,500,0,42.233,177.624,1
100000,25,Rows,784.688,326967296,80346228,680,38,42,38,6623,6148,351,0.208,174,500,0,60.193,112.449,1
100000,25,Rows,784.945,326328320,78223088,680,40,42,38,6626,6150,352,0.210,174,500,0,69.070,184.342,1
100000,25,Grid,785.285,327151616,78656672,680,44,42,38,6630,6152,352,0.211,172,500,0,156.870,145.672,1
100000,25,Grid,785.455,328171520,81116980,680,46,42,38,6631,6153,352,0.210,172,500,0,42.211,124.414,1
100000,25,Grid,785.703,327516160,78405836,680,28,42,38,6634,6155,353,0.217,172,500,0,63.492,181.454,1
100000,25,Grid,785.898,327462912,78966108,680,30,42,38,6636,6157,353,0.197,172,500,0,63.847,127.741,1
100000,25,Grid,786.061,328323072,81525956,680,32,42,38,6637,6158,353,0.218,172,500,0,41.818,116.796,1
100000,25,Grid,786.279,327766016,77989576,680,34,42,38,6640,6160,354,0.213,172,500,0,65.981,148.249,1
100000,25,Grid,786.472,327950336,79403580,680,36,42,38,6642,6162,354,0.207,172,500,0,64.500,124.387,1
100000,25,Grid,786.712,328245248,78037164,680,38,42,38,6645,6164,355,0.214,172,500,0,67.741,168.500,1
100000,25,Grid,786.883,329142272,80204920,680,40,42,38,6646,6165,355,0.212,172,500,0,43.125,125.260,1
100000,25,Grid,787.104,328187904,78003084,680,42,42,38,6649,6168,356,0.220,172,500,0,62.280,154.808,1
100000,25,before_idle,788.438,344383488,80784728,732,32,43,38,6663,6182,357,0.106,198,500,0,0.000,0.000,1
100000,25,after_idle,808.472,325640192,84408928,704,28,42,35,6887,6406,357,0.121,188,500,0,0.000,0.000,1
100000,26,Rows,811.038,351944704,141939192,710,29,43,35,6916,6435,357,0.263,1224,500,0,98.079,239.825,1
100000,26,Rows,811.204,352219136,127675248,686,28,43,36,6918,6437,358,0.248,981,500,0,20.194,141.969,1
100000,26,Rows,813.064,350085120,105141200,680,29,43,35,6935,6454,359,0.218,203,500,0,1709.897,146.473,1
100000,26,Rows,813.250,354938880,107917604,681,30,43,36,6936,6455,359,0.278,197,500,0,49.339,132.290,1
100000,26,Rows,813.504,349532160,80658852,681,31,43,36,6939,6458,360,0.200,197,500,0,71.045,179.365,1
100000,26,Rows,813.672,349917184,84190812,681,32,43,36,6940,6459,360,0.211,197,500,0,42.389,122.280,1
100000,26,Rows,813.899,349298688,80758868,681,34,43,36,6943,6461,361,0.566,197,500,0,65.960,156.728,1
100000,26,Rows,814.095,349564928,82032620,681,36,43,36,6945,6463,361,0.196,197,500,0,65.827,126.415,1
100000,26,Rows,814.321,349888512,81178564,681,38,43,36,6947,6465,362,0.206,197,500,0,41.814,181.324,1
100000,26,Rows,814.508,349888512,83029904,681,40,43,36,6949,6466,362,0.200,197,500,0,61.869,120.741,1
100000,26,Grid,814.935,349601792,80947280,681,44,43,36,6955,6469,364,0.240,195,500,0,204.388,185.632,1
100000,26,Grid,815.143,349835264,81198164,681,46,43,36,6957,6471,364,0.234,195,500,0,66.546,138.172,1
100000,26,Grid,815.311,350408704,83827764,681,28,43,36,6958,6472,364,0.204,195,500,0,41.820,122.680,1
100000,26,Grid,815.552,349487104,80776944,681,30,43,36,6961,6474,365,0.210,195,500,0,65.084,172.390,1
100000,26,Grid,815.752,349786112,81689680,681,32,43,36,6963,6476,365,0.205,195,500,0,65.757,130.716,1
100000,26,Grid,815.923,350085120,84245304,681,34,43,36,6964,6477,365,0.215,195,500,0,43.156,124.647,1
100000,26,Grid,816.149,349515776,80726592,681,36,43,36,6967,6479,366,0.276,195,500,0,65.263,156.441,1
100000,26,Grid,816.351,349708288,82120472,681,38,43,36,6969,6481,366,0.209,195,500,0,73.652,124.620,1
100000,26,Grid,816.569,350281728,81016384,681,40,43,36,6971,6483,367,0.224,195,500,0,68.576,146.235,1
100000,26,Grid,816.754,350281728,83850164,681,42,43,36,6973,6485,367,0.213,195,500,0,67.029,114.623,1
100000,26,before_idle,818.143,365948928,83737448,722,32,45,37,6988,6497,368,0.044,221,500,0,0.000,0.000,1
100000,26,after_idle,838.192,347725824,83706996,714,26,44,36,7215,6724,368,0.126,211,500,0,0.000,0.000,1
100000,27,Rows,840.832,364482560,135401348,691,27,44,37,7246,6752,370,0.270,1247,500,0,75.599,260.747,1
100000,27,Rows,840.944,367640576,140730428,691,28,44,37,7246,6752,370,0.270,1040,500,0,9.376,99.490,1
100000,27,Rows,842.864,364126208,83288816,685,30,44,36,7265,6767,373,0.215,226,500,0,1745.365,170.879,1
100000,27,Rows,843.087,364204032,84071420,686,29,44,37,7267,6769,373,0.213,220,500,0,70.170,149.183,1
100000,27,Rows,843.259,364204032,86573684,686,30,44,37,7268,6770,373,0.215,220,500,0,40.553,128.285,1
100000,27,Rows,843.504,364204032,83287936,686,32,44,37,7271,6773,374,0.205,220,500,0,64.511,177.021,1
100000,27,Rows,843.673,364478464,86436716,686,34,44,37,7272,6774,374,0.213,220,500,0,39.811,124.935,1
100000,27,Rows,843.897,364478464,83280692,686,36,44,37,7275,6776,375,0.234,220,500,0,68.007,152.575,1
100000,27,Rows,844.108,364478464,84280516,686,38,44,37,7277,6778,375,0.411,220,500,0,69.528,136.658,1
100000,27,Rows,844.280,364478464,86683016,686,40,44,37,7278,6779,375,0.208,220,500,0,42.309,127.028,1
100000,27,Grid,844.678,365821952,84668096,686,44,44,37,7283,6782,376,0.217,218,500,0,198.153,159.941,1
100000,27,Grid,844.895,365281280,84065024,686,46,44,37,7285,6784,376,0.219,218,500,0,74.160,139.516,1
100000,27,Grid,845.073,365412352,86727552,686,28,44,37,7286,6785,376,0.213,218,500,0,42.982,132.656,1
100000,27,Grid,845.306,365555712,83290632,686,30,44,37,7289,6788,377,0.220,218,500,0,69.447,158.950,1
100000,27,Grid,845.479,365973504,87159444,686,32,44,37,7290,6789,377,0.216,218,500,0,70.181,100.034,1
100000,27,Grid,845.694,365973504,83276992,686,34,44,37,7293,6792,378,0.218,218,500,0,65.037,145.812,1
100000,27,Grid,845.876,366247936,85905540,686,36,44,37,7295,6793,378,0.229,218,500,0,62.149,115.710,1
100000,27,Grid,846.103,366235648,83324864,686,38,44,37,7298,6795,379,0.220,218,500,0,66.384,157.400,1
100000,27,Grid,846.307,366235648,84261628,686,40,44,37,7300,6797,379,0.207,218,500,0,68.769,132.117,1
100000,27,Grid,846.482,366379008,86819308,686,42,44,37,7301,6798,379,0.344,218,500,0,44.053,127.288,1
100000,27,before_idle,847.858,380317696,83141240,722,32,45,37,7316,6811,380,0.062,244,500,0,0.000,0.000,1
100000,27,after_idle,867.898,361365504,85377208,715,28,44,35,7536,7031,380,0.115,234,500,0,0.000,0.000,1
100000,28,Rows,870.475,372264960,136242512,692,27,44,37,7566,7059,382,0.290,1270,500,0,62.416,262.007,1
100000,28,Rows,870.596,372432896,135548348,692,28,44,37,7567,7060,382,0.324,1033,500,0,9.877,107.650,1
100000,28,Rows,872.461,373608448,85862804,686,30,44,36,7583,7074,383,2.515,249,500,0,1652.895,205.774,1
100000,28,Rows,872.635,375119872,89250176,687,30,44,37,7584,7075,383,0.293,243,500,0,43.004,127.543,1
100000,28,Rows,872.856,374398976,85838852,687,31,44,37,7587,7077,384,0.216,243,500,0,63.154,154.112,1
100000,28,Rows,873.059,374886400,86864108,687,32,44,37,7589,7079,384,0.305,243,500,0,67.573,131.337,1
100000,28,Rows,873.235,375345152,89261144,687,34,44,37,7590,7080,384,0.208,243,500,0,43.248,129.271,1
100000,28,Rows,873.458,374517760,85839032,687,36,44,37,7593,7082,385,0.286,243,500,0,66.105,152.595,1
100000,28,Rows,873.656,374890496,86784876,687,38,44,37,7595,7084,385,0.195,243,500,0,64.242,130.733,1
100000,28,Rows,873.826,375402496,89195516,687,40,44,37,7596,7085,385,0.254,243,500,0,42.083,123.751,1
100000,28,Grid,874.255,374743040,86186640,687,44,44,37,7601,7088,386,0.225,241,500,0,180.591,227.565,1
100000,28,Grid,874.498,375173120,86504912,687,46,44,37,7603,7090,386,0.444,241,500,0,76.828,162.191,1
100000,28,Grid,874.728,376340480,89171484,687,28,44,37,7604,7091,386,0.242,241,500,0,69.858,154.666,1
100000,28,Grid,874.986,375398400,85851276,687,30,44,37,7607,7094,387,0.225,241,500,0,78.949,175.265,1
100000,28,Grid,875.171,375742464,89709612,687,32,44,37,7608,7095,387,0.218,241,500,0,76.372,105.564,1
100000,28,Grid,875.400,375627776,85837140,687,34,44,37,7611,7097,388,0.430,241,500,0,70.099,154.455,1
100000,28,Grid,875.603,375668736,88440848,687,36,44,37,7613,7098,388,0.222,241,500,0,76.955,121.650,1
100000,28,Grid,875.845,375947264,85830464,687,38,44,37,7616,7101,389,0.233,241,500,0,69.322,168.630,1
100000,28,Grid,876.027,376270848,89219552,687,40,44,37,7617,7102,389,0.220,241,500,0,51.399,127.035,1
100000,28,Grid,876.248,375709696,85832560,687,42,44,37,7620,7104,390,0.221,241,500,0,67.346,149.970,1
100000,28,before_idle,877.551,392265728,88661860,739,48,45,37,7635,7117,391,0.640,265,500,0,0.000,0.000,1
100000,28,after_idle,897.572,373907456,88573820,689,26,44,36,7866,7348,391,0.121,257,500,0,0.000,0.000,1
100000,29,Rows,900.186,383336448,142358360,693,27,44,37,7896,7376,393,0.279,1293,500,0,110.149,245.478,1
100000,29,Rows,900.350,384913408,145102656,693,28,44,37,7898,7378,394,0.246,1013,500,0,10.381,149.808,1
100000,29,Rows,902.258,387268608,88537860,687,30,44,36,7914,7391,395,0.219,272,500,0,1704.605,196.863,1
100000,29,Rows,902.469,387346432,88525300,688,29,45,37,7916,7393,396,0.300,270,500,0,47.284,159.859,1
100000,29,Rows,902.663,387350528,91565348,688,30,45,37,7918,7394,396,0.224,270,500,0,69.245,121.340,1
100000,29,Rows,902.916,387350528,88522664,688,32,45,37,7921,7397,397,0.291,270,500,0,71.437,177.323,1
100000,29,Rows,903.091,387350528,92042092,688,29,45,37,7922,7398,397,0.217,266,500,0,43.740,128.280,1
100000,29,Rows,903.317,387350528,88528620,688,30,45,37,7925,7400,398,0.211,266,500,0,66.383,155.369,1
100000,29,Rows,903.520,387350528,89891640,688,32,45,37,7927,7402,398,0.209,266,500,0,68.512,131.390,1
100000,29,Rows,903.729,387350528,88655644,688,34,45,37,7929,7404,399,0.220,266,500,0,40.361,165.246,1
100000,29,Grid,904.043,387510272,91382296,688,38,45,37,7933,7406,399,0.214,264,500,0,173.497,121.254,1
100000,29,Grid,904.282,387506176,88521984,688,40,45,37,7936,7409,400,0.219,264,500,0,67.325,167.562,1
100000,29,Grid,904.454,387923968,92129976,688,42,45,37,7937,7410,400,0.225,264,500,0,42.464,126.095,1
100000,29,Grid,904.675,387923968,88534228,688,44,45,37,7940,7412,401,0.215,264,500,0,67.010,150.010,1
100000,29,Grid,904.871,388341760,90913896,688,46,45,37,7942,7413,401,0.214,264,500,0,67.394,125.242,1
100000,29,Grid,905.116,388067328,88517160,688,28,45,37,7945,7416,402,0.248,264,500,0,73.216,167.332,1
100000,29,Grid,905.290,388341760,91808384,688,30,45,37,7946,7417,402,0.210,264,500,0,41.633,128.734,1
100000,29,Grid,905.520,388198400,88529336,688,32,45,37,7949,7419,403,0.217,264,500,0,67.348,158.675,1
100000,29,Grid,905.723,388341760,89966988,688,34,45,37,7951,7421,403,0.264,264,500,0,71.035,129.423,1
100000,29,Grid,905.931,388485120,88523440,688,36,45,37,7953,7423,404,0.221,264,500,0,67.570,136.113,1
100000,29,before_idle,907.273,400605184,90201008,738,42,45,37,7968,7437,405,0.047,288,500,0,0.000,0.000,1
100000,29,after_idle,927.297,382263296,90693920,687,28,43,36,8190,7659,405,0.038,280,500,0,0.000,0.000,1
100000,30,Rows,929.882,390877184,144306088,691,29,43,37,8220,7687,407,0.304,1316,500,0,64.669,264.386,1
100000,30,Rows,930.040,391122944,157620828,691,30,43,37,8222,7689,408,0.240,1109,500,0,8.592,145.062,1
100000,30,Rows,931.909,390975488,120030012,685,32,43,36,8238,7701,409,0.211,295,500,0,1738.638,127.073,1
100000,30,Rows,932.141,392130560,91095084,686,28,44,37,8240,7703,410,0.333,293,500,0,49.102,178.878,1
100000,30,Rows,932.336,392130560,93957096,686,29,44,37,8242,7705,410,0.216,293,500,0,69.698,122.417,1
100000,30,Rows,932.567,391798784,91099312,686,30,44,37,8245,7707,411,0.217,293,500,0,66.573,160.187,1
100000,30,Rows,932.787,391680000,92157560,686,29,44,37,8247,7709,411,0.212,289,500,0,72.700,144.010,1
100000,30,Rows,932.958,393265152,94552724,686,30,44,37,8248,7710,411,0.218,289,500,0,43.191,125.359,1
100000,30,Rows,933.181,392032256,93883640,686,32,44,37,8251,7712,412,0.216,289,500,0,67.506,151.263,1
100000,30,Rows,933.386,392421376,92092212,686,34,44,37,8253,7714,412,0.209,289,500,0,69.102,130.167,1
100000,30,Grid,933.731,393154560,91093948,686,38,44,37,8257,7717,413,0.214,287,500,0,163.907,161.931,1
100000,30,Grid,933.954,392982528,92568428,686,40,44,37,8259,7719,413,0.209,287,500,0,79.129,139.043,1
100000,30,Grid,934.158,393670656,91098972,686,42,44,37,8261,7721,414,0.214,287,500,0,42.899,156.844,1
100000,30,Grid,934.344,393117696,94302824,686,44,44,37,8263,7722,414,0.229,287,500,0,67.374,115.231,1
100000,30,Grid,934.574,393277440,91099552,686,46,44,37,8266,7724,415,0.224,287,500,0,67.250,158.500,1
100000,30,Grid,934.780,393490432,91982288,686,28,44,37,8268,7726,415,0.211,287,500,0,70.241,132.856,1
100000,30,Grid,934.950,394297344,94572696,686,30,44,37,8269,7727,415,0.219,287,500,0,44.006,121.589,1
100000,30,Grid,935.194,393498624,91099148,686,32,44,37,8272,7729,416,0.227,287,500,0,69.301,171.037,1
100000,30,Grid,935.400,393822208,92434564,686,34,44,37,8274,7731,416,0.211,287,500,0,74.624,128.401,1
100000,30,Grid,935.657,395448320,94189880,680,36,43,36,8277,7734,417,0.245,287,500,0,54.090,199.074,1
100000,30,before_idle,937.139,409583616,91575616,713,32,43,36,8293,7748,419,0.069,311,500,0,0.000,0.000,1
100000,30,after_idle,957.155,391225344,94691392,682,28,43,35,8503,7957,419,0.055,303,500,0,0.000,0.000,1
100000,31,Rows,959.716,403103744,152146196,686,29,43,36,8532,7984,421,0.281,1339,500,0,71.819,243.520,1
100000,31,Rows,961.722,405291008,97428396,681,30,43,35,8551,7999,424,0.227,318,500,0,1801.872,200.362,1
100000,31,Rows,961.909,405368832,97834256,682,27,44,36,8552,8000,424,0.325,316,500,0,70.700,110.050,1
100000,31,Rows,962.122,405368832,106710856,683,28,44,36,8555,8003,425,0.258,316,500,0,64.655,143.809,1
100000,31,Rows,962.317,405356544,95809176,682,30,44,36,8557,8005,425,0.529,316,500,0,63.642,122.508,1
100000,31,Rows,962.583,405356544,108434072,682,29,44,36,8560,8008,426,0.275,312,500,0,66.192,195.787,1
100000,31,Rows,962.766,405913600,96346156,682,30,44,36,8561,8009,426,0.272,312,500,0,41.150,133.972,1
100000,31,Rows,963.003,405786624,94133604,682,32,44,36,8564,8012,427,0.231,312,500,0,66.189,167.736,1
100000,31,Rows,963.174,405790720,96902740,682,34,44,36,8565,8013,427,0.206,312,500,0,41.549,123.869,1
100000,31,Rows,963.399,405786624,94134196,682,36,44,36,8568,8016,428,0.222,312,500,0,63.676,157.621,1
100000,31,Grid,963.721,406237184,94786428,682,40,44,36,8572,8020,428,0.221,310,500,0,173.721,127.495,1
100000,31,Grid,963.892,406241280,97419760,682,42,44,36,8573,8021,428,0.218,310,500,0,42.556,124.881,1
100000,31,Grid,964.127,406376448,96015844,682,44,44,36,8576,8024,429,0.218,310,500,0,66.063,165.002,1
100000,31,Grid,964.331,406376448,94754980,682,46,44,36,8578,8026,429,0.221,310,500,0,66.793,130.953,1
100000,31,Grid,964.501,406016000,97232864,682,28,44,36,8579,8027,429,0.228,310,500,0,41.675,125.161,1
100000,31,Grid,964.730,406011904,94834760,682,30,44,36,8582,8030,430,0.229,310,500,0,65.763,157.062,1
100000,31,Grid,964.938,406298624,94935976,682,32,44,36,8584,8032,430,0.222,310,500,0,65.978,134.939,1
100000,31,Grid,965.141,406302720,95518472,682,34,44,36,8586,8034,431,0.223,310,500,0,40.149,157.905,1
100000,31,Grid,965.330,406585344,96498328,682,36,44,36,8588,8036,431,0.222,310,500,0,66.780,118.828,1
100000,31,Grid,965.560,406585344,108454952,682,38,44,36,8591,8039,432,0.241,310,500,0,66.062,159.624,1
100000,31,before_idle,966.872,422187008,97523804,732,44,44,36,8605,8053,433,0.060,334,500,0,0.000,0.000,1
100000,31,after_idle,986.877,403234816,98488716,683,28,43,35,8829,8277,433,0.068,326,500,0,0.000,0.000,1
100000,32,Rows,989.541,412372992,152304280,687,29,43,36,8860,8306,435,0.247,1362,500,0,108.922,236.119,1
100000,32,Rows,989.717,413388800,180771704,687,30,43,36,8862,8308,436,0.406,1144,500,0,8.847,163.397,1
100000,32,Rows,991.622,410849280,104490108,681,32,43,35,8878,8320,437,0.224,341,500,0,1698.869,199.952,1
100000,32,Rows,991.890,411787264,117716844,682,27,44,36,8881,8323,438,0.228,339,500,0,77.080,186.514,1
100000,32,Rows,992.068,413036544,99432092,682,28,44,36,8882,8324,438,0.245,339,500,0,44.680,126.671,1
100000,32,Rows,992.309,412110848,100096844,682,30,44,36,8885,8326,439,0.281,339,500,0,68.189,169.180,1
100000,32,Rows,992.536,412368896,97033680,682,29,44,36,8887,8328,439,0.224,335,500,0,73.771,146.331,1
100000,32,Rows,992.720,413167616,99548968,682,30,44,36,8888,8329,439,0.220,335,500,0,43.139,137.727,1
100000,32,Rows,992.977,412565504,97651432,682,32,44,36,8891,8332,440,0.226,335,500,0,72.261,181.617,1
100000,32,Rows,993.152,412954624,99944388,682,34,44,36,8892,8333,440,0.218,335,500,0,44.104,125.261,1
100000,32,Grid,993.517,413294592,100095088,682,38,44,36,8897,8336,441,0.228,333,500,0,177.930,167.817,1
100000,32,Grid,993.731,413675520,97563232,682,40,44,36,8899,8338,441,0.220,333,500,0,69.860,138.178,1
100000,32,Grid,993.913,414220288,100181108,682,42,44,36,8900,8339,441,0.223,333,500,0,43.368,134.994,1
100000,32,Grid,994.143,413323264,114403296,682,44,44,36,8903,8341,442,0.223,333,500,0,71.249,154.746,1
100000,32,Grid,994.356,413564928,97616128,682,46,44,36,8905,8343,442,0.229,333,500,0,72.510,134.275,1
100000,32,Grid,994.534,414359552,100190388,682,28,44,36,8906,8344,442,0.222,333,500,0,43.519,131.347,1
100000,32,Grid,994.771,413798400,103708188,682,30,44,36,8909,8346,443,0.271,333,500,0,73.298,158.871,1
100000,32,Grid,994.982,413982720,98085712,682,32,44,36,8911,8348,443,0.269,333,500,0,72.614,130.699,1
100000,32,Grid,995.193,414257152,99870392,682,34,44,36,8913,8350,444,0.232,333,500,0,71.144,136.718,1
100000,32,Grid,995.380,413663232,99912364,682,36,44,36,8915,8351,444,0.224,333,500,0,66.994,113.441,1
100000,32,before_idle,996.797,430665728,96176688,716,32,44,36,8930,8364,445,0.061,357,500,0,0.000,0.000,1
100000,32,after_idle,1016.854,412028928,99428188,709,30,43,35,9148,8582,445,0.123,349,500,0,0.000,0.000,1
100000,33,Rows,1019.476,422506496,151719180,688,27,44,36,9180,8611,447,0.259,1385,500,0,90.826,261.575,1
100000,33,Rows,1019.595,422510592,151015064,688,28,44,36,9181,8612,447,0.250,1170,500,0,8.920,106.758,1
100000,33,Rows,1021.482,426680320,138718628,682,30,44,35,9197,8626,448,3.080,364,500,0,1692.573,188.125,1
100000,33,Rows,1021.714,426946560,100366132,683,27,45,36,9199,8628,448,0.233,362,500,0,79.750,148.041,1
100000,33,Rows,1021.890,427606016,102801248,683,28,45,36,9200,8629,448,0.372,362,500,0,43.915,128.414,1
100000,33,Rows,1022.120,426704896,131469504,683,30,45,36,9203,8631,449,0.225,362,500,0,68.005,157.361,1
100000,33,Rows,1022.353,426913792,99820040,683,29,46,36,9205,8633,449,0.238,359,500,0,75.260,151.386,1
100000,33,Rows,1022.526,427659264,102314376,683,30,45,36,9206,8634,449,0.219,359,500,0,42.520,127.805,1
100000,33,Rows,1022.762,426721280,117264524,683,32,45,36,9209,8636,450,0.261,358,500,0,67.718,164.527,1
100000,33,Rows,1022.979,426954752,99776892,683,34,45,36,9211,8638,450,0.231,358,500,0,70.919,140.226,1
100000,33,Grid,1023.330,426610688,102935892,683,38,45,36,9215,8641,451,0.370,356,500,0,164.681,164.734,1
100000,33,Grid,1023.541,426930176,100293180,683,40,45,36,9217,8643,451,0.225,356,500,0,72.103,133.246,1
100000,33,Grid,1023.711,427433984,102886564,683,42,45,36,9218,8644,451,0.550,356,500,0,43.067,123.536,1
100000,33,Grid,1023.940,426545152,134939896,683,44,45,36,9221,8646,452,0.238,356,500,0,69.217,155.838,1
100000,33,Grid,1024.160,426852352,100386584,683,46,45,36,9223,8648,452,0.259,356,500,0,74.443,138.015,1
100000,33,Grid,1024.370,427126784,106441948,683,28,45,36,9225,8650,453,0.230,356,500,0,45.179,161.855,1
100000,33,Grid,1024.568,426541056,102435308,683,30,45,36,9227,8651,453,0.223,356,500,0,71.396,120.797,1
100000,33,Grid,1024.802,426717184,128814880,683,32,45,36,9230,8653,454,0.236,356,500,0,71.580,158.530,1
100000,33,Grid,1025.010,426921984,100129608,683,34,45,36,9232,8655,454,0.230,356,500,0,70.296,132.155,1
100000,33,Grid,1025.180,427307008,102728824,683,36,45,36,9233,8656,454,0.226,356,500,0,43.342,123.188,1
100000,33,before_idle,1026.563,443342848,99006444,719,32,45,36,9248,8669,455,0.061,380,500,0,0.000,0.000,1
100000,33,after_idle,1046.581,424898560,102025004,710,30,43,34,9465,8886,455,0.038,372,500,0,0.000,0.000,1
100000,34,Rows,1049.193,430166016,159794848,687,27,43,36,9495,8913,457,0.296,1408,500,0,75.923,247.442,1
100000,34,Rows,1049.360,432308224,230986432,687,28,43,36,9497,8915,458,0.229,1137,500,0,26.436,137.513,1
100000,34,Rows,1051.300,432541696,124209592,681,30,43,35,9514,8928,459,0.286,387,500,0,1802.137,134.388,1
100000,34,Rows,1051.481,432623616,126931548,682,30,44,36,9515,8929,459,0.295,385,500,0,47.652,129.275,1
100000,34,Rows,1051.737,432132096,150994804,682,31,44,36,9518,8931,460,0.241,385,500,0,73.783,176.906,1
100000,34,Rows,1051.951,432132096,102817564,682,32,44,36,9520,8933,460,0.347,385,500,0,74.863,133.119,1
100000,34,Rows,1052.127,432136192,105232176,682,30,44,36,9521,8934,460,0.298,381,500,0,42.812,129.808,1
100000,34,Rows,1052.362,432132096,128734496,682,31,44,36,9524,8936,461,0.234,381,500,0,69.910,160.602,1
100000,34,Rows,1052.576,432132096,102747340,682,32,44,36,9526,8938,461,0.229,381,500,0,73.474,133.685,1
100000,34,Rows,1052.746,432136192,105174864,682,34,44,36,9527,8939,461,0.231,381,500,0,41.905,124.993,1
100000,34,Grid,1053.102,432152576,131676160,682,38,44,36,9532,8942,462,0.225,379,500,0,175.892,160.203,1
100000,34,Grid,1053.287,432152576,99730052,682,40,44,36,9534,8944,462,0.227,379,500,0,83.250,96.222,1
100000,34,Grid,1053.511,432152576,127544940,682,42,44,36,9536,8945,463,0.234,379,500,0,44.421,149.184,1
100000,34,Grid,1053.709,432300032,104597756,682,44,44,36,9538,8946,463,0.229,379,500,0,72.296,119.752,1
100000,34,Grid,1053.946,432295936,144271100,682,46,44,36,9541,8949,464,0.233,379,500,0,67.289,166.304,1
100000,34,Grid,1054.129,432295936,105506032,682,28,44,36,9542,8950,464,0.239,379,500,0,46.365,128.896,1
100000,34,Grid,1054.368,432427008,124227340,682,30,44,36,9545,8953,465,0.238,379,500,0,72.156,163.512,1
100000,34,Grid,1054.567,432574464,105166560,682,32,44,36,9547,8954,465,0.236,379,500,0,76.731,115.069,1
100000,34,Grid,1054.794,432553984,142569748,682,34,44,36,9550,8956,466,0.240,379,500,0,67.853,155.180,1
100000,34,Grid,1055.000,432553984,103812012,682,36,44,36,9552,8957,466,0.240,379,500,0,75.850,124.487,1
100000,34,before_idle,1056.414,447614976,101326408,717,32,44,36,9567,8968,467,0.038,403,500,0,0.000,0.000,1
100000,34,after_idle,1076.469,428969984,102903296,709,30,43,34,9786,9187,467,0.144,395,500,0,0.000,0.000,1
100000,35,Rows,1079.119,441360384,159080876,686,27,43,36,9817,9216,469,0.274,1431,500,0,75.057,272.633,1
100000,35,Rows,1079.244,441753600,158367608,686,28,43,36,9818,9217,469,0.308,1213,500,0,9.477,111.299,1
100000,35,Rows,1081.106,442953728,158878884,680,30,43,35,9835,9229,471,0.270,410,500,0,1683.899,174.233,1
100000,35,Rows,1081.322,443002880,107069716,681,27,44,36,9837,9230,471,0.232,408,500,0,75.117,135.141,1
100000,35,Rows,1081.576,443322368,154100216,681,28,44,36,9840,9233,472,0.287,408,500,0,69.159,180.196,1
100000,35,Rows,1081.760,443965440,107497584,681,30,44,36,9841,9234,472,0.225,408,500,0,48.824,130.024,1
100000,35,Rows,1082.002,443301888,156819496,681,29,44,36,9844,9236,473,0.232,404,500,0,70.611,167.114,1
100000,35,Rows,1082.224,443809792,105257860,681,30,44,36,9846,9238,473,0.220,404,500,0,77.466,139.100,1
100000,35,Rows,1082.403,444817408,107716824,681,32,44,36,9847,9239,473,0.236,404,500,0,42.957,132.527,1
100000,35,Rows,1082.641,443891712,159743532,681,34,44,36,9850,9241,474,0.221,404,500,0,72.933,161.361,1
100000,35,Grid,1082.975,444215296,105336040,681,38,44,36,9854,9243,474,0.228,402,500,0,163.884,146.821,1
100000,35,Grid,1083.155,445149184,107805920,681,40,44,36,9855,9244,474,0.232,402,500,0,44.133,132.945,1
100000,35,Grid,1083.405,444215296,155725976,681,42,44,36,9858,9246,475,0.236,402,500,0,71.232,173.967,1
100000,35,Grid,1083.621,444506112,105483492,681,44,44,36,9860,9248,475,0.241,402,500,0,75.855,134.074,1
100000,35,Grid,1083.799,444805120,108062272,681,46,44,36,9861,9249,475,0.253,402,500,0,46.330,127.781,1
100000,35,Grid,1084.042,444190720,150536008,681,28,44,36,9864,9251,476,0.895,402,500,0,74.512,163.556,1
100000,35,Grid,1084.257,444481536,105953476,681,30,44,36,9866,9253,476,0.449,402,500,0,75.888,131.592,1
100000,35,Grid,1084.469,444674048,157863008,681,32,44,36,9868,9255,477,0.243,402,500,0,71.277,137.372,1
100000,35,Grid,1084.666,444243968,107806460,681,34,44,36,9870,9256,477,0.338,402,500,0,78.010,115.257,1
100000,35,Grid,1084.903,444227584,146994244,681,36,44,36,9873,9258,478,0.231,402,500,0,69.785,162.600,1
100000,35,before_idle,1086.238,460132352,105306852,732,42,44,36,9887,9272,479,0.048,426,500,0,0.000,0.000,1
100000,35,after_idle,1106.287,441774080,110226092,680,28,42,35,10101,9486,479,0.134,418,500,0,0.000,0.000,1
100000,36,Rows,1109.029,454082560,160618328,686,29,43,36,10132,9515,481,0.278,1454,500,0,70.076,271.934,1
100000,36,Rows,1109.196,455335936,252641240,686,30,43,36,10134,9517,482,0.245,1237,500,0,9.477,152.803,1
100000,36,Rows,1111.027,457981952,158302224,681,32,43,35,10149,9528,482,0.220,433,500,0,1705.143,122.510,1
100000,36,Rows,1111.367,458059776,109018260,682,27,44,36,10152,9530,483,0.242,431,500,0,101.354,235.692,1
100000,36,Rows,1111.539,458047488,111147376,682,28,44,36,10153,9531,483,0.232,431,500,0,73.848,94.019,1
100000,36,Rows,1111.772,458047488,144870188,682,30,44,36,10156,9533,484,0.238,431,500,0,66.604,162.540,1
100000,36,Rows,1111.996,458047488,109459384,682,29,44,36,10158,9534,484,0.245,427,500,0,79.108,135.911,1
100000,36,Rows,1112.242,458047488,161574640,682,30,44,36,10161,9537,485,0.446,427,500,0,68.847,173.759,1
100000,36,Rows,1112.427,458051584,110164156,682,32,44,36,10162,9538,485,0.236,427,500,0,51.890,126.857,1
100000,36,Rows,1112.666,458047488,159688248,682,34,44,36,10165,9540,486,0.236,427,500,0,66.133,168.975,1
100000,36,Grid,1113.001,458059776,108019492,682,38,44,36,10169,9542,486,0.314,425,500,0,165.802,146.447,1
100000,36,Grid,1113.176,458063872,110500200,682,40,44,36,10170,9543,486,0.289,425,500,0,45.706,126.298,1
100000,36,Grid,1113.414,458059776,176039064,682,42,44,36,10173,9545,487,0.228,425,500,0,68.895,165.355,1
100000,36,Grid,1113.638,458059776,108168328,682,44,44,36,10175,9547,487,0.238,425,500,0,75.239,142.038,1
100000,36,Grid,1113.827,458063872,110764660,682,46,44,36,10176,9548,487,0.241,425,500,0,47.251,138.579,1
100000,36,Grid,1114.069,458059776,166804876,682,28,44,36,10179,9550,488,0.242,425,500,0,72.769,165.227,1
100000,36,Grid,1114.278,458059776,108634020,682,30,44,36,10181,9552,488,0.232,425,500,0,72.202,130.560,1
100000,36,Grid,1114.486,458059776,151690988,682,32,44,36,10183,9554,489,0.228,425,500,0,70.509,134.337,1
100000,36,Grid,1114.675,458047488,110635396,682,34,44,36,10185,9555,489,0.346,425,500,0,70.000,112.661,1
100000,36,Grid,1114.913,458043392,153891068,682,36,44,36,10188,9557,490,0.247,425,500,0,71.573,161.953,1
100000,36,before_idle,1116.236,472059904,110247564,739,42,45,37,10202,9571,491,0.442,449,500,0,0.000,0.000,1
100000,36,after_idle,1136.271,454033408,113273688,686,28,43,36,10413,9781,491,0.134,420,500,0,0.000,0.000,1
100000,37,Rows,1138.968,462659584,162260804,690,29,43,37,10444,9810,493,0.333,1456,500,0,106.565,252.785,1
100000,37,Rows,1139.155,464007168,244389244,690,30,43,37,10446,9812,494,0.317,1140,500,0,12.296,171.064,1
100000,37,Rows,1141.130,458592256,130062940,684,31,43,36,10462,9823,495,0.220,435,500,0,1848.607,123.092,1
100000,37,Rows,1141.398,459186176,172211448,685,29,44,37,10465,9825,496,0.248,433,500,0,74.207,189.328,1
100000,37,Rows,1141.629,459567104,109645584,685,30,44,37,10467,9827,496,0.237,433,500,0,82.321,142.218,1
100000,37,Rows,1141.805,460095488,112089700,685,32,44,37,10468,9828,496,0.230,433,500,0,44.628,127.889,1
100000,37,Rows,1142.060,459599872,173400964,685,29,44,37,10471,9830,497,0.239,429,500,0,71.047,180.078,1
100000,37,Rows,1142.287,460025856,109643680,685,30,44,37,10473,9832,497,0.233,429,500,0,81.275,139.293,1
100000,37,Rows,1142.464,460558336,112110588,685,32,44,37,10474,9833,497,0.231,429,500,0,46.066,128.019,1
100000,37,Rows,1142.717,459628544,163903608,685,34,44,37,10477,9835,498,0.243,429,500,0,75.827,172.207,1
100000,37,Grid,1143.090,460525568,109729424,685,38,44,37,10481,9837,498,0.226,427,500,0,170.304,159.011,1
100000,37,Grid,1143.279,461471744,112203284,685,40,44,37,10482,9838,498,0.242,427,500,0,47.205,138.467,1
100000,37,Grid,1143.526,460537856,172552500,685,42,44,37,10485,9840,499,0.235,427,500,0,70.662,172.352,1
100000,37,Grid,1143.743,460832768,109882760,685,44,44,37,10487,9842,499,0.266,427,500,0,77.369,133.672,1
100000,37,Grid,1143.923,461135872,112463360,685,46,44,37,10488,9843,499,0.246,427,500,0,45.320,130.984,1
100000,37,Grid,1144.171,460578816,173701380,685,28,44,37,10491,9845,500,0.249,427,500,0,74.189,169.214,1
100000,37,Grid,1144.388,460787712,110367364,685,30,44,37,10493,9847,500,0.225,427,500,0,76.086,134.890,1
100000,37,Grid,1144.600,461025280,177407568,685,32,44,37,10495,9849,501,0.247,427,500,0,75.882,133.302,1
100000,37,Grid,1144.793,461463552,112239824,685,34,44,37,10497,9850,501,0.232,427,500,0,76.537,112.674,1
100000,37,Grid,1145.032,460943360,183526320,685,36,44,37,10500,9852,502,0.284,427,500,0,70.391,164.617,1
100000,37,before_idle,1146.363,477184000,109779788,737,42,44,37,10514,9866,503,0.061,451,500,0,0.000,0.000,1
100000,37,after_idle,1166.426,458899456,112477020,686,26,43,37,10720,10072,503,0.058,443,500,0,0.000,0.000,1
100000,38,Rows,1169.193,474927104,163035928,690,27,43,38,10750,10100,505,0.351,1479,500,0,77.402,276.092,1
100000,38,Rows,1169.370,474931200,272504488,690,28,43,38,10751,10101,506,17.884,1277,500,0,9.211,146.200,1
100000,38,Rows,1171.442,475115520,161430252,684,30,43,37,10767,10116,506,0.440,458,500,0,1933.094,134.809,1
100000,38,Rows,1171.660,476463104,195160684,685,30,44,38,10769,10118,507,0.426,456,500,0,10.920,203.227,1
100000,38,Rows,1171.895,475668480,112436268,685,31,44,38,10771,10120,507,0.233,456,500,0,84.066,142.847,1
100000,38,Rows,1172.119,476372992,194112128,685,32,44,38,10773,10122,508,0.244,456,500,0,44.623,175.353,1
100000,38,Rows,1172.346,475475968,112976708,685,29,44,38,10775,10124,508,0.228,452,500,0,80.165,140.694,1
100000,38,Rows,1172.555,475860992,182041072,685,30,44,38,10777,10126,509,0.249,452,500,0,74.526,131.329,1
100000,38,Rows,1172.761,475312128,114398728,685,32,44,38,10779,10128,509,0.237,452,500,0,78.338,120.940,1
100000,38,Rows,1173.017,475459584,183301988,685,34,44,38,10782,10131,510,0.239,452,500,0,73.230,179.082,1
100000,38,Grid,1173.360,475832320,112402388,685,38,44,38,10786,10135,510,0.251,450,500,0,169.402,150.814,1
100000,38,Grid,1173.541,480182272,115223324,685,40,44,38,10787,10136,510,0.408,450,500,0,46.216,130.862,1
100000,38,Grid,1173.752,479588352,114447316,685,42,44,38,10789,10138,510,0.240,450,500,0,71.822,136.176,1
100000,38,Grid,1173.930,479993856,111041232,685,44,44,38,10791,10140,510,0.241,450,500,0,78.094,96.309,1
100000,38,Grid,1174.168,476913664,187265440,685,46,44,38,10793,10142,511,0.240,450,500,0,43.903,161.604,1
100000,38,Grid,1174.419,476233728,189448656,679,28,43,37,10796,10145,512,0.312,450,500,0,79.647,166.589,1
100000,38,Grid,1174.637,477384704,112759620,679,30,43,37,10798,10147,512,0.244,450,500,0,77.930,133.383,1
100000,38,Grid,1174.852,477122560,198810072,679,32,43,37,10800,10149,513,0.245,450,500,0,45.841,165.813,1
100000,38,Grid,1175.058,477556736,114601152,679,34,43,37,10802,10151,513,0.417,450,500,0,80.943,121.516,1
100000,38,Grid,1175.298,477003776,188784624,679,36,43,37,10805,10154,514,0.248,450,500,0,71.520,163.445,1
100000,38,before_idle,1176.639,492879872,114430460,732,42,43,37,10819,10168,515,0.052,474,500,0,0.000,0.000,1
100000,38,after_idle,1196.655,474787840,114329796,684,28,43,39,11030,10379,515,0.075,466,500,0,0.000,0.000,1
100000,39,Rows,1199.310,485027840,170902696,688,29,43,39,11060,10407,517,0.314,1502,500,0,75.367,252.212,1
100000,39,Rows,1199.468,485711872,282709852,688,30,43,39,11062,10409,518,0.391,1283,500,0,25.866,128.039,1
100000,39,Rows,1201.433,482562048,207948200,682,32,43,38,11079,10421,519,0.238,481,500,0,1731.880,210.551,1
100000,39,Rows,1201.625,483467264,117199432,683,30,44,39,11080,10422,519,0.368,479,500,0,56.930,131.287,1
100000,39,Rows,1201.872,482545664,199157668,683,31,44,39,11083,10424,520,0.251,479,500,0,68.557,174.503,1
100000,39,Rows,1202.103,482983936,114836896,683,32,44,39,11085,10426,520,0.254,479,500,0,84.981,139.167,1
100000,39,Rows,1202.282,483471360,117290996,683,30,44,39,11086,10427,520,0.396,475,500,0,45.652,129.197,1
100000,39,Rows,1202.526,482553856,197591228,683,31,44,39,11089,10429,521,0.239,475,500,0,70.372,170.267,1
100000,39,Rows,1202.746,482922496,114809336,683,32,44,39,11091,10431,521,0.242,475,500,0,78.269,135.395,1
100000,39,Rows,1202.920,483495936,117265740,683,34,44,39,11092,10432,521,0.231,475,500,0,42.241,128.347,1
100000,39,Grid,1203.284,482615296,191354928,683,38,44,39,11097,10435,522,0.244,473,500,0,176.101,169.569,1
100000,39,Grid,1203.469,483102720,118020976,683,40,44,39,11098,10436,522,0.248,473,500,0,78.994,100.487,1
100000,39,Grid,1203.697,482537472,194639996,683,42,44,39,11101,10438,523,0.262,473,500,0,67.814,155.984,1
100000,39,Grid,1203.901,482529280,116720928,683,44,44,39,11103,10439,523,0.241,473,500,0,76.692,120.444,1
100000,39,Grid,1204.153,482816000,196057104,683,46,44,39,11106,10442,524,0.249,473,500,0,70.894,177.554,1
100000,39,Grid,1204.378,484589568,114732504,683,28,44,39,11108,10444,524,0.231,473,500,0,53.406,164.802,1
100000,39,Grid,1204.594,483102720,200179128,683,30,44,39,11110,10446,525,0.290,473,500,0,46.411,166.319,1
100000,39,Grid,1204.795,482504704,117291532,683,32,44,39,11112,10447,525,0.239,473,500,0,80.118,117.521,1
100000,39,Grid,1205.039,482607104,205519228,683,34,44,39,11115,10449,526,0.244,473,500,0,71.595,168.286,1
100000,39,Grid,1205.259,482873344,114967796,683,36,44,39,11117,10451,526,0.236,473,500,0,81.025,132.008,1
100000,39,before_idle,1206.701,499855360,115730540,724,32,45,40,11131,10464,527,0.292,497,500,0,0.000,0.000,1
100000,39,after_idle,1226.711,481411072,119400844,716,30,43,38,11341,10674,527,0.157,489,500,0,0.000,0.000,1
100000,40,Rows,1229.636,494743552,169744560,693,27,43,40,11373,10704,529,0.341,1525,500,0,91.641,256.274,1
100000,40,Rows,1229.761,495153152,169029712,693,28,43,40,11374,10705,529,0.265,1361,500,0,9.780,111.653,1
100000,40,Rows,1231.796,499765248,219054824,687,30,43,39,11390,10719,530,0.256,504,500,0,1824.603,207.371,1
100000,40,Rows,1231.953,500539392,119173800,688,28,44,40,11391,10720,530,0.310,502,500,0,9.526,140.271,1
100000,40,Rows,1232.197,500170752,210491184,688,29,44,40,11394,10722,531,0.258,502,500,0,66.623,173.875,1
100000,40,Rows,1232.425,500436992,117307416,688,30,44,40,11396,10724,531,0.241,502,500,0,82.082,139.769,1
100000,40,Rows,1232.601,501100544,119780008,688,30,44,40,11397,10725,531,0.302,498,500,0,45.035,127.855,1
100000,40,Rows,1232.847,500158464,207154608,688,31,44,40,11400,10727,532,0.571,498,500,0,67.930,172.898,1
100000,40,Rows,1233.079,500617216,117350600,688,32,44,40,11402,10729,532,0.247,498,500,0,82.878,143.295,1
100000,40,Rows,1233.259,501243904,119823152,688,34,44,40,11403,10730,532,0.258,498,500,0,46.502,129.119,1
100000,40,Grid,1233.630,500727808,219914756,688,38,44,40,11408,10732,533,0.252,496,500,0,174.587,177.304,1
100000,40,Grid,1233.865,501067776,117300568,688,40,44,40,11410,10734,533,0.315,496,500,0,85.865,141.253,1
100000,40,Grid,1234.044,501567488,119948480,688,42,44,40,11411,10735,533,0.443,496,500,0,44.787,130.199,1
100000,40,Grid,1234.300,500649984,205137916,688,44,44,40,11414,10737,534,0.843,496,500,0,73.103,179.004,1
100000,40,Grid,1234.527,501534720,117794132,688,46,44,40,11416,10739,534,0.246,496,500,0,83.345,137.137,1
100000,40,Grid,1234.744,501231616,212592704,688,28,44,40,11418,10741,535,0.255,496,500,0,47.955,164.918,1
100000,40,Grid,1234.955,501628928,119874532,688,30,44,40,11420,10742,535,0.242,496,500,0,87.270,117.729,1
100000,40,Grid,1235.202,500789248,212444684,688,32,44,40,11423,10744,536,0.257,496,500,0,70.015,173.037,1
100000,40,Grid,1235.473,501714944,117577024,688,34,44,40,11425,10746,536,0.252,496,500,0,91.753,172.651,1
100000,40,Grid,1235.702,502620160,120181496,688,36,44,40,11426,10747,536,0.369,496,500,0,58.890,166.141,1
100000,40,before_idle,1237.444,518172672,115828436,722,32,44,40,11440,10759,537,0.360,520,500,0,0.000,0.000,1
100000,40,after_idle,1257.504,499015680,118527296,716,30,43,38,11657,10976,537,0.125,512,500,0,0.000,0.000,1
100000,41,Rows,1260.277,505696256,172208152,689,27,42,37,11687,11003,540,0.344,1548,500,0,97.938,243.728,1
100000,41,Rows,1260.429,507146240,171459856,689,28,42,37,11689,11005,541,0.303,1375,500,0,24.448,124.297,1
100000,41,Rows,1262.305,509796352,170757760,684,30,42,36,11704,11016,541,0.233,527,500,0,1761.793,110.066,1
100000,41,Rows,1262.619,510005248,121766568,685,28,43,37,11707,11018,542,0.247,525,500,0,103.362,206.317,1
100000,41,Rows,1262.833,510005248,120664804,685,29,43,37,11709,11020,542,0.245,525,500,0,73.532,137.923,1
100000,41,Rows,1263.011,510009344,123052268,685,30,43,37,11710,11021,542,0.254,525,500,0,44.147,129.738,1
100000,41,Rows,1263.261,510005248,211221224,685,29,43,37,11713,11023,543,0.248,521,500,0,72.590,173.930,1
100000,41,Rows,1263.484,510009344,120443608,685,30,43,37,11715,11025,543,0.250,521,500,0,80.827,135.840,1
100000,41,Rows,1263.654,510005248,122834296,685,32,43,37,11716,11026,543,0.242,521,500,0,46.245,120.620,1
100000,41,Rows,1263.902,510005248,236213996,685,34,43,37,11719,11028,544,0.253,521,500,0,71.677,172.057,1
100000,41,Grid,1264.247,510009344,120490284,685,38,43,37,11723,11030,544,0.241,519,500,0,190.699,131.879,1
100000,41,Grid,1264.420,510013440,122970000,685,40,43,37,11724,11031,544,0.245,519,500,0,44.298,124.646,1
100000,41,Grid,1264.661,510009344,210211100,685,42,43,37,11727,11033,545,0.271,519,500,0,67.767,169.431,1
100000,41,Grid,1264.881,510156800,120792712,685,44,43,37,11729,11035,545,0.227,519,500,0,80.360,133.258,1
100000,41,Grid,1265.103,510152704,219065184,685,46,43,37,11732,11038,546,0.250,519,500,0,71.961,146.295,1
100000,41,Grid,1265.306,510156800,122650200,685,28,43,37,11733,11038,546,0.302,519,500,0,56.627,116.287,1
100000,41,Grid,1265.552,510074880,227542980,679,30,42,36,11736,11040,547,0.250,519,500,0,69.563,172.148,1
100000,41,Grid,1265.780,496766976,120617104,679,32,42,36,11738,11042,547,0.486,519,500,0,84.346,137.060,1
100000,41,Grid,1266.001,507068416,219950804,679,34,42,36,11740,11044,548,0.249,519,500,0,78.351,139.161,1
100000,41,Grid,1266.210,507457536,122695460,679,36,42,36,11742,11045,548,0.250,519,500,0,81.820,120.861,1
100000,41,before_idle,1267.634,523694080,119002248,713,32,42,36,11757,11059,549,0.134,543,500,0,0.000,0.000,1
100000,41,after_idle,1287.688,505298944,125312504,705,30,41,34,11969,11271,549,0.045,535,500,0,0.000,0.000,1
100000,42,Rows,1290.377,518516736,172510636,682,27,41,36,12000,11300,551,0.298,1571,500,0,72.633,261.197,1
100000,42,Rows,1290.497,518819840,171806216,682,28,41,36,12001,11301,551,0.275,1352,500,0,9.746,107.116,1
100000,42,Rows,1292.525,520785920,238398340,676,30,41,35,12018,11313,553,0.252,550,500,0,1810.141,213.475,1
100000,42,Rows,1292.726,522522624,125502696,677,28,42,36,12019,11314,553,0.426,548,500,0,62.068,133.125,1
100000,42,Rows,1292.976,522035200,234109528,677,29,42,36,12022,11316,554,0.283,548,500,0,72.825,173.148,1
100000,42,Rows,1293.200,522412032,123229052,677,30,42,36,12024,11318,554,0.275,548,500,0,86.937,134.240,1
100000,42,Rows,1293.371,523157504,125603512,677,30,42,36,12025,11319,554,0.358,544,500,0,43.463,123.696,1
100000,42,Rows,1293.615,522620928,238131696,677,31,42,36,12028,11321,555,0.290,544,500,0,72.796,166.126,1
100000,42,Rows,1293.831,523304960,123243800,677,32,42,36,12030,11323,555,0.279,544,500,0,78.970,133.145,1
100000,42,Rows,1294.047,523608064,238815508,677,34,42,36,12032,11325,556,0.379,544,500,0,44.332,166.372,1
100000,42,Grid,1294.368,523517952,124247132,677,38,42,36,12036,11327,556,0.263,542,500,0,179.851,123.286,1
100000,42,Grid,1294.640,523833344,254811116,677,40,42,36,12039,11330,557,0.270,542,500,0,75.342,193.245,1
100000,42,Grid,1294.831,524410880,125043368,677,42,42,36,12040,11331,557,0.251,542,500,0,58.193,128.148,1
100000,42,Grid,1295.083,523456512,250432312,677,44,42,36,12043,11333,558,0.253,542,500,0,70.475,177.169,1
100000,42,Grid,1295.311,523788288,123112820,677,46,42,36,12045,11335,558,0.250,542,500,0,88.122,133.341,1
100000,42,Grid,1295.543,524025856,241531364,677,28,42,36,12047,11337,559,0.242,542,500,0,45.822,182.968,1
100000,42,Grid,1295.750,523423744,125198884,677,30,42,36,12049,11338,559,0.252,542,500,0,84.705,118.732,1
100000,42,Grid,1295.999,523522048,249000144,677,32,42,36,12052,11340,560,0.372,542,500,0,71.599,173.946,1
100000,42,Grid,1296.227,523788288,122945280,677,34,42,36,12054,11342,560,0.251,542,500,0,84.744,136.937,1
100000,42,Grid,1296.405,524075008,125533372,677,36,42,36,12055,11343,560,0.257,542,500,0,46.559,128.302,1
100000,42,before_idle,1297.811,540262400,122164360,712,30,42,36,12070,11357,561,0.049,566,500,0,0.000,0.000,1
100000,42,after_idle,1317.858,521846784,125951528,705,28,41,34,12287,11574,561,0.746,558,500,0,0.000,0.000,1
100000,43,Rows,1320.618,530714624,173629772,682,27,41,36,12317,11602,563,0.296,1594,500,0,185.870,256.150,1
100000,43,Rows,1320.748,530935808,172952776,682,28,41,36,12318,11603,563,0.507,1350,500,0,12.196,113.749,1
100000,43,Rows,1322.630,535306240,255225468,677,30,41,35,12334,11617,564,0.253,573,500,0,1657.724,217.640,1
100000,43,Rows,1322.871,535572480,125641492,678,27,42,36,12336,11619,564,0.253,571,500,0,94.551,141.627,1
100000,43,Rows,1323.054,536195072,128089888,678,28,42,36,12337,11620,564,0.266,571,500,0,44.733,134.545,1
100000,43,Rows,1323.313,535281664,253663964,678,30,42,36,12340,11622,565,0.257,571,500,0,71.201,183.316,1
100000,43,Rows,1323.557,535531520,125176600,678,29,42,36,12342,11624,565,0.260,567,500,0,84.655,152.059,1
100000,43,Rows,1323.736,536203264,127663100,678,30,42,36,12343,11625,565,0.264,567,500,0,44.470,130.848,1
100000,43,Rows,1323.996,535252992,244878776,678,32,42,36,12346,11627,566,0.259,567,500,0,74.787,181.739,1
100000,43,Rows,1324.227,535564288,125208136,678,34,42,36,12348,11629,566,0.246,567,500,0,88.310,135.067,1
100000,43,Grid,1324.592,535240704,248241872,678,38,42,36,12352,11632,567,0.255,565,500,0,169.202,174.537,1
100000,43,Grid,1324.823,535527424,125776052,678,40,42,36,12354,11634,567,0.255,565,500,0,88.776,136.321,1
100000,43,Grid,1324.998,535871488,128347348,678,42,42,36,12355,11635,567,0.543,565,500,0,45.144,125.975,1
100000,43,Grid,1325.265,535154688,263469284,678,44,42,36,12358,11637,568,0.307,565,500,0,75.904,185.821,1
100000,43,Grid,1325.488,535429120,125947364,678,46,42,36,12360,11639,568,0.254,565,500,0,83.640,133.494,1
100000,43,Grid,1325.709,535744512,233170392,678,28,42,36,12362,11641,569,0.269,565,500,0,73.504,144.373,1
100000,43,Grid,1325.911,535162880,127859516,678,30,42,36,12364,11642,569,0.268,565,500,0,81.446,113.748,1
100000,43,Grid,1326.166,535117824,267712304,678,32,42,36,12367,11644,570,0.346,565,500,0,72.504,178.100,1
100000,43,Grid,1326.398,535453696,125795660,678,34,42,36,12369,11646,570,0.421,565,500,0,86.406,139.107,1
100000,43,Grid,1326.630,535748608,248439220,678,36,42,36,12371,11648,571,0.252,565,500,0,47.698,179.967,1
100000,43,before_idle,1328.027,551182336,124037872,729,42,42,36,12387,11663,572,0.210,589,500,0,0.000,0.000,1
100000,43,after_idle,1348.041,532660224,127842968,681,28,42,36,12599,11873,572,0.127,581,500,0,0.000,0.000,1
100000,44,Rows,1350.822,540471296,181096416,685,29,42,36,12629,11901,574,0.319,1617,500,0,103.030,240.668,1
100000,44,Rows,1350.979,544432128,180375920,685,30,42,36,12631,11903,575,0.296,1421,500,0,11.928,141.113,1
100000,44,Rows,1352.968,541655040,157523208,679,32,42,35,12647,11914,576,0.274,596,500,0,1853.690,131.342,1
100000,44,Rows,1353.284,541732864,284881556,680,29,43,36,12650,11917,577,0.258,594,500,0,81.871,231.241,1
100000,44,Rows,1353.484,542019584,130048868,680,30,43,36,12651,11918,577,0.295,594,500,0,59.613,134.137,1
100000,44,Rows,1353.731,541732864,328551508,680,32,43,36,12654,11920,578,0.301,594,500,0,68.292,174.948,1
100000,44,Rows,1353.982,541732864,127844584,680,29,43,36,12656,11922,578,0.365,590,500,0,96.532,148.649,1
100000,44,Rows,1354.170,541999104,130329736,680,30,43,36,12657,11923,578,0.270,590,500,0,47.842,136.006,1
100000,44,Rows,1354.432,541732864,301200188,680,32,43,36,12660,11925,579,0.258,590,500,0,72.906,185.088,1
100000,44,Rows,1354.681,541736960,127882700,680,34,43,36,12662,11927,579,0.370,590,500,0,89.077,153.301,1
100000,44,Grid,1355.055,542031872,280558272,680,38,43,36,12666,11930,580,0.258,588,500,0,170.157,182.423,1
100000,44,Grid,1355.290,542597120,128443460,680,40,43,36,12668,11932,580,0.297,588,500,0,88.183,140.102,1
100000,44,Grid,1355.478,542044160,131004916,680,42,43,36,12669,11933,580,0.319,588,500,0,43.895,141.056,1
100000,44,Grid,1355.740,542044160,287949192,680,44,43,36,12672,11935,581,0.241,588,500,0,73.168,182.946,1
100000,44,Grid,1355.968,542334976,128663928,680,46,43,36,12674,11937,581,0.254,588,500,0,89.431,134.888,1
100000,44,Grid,1356.229,542330880,251996636,680,28,43,36,12677,11940,582,0.262,588,500,0,76.919,153.731,1
100000,44,Grid,1356.409,542334976,130536136,680,30,43,36,12678,11940,582,0.255,588,500,0,59.382,115.341,1
100000,44,Grid,1356.665,542457856,297014084,680,32,43,36,12681,11942,583,0.259,588,500,0,72.191,179.648,1
100000,44,Grid,1356.891,542461952,128495148,680,34,43,36,12683,11944,583,0.284,588,500,0,85.097,135.200,1
100000,44,Grid,1357.114,542457856,254611264,680,36,43,36,12685,11946,584,0.323,588,500,0,72.991,146.405,1
100000,44,before_idle,1358.546,558768128,126723008,730,42,43,36,12701,11961,585,0.079,612,500,0,0.000,0.000,1
100000,44,after_idle,1378.615,540409856,128623784,680,28,42,35,12910,12168,585,0.128,604,500,0,0.000,0.000,1
100000,45,Rows,1381.376,552833024,180042940,686,29,43,36,12940,12196,587,0.414,1640,500,0,73.436,274.131,1
100000,45,Rows,1381.512,555991040,179275956,686,30,43,36,12942,12198,588,0.297,1443,500,0,9.695,123.138,1
100000,45,Rows,1383.628,555479040,279240760,680,32,43,35,12958,12211,589,0.249,619,500,0,1870.497,226.602,1
100000,45,Rows,1383.793,557146112,130808044,681,30,44,36,12959,12212,589,0.325,617,500,0,13.137,147.612,1
100000,45,Rows,1383.974,556068864,133628972,681,31,44,36,12960,12213,589,0.429,617,500,0,75.969,101.497,1
100000,45,Rows,1384.250,556056576,275031908,681,32,44,36,12963,12216,590,0.314,617,500,0,78.924,193.516,1
100000,45,Rows,1384.480,555458560,132762212,681,29,44,36,12965,12217,590,0.264,613,500,0,91.073,132.602,1
100000,45,Rows,1384.753,555417600,281276048,681,30,44,36,12968,12219,591,0.272,613,500,0,72.493,195.666,1
100000,45,Rows,1385.012,555765760,130781164,681,32,44,36,12970,12221,591,0.316,613,500,0,111.868,143.824,1
100000,45,Rows,1385.197,556154880,133185020,681,34,44,36,12971,12222,591,0.269,613,500,0,47.692,133.791,1
100000,45,Grid,1385.617,555524096,263293176,681,38,44,36,12976,12225,592,0.298,611,500,0,190.848,208.075,1
100000,45,Grid,1385.874,555933696,130486036,681,40,44,36,12978,12227,592,0.262,611,500,0,96.207,154.389,1
100000,45,Grid,1386.062,556658688,133153316,681,42,44,36,12979,12228,592,0.261,611,500,0,48.751,135.700,1
100000,45,Grid,1386.326,555741184,289093736,681,44,44,36,12982,12230,593,0.265,611,500,0,71.214,188.599,1
100000,45,Grid,1386.561,555945984,130613468,681,46,44,36,12984,12232,593,0.268,611,500,0,88.930,140.384,1
100000,45,Grid,1386.739,556273664,133218696,681,28,44,36,12985,12233,593,0.263,611,500,0,45.539,128.146,1
100000,45,Grid,1386.994,555663360,348337696,681,30,44,36,12988,12235,594,0.303,611,500,0,76.589,174.826,1
100000,45,Grid,1387.235,555839488,131187484,681,32,44,36,12990,12237,594,0.260,611,500,0,94.217,140.314,1
100000,45,Grid,1387.470,556060672,289321460,681,34,44,36,12993,12240,595,0.262,611,500,0,75.102,156.622,1
100000,45,Grid,1387.686,555565056,133054652,681,36,44,36,12994,12240,595,0.251,611,500,0,67.162,117.424,1
100000,45,before_idle,1389.124,572334080,129721036,717,30,44,36,13009,12254,596,0.901,635,500,0,0.000,0.000,1
100000,45,after_idle,1409.160,553893888,135373604,710,28,43,34,13222,12467,596,0.151,627,500,0,0.000,0.000,1
100000,46,Rows,1411.871,566505472,182250072,687,27,43,36,13254,12497,598,0.311,1663,500,0,72.669,265.600,1
100000,46,Rows,1411.988,569667584,182660640,687,28,43,36,13255,12497,598,0.286,1432,500,0,10.453,102.558,1
100000,46,Rows,1413.867,568619008,356441476,681,30,43,35,13271,12512,599,0.323,642,500,0,1667.833,207.620,1
100000,46,Rows,1414.112,565739520,133371384,682,27,44,36,13273,12514,599,0.273,640,500,0,89.432,150.453,1
100000,46,Rows,1414.294,570114048,135853372,682,28,44,36,13274,12515,599,0.251,640,500,0,47.628,130.487,1
100000,46,Rows,1414.569,569466880,313579080,682,30,44,36,13277,12517,600,0.267,640,500,0,72.191,198.910,1
100000,46,Rows,1414.767,569733120,135939932,682,29,44,36,13278,12518,600,0.259,636,500,0,87.798,103.397,1
100000,46,Rows,1415.013,569733120,287926200,682,30,44,36,13281,12521,601,0.265,636,500,0,71.409,171.244,1
100000,46,Rows,1415.221,569737216,134754176,682,32,44,36,13283,12522,601,0.255,636,500,0,79.433,122.266,1
100000,46,Rows,1415.484,569262080,314897772,682,34,44,36,13286,12524,602,0.329,636,500,0,71.381,186.307,1
100000,46,Grid,1415.834,569462784,133599296,682,38,44,36,13290,12526,602,0.261,634,500,0,192.470,131.887,1
100000,46,Grid,1416.070,569987072,285225184,682,40,44,36,13292,12528,603,0.419,634,500,0,45.791,185.816,1
100000,46,Grid,1416.281,569393152,135526028,682,42,44,36,13294,12529,603,0.319,634,500,0,86.588,121.075,1
100000,46,Grid,1416.543,569540608,321340488,682,44,44,36,13297,12531,604,0.259,634,500,0,72.107,185.463,1
100000,46,Grid,1416.781,569769984,133283664,682,46,44,36,13299,12533,604,0.311,634,500,0,90.775,144.587,1
100000,46,Grid,1416.960,570073088,135901024,682,28,44,36,13300,12534,604,0.263,634,500,0,45.523,129.790,1
100000,46,Grid,1417.206,569450496,356619012,682,30,44,36,13303,12536,605,0.318,634,500,0,73.652,168.994,1
100000,46,Grid,1417.446,569634816,133854992,682,32,44,36,13305,12538,605,0.299,634,500,0,91.712,141.717,1
100000,46,Grid,1417.678,569839616,288634100,682,34,44,36,13308,12541,606,0.261,634,500,0,77.072,150.791,1
100000,46,Grid,1417.892,569344000,135728212,682,36,44,36,13309,12541,606,0.254,634,500,0,62.472,119.670,1
100000,46,before_idle,1419.327,586121216,132439664,719,30,44,36,13324,12555,607,0.056,658,500,0,0.000,0.000,1
100000,46,after_idle,1439.374,567676928,135408468,709,28,42,34,13533,12764,607,0.127,648,500,0,0.000,0.000,1
100000,47,Rows,1442.115,576245760,186050756,688,27,43,36,13563,12792,609,0.325,1684,500,0,110.519,243.115,1
100000,47,Rows,1442.242,578031616,185299848,688,28,43,36,13564,12793,609,0.286,1514,500,0,9.772,113.284,1
100000,47,Rows,1444.190,578486272,283823540,682,30,43,35,13581,12805,611,0.291,663,500,0,1747.618,196.558,1
100000,47,Rows,1444.429,579158016,136482120,683,27,44,36,13583,12807,611,0.269,661,500,0,89.750,142.802,1
100000,47,Rows,1444.604,579174400,138827308,683,28,44,36,13584,12808,611,0.263,661,500,0,43.620,126.924,1
100000,47,Rows,1444.867,579170304,338071320,683,30,44,36,13587,12810,612,0.272,661,500,0,71.154,187.829,1
100000,47,Rows,1445.107,579170304,136131680,683,29,44,36,13589,12812,612,0.262,657,500,0,87.292,147.325,1
100000,47,Rows,1445.284,579174400,138518808,683,30,44,36,13590,12813,612,0.284,657,500,0,45.139,127.793,1
100000,47,Rows,1445.533,579166208,319106968,683,32,44,36,13593,12815,613,0.266,657,500,0,68.202,177.027,1
100000,47,Rows,1445.757,579194880,136186004,683,34,44,36,13595,12817,613,0.264,657,500,0,81.788,139.055,1
100000,47,Grid,1446.132,579756032,313485380,683,38,44,36,13599,12820,614,0.330,655,500,0,167.563,187.776,1
100000,47,Grid,1446.357,579760128,136690988,683,40,44,36,13601,12822,614,0.306,655,500,0,88.397,132.489,1
100000,47,Grid,1446.580,579764224,347615984,683,42,44,36,13604,12825,615,0.274,655,500,0,71.007,148.424,1
100000,47,Grid,1446.793,579768320,138347764,683,44,44,36,13605,12825,615,0.269,655,500,0,57.826,126.218,1
100000,47,Grid,1447.046,579764224,366524360,683,46,44,36,13608,12827,616,0.244,655,500,0,73.431,175.619,1
100000,47,Grid,1447.294,580182016,136292412,683,28,44,36,13610,12829,616,0.266,655,500,0,93.403,146.593,1
100000,47,Grid,1447.529,580169728,338707584,683,30,44,36,13612,12831,617,0.288,655,500,0,77.027,154.761,1
100000,47,Grid,1447.745,580136960,138350412,683,32,44,36,13614,12832,617,0.266,655,500,0,82.798,128.819,1
100000,47,Grid,1448.002,580132864,329102544,683,34,44,36,13617,12834,618,0.265,655,500,0,73.668,178.868,1
100000,47,Grid,1448.239,580136960,136166020,683,36,44,36,13619,12836,618,0.264,655,500,0,85.822,144.194,1
100000,47,before_idle,1449.649,594767872,133743500,717,32,44,36,13633,12849,619,0.497,679,500,0,0.000,0.000,1
100000,47,after_idle,1469.704,575832064,138048536,708,30,42,34,13843,13059,619,0.129,650,500,0,0.000,0.000,1
100000,48,Rows,1472.462,584548352,190241128,687,27,43,36,13873,13087,621,0.307,1686,500,0,110.755,239.640,1
100000,48,Rows,1472.586,585265152,189511604,687,28,43,36,13874,13088,621,0.287,1482,500,0,10.453,109.311,1
100000,48,Rows,1474.574,590721024,323795216,681,28,43,35,13890,13102,622,1.082,665,500,0,1753.156,230.330,1
100000,48,Rows,1474.823,591085568,138772224,682,27,44,36,13892,13104,622,0.517,663,500,0,88.925,153.232,1
100000,48,Rows,1474.996,591429632,141136608,682,28,44,36,13893,13105,622,0.265,663,500,0,45.276,123.724,1
100000,48,Rows,1475.631,340172800,140182788,682,30,44,36,13895,13107,623,0.306,663,500,0,70.844,560.482,1
100000,48,Rows,1475.830,340025344,140482692,682,29,44,36,13897,13108,623,0.281,659,500,0,68.363,126.782,1
100000,48,Rows,1476.077,340217856,137223164,682,30,44,36,13900,13110,624,0.280,659,500,0,71.310,171.821,1
100000,48,Rows,1476.302,340471808,137830340,682,32,44,36,13902,13112,624,0.267,659,500,0,76.938,141.851,1
100000,48,Rows,1476.485,341139456,140347620,682,34,44,36,13903,13113,624,0.254,659,500,0,44.705,134.438,1
100000,48,Grid,1476.912,340369408,137224044,682,38,44,36,13908,13115,625,0.310,657,500,0,190.994,217.292,1
100000,48,Grid,1477.154,340717568,137841528,682,40,44,36,13910,13117,625,0.278,657,500,0,81.784,155.699,1
100000,48,Grid,1477.343,341225472,140506524,682,42,44,36,13911,13118,625,0.282,657,500,0,50.101,135.425,1
100000,48,Grid,1477.599,340557824,137224360,682,44,44,36,13914,13120,626,0.346,657,500,0,74.977,176.387,1
100000,48,Grid,1477.827,340881408,138383220,682,46,44,36,13916,13122,626,0.271,657,500,0,77.787,146.534,1
100000,48,Grid,1478.043,341102592,138568548,682,28,44,36,13918,13124,627,0.274,657,500,0,48.648,163.508,1
100000,48,Grid,1478.241,341102592,140284512,682,30,44,36,13920,13126,627,0.406,657,500,0,76.983,117.119,1
100000,48,Grid,1478.471,340631552,138573612,682,32,44,36,13923,13128,628,0.304,657,500,0,71.134,154.359,1
100000,48,Grid,1478.675,340811776,139053516,682,34,44,36,13925,13130,628,0.269,657,500,0,72.942,125.233,1
100000,48,Grid,1478.924,341340160,138566624,682,36,44,36,13928,13133,629,0.449,657,500,0,71.189,174.114,1
100000,48,before_idle,1480.249,358797312,136523568,732,42,44,36,13943,13148,630,0.098,681,500,0,0.000,0.000,1
100000,48,after_idle,1500.299,339177472,142680164,683,28,43,35,14161,13365,630,0.144,673,500,0,0.000,0.000,1
100000,49,Rows,1502.878,398774272,190960872,687,29,43,36,14191,13394,631,0.298,1709,500,0,95.999,246.248,1
100000,49,Rows,1503.038,400814080,194096000,687,30,43,36,14193,13396,632,0.240,1573,500,0,10.000,146.276,1
100000,49,Rows,1504.964,404160512,158303204,681,32,43,35,14209,13410,633,0.251,688,500,0,1742.359,176.337,1
100000,49,Rows,1505.222,404467712,152982304,682,27,44,36,14212,13413,634,0.253,686,500,0,77.814,176.708,1
100000,49,Rows,1505.399,405221376,142593812,682,28,44,36,14213,13414,634,0.252,686,500,0,45.213,125.469,1
100000,49,Rows,1505.622,404267008,153847244,682,30,44,36,14216,13416,635,0.254,686,500,0,64.432,154.814,1
100000,49,Rows,1505.851,404967424,140038836,682,29,44,36,14218,13418,635,0.262,682,500,0,72.372,149.734,1
100000,49,Rows,1506.028,405835776,142620316,682,30,44,36,14219,13419,635,0.257,682,500,0,41.128,133.190,1
100000,49,Rows,1506.262,404742144,152893016,682,32,44,36,14222,13422,636,0.243,682,500,0,69.666,159.849,1
100000,49,Rows,1506.436,405188608,143058228,682,34,44,36,14223,13423,636,0.260,682,500,0,45.546,122.051,1
100000,49,Grid,1506.772,404561920,153931708,682,38,44,36,14228,13426,637,0.256,680,500,0,169.012,149.695,1
100000,49,Grid,1506.992,404951040,140683480,682,40,44,36,14230,13428,637,0.256,680,500,0,78.255,135.528,1
100000,49,Grid,1507.159,405495808,143337912,682,42,44,36,14231,13429,637,0.268,680,500,0,41.850,121.346,1
100000,49,Grid,1507.382,404578304,152445580,682,44,44,36,14234,13431,638,0.320,680,500,0,67.070,151.306,1
100000,49,Grid,1507.593,404811776,140812380,682,46,44,36,14236,13433,638,0.269,680,500,0,77.831,126.152,1
100000,49,Grid,1507.766,405114880,143407428,682,28,44,36,14237,13434,638,0.257,680,500,0,41.520,128.318,1
100000,49,Grid,1507.994,404549632,152991752,682,30,44,36,14240,13436,639,0.265,680,500,0,67.745,155.961,1
100000,49,Grid,1508.192,404725760,141397004,682,32,44,36,14242,13438,639,0.267,680,500,0,69.651,122.415,1
100000,49,Grid,1508.442,405139456,153152300,682,34,44,36,14245,13441,640,0.270,680,500,0,66.872,179.118,1
100000,49,Grid,1508.620,405843968,142571544,682,36,44,36,14246,13442,640,0.273,680,500,0,47.119,127.440,1
100000,49,before_idle,1510.016,420921344,140755336,716,32,44,36,14261,13453,641,0.390,704,500,0,0.000,0.000,1
100000,49,after_idle,1530.032,402644992,143167044,709,30,43,35,14485,13677,641,0.125,696,500,0,0.000,0.000,1
100000,50,Rows,1532.680,429420544,201632912,715,31,44,35,14514,13706,641,0.315,1732,500,0,108.047,236.137,1
100000,50,Rows,1532.809,429686784,200904496,715,32,44,35,14515,13707,641,0.299,1532,500,0,9.746,115.379,1
100000,50,Rows,1534.858,430202880,149482184,682,29,44,35,14532,13720,643,0.265,711,500,0,1841.566,201.310,1
100000,50,Rows,1535.004,431349760,143898708,683,30,45,36,14533,13721,643,0.342,709,500,0,13.736,128.953,1
100000,50,Rows,1535.270,430518272,149869204,683,31,45,36,14536,13724,644,0.266,709,500,0,70.531,191.329,1
100000,50,Rows,1535.455,431276032,145116780,683,32,45,36,14537,13725,644,0.265,709,500,0,47.245,130.898,1
100000,50,Rows,1535.719,430321664,147570368,683,29,45,36,14540,13727,645,0.259,705,500,0,78.114,182.377,1
100000,50,Rows,1535.901,430604288,145972316,683,30,45,36,14541,13728,645,0.272,705,500,0,77.469,98.299,1
100000,50,Rows,1536.150,430116864,148900216,683,32,45,36,14544,13730,646,0.278,705,500,0,72.934,171.204,1
100000,50,Rows,1536.355,430108672,144763140,683,34,45,36,14546,13731,646,0.246,705,500,0,75.911,125.744,1
100000,50,Grid,1536.746,430600192,147884612,683,38,45,36,14551,13734,647,0.269,703,500,0,184.314,186.094,1
100000,50,Grid,1536.930,431472640,145318072,683,40,45,36,14552,13735,647,0.263,703,500,0,48.189,129.536,1
100000,50,Grid,1537.182,430518272,156677952,683,42,45,36,14555,13737,648,0.298,703,500,0,72.119,175.552,1
100000,50,Grid,1537.400,431153152,143542284,683,44,45,36,14557,13739,648,0.259,703,500,0,78.443,133.733,1
100000,50,Grid,1537.620,431702016,148889912,683,46,45,36,14559,13741,649,0.276,703,500,0,45.399,170.749,1
100000,50,Grid,1537.819,431091712,145635448,683,28,45,36,14561,13742,649,0.257,703,500,0,74.253,120.935,1
100000,50,Grid,1538.064,431194112,147799508,683,30,45,36,14564,13744,650,0.275,703,500,0,74.855,165.876,1
100000,50,Grid,1538.279,431439872,143384664,683,32,45,36,14566,13746,650,0.280,703,500,0,73.728,135.260,1
100000,50,Grid,1538.465,431263744,145977452,683,34,45,36,14567,13747,650,0.289,703,500,0,44.453,137.844,1
100000,50,Grid,1538.714,430706688,150544152,683,36,45,36,14570,13749,651,0.282,703,500,0,70.811,173.889,1
100000,50,before_idle,1540.063,447029248,142183552,734,42,45,36,14585,13762,652,0.287,727,500,0,0.000,0.000,1
100000,50,after_idle,1560.078,428658688,145903940,682,28,43,35,14798,13974,652,0.098,719,500,0,0.000,0.000,1
100000,51,Rows,1562.750,439656448,202543368,686,29,43,35,14827,14003,652,0.310,1755,500,0,93.350,268.021,1
100000,51,Rows,1562.920,439996416,230987088,686,30,43,36,14828,14004,653,0.246,1553,500,0,10.120,156.987,1
100000,51,Rows,1564.948,440020992,165646056,681,32,43,35,14845,14017,654,2.798,734,500,0,1806.109,213.549,1
100000,51,Rows,1565.180,440094720,161211632,682,27,44,36,14848,14020,655,0.398,732,500,0,85.227,143.346,1
100000,51,Rows,1565.376,440078336,148163856,682,28,44,36,14849,14020,655,0.266,732,500,0,46.401,119.630,1
100000,51,Rows,1565.620,440115200,158297808,682,30,44,36,14852,14022,656,0.281,732,500,0,74.131,164.971,1
100000,51,Rows,1565.850,440913920,145772368,682,29,44,36,14854,14024,656,0.266,728,500,0,77.227,146.308,1
100000,51,Rows,1566.024,441458688,148231864,682,30,44,36,14855,14025,656,0.262,728,500,0,44.790,126.436,1
100000,51,Rows,1566.269,440520704,165069840,682,32,44,36,14858,14027,657,0.272,728,500,0,71.583,169.466,1
100000,51,Rows,1566.478,440897536,145791896,682,34,44,36,14860,14029,657,0.251,728,500,0,74.792,130.647,1
100000,51,Grid,1566.836,440905728,161656076,682,38,44,36,14864,14032,658,0.268,726,500,0,172.368,166.410,1
100000,51,Grid,1567.049,441233408,146345652,682,40,44,36,14866,14034,658,0.394,726,500,0,78.778,130.792,1
100000,51,Grid,1567.258,441430016,159140340,682,42,44,36,14868,14036,659,0.272,726,500,0,43.947,160.723,1
100000,51,Grid,1567.454,440856576,148161816,682,44,44,36,14870,14037,659,0.271,726,500,0,74.081,118.088,1
100000,51,Grid,1567.699,441012224,165220624,682,46,44,36,14873,14039,660,0.327,726,500,0,69.349,171.468,1
100000,51,Grid,1567.915,441241600,145861980,682,28,44,36,14875,14041,660,0.312,726,500,0,80.921,131.078,1
100000,51,Grid,1568.084,442036224,148466852,682,30,44,36,14876,14042,660,0.268,726,500,0,44.335,121.922,1
100000,51,Grid,1568.319,441401344,158337712,682,32,44,36,14879,14044,661,0.271,726,500,0,69.149,161.856,1
100000,51,Grid,1568.527,441573376,146409128,682,34,44,36,14881,14046,661,0.268,726,500,0,73.732,127.826,1
100000,51,Grid,1568.739,441802752,157685584,682,36,44,36,14883,14048,662,0.326,726,500,0,69.916,138.679,1
100000,51,before_idle,1570.126,457244672,147393412,733,42,44,36,14898,14062,663,0.096,750,500,0,0.000,0.000,1
100000,51,after_idle,1590.163,439455744,148373020,683,28,43,35,15116,14279,663,0.135,742,500,0,0.000,0.000,1
100000,52,Rows,1592.701,451215360,208872536,687,29,43,35,15144,14307,663,0.320,1778,500,0,102.938,245.859,1
100000,52,Rows,1592.847,451477504,208133828,692,30,43,36,15146,14309,664,0.271,1589,500,0,10.690,131.447,1
100000,52,Rows,1594.738,452595712,199859300,681,32,43,35,15161,14324,664,0.414,757,500,0,1771.427,116.484,1
100000,52,Rows,1595.044,451989504,217017816,682,28,44,36,15164,14327,665,0.273,755,500,0,76.467,224.979,1
100000,52,Rows,1595.271,453578752,148570812,682,29,44,36,15166,14329,665,0.270,755,500,0,92.132,130.996,1
100000,52,Rows,1595.447,454049792,151000236,682,30,44,36,15167,14330,665,0.279,755,500,0,43.946,127.820,1
100000,52,Rows,1595.724,453378048,197879412,682,29,44,36,15170,14332,666,0.518,751,500,0,79.380,194.295,1
100000,52,Rows,1595.942,453771264,148497928,682,30,44,36,15172,14334,666,0.265,751,500,0,81.415,133.306,1
100000,52,Rows,1596.117,454205440,150934128,682,32,44,36,15173,14335,666,0.257,751,500,0,45.885,124.794,1
100000,52,Rows,1596.371,453554176,173391716,682,34,44,36,15176,14337,667,0.278,751,500,0,71.563,178.554,1
100000,52,Grid,1596.713,454070272,148598356,682,38,44,36,15180,14339,667,0.269,749,500,0,183.932,137.010,1
100000,52,Grid,1596.895,455184384,151097680,682,40,44,36,15181,14340,667,0.280,749,500,0,44.371,133.318,1
100000,52,Grid,1597.152,454545408,200905620,682,42,44,36,15184,14342,668,0.276,749,500,0,74.180,179.235,1
100000,52,Grid,1597.373,454856704,148898492,682,44,44,36,15186,14344,668,0.525,749,500,0,82.980,131.686,1
100000,52,Grid,1597.597,455725056,159149956,682,46,44,36,15188,14346,669,0.262,749,500,0,75.056,145.713,1
100000,52,Grid,1597.795,455155712,150806740,682,28,44,36,15190,14347,669,0.279,749,500,0,77.976,114.451,1
100000,52,Grid,1598.049,454860800,163956920,682,30,44,36,15193,14349,670,0.273,749,500,0,73.267,176.583,1
100000,52,Grid,1598.274,455168000,148730408,682,32,44,36,15195,14351,670,0.300,749,500,0,80.772,138.036,1
100000,52,Grid,1598.502,455897088,166434500,682,34,44,36,15197,14353,671,0.272,749,500,0,49.371,174.765,1
100000,52,Grid,1598.702,455254016,150831896,682,36,44,36,15199,14354,671,0.266,749,500,0,78.314,118.865,1
100000,52,before_idle,1600.129,472104960,147366864,716,32,44,36,15214,14368,672,0.070,773,500,0,0.000,0.000,1
100000,52,after_idle,1620.167,453664768,153418432,708,30,42,34,15428,14582,672,0.063,765,500,0,0.000,0.000,1
100000,53,Rows,1622.738,464089088,209838640,717,31,42,35,15457,14610,672,0.339,1801,500,0,74.991,260.252,1
100000,53,Rows,1622.855,467247104,210182176,717,32,42,35,15458,14610,672,0.307,1615,500,0,10.132,102.662,1
100000,53,Rows,1624.886,463630336,175698400,679,27,42,35,15476,14623,675,0.351,780,500,0,1822.945,203.455,1
100000,53,Rows,1625.036,463712256,152419588,680,28,43,36,15477,14624,675,0.331,778,500,0,10.644,131.073,1
100000,53,Rows,1625.295,463851520,179724164,680,29,43,36,15480,14627,676,0.291,778,500,0,65.888,189.185,1
100000,53,Rows,1625.477,463855616,153489544,680,30,43,36,15481,14628,676,0.265,778,500,0,49.580,125.912,1
100000,53,Rows,1625.735,463994880,179852332,680,29,43,36,15484,14630,677,0.286,774,500,0,72.711,181.180,1
100000,53,Rows,1625.954,463986688,151509380,680,30,43,36,15486,14632,677,0.275,774,500,0,78.187,134.973,1
100000,53,Rows,1626.175,463982592,178114468,680,32,43,36,15488,14634,678,0.275,774,500,0,45.430,171.481,1
100000,53,Rows,1626.377,463986688,153266460,680,34,43,36,15490,14635,678,0.261,774,500,0,78.655,117.607,1
100000,53,Grid,1626.763,463990784,210122032,680,38,43,36,15495,14638,679,0.282,772,500,0,177.018,192.996,1
100000,53,Grid,1626.949,463994880,153539404,680,40,43,36,15496,14639,679,0.278,772,500,0,54.831,127.214,1
100000,53,Grid,1627.202,464134144,196681872,680,42,43,36,15499,14641,680,0.272,772,500,0,72.630,175.838,1
100000,53,Grid,1627.423,464138240,151590280,680,44,43,36,15501,14643,680,0.573,772,500,0,82.445,132.615,1
100000,53,Grid,1627.645,464134144,175359160,680,46,43,36,15503,14645,681,0.286,772,500,0,74.966,143.307,1
100000,53,Grid,1627.847,464138240,153483868,680,28,43,36,15505,14646,681,0.269,772,500,0,79.367,119.202,1
100000,53,Grid,1628.109,464412672,181090312,680,30,43,36,15508,14648,682,0.364,772,500,0,75.008,182.762,1
100000,53,Grid,1628.332,463802368,151426252,680,32,43,36,15510,14650,682,0.263,772,500,0,84.290,135.450,1
100000,53,Grid,1628.559,464089088,175602696,680,34,43,36,15512,14652,683,0.276,772,500,0,45.393,177.656,1
100000,53,Grid,1628.761,464236544,153336344,680,36,43,36,15514,14654,683,0.278,772,500,0,83.639,114.272,1
100000,53,before_idle,1630.184,479305728,150084368,714,32,43,36,15529,14667,684,0.256,796,500,0,0.000,0.000,1
100000,53,after_idle,1650.220,460857344,154200088,707,30,42,34,15740,14878,684,0.148,788,500,0,0.000,0.000,1
100000,54,Rows,1652.759,472850432,214792404,716,31,42,35,15768,14906,684,0.327,1824,500,0,99.441,249.828,1
100000,54,Rows,1654.859,477073408,192520428,678,27,42,35,15786,14920,686,0.275,803,500,0,1867.428,228.200,1
100000,54,Rows,1655.053,477638656,156349760,679,28,43,36,15787,14921,686,0.451,797,500,0,59.350,131.604,1
100000,54,Rows,1655.304,477032448,182993952,679,29,43,36,15790,14923,687,0.332,797,500,0,68.031,178.506,1
100000,54,Rows,1655.537,477327360,153922360,679,30,43,36,15792,14925,687,0.279,797,500,0,82.974,143.854,1
100000,54,Rows,1655.705,477749248,156229336,679,32,43,36,15793,14926,687,0.279,797,500,0,40.859,123.372,1
100000,54,Rows,1655.953,477020160,245802476,679,34,43,36,15796,14928,688,0.276,797,500,0,68.323,175.663,1
100000,54,Rows,1656.178,477372416,153687832,679,36,43,36,15798,14930,688,0.276,797,500,0,80.863,137.962,1
100000,54,Rows,1656.346,477917184,156046768,679,38,43,36,15799,14931,688,0.279,797,500,0,41.099,124.237,1
100000,54,Rows,1656.592,477044736,268304308,679,40,43,36,15802,14933,689,0.257,797,500,0,70.536,171.278,1
100000,54,Grid,1656.944,477118464,153594000,679,44,43,36,15806,14935,689,0.278,795,500,0,175.471,150.457,1
100000,54,Grid,1657.120,478085120,155994452,679,46,43,36,15807,14936,689,0.281,795,500,0,43.074,129.444,1
100000,54,Grid,1657.375,477196288,191969144,679,28,43,36,15810,14938,690,0.285,795,500,0,68.296,182.470,1
100000,54,Grid,1657.601,477413376,153574744,679,30,43,36,15812,14940,690,0.288,795,500,0,83.354,138.757,1
100000,54,Grid,1657.775,477859840,156112548,679,32,43,36,15813,14941,690,0.271,795,500,0,44.343,126.504,1
100000,54,Grid,1658.037,477020160,217734496,679,34,43,36,15816,14943,691,0.264,795,500,0,69.828,188.619,1
100000,54,Grid,1658.257,477470720,153871404,679,36,43,36,15818,14945,691,0.269,795,500,0,80.502,133.082,1
100000,54,Grid,1658.428,477749248,156355656,679,38,43,36,15819,14946,691,0.274,795,500,0,41.499,125.930,1
100000,54,Grid,1658.679,477184000,193414192,679,40,43,36,15822,14948,692,0.280,795,500,0,68.363,178.381,1
100000,54,Grid,1658.897,477413376,154176448,679,42,43,36,15824,14950,692,0.278,795,500,0,78.694,133.020,1
100000,54,before_idle,1660.295,494272512,156212568,721,32,44,37,15838,14964,693,0.112,819,500,0,0.000,0.000,1
100000,54,after_idle,1680.327,475832320,157071112,714,30,43,35,16064,15190,693,0.181,811,500,0,0.000,0.000,1
100000,55,Rows,1682.826,484397056,215792004,725,31,44,36,16092,15218,693,0.320,1847,500,0,113.010,243.131,1
100000,55,Rows,1682.948,486645760,215087376,725,32,44,36,16093,15219,693,0.344,1691,500,0,10.481,108.409,1
100000,55,Rows,1684.989,486916096,222790320,687,29,44,36,16111,15232,696,0.275,826,500,0,1827.124,209.087,1
100000,55,Rows,1685.140,486998016,157966476,688,28,45,37,16112,15233,696,0.400,824,500,0,11.079,135.543,1
100000,55,Rows,1685.330,490151936,158862260,688,29,45,37,16114,15233,696,0.283,824,500,0,65.536,121.002,1
100000,55,Rows,1685.584,486993920,260961148,688,30,45,37,16117,15235,697,0.259,824,500,0,72.671,177.483,1
100000,55,Rows,1685.814,486981632,157287272,688,29,45,37,16119,15236,697,0.284,820,500,0,85.451,138.002,1
100000,55,Rows,1686.090,486436864,218147724,688,30,45,37,16122,15239,698,0.324,820,500,0,74.952,196.599,1
100000,55,Rows,1686.280,486440960,158556788,688,32,45,37,16123,15240,698,0.287,820,500,0,54.526,128.651,1
100000,55,Rows,1686.532,486436864,261600448,688,34,45,37,16126,15242,699,0.252,820,500,0,74.869,174.040,1
100000,55,Grid,1686.892,486449152,156581736,688,38,45,37,16130,15244,699,0.281,818,500,0,201.711,131.705,1
100000,55,Grid,1687.070,486453248,159072696,688,40,45,37,16131,15245,699,0.292,818,500,0,46.368,128.073,1
100000,55,Grid,1687.318,486723584,260917548,688,42,45,37,16134,15247,700,0.256,818,500,0,76.632,168.151,1
100000,55,Grid,1687.536,486871040,158382608,688,44,45,37,16136,15248,700,0.285,818,500,0,88.975,121.713,1
100000,55,Grid,1687.793,486862848,232725820,688,46,45,37,16139,15250,701,0.287,818,500,0,75.062,178.367,1
100000,55,Grid,1688.017,486866944,156845384,688,28,45,37,16141,15252,701,0.281,818,500,0,83.943,133.669,1
100000,55,Grid,1688.242,486862848,200749800,688,30,45,37,16144,15255,702,0.283,818,500,0,71.941,149.677,1
100000,55,Grid,1688.452,487116800,158722668,688,32,45,37,16145,15255,702,0.283,818,500,0,53.511,122.779,1
100000,55,Grid,1688.716,487256064,232221696,688,34,45,37,16148,15257,703,0.289,818,500,0,79.191,181.423,1
100000,55,Grid,1688.934,487260160,158097612,688,36,45,37,16150,15258,703,0.289,818,500,0,85.407,126.718,1
100000,55,before_idle,1690.396,502325248,154538888,723,32,45,37,16166,15272,704,0.083,842,500,0,0.000,0.000,1
100000,55,after_idle,1710.452,481185792,157348764,716,30,44,35,16376,15481,704,0.164,834,500,0,0.000,0.000,1
100000,56,Rows,1713.078,492634112,219059292,725,31,44,36,16404,15509,704,0.340,1870,500,0,111.987,254.035,1
100000,56,Rows,1713.208,493989888,218378756,725,32,44,36,16405,15510,704,0.306,1644,500,0,11.220,114.904,1
100000,56,Rows,1715.200,491102208,218266616,687,29,44,36,16422,15522,706,0.297,849,500,0,1782.547,205.924,1
100000,56,Rows,1715.420,492756992,160568468,688,29,45,37,16424,15523,706,0.296,847,500,0,84.238,128.779,1
100000,56,Rows,1715.705,493166592,262645240,688,30,45,37,16427,15526,707,0.297,847,500,0,81.662,199.501,1
100000,56,Rows,1715.900,493854720,161077116,688,32,45,37,16428,15527,707,0.300,847,500,0,62.304,129.146,1
100000,56,Rows,1716.145,492875776,285902152,688,29,45,37,16431,15529,708,0.296,843,500,0,72.606,168.903,1
100000,56,Rows,1716.405,493211648,158851500,688,30,45,37,16433,15531,708,0.288,843,500,0,97.529,143.912,1
100000,56,Rows,1716.594,493789184,161346024,688,32,45,37,16434,15532,708,0.281,843,500,0,50.097,135.212,1
100000,56,Rows,1716.859,492847104,281071220,688,34,45,37,16437,15534,709,14.954,843,500,0,76.870,168.949,1
100000,56,Grid,1717.223,492904448,159060048,688,38,45,37,16441,15536,709,0.336,841,500,0,198.807,134.923,1
100000,56,Grid,1717.403,494198784,161521632,688,40,45,37,16442,15537,709,0.260,841,500,0,44.988,131.451,1
100000,56,Grid,1717.661,493264896,282318196,688,42,45,37,16445,15539,710,0.254,841,500,0,75.321,179.051,1
100000,56,Grid,1717.907,494022656,159285796,688,44,45,37,16447,15541,710,0.421,841,500,0,94.276,146.331,1
100000,56,Grid,1718.147,494424064,203655692,688,46,45,37,16449,15543,711,0.366,841,500,0,46.852,187.771,1
100000,56,Grid,1718.368,494428160,161170940,688,28,45,37,16451,15545,711,0.349,841,500,0,92.923,121.963,1
100000,56,Grid,1718.621,493875200,281120348,688,30,45,37,16454,15547,712,0.244,841,500,0,73.465,176.800,1
100000,56,Grid,1718.863,493584384,159142296,688,32,45,37,16456,15549,712,0.288,841,500,0,101.393,133.871,1
100000,56,Grid,1719.045,494821376,161738904,688,34,45,37,16457,15550,712,0.285,841,500,0,46.289,131.830,1
100000,56,Grid,1719.298,493719552,281182540,688,36,45,37,16460,15552,713,0.392,841,500,0,71.123,177.862,1
100000,56,before_idle,1720.715,509812736,157143124,738,42,45,37,16475,15565,714,0.777,865,500,0,0.000,0.000,1
100000,56,after_idle,1740.760,491474944,159170304,689,26,44,36,16716,15806,714,0.716,857,500,0,0.000,0.000,1
100000,57,Rows,1743.437,506896384,217561404,693,27,44,37,16746,15835,715,0.334,1893,500,0,73.019,280.242,1
100000,57,Rows,1743.584,510054400,217862388,693,28,44,37,16748,15837,716,0.320,1718,500,0,10.787,132.727,1
100000,57,Rows,1745.520,506736640,210057672,687,30,44,36,16765,15854,716,0.269,872,500,0,1776.139,155.532,1
100000,57,Rows,1745.795,507478016,290404824,688,30,45,37,16767,15856,717,0.343,870,500,0,53.290,218.075,1
100000,57,Rows,1746.021,507473920,163323568,688,31,45,37,16769,15858,717,0.282,870,500,0,90.666,128.497,1
100000,57,Rows,1746.285,507461632,289956276,688,32,45,37,16772,15861,718,0.259,870,500,0,74.675,185.958,1
100000,57,Rows,1746.480,507465728,163876528,688,30,45,37,16773,15862,718,0.355,866,500,0,59.846,129.009,1
100000,57,Rows,1746.735,507461632,281741464,688,31,45,37,16776,15865,719,0.269,866,500,0,72.688,177.964,1
100000,57,Rows,1746.975,507465728,161893368,688,32,45,37,16778,15867,719,0.329,866,500,0,94.061,137.471,1
100000,57,Rows,1747.152,507461632,164305168,688,34,45,37,16779,15868,719,0.291,866,500,0,45.229,128.302,1
100000,57,Grid,1747.568,507473920,230542088,688,38,45,37,16784,15873,720,0.312,864,500,0,187.369,210.063,1
100000,57,Grid,1747.822,507478016,161639316,688,40,45,37,16786,15875,720,0.271,864,500,0,93.936,153.473,1
100000,57,Grid,1748.042,507801600,164302420,688,42,45,37,16787,15876,720,0.402,864,500,0,60.018,155.268,1
100000,57,Grid,1748.338,507789312,290533656,688,44,45,37,16790,15879,721,0.296,864,500,0,84.708,208.173,1
100000,57,Grid,1748.601,507793408,161876092,688,46,45,37,16792,15881,721,0.436,864,500,0,104.358,150.699,1
100000,57,Grid,1748.784,507707392,164457804,682,28,44,36,16793,15882,721,0.294,864,500,0,48.188,130.699,1
100000,57,Grid,1749.019,507670528,164488220,682,30,44,36,16796,15885,722,0.278,864,500,0,77.042,154.951,1
100000,57,Grid,1749.277,507674624,162385264,682,32,44,36,16798,15887,722,0.361,864,500,0,112.972,141.412,1
100000,57,Grid,1749.558,507957248,289461592,682,34,44,36,16801,15890,723,0.274,864,500,0,83.369,193.947,1
100000,57,Grid,1749.759,508092416,163498920,682,36,44,36,16802,15891,723,0.296,864,500,0,58.853,134.913,1
100000,57,before_idle,1751.276,522645504,160302832,715,30,44,36,16817,15906,724,0.138,888,500,0,0.000,0.000,1
100000,57,after_idle,1771.285,503791616,163068076,707,28,42,34,17024,16113,724,0.285,880,500,0,0.000,0.000,1
100000,58,Rows,1773.905,512790528,222197352,686,27,43,36,17052,16140,725,0.327,1916,500,0,106.630,256.120,1
100000,58,Rows,1775.961,515522560,304166544,681,28,43,35,17070,16153,727,0.301,895,500,0,1881.328,170.911,1
100000,58,Rows,1776.279,515379200,164602204,682,27,44,36,17072,16155,727,0.392,893,500,0,66.227,192.378,1
100000,58,Rows,1776.457,514535424,167172548,682,28,44,36,17073,16156,727,0.375,893,500,0,42.515,132.233,1
100000,58,Rows,1776.699,513609728,304480704,682,30,44,36,17076,16159,728,0.337,893,500,0,68.694,169.711,1
100000,58,Rows,1776.916,513990656,166908116,682,30,44,36,17077,16160,728,0.370,889,500,0,64.773,133.120,1
100000,58,Rows,1777.143,513437696,166840948,682,31,44,36,17080,16162,729,0.309,889,500,0,73.276,150.555,1
100000,58,Rows,1777.412,513650688,164795568,682,32,44,36,17082,16164,729,0.293,889,500,0,127.418,138.198,1
100000,58,Rows,1777.590,514088960,167124092,682,34,44,36,17083,16165,729,0.286,889,500,0,43.565,130.832,1
100000,58,Rows,1777.853,513335296,271316288,682,36,44,36,17086,16167,730,0.290,889,500,0,69.027,190.009,1
100000,58,Grid,1778.210,513437696,164762408,682,40,44,36,17090,16169,730,0.286,887,500,0,192.234,141.290,1
100000,58,Grid,1778.388,514256896,167089768,682,42,44,36,17091,16170,730,0.280,887,500,0,43.763,130.817,1
100000,58,Grid,1778.648,513380352,298988012,682,44,44,36,17094,16172,731,0.388,887,500,0,71.597,184.721,1
100000,58,Grid,1778.888,513773568,164720796,682,46,44,36,17096,16174,731,0.293,887,500,0,93.997,140.095,1
100000,58,Grid,1779.067,514170880,167223952,684,28,44,38,17097,16175,731,0.284,887,500,0,43.863,131.446,1
100000,58,Grid,1779.295,513568768,304787524,684,30,44,38,17100,16177,732,0.302,887,500,0,70.603,154.173,1
100000,58,Grid,1779.546,513769472,165032960,684,32,44,38,17102,16179,732,0.285,887,500,0,93.611,136.230,1
100000,58,Grid,1779.781,514621440,265603572,684,34,44,38,17104,16181,733,0.690,887,500,0,43.973,187.284,1
100000,58,Grid,1779.992,513769472,166946804,684,36,44,38,17106,16182,733,0.324,887,500,0,85.018,122.125,1
100000,58,Grid,1780.228,514285568,304786920,684,38,44,38,17109,16184,734,0.323,887,500,0,69.799,162.414,1
100000,58,before_idle,1781.600,529362944,166491884,734,44,44,38,17124,16198,735,0.421,911,500,0,0.000,0.000,1
100000,58,after_idle,1801.660,511455232,164163900,683,28,42,37,17341,16414,735,0.282,903,500,0,0.000,0.000,1
100000,59,Rows,1804.301,524099584,224484788,687,29,42,38,17370,16442,736,0.371,1939,500,0,108.145,247.850,1
100000,59,Rows,1804.454,524492800,223779980,687,30,42,38,17372,16444,737,0.274,1746,500,0,12.147,138.091,1
100000,59,Rows,1806.417,518262784,215278036,681,32,42,37,17388,16460,737,0.339,918,500,0,1792.467,165.330,1
100000,59,Rows,1806.613,527331328,218173264,682,30,43,38,17389,16461,737,0.355,916,500,0,56.215,136.889,1
100000,59,Rows,1806.830,527114240,218031388,682,31,43,38,17391,16462,737,0.290,916,500,0,79.742,133.452,1
100000,59,Rows,1807.055,528007168,217102076,682,32,43,38,17393,16464,737,0.287,916,500,0,82.081,139.268,1
100000,59,Rows,1807.241,528515072,219753412,682,32,43,38,17394,16465,737,0.349,912,500,0,49.472,132.636,1
100000,59,Rows,1807.453,528289792,219718792,682,33,43,38,17396,16466,737,0.280,912,500,0,82.480,126.162,1
100000,59,Rows,1807.674,529235968,218839940,682,34,43,38,17398,16468,737,0.294,912,500,0,80.581,137.591,1
100000,59,Rows,1807.864,529608704,221534928,682,36,43,38,17399,16469,737,0.398,912,500,0,50.853,135.526,1
100000,59,Grid,1808.349,527446016,168210484,682,40,43,38,17404,16472,738,0.359,910,500,0,236.853,228.266,1
100000,59,Grid,1808.600,527765504,167691264,682,42,43,38,17406,16474,738,0.291,910,500,0,87.075,159.174,1
100000,59,Grid,1808.788,528183296,170290516,682,44,43,38,17407,16475,738,0.290,910,500,0,52.484,131.997,1
100000,59,Grid,1809.033,527405056,170343576,682,46,43,38,17410,16477,739,0.308,910,500,0,74.546,166.461,1
100000,59,Grid,1809.333,527695872,167655392,682,28,43,38,17412,16479,739,0.457,910,500,0,134.436,161.164,1
100000,59,Grid,1809.569,528097280,316970004,682,30,43,38,17414,16481,740,0.283,910,500,0,81.764,151.231,1
100000,59,Grid,1809.802,528064512,169580852,682,32,43,38,17416,16482,740,0.306,910,500,0,97.818,128.385,1
100000,59,Grid,1810.058,527466496,320926040,682,34,43,38,17419,16484,741,0.285,910,500,0,85.618,165.374,1
100000,59,Grid,1810.311,527826944,167545964,682,36,43,38,17421,16486,741,0.287,910,500,0,94.393,140.220,1
100000,59,Grid,1810.597,529530880,306146156,682,38,43,38,17424,16489,742,0.360,910,500,0,48.132,233.778,1
100000,59,before_idle,1812.009,544256000,168260152,715,32,43,38,17439,16502,743,0.050,934,500,0,0.000,0.000,1
100000,59,after_idle,1832.036,525893632,166972072,682,28,42,37,17645,16707,743,0.151,926,500,0,0.000,0.000,1
100000,60,Rows,1834.699,532750336,226873472,688,29,43,38,17674,16735,744,0.344,1962,500,0,107.324,245.024,1
100000,60,Rows,1834.856,535269376,226142052,688,30,43,38,17676,16737,745,0.824,1752,500,0,11.479,141.570,1
100000,60,Rows,1836.853,539303936,217804216,683,32,43,37,17692,16749,745,0.281,941,500,0,1834.718,157.813,1
100000,60,Rows,1837.002,539385856,218467200,684,30,44,38,17693,16750,745,0.354,939,500,0,13.177,132.743,1
100000,60,Rows,1837.180,539381760,221193768,684,31,44,38,17694,16751,745,0.288,939,500,0,49.763,124.310,1
100000,60,Rows,1837.422,540037120,328281588,684,32,44,38,17697,16753,746,0.320,939,500,0,79.949,158.955,1
100000,60,Rows,1837.728,537845760,170142512,684,29,44,38,17699,16755,746,0.283,935,500,0,99.097,148.661,1
100000,60,Rows,1837.935,537845760,172550380,684,30,44,38,17701,16757,747,0.300,935,500,0,45.449,158.513,1
100000,60,Rows,1838.179,537849856,171884084,684,32,44,38,17703,16758,747,0.293,935,500,0,107.632,133.002,1
100000,60,Rows,1838.431,537845760,325906100,684,34,44,38,17706,16760,748,0.765,935,500,0,74.534,172.953,1
100000,60,Grid,1838.776,538300416,171866452,684,38,44,38,17709,16762,748,0.276,933,500,0,183.299,116.221,1
100000,60,Grid,1839.010,538288128,171991780,684,40,44,38,17712,16764,749,0.316,933,500,0,72.582,158.214,1
100000,60,Grid,1839.286,537722880,169974152,684,42,44,38,17714,16766,749,0.296,933,500,0,130.563,141.235,1
100000,60,Grid,1839.511,537718784,319087400,684,44,44,38,17716,16768,750,0.297,933,500,0,44.649,176.336,1
100000,60,Grid,1839.734,537722880,172136308,684,46,44,38,17718,16769,750,0.293,933,500,0,93.491,125.789,1
100000,60,Grid,1839.968,537718784,325245572,684,28,44,38,17721,16771,751,0.365,933,500,0,72.210,158.373,1
100000,60,Grid,1840.233,537690112,169927388,684,30,44,38,17723,16773,751,0.464,933,500,0,96.719,145.013,1
100000,60,Grid,1840.463,537677824,318561356,684,32,44,38,17725,16775,752,0.286,933,500,0,47.685,178.610,1
100000,60,Grid,1840.686,537681920,172047508,684,34,44,38,17727,16776,752,0.294,933,500,0,92.041,127.480,1
100000,60,Grid,1840.954,537677824,315268692,684,36,44,38,17730,16778,753,0.273,933,500,0,76.541,187.349,1
100000,60,before_idle,1842.336,550453248,172065112,734,42,44,38,17744,16792,754,0.052,957,500,0,0.000,0.000,1
100000,60,after_idle,1862.378,532439040,169574512,685,28,43,38,17956,17003,754,0.067,949,500,0,0.000,0.000,1
100000,61,Rows,1865.011,545861632,225575372,687,29,43,36,17985,17031,755,0.355,1985,500,0,84.800,254.508,1
100000,61,Rows,1865.168,545853440,230887400,687,30,43,36,17986,17032,756,0.292,1805,500,0,10.488,124.118,1
100000,61,Rows,1867.216,544751616,333901312,681,32,43,35,18003,17044,757,0.244,964,500,0,1819.704,224.276,1
100000,61,Rows,1867.385,546201600,173026828,682,30,44,36,18004,17045,757,0.357,962,500,0,16.345,146.873,1
100000,61,Rows,1867.635,545579008,172384620,682,31,44,36,18007,17048,758,0.313,962,500,0,74.146,172.296,1
100000,61,Rows,1867.855,546271232,174238072,682,32,44,36,18008,17049,758,0.287,962,500,0,60.728,139.551,1
100000,61,Rows,1868.126,545296384,338192192,682,29,44,36,18011,17051,759,0.453,958,500,0,76.607,190.371,1
100000,61,Rows,1868.384,545587200,172023276,682,30,44,36,18013,17053,759,0.285,958,500,0,94.413,145.213,1
100000,61,Rows,1868.563,546209792,174544348,682,32,44,36,18014,17054,759,0.294,958,500,0,47.576,128.046,1
100000,61,Rows,1868.798,545263616,174284032,682,34,44,36,18017,17056,760,0.362,958,500,0,79.024,151.810,1
100000,61,Grid,1869.188,545710080,172220148,682,38,44,36,18021,17058,760,0.294,956,500,0,195.697,149.776,1
100000,61,Grid,1869.377,546643968,174716676,682,40,44,36,18022,17059,760,0.299,956,500,0,45.756,139.846,1
100000,61,Grid,1869.605,545759232,174658096,682,42,44,36,18025,17061,761,0.311,956,500,0,76.122,148.329,1
100000,61,Grid,1869.940,546086912,172532780,682,44,44,36,18027,17063,761,0.294,956,500,0,195.054,135.783,1
100000,61,Grid,1870.152,546304000,338218316,682,46,44,36,18029,17065,762,0.304,956,500,0,46.681,162.173,1
100000,61,Grid,1870.392,546308096,174493512,682,28,44,36,18031,17067,762,0.295,956,500,0,94.109,125.250,1
100000,61,Grid,1870.644,545742848,338191224,682,30,44,36,18034,17069,763,0.318,956,500,0,79.500,169.145,1
100000,61,Grid,1870.904,546033664,172440604,682,32,44,36,18036,17071,763,0.298,956,500,0,96.347,142.945,1
100000,61,Grid,1871.132,546709504,335538376,682,34,44,36,18038,17073,764,0.330,956,500,0,48.809,174.820,1
100000,61,Grid,1871.354,546168832,174588768,682,36,44,36,18040,17074,764,0.297,956,500,0,92.814,123.153,1
100000,61,before_idle,1872.834,562839552,171329424,716,30,44,36,18055,17087,765,0.055,980,500,0,0.000,0.000,1
100000,61,after_idle,1892.885,544899072,175130424,708,28,42,34,18265,17297,765,0.170,972,500,0,0.000,0.000,1
100000,62,Rows,1895.565,555352064,234012204,685,27,42,36,18294,17325,766,0.341,2008,500,0,81.703,263.492,1
100000,62,Rows,1895.711,556167168,233223244,685,28,42,36,18296,17327,767,0.326,1851,500,0,27.711,114.888,1
100000,62,Rows,1897.658,557309952,223350828,679,30,42,35,18312,17342,767,0.289,987,500,0,1801.818,141.044,1
100000,62,Rows,1897.850,558317568,226229696,680,30,43,36,18313,17343,767,0.351,985,500,0,54.666,134.283,1
100000,62,Rows,1898.090,558292992,226237136,680,31,43,36,18316,17346,768,1.184,985,500,0,81.509,153.607,1
100000,62,Rows,1898.456,557359104,175523456,680,32,43,36,18318,17348,768,0.417,985,500,0,230.039,131.916,1
100000,62,Rows,1898.674,557694976,178051656,680,29,43,36,18320,17350,769,0.304,981,500,0,79.666,135.123,1
100000,62,Rows,1898.919,557617152,176917336,680,30,43,36,18322,17352,769,0.310,981,500,0,113.493,128.120,1
100000,62,Rows,1899.157,557711360,176650456,680,32,43,36,18325,17355,770,0.311,981,500,0,76.625,157.106,1
100000,62,Rows,1899.429,557993984,174870312,680,34,43,36,18327,17357,770,0.305,981,500,0,120.628,146.679,1
100000,62,Grid,1899.774,557670400,176987080,680,38,43,36,18331,17361,771,0.310,979,500,0,171.817,154.182,1
100000,62,Grid,1900.053,557559808,175297916,680,40,43,36,18333,17363,771,0.322,979,500,0,125.722,149.503,1
100000,62,Grid,1900.240,557842432,177881968,680,42,43,36,18334,17364,771,0.667,979,500,0,49.430,133.595,1
100000,62,Grid,1900.469,557219840,177920136,680,44,43,36,18337,17367,772,0.312,979,500,0,75.084,150.075,1
100000,62,Grid,1900.801,557350912,175795924,680,46,43,36,18339,17369,772,0.321,979,500,0,191.020,136.879,1
100000,62,Grid,1901.064,557588480,175088952,680,28,43,36,18342,17372,773,0.438,979,500,0,78.998,181.027,1
100000,62,Grid,1901.299,558227456,176880948,680,30,43,36,18343,17373,773,0.299,979,500,0,93.412,137.687,1
100000,62,Grid,1901.537,557256704,176729984,680,32,43,36,18346,17376,774,0.817,979,500,0,77.508,156.508,1
100000,62,Grid,1901.808,557514752,175171096,680,34,43,36,18348,17378,774,0.290,979,500,0,122.417,144.758,1
100000,62,Grid,1901.994,557768704,177763400,680,36,43,36,18349,17379,774,0.304,979,500,0,52.224,130.091,1
100000,62,before_idle,1903.519,573169664,175002304,715,32,43,36,18364,17394,775,0.072,1003,500,0,0.000,0.000,1
100000,62,after_idle,1923.557,554725376,176709156,707,30,42,34,18571,17601,775,0.554,995,500,0,0.000,0.000,1
100000,63,Rows,1926.259,566824960,235893020,684,27,42,36,18600,17629,776,0.366,2031,500,0,102.654,250.061,1
100000,63,Rows,1926.410,567517184,235088660,684,28,42,36,18602,17631,777,0.340,1853,500,0,10.909,136.455,1
100000,63,Rows,1928.362,569815040,357752060,678,30,42,35,18619,17642,778,0.310,1010,500,0,1778.567,169.902,1
100000,63,Rows,1928.627,568553472,180227392,679,28,43,36,18620,17643,778,0.495,1008,500,0,69.836,138.047,1
100000,63,Rows,1928.828,567963648,180267348,679,29,43,36,18622,17644,778,0.322,1008,500,0,74.364,122.916,1
100000,63,Rows,1929.082,568168448,179150996,679,30,43,36,18625,17647,779,0.426,1008,500,0,75.968,173.661,1
100000,63,Rows,1929.271,569552896,177872772,681,29,43,36,18626,17648,779,0.287,1005,500,0,31.518,151.786,1
100000,63,Rows,1929.488,568451072,357830536,681,30,43,36,18628,17650,780,0.306,1005,500,0,87.377,125.702,1
100000,63,Rows,1929.729,567885824,179852344,681,32,43,36,18630,17651,780,0.296,1004,500,0,91.193,127.001,1
100000,63,Rows,1929.964,567951360,179505096,681,34,43,36,18633,17653,781,0.313,1004,500,0,75.293,155.986,1
100000,63,Grid,1930.357,567959552,177577796,681,38,43,36,18637,17655,781,0.300,1002,500,0,192.315,151.661,1
100000,63,Grid,1930.534,568864768,180075924,681,40,43,36,18638,17656,781,0.297,1002,500,0,45.452,128.939,1
100000,63,Grid,1930.768,567918592,180044436,681,42,43,36,18641,17658,782,0.317,1002,500,0,72.150,158.408,1
100000,63,Grid,1931.059,568238080,177859288,681,44,43,36,18643,17660,782,0.326,1002,500,0,130.394,157.028,1
100000,63,Grid,1931.266,568487936,180521752,681,46,43,36,18645,17662,783,0.318,1002,500,0,49.150,153.666,1
100000,63,Grid,1931.517,567861248,179983948,681,28,43,36,18647,17663,783,0.319,1002,500,0,114.878,133.064,1
100000,63,Grid,1931.755,567926784,179721496,681,30,43,36,18650,17665,784,0.322,1002,500,0,74.196,160.514,1
100000,63,Grid,1932.039,568209408,177812824,681,32,43,36,18652,17667,784,0.297,1002,500,0,135.457,143.793,1
100000,63,Grid,1932.252,568451072,180445788,681,34,43,36,18654,17669,785,0.324,1002,500,0,49.060,160.818,1
100000,63,Grid,1932.497,567836672,179957248,681,36,43,36,18656,17670,785,0.310,1002,500,0,113.878,127.254,1
100000,63,before_idle,1934.019,584302592,176901244,723,30,45,37,18671,17682,786,0.065,1026,500,0,0.000,0.000,1
100000,63,after_idle,1954.038,565866496,182708624,715,28,44,35,18878,17889,786,0.161,1018,500,0,0.000,0.000,1
100000,64,Rows,1956.752,576290816,237516384,692,27,44,37,18908,17917,787,0.342,2054,500,0,113.459,244.673,1
100000,64,Rows,1956.900,577589248,236785764,692,28,44,37,18910,17919,788,0.339,1852,500,0,12.073,131.728,1
100000,64,Rows,1958.850,578969600,229950064,686,30,44,36,18925,17933,788,0.296,1033,500,0,1813.965,132.950,1
100000,64,Rows,1959.265,580423680,185392164,687,29,45,37,18928,17936,789,0.363,1031,500,0,111.359,299.745,1
100000,64,Rows,1959.449,580706304,182650568,687,30,45,37,18929,17937,789,0.333,1031,500,0,49.004,131.402,1
100000,64,Rows,1959.684,579985408,182639616,687,32,45,37,18932,17939,790,0.325,1031,500,0,74.961,156.735,1
100000,64,Rows,1960.023,580247552,180603960,687,29,45,37,18934,17941,790,0.298,1027,500,0,197.944,137.468,1
100000,64,Rows,1960.232,580517888,369849580,687,30,45,37,18936,17943,791,0.332,1027,500,0,47.915,157.124,1
100000,64,Rows,1960.479,579911680,182434684,687,32,45,37,18938,17944,791,0.320,1027,500,0,92.817,131.436,1
100000,64,Rows,1960.720,580136960,181744980,687,34,45,37,18941,17946,792,0.328,1027,500,0,77.722,160.022,1
100000,64,Grid,1961.079,579997696,182578716,687,38,45,37,18944,17948,792,0.295,1025,500,0,195.880,114.530,1
100000,64,Grid,1961.313,579915776,182732344,687,40,45,37,18947,17950,793,0.311,1025,500,0,76.963,153.273,1
100000,64,Grid,1961.633,580177920,180783904,687,42,45,37,18949,17952,793,0.305,1025,500,0,177.337,138.356,1
100000,64,Grid,1961.877,576790528,177436320,687,44,45,37,18952,17955,794,0.336,1025,500,0,78.041,130.138,1
100000,64,Grid,1962.100,579944448,182779288,687,46,45,37,18953,17955,794,0.383,1025,500,0,92.082,126.827,1
100000,64,Grid,1962.330,579915776,182687548,687,28,45,37,18956,17957,795,0.321,1025,500,0,77.286,147.817,1
100000,64,Grid,1962.655,580141056,180926672,687,30,45,37,18958,17959,795,0.300,1025,500,0,191.102,130.724,1
100000,64,Grid,1962.913,580378624,180245248,687,32,45,37,18961,17962,796,0.321,1025,500,0,76.928,176.910,1
100000,64,Grid,1963.158,581074944,182181060,687,34,45,37,18962,17963,796,0.302,1025,500,0,100.278,141.183,1
100000,64,Grid,1963.408,580100096,181946388,687,36,45,37,18965,17965,797,0.325,1025,500,0,79.349,166.767,1
100000,64,before_idle,1964.893,595783680,182682240,740,42,45,37,18979,17979,798,0.107,1049,500,0,0.000,0.000,1
100000,64,after_idle,1984.931,577298432,180586164,689,28,44,36,19189,18188,798,0.139,1041,500,0,0.000,0.000,1
100000,65,Rows,1987.587,589238272,241941048,693,29,44,37,19218,18216,799,0.376,2077,500,0,84.611,249.613,1
100000,65,Rows,1987.741,592584704,241162948,693,30,44,37,19220,18218,800,0.342,1904,500,0,28.868,121.502,1
100000,65,Rows,1989.658,594329600,379953092,687,32,44,36,19237,18230,801,0.279,1056,500,0,1751.579,162.082,1
100000,65,Rows,1989.973,594407424,183106580,688,27,45,37,19239,18232,801,0.338,1054,500,0,98.617,155.147,1
100000,65,Rows,1990.154,594411520,185585024,688,28,45,37,19240,18233,801,0.299,1054,500,0,46.626,130.703,1
100000,65,Rows,1990.391,594407424,185484568,688,30,45,37,19243,18235,802,0.329,1054,500,0,73.967,159.571,1
100000,65,Rows,1990.740,594407424,182842564,688,29,45,37,19245,18237,802,0.301,1050,500,0,199.980,145.670,1
100000,65,Rows,1990.919,594411520,185313456,688,30,45,37,19246,18238,802,0.322,1050,500,0,44.710,130.041,1
100000,65,Rows,1991.151,594407424,185207712,688,32,45,37,19249,18240,803,0.325,1050,500,0,78.507,150.587,1
100000,65,Rows,1991.488,594407424,183073428,688,34,45,37,19251,18242,803,0.305,1050,500,0,195.998,137.761,1
100000,65,Grid,1991.825,594558976,185224900,688,38,45,37,19255,18245,804,0.324,1048,500,0,169.749,147.839,1
100000,65,Grid,1992.091,594550784,183655900,688,40,45,37,19257,18247,804,0.283,1048,500,0,119.757,142.707,1
100000,65,Grid,1992.289,594546688,180247044,688,42,45,37,19260,18250,805,0.392,1048,500,0,74.001,120.272,1
100000,65,Grid,1992.541,594546688,185361060,688,44,45,37,19261,18250,805,0.282,1048,500,0,89.020,127.675,1
100000,65,Grid,1992.775,594964480,185435756,688,46,45,37,19264,18252,806,0.327,1048,500,0,76.584,153.244,1
100000,65,Grid,1993.113,594964480,183476384,688,28,45,37,19266,18254,806,0.305,1048,500,0,199.261,134.976,1
100000,65,Grid,1993.363,594927616,182792144,688,30,45,37,19269,18257,807,0.308,1048,500,0,75.702,171.067,1
100000,65,Grid,1993.597,594931712,184729300,688,32,45,37,19270,18258,807,0.313,1048,500,0,84.716,144.829,1
100000,65,Grid,1993.837,594919424,184149208,688,34,45,37,19273,18261,808,0.391,1048,500,0,75.258,161.304,1
100000,65,Grid,1994.178,594919424,182727696,688,36,45,37,19275,18263,808,0.306,1048,500,0,200.399,136.075,1
100000,65,before_idle,1995.667,609165312,181198352,723,32,45,37,19290,18278,809,0.239,1072,500,0,0.000,0.000,1
100000,65,after_idle,2015.708,588521472,182855208,709,30,43,34,19501,18488,809,0.110,1064,500,0,0.000,0.000,1
100000,66,Rows,2018.425,595574784,240006748,686,27,43,36,19530,18516,810,0.761,2101,500,0,80.649,254.794,1
100000,66,Rows,2018.565,598990848,245305628,686,28,43,36,19531,18517,811,0.375,1944,500,0,11.575,124.395,1
100000,66,Rows,2020.524,598884352,235988844,680,30,43,35,19546,18529,811,0.278,1079,500,0,1829.927,124.319,1
100000,66,Rows,2020.953,598167552,185331372,681,28,44,36,19549,18531,812,0.325,1077,500,0,110.281,315.101,1
100000,66,Rows,2021.169,598736896,185839840,681,29,44,36,19551,18533,812,0.308,1077,500,0,76.737,134.143,1
100000,66,Rows,2021.347,599560192,188293880,681,30,44,36,19552,18534,812,0.470,1073,500,0,46.379,128.394,1
100000,66,Rows,2021.574,598892544,188291520,681,31,44,36,19555,18536,813,0.314,1073,500,0,76.930,146.222,1
100000,66,Rows,2021.902,599691264,185988832,681,32,44,36,19557,18538,813,0.313,1073,500,0,192.556,132.242,1
100000,66,Rows,2022.119,599928832,388981208,681,34,44,36,19559,18540,814,0.300,1073,500,0,48.826,164.039,1
100000,66,Rows,2022.364,599793664,187831644,681,36,44,36,19561,18541,814,0.418,1073,500,0,91.053,131.996,1
100000,66,Grid,2022.729,600440832,186716836,681,40,44,36,19566,18544,815,0.316,1071,500,0,181.038,164.183,1
100000,66,Grid,2023.039,603656192,188717548,681,42,44,36,19567,18545,815,0.311,1071,500,0,208.854,97.214,1
100000,66,Grid,2023.257,599855104,188750832,681,44,44,36,19570,18547,816,0.313,1071,500,0,74.700,140.215,1
100000,66,Grid,2023.530,599887872,187436924,681,46,44,36,19572,18548,816,0.332,1071,500,0,136.506,132.381,1
100000,66,Grid,2023.779,600449024,186583592,681,28,44,36,19575,18551,817,0.315,1071,500,0,78.416,167.112,1
100000,66,Grid,2024.109,600649728,188643548,681,30,44,36,19576,18552,817,0.315,1071,500,0,211.204,114.528,1
100000,66,Grid,2024.340,600276992,188491988,681,32,44,36,19579,18554,818,0.547,1071,500,0,85.128,142.002,1
100000,66,Grid,2024.604,600420352,187491484,681,34,44,36,19581,18555,818,0.312,1071,500,0,131.220,129.161,1
100000,66,Grid,2024.845,600825856,186651772,681,36,44,36,19584,18558,819,0.327,1071,500,0,78.641,158.409,1
100000,66,Grid,2025.108,604250112,188651236,681,38,44,36,19585,18559,819,0.299,1071,500,0,152.074,107.707,1
100000,66,before_idle,2026.572,616558592,183257580,717,30,44,36,19600,18572,820,0.631,1095,500,0,0.000,0.000,1
100000,66,after_idle,2046.615,598204416,187371848,709,28,43,35,19843,18815,820,0.244,1087,500,0,0.000,0.000,1
100000,67,Rows,2049.359,612773888,245951736,686,27,43,36,19872,18843,821,0.378,2123,500,0,113.520,266.256,1
100000,67,Rows,2049.507,614326272,245178180,686,28,43,36,19874,18845,822,0.285,1945,500,0,11.494,133.943,1
100000,67,Rows,2051.386,613949440,238666564,680,30,43,35,19889,18860,822,0.299,1102,500,0,1758.054,116.510,1
100000,67,Rows,2051.645,614027264,238895396,681,28,44,36,19892,18863,823,0.327,1100,500,0,84.532,171.674,1
100000,67,Rows,2052.002,614096896,188583180,681,29,44,36,19894,18865,823,0.316,1100,500,0,204.253,148.272,1
100000,67,Rows,2052.184,615538688,191009692,681,29,44,36,19895,18866,823,0.401,1096,500,0,52.151,126.879,1
100000,67,Rows,2052.419,615538688,190914296,681,30,44,36,19898,18869,824,0.324,1096,500,0,77.583,153.441,1
100000,67,Rows,2052.749,615542784,188798036,681,32,44,36,19900,18871,824,0.306,1096,500,0,191.385,135.674,1
100000,67,Rows,2052.952,615538688,191376212,681,34,44,36,19902,18873,825,0.309,1096,500,0,73.289,125.665,1
100000,67,Rows,2053.219,615538688,190259352,681,36,44,36,19904,18875,825,0.325,1096,500,0,124.044,139.923,1
100000,67,Grid,2053.583,615538688,189762316,681,40,44,36,19909,18880,826,0.336,1094,500,0,181.271,162.910,1
100000,67,Grid,2053.941,613171200,188174300,681,42,44,36,19911,18882,826,0.325,1094,500,0,210.203,144.134,1
100000,67,Grid,2054.126,617627648,190886840,681,44,44,36,19912,18883,826,0.313,1094,500,0,49.246,132.269,1
100000,67,Grid,2054.363,616935424,190821640,681,46,44,36,19915,18885,827,0.338,1094,500,0,72.592,160.654,1
100000,67,Grid,2054.677,617201664,188346756,681,28,44,36,19917,18887,827,0.310,1094,500,0,177.341,133.169,1
100000,67,Grid,2054.890,617406464,190997564,681,30,44,36,19919,18889,828,0.327,1094,500,0,47.650,161.981,1
100000,67,Grid,2055.149,616771584,190336672,681,32,44,36,19921,18890,828,0.333,1094,500,0,122.185,133.195,1
100000,67,Grid,2055.392,616869888,190273452,681,34,44,36,19924,18892,829,0.321,1094,500,0,81.260,158.656,1
100000,67,Grid,2055.742,617132032,188429184,681,36,45,36,19926,18894,829,0.334,1095,500,0,210.966,135.441,1
100000,67,Grid,2055.952,617369600,191129164,681,38,44,36,19928,18896,830,0.324,1095,500,0,50.399,154.660,1
100000,67,before_idle,2057.402,633696256,189422932,740,44,45,37,19943,18910,831,0.074,1118,500,0,0.000,0.000,1
100000,67,after_idle,2077.456,612208640,190417656,692,28,43,36,20147,19113,831,0.169,1110,500,0,0.000,0.000,1
100000,68,Rows,2080.179,625520640,245392824,693,29,44,37,20176,19141,832,0.429,2146,500,0,80.312,276.401,1
100000,68,Rows,2080.339,628678656,245767784,693,30,44,37,20178,19142,833,0.462,1977,500,0,13.246,142.433,1
100000,68,Rows,2082.261,628359168,240632436,687,32,44,36,20194,19154,834,0.309,1125,500,0,1773.641,143.638,1
100000,68,Rows,2082.694,627621888,191612760,688,27,45,37,20197,19157,835,0.390,1123,500,0,251.220,175.168,1
100000,68,Rows,2083.010,627621888,193551436,688,28,45,37,20198,19158,835,0.331,1123,500,0,211.298,99.882,1
100000,68,Rows,2083.233,627621888,193463168,688,30,45,37,20201,19160,836,0.331,1123,500,0,73.717,145.082,1
100000,68,Rows,2083.521,627621888,192196084,688,29,45,37,20203,19161,836,0.307,1119,500,0,145.366,139.627,1
100000,68,Rows,2083.767,627621888,191147652,688,30,45,37,20206,19164,837,0.321,1119,500,0,76.249,166.153,1
100000,68,Rows,2084.049,627625984,192954164,688,32,45,37,20207,19165,837,0.330,1119,500,0,144.219,133.755,1
100000,68,Rows,2084.287,627621888,192844336,688,34,45,37,20210,19167,838,0.306,1119,500,0,73.762,160.331,1
100000,68,Grid,2084.686,627642368,190944848,688,38,45,37,20214,19169,838,0.318,1117,500,0,222.781,134.616,1
100000,68,Grid,2084.869,627646464,193473628,688,40,45,37,20215,19170,838,0.313,1117,500,0,46.587,132.010,1
100000,68,Grid,2085.109,627642368,193613448,688,42,45,37,20218,19172,839,0.370,1117,500,0,76.947,158.949,1
100000,68,Grid,2085.458,627646464,191422696,688,44,45,37,20220,19174,839,0.315,1117,500,0,211.467,134.201,1
100000,68,Grid,2085.712,627630080,190745984,688,46,45,37,20223,19177,840,0.316,1117,500,0,76.256,173.482,1
100000,68,Grid,2085.960,627634176,192683528,688,28,45,37,20224,19178,840,0.318,1117,500,0,99.808,143.259,1
100000,68,Grid,2086.199,627597312,192305428,688,30,45,37,20227,19180,841,0.330,1117,500,0,77.482,158.175,1
100000,68,Grid,2086.521,627601408,190499904,688,32,45,37,20229,19182,841,0.311,1117,500,0,177.261,141.334,1
100000,68,Grid,2086.702,627597312,193203024,688,34,45,37,20230,19183,841,0.316,1117,500,0,46.455,131.252,1
100000,68,Grid,2086.935,627597312,193237192,688,36,45,37,20233,19185,842,0.330,1117,500,0,75.643,153.471,1
100000,68,before_idle,2088.454,640393216,191840832,738,42,45,37,20247,19198,843,0.080,1141,500,0,0.000,0.000,1
100000,68,after_idle,2108.465,622022656,194690540,690,28,43,36,20452,19402,843,0.127,1133,500,0,0.000,0.000,1
100000,69,Rows,2111.221,630788096,249044528,689,29,43,37,20482,19431,844,0.386,2169,500,0,83.308,269.103,1
100000,69,Rows,2111.371,635179008,248340192,689,30,43,37,20484,19433,845,0.332,1992,500,0,11.073,135.159,1
100000,69,Rows,2113.313,635985920,242640080,684,32,43,36,20500,19446,846,0.310,1148,500,0,1783.626,154.335,1
100000,69,Rows,2114.277,410284032,195323008,685,29,44,37,20502,19447,847,0.328,1146,500,0,259.284,698.079,1
100000,69,Rows,2114.502,410292224,195234480,685,29,44,37,20504,19448,847,0.337,1142,500,0,77.092,144.489,1
100000,69,Rows,2114.748,410304512,194991800,685,30,44,37,20507,19450,848,0.492,1142,500,0,77.260,164.745,1
100000,69,Rows,2115.039,410578944,193117568,685,32,44,37,20509,19452,848,0.562,1142,500,0,141.606,145.237,1
100000,69,Rows,2115.231,411164672,195635804,685,34,44,37,20510,19453,848,0.464,1142,500,0,49.647,139.203,1
100000,69,Rows,2115.462,410124288,195486564,679,36,43,36,20513,19455,849,0.334,1142,500,0,74.201,153.065,1
100000,69,Rows,2115.739,410464256,193286832,679,38,43,36,20515,19457,849,0.328,1142,500,0,130.505,141.984,1
100000,69,Grid,2116.081,410177536,197993500,679,42,43,36,20519,19460,850,0.300,1140,500,0,178.026,147.740,1
100000,69,Grid,2116.327,410423296,193913756,679,44,43,36,20521,19462,850,0.317,1140,500,0,93.741,128.939,1
100000,69,Grid,2116.540,410669056,194511860,679,46,43,36,20523,19464,851,16.973,1140,500,0,44.849,148.994,1
100000,69,Grid,2116.752,410066944,195772196,679,28,43,36,20525,19465,851,0.325,1140,500,0,89.923,118.413,1
100000,69,Grid,2116.977,410124288,195588824,679,30,43,36,20528,19467,852,0.331,1140,500,0,72.207,148.999,1
100000,69,Grid,2117.235,410431488,193618988,679,32,43,36,20530,19469,852,0.313,1140,500,0,126.474,128.665,1
100000,69,Grid,2117.455,410685440,194508160,679,34,43,36,20532,19471,853,18.277,1140,500,0,46.938,151.623,1
100000,69,Grid,2117.667,410030080,195767216,679,36,43,36,20534,19472,853,0.314,1140,500,0,89.460,118.939,1
100000,69,Grid,2117.889,410071040,195598804,679,38,43,36,20537,19474,854,0.427,1140,500,0,75.406,142.183,1
100000,69,Grid,2118.144,410394624,193628396,679,40,43,36,20539,19476,854,0.316,1140,500,0,121.422,130.200,1
100000,69,before_idle,2119.563,425160704,191789772,715,30,43,36,20553,19490,855,0.067,1164,500,0,0.000,0.000,1
100000,69,after_idle,2139.605,406786048,198714520,713,28,42,34,20766,19703,855,0.141,1156,500,0,0.000,0.000,1
100000,70,Rows,2142.400,465600512,237255960,687,28,43,36,20796,19732,856,0.335,2192,500,0,71.643,362.497,1
100000,70,Rows,2142.514,468758528,242577336,687,29,43,36,20796,19732,856,0.302,2025,500,0,11.323,99.980,1
100000,70,Rows,2144.495,470401024,256104476,681,30,43,35,20813,19745,857,0.286,1171,500,0,1781.140,196.197,1
100000,70,Rows,2144.739,470786048,196008800,682,27,44,36,20815,19747,857,0.460,1169,500,0,94.018,143.120,1
100000,70,Rows,2144.917,471437312,198525628,682,28,44,36,20816,19748,857,0.315,1169,500,0,44.459,129.888,1
100000,70,Rows,2145.151,470487040,255835800,682,30,44,36,20819,19750,858,0.295,1169,500,0,70.861,160.277,1
100000,70,Rows,2145.375,470740992,195672424,682,29,44,36,20821,19752,858,0.327,1165,500,0,83.494,132.016,1
100000,70,Rows,2145.545,471351296,198200896,682,30,44,36,20822,19753,858,0.345,1165,500,0,45.170,120.646,1
100000,70,Rows,2145.759,470388736,257867636,682,32,44,36,20825,19755,859,0.285,1165,500,0,68.749,141.402,1
100000,70,Rows,2146.004,470749184,195832252,682,34,44,36,20827,19757,859,0.325,1165,500,0,91.379,130.718,1
100000,70,Grid,2146.347,470437888,255351364,682,38,44,36,20831,19760,860,18.399,1163,500,0,167.072,140.341,1
100000,70,Grid,2146.567,470683648,196472620,682,40,44,36,20833,19762,860,0.322,1163,500,0,85.151,127.933,1
100000,70,Grid,2146.771,470945792,257408684,682,42,44,36,20835,19764,861,0.280,1163,500,0,45.585,154.349,1
100000,70,Grid,2146.980,470790144,198344416,682,44,44,36,20837,19765,861,0.333,1163,500,0,85.607,119.724,1
100000,70,Grid,2147.198,470843392,258409032,682,46,44,36,20840,19767,862,0.342,1163,500,0,70.899,142.637,1
100000,70,Grid,2147.445,471162880,196149128,682,28,44,36,20842,19769,862,0.320,1163,500,0,89.742,136.498,1
100000,70,Grid,2147.664,471420928,257986940,682,30,44,36,20844,19771,863,0.688,1163,500,0,45.305,169.039,1
100000,70,Grid,2147.873,470847488,198306616,682,32,44,36,20846,19772,863,0.338,1163,500,0,87.175,118.495,1
100000,70,Grid,2148.113,470872064,257376064,682,34,44,36,20849,19774,864,0.281,1163,500,0,71.667,164.787,1
100000,70,Grid,2148.332,471195648,196159856,682,36,44,36,20851,19776,864,0.321,1163,500,0,85.664,126.699,1
100000,70,before_idle,2149.743,487493632,194398564,717,30,44,36,20865,19789,865,0.205,1187,500,0,0.000,0.000,1
100000,70,after_idle,2169.760,468840448,196234560,713,28,42,34,21088,20012,865,0.202,1179,500,0,0.000,0.000,1
100000,71,Rows,2172.384,493756416,255322592,722,29,42,35,21116,20040,865,0.422,2215,500,0,76.348,307.643,1
100000,71,Rows,2172.498,496918528,260652152,722,30,42,35,21116,20040,865,0.362,2027,500,0,12.657,97.196,1
100000,71,Rows,2174.797,494755840,281077704,679,27,42,35,21134,20055,867,0.469,1194,500,0,2080.517,214.684,1
100000,71,Rows,2175.061,493436928,199368356,680,28,43,36,21136,20057,867,0.457,1192,500,0,104.484,152.403,1
100000,71,Rows,2175.299,493842432,280481548,681,30,43,36,21138,20059,868,0.318,1192,500,0,75.141,158.416,1
100000,71,Rows,2175.524,493699072,200855580,680,32,43,36,21140,20060,868,0.347,1192,500,0,90.845,128.901,1
100000,71,Rows,2175.778,493735936,283932508,680,29,43,36,21143,20062,869,0.346,1188,500,0,77.371,172.349,1
100000,71,Rows,2176.038,494067712,198334896,680,30,43,36,21145,20064,869,0.329,1188,500,0,92.786,141.600,1
100000,71,Rows,2176.219,495009792,200855536,680,32,43,36,21146,20065,869,0.326,1188,500,0,45.788,130.872,1
100000,71,Rows,2176.448,494075904,200740552,680,34,43,36,21149,20067,870,0.341,1188,500,0,75.093,150.337,1
100000,71,Grid,2176.826,494592000,198579812,680,38,43,36,21153,20069,870,0.471,1186,500,0,203.594,136.658,1
100000,71,Grid,2177.010,495357952,201107264,680,40,43,36,21154,20070,870,0.331,1186,500,0,52.566,128.175,1
100000,71,Grid,2177.240,494534656,201151924,680,42,43,36,21157,20072,871,0.339,1186,500,0,74.688,151.847,1
100000,71,Grid,2177.543,494862336,199114696,680,44,43,36,21159,20074,871,0.329,1186,500,0,168.263,131.745,1
100000,71,Grid,2177.792,495452160,198442300,680,46,43,36,21162,20077,872,0.335,1186,500,0,74.473,170.221,1
100000,71,Grid,2178.013,496156672,200384296,680,28,43,36,21163,20078,872,0.327,1186,500,0,84.901,132.526,1
100000,71,Grid,2178.251,495566848,283972296,680,30,43,36,21166,20080,873,0.332,1186,500,0,73.511,160.837,1
100000,71,Grid,2178.508,495792128,198187184,680,32,43,36,21168,20082,873,0.328,1186,500,0,97.154,136.524,1
100000,71,Grid,2178.686,496230400,200890592,680,34,43,36,21169,20083,873,0.329,1186,500,0,46.667,127.397,1
100000,71,Grid,2178.918,495337472,200924984,680,36,43,36,21172,20085,874,0.334,1186,500,0,77.289,150.824,1
100000,71,before_idle,2180.336,511795200,199743952,730,42,43,36,21186,20098,875,0.072,1210,500,0,0.000,0.000,1
100000,71,after_idle,2200.382,493457408,202004300,680,28,42,35,21401,20312,875,0.787,1202,500,0,0.000,0.000,1
100000,72,Rows,2203.003,500998144,262584168,684,29,42,35,21429,20340,875,0.378,2238,500,0,82.084,245.015,1
100000,72,Rows,2203.151,504356864,261872020,689,30,42,36,21431,20342,876,0.363,2060,500,0,28.950,115.635,1
100000,72,Rows,2205.167,505425920,232999036,679,32,42,35,21447,20354,877,0.303,1217,500,0,1901.900,110.462,1
100000,72,Rows,2205.365,505503744,290171100,680,29,43,36,21450,20356,878,0.586,1215,500,0,40.410,153.340,1
100000,72,Rows,2205.602,504242176,203209820,680,30,43,36,21451,20357,878,0.325,1215,500,0,63.549,130.770,1
100000,72,Rows,2205.837,504238080,203087044,680,32,43,36,21454,20359,879,0.343,1215,500,0,77.188,153.789,1
100000,72,Rows,2206.163,504238080,201076228,680,29,43,36,21456,20361,879,0.364,1211,500,0,181.198,140.639,1
100000,72,Rows,2206.333,504242176,203551416,680,30,43,36,21457,20362,879,0.321,1211,500,0,44.494,121.607,1
100000,72,Rows,2206.558,504238080,203454152,680,32,43,36,21460,20364,880,0.339,1211,500,0,71.258,150.363,1
100000,72,Rows,2206.811,504242176,201232980,680,34,43,36,21462,20366,880,0.319,1211,500,0,111.142,137.727,1
100000,72,Grid,2207.146,504238080,203412444,680,38,43,36,21466,20369,881,0.315,1209,500,0,171.766,143.126,1
100000,72,Grid,2207.413,504139776,201862116,680,40,43,36,21468,20371,881,0.334,1209,500,0,129.990,132.373,1
100000,72,Grid,2207.635,505065472,279590816,680,42,43,36,21471,20374,882,0.290,1209,500,0,75.035,142.384,1
100000,72,Grid,2207.849,505069568,203563172,680,44,43,36,21472,20374,882,0.327,1209,500,0,63.606,116.044,1
100000,72,Grid,2208.082,505483264,203480452,680,46,43,36,21475,20376,883,0.345,1209,500,0,74.707,154.947,1
100000,72,Grid,2208.381,505483264,201731732,680,28,43,36,21477,20378,883,0.327,1209,500,0,166.268,128.423,1
100000,72,Grid,2208.629,505450496,288737252,680,30,43,36,21480,20381,884,0.359,1209,500,0,75.758,169.655,1
100000,72,Grid,2208.846,505454592,202971984,680,32,43,36,21481,20382,884,0.333,1209,500,0,63.903,131.216,1
100000,72,Grid,2209.087,505868288,289285844,680,34,43,36,21484,20384,885,0.304,1209,500,0,74.894,161.803,1
100000,72,Grid,2209.343,505872384,201030100,680,36,43,36,21486,20386,885,0.324,1209,500,0,93.513,139.938,1
100000,72,before_idle,2210.818,519045120,199297280,714,30,43,36,21500,20399,886,0.307,1233,500,0,0.000,0.000,1
100000,72,after_idle,2230.862,500416512,200634916,712,28,42,34,21713,20612,886,0.179,1225,500,0,0.000,0.000,1
100000,73,Rows,2233.492,513359872,263896908,721,29,42,35,21741,20640,886,0.357,2261,500,0,102.504,246.510,1
100000,73,Rows,2233.644,514691072,263258412,726,30,42,36,21743,20642,887,0.346,2089,500,0,12.962,135.876,1
100000,73,Rows,2235.600,515133440,254307188,678,29,42,35,21758,20656,887,0.308,1240,500,0,1827.231,123.771,1
100000,73,Rows,2235.922,516485120,222458304,679,29,43,36,21761,20659,888,0.464,1238,500,0,109.205,209.084,1
100000,73,Rows,2236.112,516751360,205979636,679,30,43,36,21762,20660,888,0.323,1238,500,0,56.737,129.320,1
100000,73,Rows,2236.347,515940352,205870560,679,32,43,36,21765,20662,889,0.516,1238,500,0,76.078,154.411,1
100000,73,Rows,2236.675,516268032,203942344,679,29,43,36,21767,20664,889,0.319,1234,500,0,182.484,140.737,1
100000,73,Rows,2236.890,516554752,206369236,679,30,43,36,21769,20666,890,0.322,1234,500,0,49.021,162.715,1
100000,73,Rows,2237.135,516546560,205763384,679,32,43,36,21771,20667,890,0.319,1234,500,0,114.026,126.793,1
100000,73,Rows,2237.367,516763648,205035416,679,34,43,36,21774,20669,891,0.324,1234,500,0,75.281,153.886,1
100000,73,Grid,2237.739,516612096,205960520,679,38,43,36,21777,20671,891,0.595,1232,500,0,230.076,115.830,1
100000,73,Grid,2237.973,516534272,206122700,679,40,43,36,21780,20673,892,0.354,1232,500,0,75.825,154.759,1
100000,73,Grid,2238.243,516079616,204166636,679,42,43,36,21782,20675,892,0.327,1232,500,0,129.618,134.658,1
100000,73,Grid,2238.491,516247552,203479064,679,44,43,36,21785,20678,893,0.301,1232,500,0,77.650,167.386,1
100000,73,Grid,2238.723,516968448,205527028,679,46,43,36,21786,20679,893,0.559,1232,500,0,85.804,141.457,1
100000,73,Grid,2238.973,515977216,303000900,679,28,43,36,21789,20681,894,0.429,1232,500,0,75.447,171.178,1
100000,73,Grid,2239.236,516190208,203187996,679,30,43,36,21791,20683,894,0.338,1232,500,0,99.096,142.251,1
100000,73,Grid,2239.417,516710400,205927692,679,32,43,36,21792,20684,894,0.376,1232,500,0,45.286,132.126,1
100000,73,Grid,2239.654,515751936,205907892,679,34,43,36,21795,20686,895,0.346,1232,500,0,79.793,154.223,1
100000,73,Grid,2239.917,516059136,203878700,679,36,43,36,21797,20688,895,0.370,1232,500,0,116.850,141.971,1
100000,73,before_idle,2241.386,532377600,202146916,715,30,43,36,21811,20702,896,0.073,1256,500,0,0.000,0.000,1
100000,73,after_idle,2261.447,513748992,205841712,713,28,42,34,22018,20909,896,0.144,1248,500,0,0.000,0.000,1
100000,74,Rows,2264.115,523993088,263647520,724,29,43,35,22047,20938,896,0.385,2284,500,0,84.500,277.307,1
100000,74,Rows,2264.234,527151104,269031524,724,30,43,35,22047,20938,896,0.364,2110,500,0,13.009,102.384,1
100000,74,Rows,2266.228,523591680,308751344,681,27,43,35,22065,20952,898,0.346,1263,500,0,1824.490,166.174,1
100000,74,Rows,2266.529,523657216,206615644,682,27,44,36,22067,20954,898,0.454,1261,500,0,93.534,158.055,1
100000,74,Rows,2266.714,523661312,209126996,682,28,44,36,22068,20955,898,1.377,1261,500,0,45.502,133.475,1
100000,74,Rows,2266.955,523657216,208991360,682,30,44,36,22071,20957,899,0.373,1261,500,0,75.386,161.263,1
100000,74,Rows,2267.145,523661312,207546076,684,32,44,36,22072,20958,899,0.301,1261,500,0,32.160,152.423,1
100000,74,Rows,2267.387,523657216,206930180,684,34,44,36,22075,20961,900,0.347,1261,500,0,69.712,167.534,1
100000,74,Rows,2267.613,523661312,208746220,684,29,44,36,22076,20962,900,0.327,1257,500,0,86.871,135.045,1
100000,74,Rows,2267.852,523657216,208809380,684,30,44,36,22079,20964,901,0.343,1257,500,0,78.081,157.353,1
100000,74,Grid,2268.268,523657216,206847844,684,34,44,36,22083,20966,901,0.335,1255,500,0,254.272,137.001,1
100000,74,Grid,2268.486,523657216,309322524,684,36,44,36,22085,20968,902,0.330,1255,500,0,50.066,165.246,1
100000,74,Grid,2268.736,523661312,208815068,684,38,44,36,22087,20969,902,0.333,1255,500,0,93.995,129.506,1
100000,74,Grid,2268.982,523657216,208625560,684,40,44,36,22090,20971,903,0.342,1255,500,0,78.387,163.617,1
100000,74,Grid,2269.307,523644928,206730476,684,42,44,36,22092,20973,903,0.327,1255,500,0,184.269,136.980,1
100000,74,Grid,2269.514,523644928,209492692,684,44,44,36,22094,20975,904,0.343,1255,500,0,46.530,154.517,1
100000,74,Grid,2269.760,524075008,208741536,684,46,44,36,22096,20976,904,0.332,1255,500,0,118.452,124.048,1
100000,74,Grid,2269.999,524070912,208760484,684,28,44,36,22099,20978,905,0.314,1255,500,0,80.258,154.852,1
100000,74,Grid,2270.319,524070912,206802676,684,30,44,36,22101,20980,905,0.338,1255,500,0,181.191,135.447,1
100000,74,Grid,2270.526,524070912,309513648,684,32,44,36,22103,20982,906,0.416,1255,500,0,75.722,127.103,1
100000,74,before_idle,2271.973,538324992,204939032,741,38,46,37,22118,20996,907,0.412,1279,500,0,0.000,0.000,1
100000,74,after_idle,2292.013,519847936,206699972,691,26,43,36,22319,21196,907,0.156,1271,500,0,0.000,0.000,1
100000,75,Rows,2294.644,532107264,265658052,697,27,44,36,22348,21225,907,0.373,2307,500,0,104.919,278.426,1
100000,75,Rows,2294.779,535605248,271048756,702,28,44,37,22349,21226,908,0.354,2132,500,0,12.253,119.338,1
100000,75,Rows,2296.808,532905984,240183280,686,30,44,36,22366,21238,909,0.326,1286,500,0,1898.813,126.012,1
100000,75,Rows,2296.985,533602304,240731500,687,30,45,37,22368,21240,910,0.422,1284,500,0,14.853,158.149,1
100000,75,Rows,2297.323,537186304,211130388,687,31,45,37,22370,21240,910,0.406,1284,500,0,202.786,130.252,1
100000,75,Rows,2297.595,533737472,209342892,687,31,45,37,22373,21243,911,0.351,1280,500,0,80.841,188.035,1
100000,75,Rows,2297.866,534335488,211129192,687,32,45,37,22374,21244,911,0.329,1280,500,0,134.684,131.937,1
100000,75,Rows,2298.100,533655552,211028368,687,34,45,37,22377,21246,912,0.365,1280,500,0,75.088,155.385,1
100000,75,Rows,2298.380,533876736,208996504,687,36,45,37,22379,21248,912,0.582,1280,500,0,124.873,151.870,1
100000,75,Rows,2298.573,534609920,211481572,687,38,45,37,22380,21249,912,0.327,1280,500,0,53.414,135.485,1
100000,75,Grid,2298.934,534020096,210805368,687,42,45,37,22385,21252,913,0.344,1278,500,0,186.443,156.298,1
100000,75,Grid,2299.237,534761472,208892692,687,44,45,37,22387,21254,913,0.329,1278,500,0,159.720,139.999,1
100000,75,Grid,2299.420,535252992,211614912,687,46,45,37,22388,21255,913,0.324,1278,500,0,47.450,131.880,1
100000,75,Grid,2299.651,534302720,211611304,687,28,45,37,22391,21257,914,0.353,1278,500,0,75.599,152.308,1
100000,75,Grid,2299.977,534544384,209214936,687,30,45,37,22393,21259,914,0.335,1278,500,0,188.543,134.003,1
100000,75,Grid,2300.183,534818816,211934892,687,32,45,37,22395,21261,915,0.350,1278,500,0,48.150,153.977,1
100000,75,Grid,2300.446,534147072,211242280,687,34,45,37,22397,21262,915,0.339,1278,500,0,125.908,133.387,1
100000,75,Grid,2300.684,534196224,211242876,687,36,45,37,22400,21264,916,0.350,1278,500,0,79.370,154.477,1
100000,75,Grid,2301.010,534507520,209321360,687,38,45,37,22402,21266,916,0.338,1278,500,0,187.067,134.735,1
100000,75,Grid,2301.222,534777856,212092176,687,40,45,37,22404,21268,917,0.355,1278,500,0,49.039,159.216,1
100000,75,before_idle,2302.661,550404096,207393480,739,46,45,37,22419,21282,918,0.053,1302,500,0,0.000,0.000,1
100000,75,after_idle,2322.708,531939328,209639868,692,28,43,36,22624,21486,918,0.149,1294,500,0,0.000,0.000,1
100000,76,Rows,2325.345,543166464,271556484,696,29,43,36,22652,21514,918,0.390,2330,500,0,108.774,243.235,1
100000,76,Rows,2325.496,543584256,270905164,701,30,43,37,22654,21516,919,0.486,2158,500,0,11.932,135.232,1
100000,76,Rows,2327.526,540864512,261702508,686,32,43,37,22670,21528,919,0.329,1309,500,0,1889.993,136.131,1
100000,76,Rows,2327.675,542040064,262292924,686,30,44,37,22671,21529,919,0.402,1307,500,0,16.260,129.383,1
100000,76,Rows,2327.936,541536256,261874792,686,31,44,37,22674,21532,920,0.343,1307,500,0,79.975,177.174,1
100000,76,Rows,2328.273,539668480,214044148,686,32,44,37,22675,21533,920,0.503,1307,500,0,205.197,127.890,1
100000,76,Rows,2328.506,539660288,213961032,686,29,44,37,22678,21536,921,0.370,1303,500,0,77.327,151.723,1
100000,76,Rows,2328.822,540352512,212147032,686,30,44,37,22680,21538,921,0.501,1303,500,0,173.230,139.004,1
100000,76,Rows,2329.030,540733440,214754040,686,32,44,37,22682,21540,922,0.436,1303,500,0,76.631,127.600,1
100000,76,Rows,2329.289,540147712,213653664,686,34,44,37,22684,21542,922,0.573,1303,500,0,118.239,135.936,1
100000,76,Grid,2329.657,540274688,212935392,686,38,44,37,22689,21547,923,0.359,1301,500,0,187.445,160.718,1
100000,76,Grid,2329.938,543985664,208612096,686,40,44,37,22691,21549,923,0.336,1301,500,0,182.543,95.018,1
100000,76,Grid,2330.162,540229632,214590172,686,42,44,37,22693,21551,924,0.324,1301,500,0,47.605,141.764,1
100000,76,Grid,2330.429,540319744,213456832,686,44,44,37,22695,21553,924,0.341,1301,500,0,121.104,141.706,1
100000,76,Grid,2330.677,540893184,212789392,686,46,44,37,22698,21556,925,0.418,1301,500,0,77.716,166.270,1
100000,76,Grid,2331.004,541126656,211151960,680,28,43,36,22700,21558,925,0.350,1301,500,0,178.678,143.349,1
100000,76,Grid,2331.195,542130176,213905268,680,30,43,36,22701,21559,925,0.338,1301,500,0,48.085,139.530,1
100000,76,Grid,2331.444,541192192,213201400,680,32,43,36,22704,21562,926,0.323,1301,500,0,80.172,164.036,1
100000,76,Grid,2331.782,541462528,211184528,680,34,43,36,22706,21564,926,0.344,1301,500,0,190.434,144.413,1
100000,76,Grid,2331.976,542109696,213965580,680,36,43,36,22707,21565,926,0.917,1301,500,0,52.497,136.866,1
100000,76,before_idle,2333.550,557506560,210907360,714,32,43,36,22722,21580,927,0.163,1325,500,0,0.000,0.000,1
100000,76,after_idle,2353.595,539078656,215228320,712,30,42,34,22928,21786,927,0.165,1317,500,0,0.000,0.000,1
100000,77,Rows,2356.262,553234432,272111232,723,31,43,35,22957,21815,927,0.380,2353,500,0,83.356,279.640,1
100000,77,Rows,2356.387,553598976,271467872,723,32,43,35,22958,21816,927,0.360,2176,500,0,12.652,108.991,1
100000,77,Rows,2358.388,549679104,248868696,681,29,43,35,22975,21828,929,0.348,1332,500,0,1835.868,161.030,1
100000,77,Rows,2358.604,551460864,215268196,682,28,44,36,22976,21829,929,0.389,1331,500,0,58.580,151.230,1
100000,77,Rows,2358.859,551325696,214874352,682,29,44,36,22979,21832,930,0.489,1330,500,0,74.397,176.941,1
100000,77,Rows,2359.110,554778624,216682740,683,30,44,36,22980,21833,930,0.377,1330,500,0,105.855,141.320,1
100000,77,Rows,2359.345,551817216,216526956,682,32,44,36,22983,21836,931,0.321,1330,500,0,81.967,149.888,1
100000,77,Rows,2359.641,551215104,216120500,682,29,44,36,22985,21837,931,0.370,1326,500,0,146.216,144.906,1
100000,77,Rows,2359.878,551272448,216703892,682,30,44,36,22988,21839,932,0.318,1326,500,0,78.336,155.347,1
100000,77,Rows,2360.167,551907328,214389336,682,32,44,36,22990,21841,932,0.369,1326,500,0,131.579,152.597,1
100000,77,Grid,2360.511,552132608,216544164,682,36,44,36,22994,21844,933,0.342,1324,500,0,175.916,147.762,1
100000,77,Grid,2360.827,552308736,215076140,682,38,44,36,22996,21846,933,0.337,1324,500,0,180.194,132.247,1
100000,77,Grid,2361.081,552562688,214362604,682,40,44,36,22999,21849,934,0.307,1324,500,0,80.087,168.764,1
100000,77,Grid,2361.343,553025536,216068648,682,42,44,36,23000,21850,934,0.326,1324,500,0,112.256,145.933,1
100000,77,Grid,2361.590,552726528,215937856,682,44,44,36,23003,21852,935,0.497,1324,500,0,83.095,160.042,1
100000,77,Grid,2361.895,552882176,214123972,682,46,44,36,23005,21854,935,0.514,1324,500,0,158.363,142.330,1
100000,77,Grid,2362.078,553123840,216785980,682,28,44,36,23006,21855,935,0.346,1324,500,0,51.004,127.970,1
100000,77,Grid,2362.313,552505344,217023088,682,30,44,36,23009,21857,936,0.400,1324,500,0,77.135,154.147,1
100000,77,Grid,2362.600,553136128,215547076,682,32,44,36,23011,21858,936,0.345,1324,500,0,155.040,127.948,1
100000,77,Grid,2362.849,553320448,214680832,682,34,44,36,23014,21861,937,0.346,1324,500,0,76.773,168.410,1
100000,77,before_idle,2364.371,569438208,213261992,732,40,44,36,23028,21875,938,0.072,1348,500,0,0.000,0.000,1
100000,77,after_idle,2384.418,551354368,213900420,681,28,42,35,23230,22076,938,0.319,1340,500,0,0.000,0.000,1
100000,78,Rows,2387.095,564531200,277375052,687,29,42,37,23258,22104,938,0.414,2376,500,0,80.988,276.843,1
100000,78,Rows,2387.247,568635392,276719412,692,30,42,38,23260,22106,939,0.369,2199,500,0,11.685,135.945,1
100000,78,Rows,2389.149,566972416,267499444,681,32,42,37,23275,22121,939,0.320,1355,500,0,1764.637,133.169,1
100000,78,Rows,2389.426,565334016,267175656,682,29,43,38,23278,22124,940,0.356,1353,500,0,85.301,189.006,1
100000,78,Rows,2389.749,568885248,219350280,682,30,43,38,23279,22125,940,0.359,1353,500,0,190.968,127.671,1
100000,78,Rows,2389.995,568287232,219364788,682,29,43,38,23282,22127,941,0.291,1349,500,0,79.708,163.693,1
100000,78,Rows,2390.274,568524800,217283536,682,30,43,38,23284,22129,941,0.335,1349,500,0,124.711,149.601,1
100000,78,Rows,2390.478,568832000,219730332,682,32,43,38,23286,22131,942,0.435,1349,500,0,46.724,153.906,1
100000,78,Rows,2390.754,567861248,218997332,682,34,43,38,23288,22133,942,0.347,1349,500,0,134.351,137.869,1
100000,78,Rows,2390.995,568082432,218487740,682,36,43,38,23291,22135,943,0.328,1349,500,0,76.684,159.884,1
100000,78,Grid,2391.428,569020416,219353692,682,40,43,38,23294,22137,943,0.326,1347,500,0,295.292,112.352,1
100000,78,Grid,2391.660,569061376,219691952,682,42,43,38,23297,22139,944,0.337,1347,500,0,77.745,150.542,1
100000,78,Grid,2391.946,569327616,217580408,682,44,43,38,23299,22141,944,0.347,1347,500,0,134.766,147.992,1
100000,78,Grid,2392.208,569184256,216935436,682,46,43,38,23302,22144,945,0.352,1347,500,0,81.878,174.870,1
100000,78,Grid,2392.453,570433536,218918760,682,28,43,38,23303,22145,945,0.368,1347,500,0,96.618,144.052,1
100000,78,Grid,2392.695,569020416,218664892,682,30,43,38,23306,22147,946,0.295,1347,500,0,79.578,158.057,1
100000,78,Grid,2393.022,569466880,216905180,682,32,43,38,23308,22149,946,0.476,1347,500,0,186.692,135.925,1
100000,78,Grid,2393.201,569806848,219628360,682,34,43,38,23309,22150,946,0.333,1347,500,0,48.951,126.910,1
100000,78,Grid,2393.436,569147392,219830724,682,36,43,38,23312,22152,947,0.353,1347,500,0,78.261,153.293,1
100000,78,Grid,2393.765,569421824,217725460,682,38,43,38,23314,22154,947,0.409,1347,500,0,194.523,130.156,1
100000,78,before_idle,2395.303,586199040,216472780,716,32,43,38,23328,22167,948,0.066,1371,500,0,0.000,0.000,1
100000,78,after_idle,2415.319,567758848,221803132,715,30,42,36,23534,22373,948,0.201,1363,500,0,0.000,0.000,1
100000,79,Rows,2417.910,577228800,279698772,726,31,43,37,23563,22402,948,0.426,2399,500,0,108.991,253.126,1
100000,79,Rows,2418.061,579006464,279039588,731,32,43,38,23565,22404,949,0.321,2260,500,0,12.212,135.100,1
100000,79,Rows,2420.169,580464640,269401836,683,29,43,37,23582,22414,950,0.358,1378,500,0,1923.499,180.914,1
100000,79,Rows,2420.418,580530176,220222744,684,28,44,38,23583,22415,950,0.345,1376,500,0,73.438,168.252,1
100000,79,Rows,2420.646,580530176,219663072,684,29,44,38,23585,22417,950,0.331,1376,500,0,81.232,142.727,1
100000,79,Rows,2420.832,580526080,222188988,684,30,44,38,23586,22418,950,0.346,1376,500,0,50.600,130.393,1
100000,79,Rows,2421.075,580530176,221995688,684,29,44,38,23589,22420,951,0.299,1372,500,0,76.503,163.893,1
100000,79,Rows,2421.369,580526080,219323148,684,30,44,38,23591,22422,951,0.361,1372,500,0,133.496,156.566,1
100000,79,Rows,2421.551,580530176,221872412,684,32,44,38,23592,22423,951,0.356,1372,500,0,49.717,127.610,1
100000,79,Rows,2421.788,580530176,221750716,684,34,44,38,23595,22425,952,0.282,1372,500,0,78.334,155.595,1
100000,79,Grid,2422.261,580538368,219668540,684,38,44,38,23599,22427,952,0.348,1370,500,0,314.590,136.526,1
100000,79,Grid,2422.442,580534272,222211844,684,40,44,38,23600,22428,952,0.351,1370,500,0,48.433,128.577,1
100000,79,Grid,2422.681,580538368,222253656,684,42,44,38,23603,22430,953,0.313,1370,500,0,78.252,157.632,1
100000,79,Grid,2422.976,580526080,220067252,684,44,44,38,23605,22432,953,0.376,1370,500,0,131.545,159.056,1
100000,79,Grid,2423.189,580530176,216705424,684,46,44,38,23608,22435,954,0.400,1370,500,0,81.336,128.350,1
100000,79,Grid,2423.462,580530176,222053012,684,28,44,38,23609,22435,954,0.350,1370,500,0,93.644,127.332,1
100000,79,Grid,2423.703,580780032,221975220,684,30,44,38,23612,22437,955,0.345,1370,500,0,79.897,156.610,1
100000,79,Grid,2423.989,580775936,220115208,684,32,44,38,23614,22439,955,0.476,1370,500,0,128.607,153.841,1
100000,79,Grid,2424.252,581066752,219434084,684,34,44,38,23617,22442,956,0.342,1370,500,0,81.613,177.947,1
100000,79,Grid,2424.498,581206016,221436100,684,36,44,38,23618,22443,956,0.400,1370,500,0,92.684,148.562,1
100000,79,before_idle,2426.060,596217856,218967236,718,32,44,38,23633,22455,957,0.136,1394,500,0,0.000,0.000,1
100000,79,after_idle,2446.096,577769472,223029992,715,30,43,36,23829,22651,957,0.148,1384,500,0,0.000,0.000,1
100000,80,Rows,2448.807,587780096,285423592,724,31,42,37,23858,22680,957,0.622,2399,500,0,106.039,246.138,1
100000,80,Rows,2450.922,593793024,270221376,682,27,43,37,23876,22695,959,0.716,1394,500,0,1936.682,174.015,1
100000,80,Rows,2451.179,596733952,222710592,683,28,43,38,23877,22696,959,0.336,1379,500,0,19.441,233.469,1
100000,80,Rows,2451.383,595406848,225571596,682,29,43,38,23879,22698,960,0.388,1372,500,0,78.013,121.620,1
100000,80,Rows,2451.654,595849216,224462168,682,27,43,38,23881,22700,960,0.365,1372,500,0,124.227,143.602,1
100000,80,Rows,2451.887,594939904,224232292,682,28,43,38,23884,22702,961,0.356,1372,500,0,71.733,155.708,1
100000,80,Rows,2452.199,595251200,222128028,682,30,43,38,23886,22704,961,0.371,1372,500,0,155.005,152.144,1
100000,80,Rows,2452.376,595906560,224581492,682,32,43,38,23887,22705,961,0.378,1372,500,0,43.233,129.856,1
100000,80,Rows,2452.609,594976768,224277992,682,34,43,38,23890,22707,962,0.370,1372,500,0,73.473,156.664,1
100000,80,Rows,2452.964,595259392,222101376,682,36,43,38,23892,22709,962,0.523,1372,500,0,213.553,137.173,1
100000,80,Grid,2453.308,594960384,224215416,682,40,43,38,23896,22712,963,0.333,1370,500,0,174.577,151.702,1
100000,80,Grid,2453.622,595214336,222592888,682,42,43,38,23898,22714,963,0.451,1370,500,0,159.208,150.235,1
100000,80,Grid,2453.808,595664896,225214500,682,44,43,38,23899,22715,963,0.353,1370,500,0,49.718,132.950,1
100000,80,Grid,2454.040,594882560,225201012,682,46,43,38,23902,22717,964,0.358,1370,500,0,77.090,150.689,1
100000,80,Grid,2454.334,595136512,222706232,682,28,43,38,23904,22719,964,0.342,1370,500,0,139.423,151.863,1
100000,80,Grid,2454.542,595476480,225366472,682,30,43,38,23906,22721,965,0.325,1370,500,0,46.620,157.023,1
100000,80,Grid,2454.807,594837504,224591528,682,32,43,38,23908,22722,965,0.331,1370,500,0,127.613,133.184,1
100000,80,Grid,2455.043,594903040,224467192,682,34,43,38,23911,22724,966,0.349,1370,500,0,76.006,156.082,1
100000,80,Grid,2455.321,595439616,222437200,682,36,43,38,23913,22726,966,0.351,1370,500,0,119.772,153.888,1
100000,80,Grid,2455.503,595746816,225001272,682,38,43,38,23914,22727,966,0.343,1370,500,0,49.031,129.169,1
100000,80,before_idle,2456.987,611926016,219963676,716,32,43,38,23929,22740,967,0.171,1394,500,0,0.000,0.000,1
100000,80,after_idle,2477.065,593354752,225899824,713,30,42,34,24177,22988,967,0.653,1386,500,0,0.000,0.000,1
100000,81,Rows,2479.677,600834048,285805240,722,31,42,35,24206,23017,967,0.394,2422,500,0,114.507,246.682,1
100000,81,Rows,2479.828,603410432,285139880,727,32,42,36,24208,23019,968,0.376,2270,500,0,12.970,135.643,1
100000,81,Rows,2481.782,598863872,276293940,679,29,42,35,24225,23036,968,0.330,1401,500,0,1826.616,122.359,1
100000,81,Rows,2482.028,600047616,277112008,680,28,43,36,24228,23039,969,0.335,1399,500,0,79.165,163.534,1
100000,81,Rows,2482.357,600047616,227204492,680,29,43,36,24230,23041,969,0.366,1399,500,0,189.567,134.447,1
100000,81,Rows,2482.595,600477696,227730236,680,30,43,36,24233,23044,970,0.342,1399,500,0,78.376,155.685,1
100000,81,Rows,2482.884,600522752,226917368,680,29,43,36,24235,23046,970,0.351,1395,500,0,130.285,154.082,1
100000,81,Rows,2483.132,601001984,227393172,680,30,43,36,24238,23049,971,0.332,1395,500,0,81.888,162.593,1
100000,81,Rows,2483.454,601010176,226659364,680,32,43,36,24240,23051,971,0.351,1395,500,0,192.970,125.379,1
100000,81,Rows,2483.686,601010176,227187896,680,34,43,36,24243,23054,972,0.333,1395,500,0,74.587,153.767,1
100000,81,Grid,2484.098,601047040,226337436,680,38,43,36,24247,23058,972,0.344,1393,500,0,257.436,129.696,1
100000,81,Grid,2484.331,601047040,227000512,680,40,43,36,24250,23061,973,0.502,1393,500,0,72.341,156.833,1
100000,81,Grid,2484.646,601055232,226258252,680,42,43,36,24252,23063,973,0.354,1393,500,0,171.364,139.580,1
100000,81,Grid,2484.890,601518080,226948836,680,44,43,36,24255,23066,974,0.328,1393,500,0,81.258,158.650,1
100000,81,Grid,2485.198,601518080,226308224,680,46,43,36,24257,23068,974,0.425,1393,500,0,163.897,140.023,1
100000,81,Grid,2485.443,601935872,226989852,680,28,43,36,24260,23071,975,0.296,1393,500,0,79.472,161.262,1
100000,81,Grid,2485.758,601935872,226350352,680,30,43,36,24262,23073,975,0.359,1393,500,0,180.180,131.941,1
100000,81,Grid,2486.001,601935872,227032016,680,32,43,36,24265,23076,976,0.338,1393,500,0,77.863,161.136,1
100000,81,Grid,2486.319,601935872,226384796,680,34,43,36,24267,23078,976,0.350,1393,500,0,168.487,145.944,1
100000,81,Grid,2486.563,601935872,227088052,680,36,43,36,24270,23081,977,0.488,1393,500,0,79.428,160.981,1
100000,81,before_idle,2488.061,615813120,226209908,730,42,43,36,24285,23096,978,0.081,1417,500,0,0.000,0.000,1
100000,81,after_idle,2508.087,598085632,227362296,680,28,43,35,24486,23297,978,0.118,1408,500,0,0.000,0.000,1
100000,82,Rows,2510.902,612663296,286032540,684,29,42,35,24514,23325,978,0.432,2444,500,0,116.436,246.219,1
100000,82,Rows,2511.061,614789120,285365852,689,30,42,36,24516,23327,979,0.305,2269,500,0,12.212,142.145,1
100000,82,Rows,2513.103,610070528,276909896,678,32,42,35,24533,23338,980,0.294,1423,500,0,1866.016,172.472,1
100000,82,Rows,2513.413,610676736,227783292,679,29,43,36,24534,23339,980,0.362,1421,500,0,21.692,280.927,1
100000,82,Rows,2513.593,610418688,230709156,679,30,43,36,24535,23340,980,0.359,1421,500,0,80.675,95.446,1
100000,82,Rows,2513.832,609898496,230539676,679,32,43,36,24538,23342,981,0.414,1421,500,0,78.210,157.351,1
100000,82,Rows,2514.132,610037760,229061392,679,29,43,36,24540,23343,981,0.366,1417,500,0,141.202,152.514,1
100000,82,Rows,2514.386,610357248,228066020,679,30,43,36,24543,23346,982,0.342,1417,500,0,82.109,169.197,1
100000,82,Rows,2514.690,610361344,229784068,679,32,43,36,24544,23347,982,0.415,1417,500,0,158.674,139.907,1
100000,82,Rows,2514.936,610017280,229753152,679,34,43,36,24547,23349,983,0.297,1417,500,0,79.597,163.208,1
100000,82,Grid,2515.415,610095104,227844104,679,38,43,36,24551,23351,983,0.365,1415,500,0,312.145,143.213,1
100000,82,Grid,2515.622,610627584,230427800,679,40,43,36,24553,23353,984,0.370,1415,500,0,48.646,154.925,1
100000,82,Grid,2515.917,610021376,229665892,679,42,43,36,24555,23354,984,0.334,1415,500,0,161.988,129.117,1
100000,82,Grid,2516.153,610091008,229706568,679,44,43,36,24558,23356,985,0.342,1415,500,0,80.989,152.043,1
100000,82,Grid,2516.440,610344960,227714644,679,46,43,36,24560,23358,985,0.578,1415,500,0,129.774,153.055,1
100000,82,Grid,2516.647,610881536,230465316,679,28,43,36,24562,23360,986,0.369,1415,500,0,50.111,153.379,1
100000,82,Grid,2516.931,610201600,229740480,679,30,43,36,24564,23361,986,0.366,1415,500,0,147.107,132.693,1
100000,82,Grid,2517.170,610689024,229841484,679,32,43,36,24567,23363,987,0.346,1415,500,0,84.064,150.767,1
100000,82,Grid,2517.490,610992128,227836272,679,34,43,36,24569,23364,987,0.458,1415,500,0,157.792,158.678,1
100000,82,Grid,2517.703,611291136,230248876,679,36,43,36,24571,23366,988,0.342,1415,500,0,84.209,124.889,1
100000,82,before_idle,2519.203,627531776,229332216,731,42,43,36,24586,23380,989,0.109,1439,500,0,0.000,0.000,1
100000,82,after_idle,2539.244,609251328,232758624,681,28,42,36,24789,23582,989,0.195,1431,500,0,0.000,0.000,1
100000,83,Rows,2542.052,621363200,288575204,680,29,42,35,24818,23611,989,0.403,2467,500,0,122.388,245.045,1
100000,83,Rows,2542.213,624599040,287890476,685,30,42,36,24820,23613,990,0.567,2305,500,0,12.917,144.264,1
100000,83,Rows,2544.158,621563904,280974248,679,32,42,35,24835,23628,990,0.337,1446,500,0,1815.177,125.467,1
100000,83,Rows,2544.443,621805568,280625216,680,29,43,36,24838,23631,991,0.346,1444,500,0,87.870,193.357,1
100000,83,Rows,2544.816,622088192,232904720,680,30,43,36,24839,23632,991,0.362,1444,500,0,274.509,94.794,1
100000,83,Rows,2545.023,621826048,230269380,682,29,43,36,24842,23635,992,0.320,1439,500,0,40.445,163.596,1
100000,83,Rows,2545.331,621838336,232556472,682,30,43,36,24843,23636,992,0.346,1440,500,0,176.856,127.362,1
100000,83,Rows,2545.569,621850624,232526524,682,32,43,36,24846,23639,993,0.336,1440,500,0,79.069,154.601,1
100000,83,Rows,2545.911,621916160,230477604,682,34,43,36,24848,23641,993,0.355,1440,500,0,194.033,144.054,1
100000,83,Rows,2546.122,622227456,232972968,682,36,43,36,24850,23643,994,0.347,1440,500,0,51.050,156.344,1
100000,83,Grid,2546.549,621899776,231515124,682,40,43,36,24854,23647,994,0.365,1438,500,0,275.332,130.655,1
100000,83,Grid,2546.811,622063616,231137892,682,42,43,36,24857,23650,995,0.488,1438,500,0,82.510,175.715,1
100000,83,Grid,2547.095,622264320,232393652,682,44,43,36,24858,23651,995,0.384,1438,500,0,130.775,148.322,1
100000,83,Grid,2547.338,621899776,232457900,682,46,43,36,24861,23654,996,0.356,1438,500,0,83.759,155.602,1
100000,83,Grid,2547.676,621916160,230749100,682,28,43,36,24863,23656,996,0.390,1438,500,0,188.244,145.046,1
100000,83,Grid,2547.946,618868736,230093492,682,30,43,36,24866,23659,997,0.353,1438,500,0,87.051,179.781,1
100000,83,Grid,2548.237,622546944,232026332,682,32,43,36,24867,23660,997,0.353,1438,500,0,102.308,184.604,1
100000,83,Grid,2548.485,622534656,231984884,682,34,43,36,24870,23662,998,0.355,1438,500,0,81.777,161.606,1
100000,83,Grid,2548.811,622714880,230163444,682,36,43,36,24872,23663,998,0.353,1438,500,0,171.042,151.006,1
100000,83,Grid,2549.022,622972928,232408668,682,38,43,36,24874,23665,999,0.545,1438,500,0,49.741,156.447,1
100000,83,before_idle,2550.530,639426560,231557920,732,44,44,36,24889,23679,1000,0.107,1462,500,0,0.000,0.000,1
100000,83,after_idle,2570.537,620277760,231845008,682,28,43,35,25088,23877,1000,0.139,1454,500,0,0.000,0.000,1
100000,84,Rows,2573.169,632897536,288938516,686,29,43,35,25117,23905,1000,0.421,2490,500,0,104.412,273.428,1
100000,84,Rows,2573.330,636133376,294328456,691,30,43,36,25118,23906,1001,0.539,2320,500,0,12.823,144.206,1
100000,84,Rows,2575.394,635002880,282572036,681,32,43,35,25135,23920,1002,0.320,1469,500,0,1892.009,165.458,1
100000,84,Rows,2575.731,634290176,233542104,682,30,44,36,25136,23921,1002,0.420,1467,500,0,20.134,310.109,1
100000,84,Rows,2575.957,634286080,232987796,682,31,44,36,25138,23923,1002,0.357,1467,500,0,75.871,145.965,1
100000,84,Rows,2576.166,634421248,235477888,682,30,44,36,25140,23925,1003,0.554,1463,500,0,48.933,156.536,1
100000,84,Rows,2576.484,634417152,234298768,682,31,44,36,25142,23926,1003,0.541,1463,500,0,167.311,147.103,1
100000,84,Rows,2576.745,634417152,233340060,682,32,44,36,25145,23929,1004,0.349,1463,500,0,80.520,176.294,1
100000,84,Rows,2577.045,634421248,234986820,682,34,44,36,25146,23930,1004,0.391,1463,500,0,149.451,144.299,1
100000,84,Rows,2577.296,634417152,235137868,682,36,44,36,25149,23932,1005,0.414,1463,500,0,83.080,163.841,1
100000,84,Grid,2577.785,634417152,233084592,682,40,44,36,25153,23934,1005,0.380,1461,500,0,330.760,136.511,1
100000,84,Grid,2578.023,634417152,235754632,682,42,44,36,25155,23936,1006,0.519,1461,500,0,51.723,182.615,1
100000,84,Grid,2578.340,634417152,234900764,682,44,44,36,25157,23937,1006,0.526,1461,500,0,166.371,146.636,1
100000,84,Grid,2578.592,634417152,235014828,682,46,44,36,25160,23939,1007,0.334,1461,500,0,84.714,163.404,1
100000,84,Grid,2578.918,634384384,232996984,682,28,44,36,25162,23940,1007,0.369,1461,500,0,166.070,156.371,1
100000,84,Grid,2579.139,634384384,235457532,682,30,44,36,25164,23942,1008,0.339,1461,500,0,85.308,130.520,1
100000,84,Grid,2579.412,634384384,235031740,682,32,44,36,25166,23943,1008,0.365,1461,500,0,130.723,138.743,1
100000,84,Grid,2579.649,634384384,235003240,682,34,44,36,25169,23945,1009,0.420,1461,500,0,80.017,153.181,1
100000,84,Grid,2579.983,634384384,233110612,682,36,44,36,25171,23946,1009,0.355,1461,500,0,179.679,148.973,1
100000,84,Grid,2580.195,634384384,235627932,682,38,44,36,25173,23948,1010,0.375,1461,500,0,84.162,122.967,1
100000,84,before_idle,2581.694,647364608,231614504,732,44,44,36,25188,23962,1011,0.066,1485,500,0,0.000,0.000,1
100000,84,after_idle,2601.775,629174272,232428016,681,28,42,35,25395,24168,1011,0.190,1477,500,0,0.000,0.000,1
100000,85,Rows,2604.607,638693376,289206832,685,29,42,36,25424,24196,1012,0.416,2513,500,0,117.310,251.470,1
100000,85,Rows,2604.766,640090112,288543340,685,30,42,36,25426,24198,1013,0.397,2337,500,0,14.525,140.820,1
100000,85,Rows,2606.708,642199552,284765984,679,32,42,35,25442,24212,1014,0.334,1492,500,0,1781.795,156.519,1
100000,85,Rows,2607.167,642433024,235558568,680,29,43,36,25445,24215,1015,0.357,1490,500,0,269.352,183.170,1
100000,85,Rows,2607.467,642834432,237423464,680,30,43,36,25446,24216,1015,0.361,1490,500,0,155.988,141.146,1
100000,85,Rows,2607.709,642039808,237403524,680,32,43,36,25449,24218,1016,0.370,1490,500,0,82.827,155.628,1
100000,85,Rows,2608.067,642355200,235408908,680,29,43,36,25451,24219,1016,0.355,1486,500,0,193.048,160.045,1
100000,85,Rows,2608.250,642691072,237484572,680,30,43,36,25452,24220,1016,0.352,1486,500,0,50.989,129.028,1
100000,85,Rows,2608.489,642080768,237624420,680,32,43,36,25455,24222,1017,0.323,1486,500,0,80.582,154.746,1
100000,85,Rows,2608.830,642281472,235680180,680,34,43,36,25457,24223,1017,0.470,1486,500,0,185.612,151.186,1
100000,85,Grid,2609.179,642129920,237532548,680,38,43,36,25461,24226,1018,0.350,1484,500,0,183.273,145.039,1
100000,85,Grid,2609.503,642260992,236920540,680,40,43,36,25463,24227,1018,0.361,1484,500,0,176.006,143.895,1
100000,85,Grid,2609.763,642768896,236073204,680,42,43,36,25466,24230,1019,0.476,1484,500,0,83.540,172.694,1
100000,85,Grid,2610.032,646291456,237947196,680,44,43,36,25467,24231,1019,0.361,1484,500,0,114.243,150.898,1
100000,85,Grid,2610.269,643133440,237946848,680,46,43,36,25470,24234,1020,0.359,1484,500,0,85.262,148.114,1
100000,85,Grid,2610.577,645541888,237602404,680,48,43,36,25472,24235,1020,0.366,1484,500,0,121.320,182.336,1
100000,85,Grid,2610.788,645816320,237625828,680,30,43,36,25474,24236,1020,0.568,1484,500,0,79.146,128.017,1
100000,85,Grid,2611.012,645849088,237753908,680,32,43,36,25476,24237,1020,0.383,1484,500,0,86.299,133.438,1
100000,85,Grid,2611.236,645869568,236956920,680,34,43,36,25478,24239,1020,0.376,1484,500,0,82.112,138.089,1
100000,85,Grid,2611.426,646184960,239864868,680,36,43,36,25479,24240,1020,0.381,1484,500,0,81.331,105.371,1
100000,85,before_idle,2612.875,661553152,236789712,730,42,43,36,25493,24253,1020,0.167,1508,500,0,0.000,0.000,1
100000,85,after_idle,2632.895,643108864,239211660,723,40,42,34,25692,24452,1020,0.138,1500,500,0,0.000,0.000,1
100000,86,Rows,2635.717,651919360,294567812,684,29,42,36,25722,24481,1022,0.441,2536,500,0,118.859,275.952,1
100000,86,Rows,2635.909,653004800,296416184,684,30,42,36,25723,24482,1022,0.418,2394,500,0,17.512,170.776,1
100000,86,Rows,2637.833,653193216,288010480,678,32,42,35,25739,24496,1023,0.343,1515,500,0,1759.472,160.857,1
100000,86,Rows,2638.197,652890112,238126296,679,29,43,36,25741,24498,1023,0.739,1513,500,0,194.154,165.509,1
100000,86,Rows,2638.382,653488128,240709012,679,30,43,36,25742,24499,1023,0.367,1513,500,0,49.785,132.102,1
100000,86,Rows,2638.624,652500992,240638324,679,32,43,36,25745,24502,1024,0.357,1513,500,0,81.189,156.424,1
100000,86,Rows,2638.935,652828672,237958544,679,29,43,36,25747,24504,1024,0.360,1509,500,0,134.341,173.416,1
100000,86,Rows,2639.117,653324288,240460852,679,30,43,36,25748,24505,1024,0.360,1509,500,0,48.305,129.501,1
100000,86,Rows,2639.355,652500992,240349944,679,32,43,36,25751,24508,1025,0.754,1509,500,0,79.092,154.861,1
100000,86,Rows,2639.653,652820480,238154152,679,34,43,36,25753,24510,1025,0.354,1509,500,0,131.487,162.070,1
100000,86,Grid,2640.007,652595200,240338116,679,38,43,36,25757,24514,1026,0.494,1507,500,0,179.812,153.524,1
100000,86,Grid,2640.331,652767232,238696564,679,40,43,36,25759,24516,1026,0.409,1507,500,0,172.938,147.280,1
100000,86,Grid,2640.577,652546048,235461184,679,42,43,36,25762,24519,1027,0.358,1507,500,0,84.115,126.798,1
100000,86,Grid,2640.835,655704064,240499216,679,44,43,36,25763,24519,1027,0.382,1507,500,0,96.229,156.895,1
100000,86,Grid,2641.074,652648448,240434892,679,46,43,36,25766,24522,1028,0.356,1507,500,0,81.283,154.434,1
100000,86,Grid,2641.398,652730368,238640724,679,28,43,36,25768,24524,1028,0.359,1507,500,0,170.492,149.164,1
100000,86,Grid,2641.652,652976128,237991704,679,30,43,36,25771,24527,1029,0.377,1507,500,0,80.265,170.687,1
100000,86,Grid,2641.917,653307904,239840972,679,32,43,36,25772,24528,1029,0.322,1507,500,0,104.843,156.263,1
100000,86,Grid,2642.162,652656640,239807852,679,34,43,36,25775,24531,1030,0.352,1507,500,0,79.962,160.887,1
100000,86,Grid,2642.496,652861440,238253972,679,36,43,36,25777,24533,1030,0.367,1507,500,0,174.567,154.912,1
100000,86,before_idle,2644.005,669147136,237680572,715,32,43,36,25791,24547,1031,0.249,1531,500,0,0.000,0.000,1
100000,86,after_idle,2664.028,650711040,241022796,707,30,42,34,25991,24747,1031,0.208,1522,500,0,0.000,0.000,1
100000,87,Rows,2666.774,662298624,297162252,684,27,42,36,26020,24775,1032,0.414,2559,500,0,117.820,244.163,1
100000,87,Rows,2666.907,662499328,296471332,684,28,42,36,26021,24776,1032,0.497,2417,500,0,13.752,114.785,1
100000,87,Rows,2668.866,667283456,276471696,679,30,42,35,26038,24789,1034,0.329,1538,500,0,1802.077,153.248,1
100000,87,Rows,2669.224,660484096,240698004,679,29,43,36,26040,24791,1034,0.490,1535,500,0,179.034,175.536,1
100000,87,Rows,2669.409,661336064,243208592,679,30,43,36,26041,24792,1034,0.403,1535,500,0,47.586,133.799,1
100000,87,Rows,2669.650,660398080,243107784,679,32,43,36,26044,24794,1035,0.412,1535,500,0,79.963,157.215,1
100000,87,Rows,2669.951,661213184,240374512,679,34,43,36,26046,24796,1035,0.427,1535,500,0,136.314,160.305,1
100000,87,Rows,2670.138,661749760,242895608,679,30,43,36,26047,24797,1035,0.711,1531,500,0,52.323,131.150,1
100000,87,Rows,2670.370,661364736,242803760,679,31,43,36,26050,24799,1036,0.384,1531,500,0,76.000,152.290,1
100000,87,Rows,2670.661,661696512,240568408,679,32,43,36,26052,24801,1036,0.388,1531,500,0,130.038,155.312,1
100000,87,Grid,2671.025,662478848,242769976,679,36,43,36,26056,24804,1037,0.364,1529,500,0,180.230,165.351,1
100000,87,Grid,2671.312,662872064,241190496,679,38,43,36,26058,24806,1037,0.368,1529,500,0,131.490,150.179,1
100000,87,Grid,2671.521,663212032,244114576,679,40,43,36,26060,24808,1038,0.360,1529,500,0,81.106,124.168,1
100000,87,Grid,2671.806,663281664,242902884,679,42,43,36,26062,24810,1038,0.363,1529,500,0,127.775,152.898,1
100000,87,Grid,2672.050,662601728,243017220,679,44,43,36,26065,24812,1039,0.357,1529,500,0,84.266,156.277,1
100000,87,Grid,2672.367,662867968,241036216,679,46,43,36,26067,24813,1039,0.355,1529,500,0,161.851,151.758,1
100000,87,Grid,2672.625,663048192,240019792,679,28,43,36,26070,24816,1040,0.382,1529,500,0,83.161,170.759,1
100000,87,Grid,2672.899,663248896,242412272,679,30,43,36,26071,24817,1040,0.381,1529,500,0,98.265,171.822,1
100000,87,Grid,2673.143,663023616,242223600,679,32,43,36,26074,24819,1041,0.410,1529,500,0,77.288,163.117,1
100000,87,Grid,2673.447,663359488,240495432,679,34,43,36,26076,24821,1041,0.363,1529,500,0,138.508,160.136,1
100000,87,before_idle,2674.977,679706624,239093100,716,32,43,36,26090,24834,1042,0.122,1553,500,0,0.000,0.000,1
100000,87,after_idle,2695.015,651075584,244737844,705,28,42,34,26284,25028,1042,0.098,1385,500,0,0.000,0.000,1
100000,88,Rows,2697.868,662958080,298681052,682,25,42,36,26314,25057,1043,0.405,2422,500,0,90.392,276.135,1
100000,88,Rows,2698.000,663265280,298016216,682,26,42,36,26315,25058,1043,0.365,2231,500,0,13.645,114.662,1
100000,88,Rows,2699.853,660467712,307162592,676,28,42,35,26331,25072,1044,0.318,1401,500,0,1693.396,156.187,1
100000,88,Rows,2700.210,661401600,236477428,677,27,43,36,26333,25074,1044,0.352,1399,500,0,185.229,167.765,1
100000,88,Rows,2700.419,661897216,239069384,677,28,43,36,26335,25076,1045,0.317,1399,500,0,79.150,126.507,1
100000,88,Rows,2700.703,661643264,237847616,677,30,43,36,26337,25077,1045,0.352,1399,500,0,144.885,134.729,1
100000,88,Rows,2700.954,661798912,237574060,677,27,43,36,26340,25079,1046,0.384,1395,500,0,82.561,164.630,1
100000,88,Rows,2701.262,662106112,235474716,677,28,43,36,26342,25081,1046,0.349,1395,500,0,134.391,168.811,1
100000,88,Rows,2701.453,662933504,238020476,677,30,43,36,26343,25082,1046,0.342,1395,500,0,51.685,135.425,1
100000,88,Rows,2701.693,661983232,237921428,677,32,43,36,26346,25084,1047,0.337,1395,500,0,77.192,158.914,1
100000,88,Grid,2702.135,662732800,235756504,677,36,43,36,26350,25086,1047,0.356,1393,500,0,282.236,135.466,1
100000,88,Grid,2702.325,663506944,238307736,677,38,43,36,26351,25087,1047,0.342,1393,500,0,50.125,135.991,1
100000,88,Grid,2702.554,663044096,238348528,677,40,43,36,26354,25089,1048,0.340,1393,500,0,79.034,146.583,1
100000,88,Grid,2702.859,663318528,236165952,677,42,43,36,26356,25091,1048,0.347,1393,500,0,145.151,156.034,1
100000,88,Grid,2703.074,663621632,232829764,677,44,43,36,26359,25094,1049,0.434,1393,500,0,84.574,126.127,1
100000,88,Grid,2703.349,666214400,238143100,677,46,43,36,26360,25094,1049,0.356,1393,500,0,96.150,143.234,1
100000,88,Grid,2703.592,663363584,238136540,677,28,43,36,26363,25096,1050,0.362,1393,500,0,85.082,153.572,1
100000,88,Grid,2703.915,663633920,236231300,677,30,43,36,26365,25097,1050,0.350,1393,500,0,169.242,150.408,1
100000,88,Grid,2704.176,663863296,235221640,677,32,43,36,26368,25100,1051,0.325,1393,500,0,82.435,174.879,1
100000,88,Grid,2704.453,663871488,237587396,677,34,43,36,26369,25101,1051,0.348,1393,500,0,98.011,175.319,1
100000,88,before_idle,2705.996,680181760,235165276,721,32,44,37,26384,25113,1052,0.056,1419,500,0,0.000,0.000,1
100000,88,after_idle,2726.035,665645056,238033428,715,28,43,36,26586,25315,1052,0.218,1409,500,0,0.000,0.000,1
100000,89,Rows,2728.874,672260096,294563020,692,27,43,37,26616,25344,1053,0.423,2446,500,0,118.170,245.190,1
100000,89,Rows,2729.008,672727040,293873596,692,28,43,37,26617,25345,1053,0.469,2292,500,0,13.441,116.530,1
100000,89,Rows,2730.982,677408768,274000428,687,30,43,36,26634,25358,1055,0.342,1425,500,0,1808.609,161.533,1
100000,89,Rows,2731.389,676212736,238851744,687,29,43,37,26636,25360,1055,0.632,1418,500,0,181.602,221.814,1
100000,89,Rows,2731.583,676679680,241335440,687,30,43,37,26637,25361,1055,0.410,1418,500,0,54.079,134.208,1
100000,89,Rows,2731.831,676892672,241271048,687,32,43,37,26640,25363,1056,0.376,1418,500,0,83.874,160.730,1
100000,89,Rows,2732.139,676892672,238538496,687,34,43,37,26642,25365,1056,1.091,1418,500,0,136.049,166.143,1
100000,89,Rows,2732.322,676900864,241023304,687,36,43,37,26643,25366,1056,0.380,1418,500,0,49.293,130.274,1
100000,89,Rows,2732.569,676892672,240932400,687,38,43,37,26646,25368,1057,0.352,1418,500,0,82.157,160.934,1
100000,89,Rows,2732.884,676892672,238731780,687,40,43,37,26648,25370,1057,0.407,1418,500,0,143.762,167.022,1
100000,89,Grid,2733.237,677371904,240907240,687,44,43,37,26652,25373,1058,0.340,1416,500,0,179.828,153.073,1
100000,89,Grid,2733.540,677371904,239318364,687,46,43,37,26654,25375,1058,0.637,1416,500,0,137.216,160.262,1
100000,89,Grid,2733.793,677371904,236083460,687,28,43,37,26657,25378,1059,0.331,1416,500,0,84.108,130.302,1
100000,89,Grid,2734.050,680529920,241102220,687,30,43,37,26658,25378,1059,0.361,1416,500,0,108.124,142.690,1
100000,89,Grid,2734.292,677371904,241160680,687,32,43,37,26661,25380,1060,0.379,1416,500,0,82.329,155.988,1
100000,89,Grid,2734.600,677371904,239127252,687,34,43,37,26663,25382,1060,0.362,1416,500,0,138.294,166.125,1
100000,89,Grid,2734.917,677371904,238477124,687,36,43,37,26666,25385,1061,0.622,1416,500,0,95.269,217.081,1
100000,89,Grid,2735.254,677371904,240473480,687,38,43,37,26667,25386,1061,0.381,1416,500,0,125.507,205.703,1
100000,89,Grid,2735.514,677363712,240437620,687,40,43,37,26670,25388,1062,0.677,1416,500,0,86.901,168.311,1
100000,89,Grid,2735.844,677363712,238565980,687,42,43,37,26672,25390,1062,0.356,1416,500,0,147.725,179.259,1
100000,89,before_idle,2737.499,691724288,237203232,723,32,44,37,26686,25403,1063,0.162,1442,500,0,0.000,0.000,1
100000,89,after_idle,2757.505,673615872,239606352,716,28,44,35,26883,25600,1063,0.127,1432,500,0,0.000,0.000,1
100000,90,Rows,2760.268,685125632,298168592,693,27,44,37,26911,25627,1064,0.441,2468,500,0,113.864,239.570,1
100000,90,Rows,2762.168,690663424,303717764,687,28,44,36,26928,25641,1065,0.359,1447,500,0,1722.989,173.057,1
100000,90,Rows,2762.493,691204096,243711196,688,29,44,37,26929,25642,1065,0.352,1441,500,0,150.265,167.907,1
100000,90,Rows,2762.728,690573312,243768336,688,30,44,37,26932,25644,1066,0.335,1441,500,0,76.050,154.302,1
100000,90,Rows,2763.023,690868224,247622532,688,32,44,37,26934,25646,1066,0.360,1441,500,0,126.746,164.213,1
100000,90,Rows,2763.204,691216384,243707952,688,34,44,37,26935,25647,1066,0.364,1441,500,0,48.755,128.919,1
100000,90,Rows,2763.448,690704384,243701848,688,36,44,37,26938,25649,1067,0.372,1441,500,0,76.996,163.225,1
100000,90,Rows,2763.744,690962432,241307992,688,38,44,37,26940,25651,1067,0.370,1441,500,0,137.073,154.969,1
100000,90,Rows,2763.925,691347456,243664224,688,40,44,37,26941,25652,1067,0.360,1441,500,0,45.849,130.992,1
100000,90,Rows,2764.158,690679808,243638460,682,42,43,36,26944,25654,1068,0.352,1441,500,0,75.781,153.823,1
100000,90,Grid,2764.593,690954240,241321972,682,46,43,36,26948,25656,1068,0.360,1439,500,0,233.496,137.370,1
100000,90,Grid,2764.775,691646464,243772076,682,28,43,36,26949,25657,1068,0.361,1439,500,0,49.387,129.272,1
100000,90,Grid,2765.010,691068928,243889932,682,30,43,36,26952,25659,1069,0.359,1439,500,0,74.945,155.861,1
100000,90,Grid,2765.306,691208192,247161360,682,32,43,36,26954,25661,1069,0.361,1439,500,0,128.827,161.077,1
100000,90,Grid,2765.529,691499008,244228312,682,34,43,36,26956,25663,1070,0.403,1439,500,0,82.558,136.419,1
100000,90,Grid,2765.822,694087680,243374936,682,36,43,36,26958,25664,1070,0.356,1439,500,0,134.981,152.867,1
100000,90,Grid,2766.068,690941952,243311276,682,38,43,36,26961,25666,1071,0.362,1439,500,0,79.997,162.017,1
100000,90,Grid,2766.392,691253248,241284624,682,40,43,36,26963,25667,1071,0.380,1439,500,0,166.431,152.300,1
100000,90,Grid,2766.600,691519488,243475944,682,42,43,36,26965,25669,1072,0.365,1439,500,0,48.270,155.912,1
100000,90,Grid,2766.907,694079488,243252716,682,44,43,36,26967,25670,1072,0.360,1439,500,0,138.872,164.819,1
100000,90,before_idle,2768.417,707231744,241658460,719,32,44,36,26982,25682,1073,0.168,1465,500,0,0.000,0.000,1
100000,90,after_idle,2788.453,689045504,243632716,709,28,42,34,27190,25890,1073,0.142,1455,500,0,0.000,0.000,1
100000,91,Rows,2791.339,696393728,302855884,686,27,42,36,27219,25918,1074,0.415,2491,500,0,90.730,263.449,1
100000,91,Rows,2791.509,699809792,297144684,686,28,42,36,27222,25920,1075,0.410,2366,500,0,33.748,122.074,1
100000,91,Rows,2793.496,702050304,292770720,680,30,42,35,27238,25931,1076,0.335,1470,500,0,1817.584,165.452,1
100000,91,Rows,2793.887,702390272,243597716,681,29,42,36,27240,25933,1076,0.354,1464,500,0,195.892,188.185,1
100000,91,Rows,2794.080,686075904,246201524,681,30,42,36,27241,25934,1076,0.579,1464,500,0,51.078,138.067,1
100000,91,Rows,2794.346,696061952,245349524,681,32,42,36,27244,25937,1077,0.364,1464,500,0,81.275,180.811,1
100000,91,Rows,2794.616,700076032,246354392,681,34,42,36,27245,25938,1077,0.351,1464,500,0,147.812,116.964,1
100000,91,Rows,2794.856,696938496,246400360,681,36,42,36,27248,25940,1078,0.366,1464,500,0,81.887,154.924,1
100000,91,Rows,2795.155,696938496,244958500,681,38,42,36,27250,25941,1078,0.545,1464,500,0,141.850,152.446,1
100000,91,Rows,2795.420,696963072,243951792,681,40,42,36,27253,25944,1079,0.360,1464,500,0,84.348,177.667,1
100000,91,Grid,2795.883,698466304,245454344,681,44,42,36,27256,25946,1079,0.375,1462,500,0,309.987,128.264,1
100000,91,Grid,2796.148,698535936,245024840,681,46,42,36,27259,25949,1080,0.357,1462,500,0,85.045,175.545,1
100000,91,Grid,2796.412,698535936,246283784,681,28,42,36,27260,25950,1080,0.358,1462,500,0,108.650,151.796,1
100000,91,Grid,2796.652,698535936,246472732,681,30,42,36,27263,25952,1081,0.358,1462,500,0,83.569,151.479,1
100000,91,Grid,2796.963,698531840,245294140,681,32,42,36,27265,25953,1081,0.604,1462,500,0,153.448,153.638,1
100000,91,Grid,2797.228,698531840,244492184,681,34,42,36,27268,25956,1082,0.356,1462,500,0,86.707,174.162,1
100000,91,Grid,2797.498,702058496,250602372,681,36,42,36,27269,25957,1082,0.356,1462,500,0,105.740,160.456,1
100000,91,Grid,2797.745,698900480,246512596,681,38,42,36,27272,25959,1083,0.447,1462,500,0,86.051,156.635,1
100000,91,Grid,2798.050,699273216,245402908,681,40,42,36,27274,25960,1083,0.362,1462,500,0,156.151,145.430,1
100000,91,Grid,2798.316,699273216,244607632,681,42,42,36,27277,25963,1084,0.708,1462,500,0,83.939,177.293,1
100000,91,before_idle,2799.857,713289728,243386636,733,48,43,36,27291,25977,1085,0.149,1488,500,0,0.000,0.000,1
100000,91,after_idle,2819.913,695107584,244470976,682,28,42,35,27486,26171,1085,0.152,1478,500,0,0.000,0.000,1
100000,92,Rows,2822.819,705290240,299430072,688,29,43,36,27516,26200,1086,0.434,2514,500,0,105.725,277.563,1
100000,92,Rows,2822.961,708714496,304808272,688,30,43,36,27517,26201,1087,0.419,2329,500,0,13.656,124.567,1
100000,92,Rows,2824.956,706392064,296664028,682,32,43,35,27532,26213,1087,0.362,1493,500,0,1868.191,122.347,1
100000,92,Rows,2825.220,707248128,296901660,683,29,43,36,27535,26215,1088,0.345,1487,500,0,88.754,171.408,1
100000,92,Rows,2825.566,708096000,253561720,683,30,43,36,27537,26217,1088,0.380,1487,500,0,182.343,158.543,1
100000,92,Rows,2825.776,708390912,248989784,683,32,43,36,27539,26219,1089,0.314,1487,500,0,48.634,157.902,1
100000,92,Rows,2826.093,708423680,248288688,683,34,43,36,27541,26221,1089,0.372,1487,500,0,139.027,174.007,1
100000,92,Rows,2826.342,707952640,248168980,683,36,43,36,27544,26223,1090,0.364,1487,500,0,84.026,161.102,1
100000,92,Rows,2826.640,708214784,252446744,683,38,43,36,27546,26225,1090,0.344,1487,500,0,131.154,163.155,1
100000,92,Rows,2826.831,708804608,248525224,683,40,43,36,27547,26226,1090,0.383,1487,500,0,48.640,134.651,1
100000,92,Grid,2827.207,708112384,247868984,683,44,43,36,27552,26229,1091,0.364,1485,500,0,199.111,158.171,1
100000,92,Grid,2827.521,708534272,252151800,683,46,43,36,27554,26231,1091,0.529,1485,500,0,148.509,161.249,1
100000,92,Grid,2827.709,709226496,248675248,683,28,43,36,27555,26232,1091,0.371,1485,500,0,49.961,133.868,1
100000,92,Grid,2827.952,708251648,248457364,683,30,43,36,27558,26234,1092,0.383,1485,500,0,80.147,159.198,1
100000,92,Grid,2828.259,708423680,251821588,683,32,43,36,27560,26236,1092,0.365,1485,500,0,134.989,168.230,1
100000,92,Grid,2828.449,708751360,248822084,683,34,43,36,27561,26237,1092,0.569,1485,500,0,51.531,134.340,1
100000,92,Grid,2828.692,708096000,248981424,683,36,43,36,27564,26239,1093,0.356,1485,500,0,83.960,155.235,1
100000,92,Grid,2828.996,708288512,246840012,683,38,43,36,27566,26241,1093,0.404,1485,500,0,134.953,165.390,1
100000,92,Grid,2829.264,708526080,246190832,683,40,43,36,27569,26244,1094,0.357,1485,500,0,83.370,180.234,1
100000,92,Grid,2829.553,709152768,248126160,683,42,43,36,27570,26245,1094,0.369,1485,500,0,112.196,172.831,1
100000,92,before_idle,2831.168,725147648,245943076,725,32,45,37,27585,26257,1095,0.089,1511,500,0,0.000,0.000,1
100000,92,after_idle,2851.207,706891776,250732924,717,28,44,35,27787,26459,1095,0.523,1501,500,0,0.000,0.000,1
100000,93,Rows,2854.083,718827520,304755976,694,27,44,37,27817,26488,1096,0.451,2537,500,0,111.338,280.432,1
100000,93,Rows,2854.212,718966784,304075824,694,28,44,37,27818,26489,1096,0.410,2386,500,0,13.634,111.143,1
100000,93,Rows,2856.158,721932288,312504360,688,30,44,36,27834,26503,1097,0.366,1516,500,0,1771.929,169.824,1
100000,93,Rows,2856.538,723386368,255131788,689,29,44,37,27836,26505,1097,0.395,1510,500,0,200.298,172.307,1
100000,93,Rows,2856.734,723861504,251698748,689,30,44,37,27837,26506,1097,0.374,1510,500,0,51.705,139.981,1
100000,93,Rows,2856.983,723001344,251643876,689,32,44,37,27840,26508,1098,0.348,1510,500,0,81.995,163.253,1
100000,93,Rows,2857.287,723292160,254676356,689,34,44,37,27842,26510,1098,0.359,1510,500,0,134.066,166.061,1
100000,93,Rows,2857.472,723701760,251370100,689,36,44,37,27843,26511,1098,0.562,1510,500,0,49.108,130.470,1
100000,93,Rows,2857.708,723107840,251449412,689,38,44,37,27846,26513,1099,0.367,1510,500,0,81.133,151.120,1
100000,93,Rows,2858.033,723292160,249221036,689,40,44,37,27848,26514,1099,0.370,1510,500,0,104.492,216.124,1
100000,93,Grid,2858.383,723943424,251039912,689,44,44,37,27852,26517,1100,0.358,1508,500,0,177.757,154.046,1
100000,93,Grid,2858.686,723980288,256181964,689,46,44,37,27854,26518,1100,0.361,1508,500,0,155.276,143.480,1
100000,93,Grid,2858.946,724185088,249549720,689,28,44,37,27857,26521,1101,0.366,1508,500,0,84.091,170.335,1
100000,93,Grid,2859.207,724508672,262131152,689,30,44,37,27858,26522,1101,0.373,1508,500,0,104.413,153.219,1
100000,93,Grid,2859.443,723841024,251634984,689,32,44,37,27861,26524,1102,0.342,1508,500,0,83.798,148.665,1
100000,93,Grid,2859.751,723910656,250372872,689,34,44,37,27863,26525,1102,0.381,1508,500,0,151.223,152.493,1
100000,93,Grid,2860.022,724660224,249563292,689,36,44,37,27866,26528,1103,0.435,1508,500,0,88.649,177.881,1
100000,93,Grid,2860.293,728150016,260917268,689,38,44,37,27867,26529,1103,0.365,1508,500,0,106.395,159.876,1
100000,93,Grid,2860.531,724336640,251678628,689,40,44,37,27870,26531,1104,0.346,1508,500,0,85.728,148.811,1
100000,93,Grid,2860.834,724332544,250502328,689,42,44,37,27872,26532,1104,0.395,1508,500,0,150.739,148.612,1
100000,93,before_idle,2862.396,740937728,250110940,725,30,45,37,27886,26545,1105,0.084,1534,500,0,0.000,0.000,1
100000,93,after_idle,2882.445,722898944,253500588,717,28,44,36,28082,26741,1105,0.182,1524,500,0,0.000,0.000,1
100000,94,Rows,2885.302,731000832,310230376,694,27,44,37,28112,26769,1106,0.432,2560,500,0,116.348,250.549,1
100000,94,Rows,2885.435,733306880,309554388,694,28,44,37,28113,26770,1106,0.414,2403,500,0,12.820,115.384,1
100000,94,Rows,2887.479,735899648,284686776,688,30,44,36,28131,26781,1108,0.359,1539,500,0,1865.438,175.322,1
100000,94,Rows,2887.799,735199232,254683956,689,29,44,37,28132,26782,1108,0.500,1533,500,0,197.979,118.127,1
100000,94,Rows,2888.038,735199232,254428944,689,30,44,37,28135,26785,1109,0.537,1533,500,0,84.395,150.802,1
100000,94,Rows,2888.348,738357248,253790464,689,32,44,37,28137,26786,1109,0.479,1533,500,0,131.825,174.011,1
100000,94,Rows,2888.558,738357248,254453040,689,34,44,37,28139,26787,1109,0.424,1533,500,0,83.642,121.740,1
100000,94,Rows,2888.781,738357248,253389136,689,36,44,37,28141,26789,1109,0.404,1533,500,0,79.558,139.730,1
100000,94,Rows,2888.967,738357248,255944356,689,38,44,37,28142,26790,1109,0.401,1533,500,0,51.598,130.569,1
100000,94,Rows,2889.172,738357248,255755316,689,40,44,37,28144,26792,1109,0.376,1533,500,0,81.995,119.642,1
100000,94,Grid,2889.528,738447360,255726304,689,44,44,37,28148,26794,1109,0.369,1531,500,0,196.518,139.645,1
100000,94,Grid,2889.758,738447360,255260364,689,46,44,37,28150,26796,1109,0.380,1531,500,0,83.431,141.879,1
100000,94,Grid,2889.950,738447360,257943924,689,48,44,37,28151,26797,1109,0.392,1531,500,0,50.618,136.998,1
100000,94,Grid,2890.159,738447360,257994944,689,30,44,37,28153,26798,1109,0.371,1531,500,0,81.801,124.441,1
100000,94,Grid,2890.382,738447360,257264808,689,32,44,37,28155,26800,1109,0.382,1531,500,0,81.682,137.106,1
100000,94,Grid,2890.567,738447360,260219308,689,34,44,37,28156,26801,1109,0.358,1531,500,0,85.315,96.116,1
100000,94,Grid,2890.768,738447360,260104540,689,36,44,37,28158,26802,1109,0.371,1531,500,0,81.895,115.203,1
100000,94,Grid,2890.980,738447360,260051728,689,38,44,37,28160,26803,1109,0.637,1531,500,0,79.726,128.275,1
100000,94,Grid,2891.206,738447360,259358560,689,40,44,37,28162,26805,1109,0.357,1531,500,0,85.961,136.172,1
100000,94,Grid,2891.427,735313920,256145756,689,42,44,37,28164,26807,1109,0.366,1531,500,0,85.018,99.417,1
100000,94,before_idle,2892.862,750628864,260252648,742,48,45,37,28177,26819,1109,0.084,1557,500,0,0.000,0.000,1
100000,94,after_idle,2912.920,729620480,256567116,690,29,44,36,28378,27018,1110,0.193,1547,500,0,0.000,0.000,1
100000,95,Rows,2915.777,745590784,315254208,699,29,44,37,28408,27048,1111,0.541,2583,500,0,90.432,373.046,1
100000,95,Rows,2916.036,749223936,358974940,694,30,44,37,28409,27049,1111,0.511,2487,500,0,41.993,208.681,1
100000,95,Rows,2918.260,746045440,304291964,688,32,44,36,28426,27061,1112,0.376,1562,500,0,2042.569,175.792,1
100000,95,Rows,2918.596,747806720,262813140,689,29,44,37,28427,27062,1112,0.521,1556,500,0,208.428,122.112,1
100000,95,Rows,2918.841,747614208,257321376,690,30,44,37,28430,27064,1113,0.411,1556,500,0,84.519,156.166,1
100000,95,Rows,2919.158,750854144,262825320,689,32,44,37,28432,27065,1113,0.407,1556,500,0,141.966,170.700,1
100000,95,Rows,2919.390,751267840,254653096,689,34,44,37,28434,27067,1113,0.677,1556,500,0,85.565,142.659,1
100000,95,Rows,2919.603,751824896,257208876,689,36,44,37,28435,27068,1113,1.120,1556,500,0,50.645,157.686,1
100000,95,Rows,2919.839,751161344,257145700,689,38,44,37,28437,27069,1113,0.461,1556,500,0,90.728,138.763,1
100000,95,Rows,2920.082,751489024,256154088,689,40,44,37,28439,27071,1113,0.476,1556,500,0,84.182,154.467,1
100000,95,Grid,2920.476,752467968,258921548,689,44,44,37,28442,27073,1113,0.978,1554,500,0,205.983,168.345,1
100000,95,Grid,2920.733,752664576,258461540,689,46,44,37,28444,27075,1113,0.508,1554,500,0,94.954,154.087,1
100000,95,Grid,2920.949,752971776,261308652,689,48,44,37,28445,27076,1113,0.392,1554,500,0,94.786,117.472,1
100000,95,Grid,2921.167,752287744,261346804,683,30,43,36,28447,27077,1113,0.403,1554,500,0,84.246,129.432,1
100000,95,Grid,2921.464,752308224,261211488,683,32,43,36,28449,27078,1113,0.518,1554,500,0,116.608,176.403,1
100000,95,Grid,2921.729,752611328,260447860,683,34,43,36,28451,27080,1113,0.496,1554,500,0,101.615,159.406,1
100000,95,Grid,2921.934,752672768,263429908,683,36,43,36,28452,27081,1113,0.374,1554,500,0,91.289,109.265,1
100000,95,Grid,2922.173,752947200,263253624,683,38,43,36,28454,27083,1113,0.379,1554,500,0,95.612,138.907,1
100000,95,Grid,2922.438,756518912,264157804,683,40,43,36,28457,27084,1114,0.398,1554,500,0,90.715,170.189,1
100000,95,Grid,2922.827,749297664,256424992,683,42,43,36,28459,27085,1114,0.431,1554,500,0,182.950,199.435,1
100000,95,before_idle,2924.400,765739008,254074080,735,48,44,36,28473,27097,1115,0.245,1580,500,0,0.000,0.000,1
100000,95,after_idle,2944.446,747655168,256856528,684,28,43,35,28664,27287,1115,0.161,1568,500,0,0.000,0.000,1
100000,96,Rows,2947.264,759091200,310262052,688,29,43,36,28694,27316,1116,0.430,2604,500,0,111.543,264.223,1
100000,96,Rows,2947.418,762245120,310699216,688,30,43,36,28696,27317,1117,0.402,2460,500,0,13.752,135.307,1
100000,96,Rows,2949.322,759545856,306285328,682,32,43,35,28711,27329,1117,0.408,1583,500,0,1773.063,126.198,1
100000,96,Rows,2949.597,759635968,305918180,683,29,43,36,28714,27332,1118,0.371,1577,500,0,87.949,182.865,1
100000,96,Rows,2949.891,757313536,279654652,683,30,43,36,28715,27333,1118,0.392,1577,500,0,140.799,149.693,1
100000,96,Rows,2950.104,756461568,258987212,683,32,43,36,28717,27335,1118,0.423,1577,500,0,84.802,124.030,1
100000,96,Rows,2950.358,756793344,258140928,683,34,43,36,28720,27338,1119,0.392,1577,500,0,78.835,170.498,1
100000,96,Rows,2950.612,757170176,273743288,683,36,43,36,28721,27339,1119,0.366,1577,500,0,96.904,153.199,1
100000,96,Rows,2950.822,756559872,259137100,683,38,43,36,28723,27341,1119,0.471,1577,500,0,84.289,121.229,1
100000,96,Rows,2951.075,756748288,258325708,683,40,43,36,28726,27344,1120,0.302,1577,500,0,81.669,168.113,1
100000,96,Grid,2951.478,756690944,259059044,683,44,43,36,28729,27347,1120,0.368,1575,500,0,256.322,126.757,1
100000,96,Grid,2951.719,756776960,259227976,683,46,43,36,28732,27350,1121,0.360,1575,500,0,75.596,160.896,1
100000,96,Grid,2952.016,756981760,269351072,683,28,43,36,28734,27352,1121,0.375,1575,500,0,130.698,161.107,1
100000,96,Grid,2952.234,757227520,259826432,683,30,43,36,28736,27354,1122,0.371,1575,500,0,56.556,157.671,1
100000,96,Grid,2952.536,757420032,264788836,683,32,43,36,28738,27356,1122,0.435,1575,500,0,139.150,157.980,1
100000,96,Grid,2952.795,749891584,259125148,683,34,43,36,28741,27359,1123,0.376,1575,500,0,85.879,169.124,1
100000,96,Grid,2953.102,750637056,269200188,683,36,43,36,28743,27361,1123,0.324,1575,500,0,136.240,167.248,1
100000,96,Grid,2953.365,752418816,257112960,683,38,43,36,28746,27364,1124,0.371,1575,500,0,52.668,205.905,1
100000,96,Grid,2953.670,751321088,268918452,683,40,43,36,28748,27366,1124,0.380,1575,500,0,105.688,193.212,1
100000,96,Grid,2953.935,751337472,257679732,683,42,43,36,28751,27369,1125,0.395,1575,500,0,54.357,206.222,1
100000,96,before_idle,2955.472,767381504,255825216,735,48,44,36,28765,27383,1126,0.124,1601,500,0,0.000,0.000,1
100000,96,after_idle,2975.519,749207552,257314176,683,28,43,35,28966,27584,1126,0.186,1591,500,0,0.000,0.000,1
100000,97,Rows,2978.398,763793408,316645592,687,29,43,36,28995,27612,1127,0.523,2627,500,0,123.608,256.988,1
100000,97,Rows,2978.550,764182528,315983372,687,30,43,36,28997,27614,1128,0.424,2476,500,0,13.627,134.613,1
100000,97,Rows,2980.594,766976000,308187468,682,32,43,35,29013,27624,1128,0.397,1606,500,0,1892.658,146.657,1
100000,97,Rows,2980.882,768110592,308118684,683,29,43,36,29016,27627,1129,0.500,1600,500,0,97.823,185.125,1
100000,97,Rows,2981.181,767500288,283720760,683,30,43,36,29017,27628,1129,0.470,1600,500,0,72.444,222.090,1
100000,97,Rows,2981.418,766529536,260430816,683,32,43,36,29019,27630,1129,0.427,1600,500,0,95.923,137.061,1
100000,97,Rows,2981.638,766898176,263076592,683,34,43,36,29021,27632,1130,0.708,1600,500,0,82.675,132.032,1
100000,97,Rows,2981.930,769417216,272444764,683,36,43,36,29023,27633,1130,0.414,1600,500,0,131.985,156.235,1
100000,97,Rows,2982.148,766701568,261437352,683,38,43,36,29025,27634,1130,0.497,1600,500,0,84.595,128.317,1
100000,97,Rows,2982.409,766992384,260432984,683,40,43,36,29028,27637,1131,0.442,1600,500,0,83.148,173.910,1
100000,97,Grid,2982.818,766775296,261274816,683,44,43,36,29031,27639,1131,0.376,1598,500,0,254.545,131.954,1
100000,97,Grid,2983.084,767033344,260865616,683,46,43,36,29034,27642,1132,0.380,1598,500,0,87.023,175.005,1
100000,97,Grid,2983.353,767320064,272858212,683,28,43,36,29035,27643,1132,0.471,1598,500,0,73.124,191.958,1
100000,97,Grid,2983.602,767320064,262103192,683,30,43,36,29038,27646,1133,0.380,1598,500,0,91.348,150.952,1
100000,97,Grid,2983.907,766734336,271415608,683,32,43,36,29040,27647,1133,0.349,1598,500,0,153.822,146.838,1
100000,97,Grid,2984.164,767033344,260371516,683,34,43,36,29043,27650,1134,0.339,1598,500,0,85.791,167.239,1
100000,97,Grid,2984.436,767791104,273785460,683,36,43,36,29044,27651,1134,0.389,1598,500,0,104.530,161.878,1
100000,97,Grid,2984.649,767098880,262464744,683,38,43,36,29046,27652,1134,0.365,1598,500,0,90.665,117.759,1
100000,97,Grid,2984.896,767139840,262350416,683,40,43,36,29049,27654,1135,0.717,1598,500,0,82.252,160.839,1
100000,97,Grid,2985.230,767397888,259949608,683,42,43,36,29051,27655,1135,0.554,1598,500,0,108.053,220.471,1
100000,97,before_idle,2986.793,784826368,258930472,725,32,45,37,29065,27669,1136,0.061,1624,500,0,0.000,0.000,1
100000,97,after_idle,3006.819,766685184,264305756,717,28,43,37,29265,27869,1136,0.577,1614,500,0,0.000,0.000,1
100000,98,Rows,3009.669,776871936,316599692,696,27,44,39,29294,27897,1137,0.443,2650,500,0,78.668,287.924,1
100000,98,Rows,3011.603,779354112,326047528,690,28,44,38,29310,27912,1138,0.361,1629,500,0,1777.105,153.269,1
100000,98,Rows,3011.979,780435456,267522568,691,29,44,39,29312,27913,1138,0.384,1623,500,0,178.382,192.154,1
100000,98,Rows,3012.231,780775424,262376512,691,30,44,39,29315,27916,1139,0.389,1623,500,0,77.060,170.259,1
100000,98,Rows,3012.483,784674816,304907388,691,32,44,39,29316,27917,1139,0.397,1623,500,0,66.777,181.558,1
100000,98,Rows,3012.719,781410304,263698572,691,34,44,39,29318,27918,1139,0.372,1623,500,0,98.075,133.916,1
100000,98,Rows,3012.991,781672448,262594672,691,36,44,39,29321,27921,1140,0.376,1623,500,0,77.853,189.567,1
100000,98,Rows,3013.263,782430208,276058724,691,38,44,39,29322,27922,1140,0.543,1623,500,0,68.051,199.847,1
100000,98,Rows,3013.487,781479936,263662108,691,40,44,39,29324,27923,1140,0.383,1623,500,0,81.448,136.054,1
100000,98,Rows,3013.754,781733888,262554144,691,42,44,39,29327,27926,1141,0.354,1623,500,0,82.093,179.685,1
100000,98,Grid,3014.180,782598144,263599844,691,46,44,39,29330,27928,1141,0.375,1621,500,0,278.554,127.683,1
100000,98,Grid,3014.438,782983168,263068116,691,28,44,39,29333,27931,1142,0.654,1621,500,0,80.471,173.061,1
100000,98,Grid,3014.696,783400960,283740376,691,30,44,39,29334,27932,1142,0.370,1621,500,0,66.607,186.299,1
100000,98,Grid,3014.915,782659584,264246112,691,32,44,39,29336,27933,1142,0.340,1621,500,0,86.232,129.289,1
100000,98,Grid,3015.172,782934016,263381424,691,34,44,39,29339,27936,1143,0.381,1621,500,0,78.959,173.852,1
100000,98,Grid,3015.433,783273984,283682644,691,36,44,39,29340,27937,1143,0.391,1621,500,0,95.388,160.674,1
100000,98,Grid,3015.641,782639104,264864404,691,38,44,39,29342,27938,1143,0.398,1621,500,0,84.077,120.121,1
100000,98,Grid,3015.885,782725120,264628068,691,40,44,39,29345,27940,1144,0.425,1621,500,0,78.134,162.062,1
100000,98,Grid,3016.205,786268160,268067212,691,42,44,39,29347,27941,1144,0.740,1621,500,0,95.024,219.298,1
100000,98,Grid,3016.388,786554880,264481588,691,44,44,39,29348,27942,1144,0.555,1621,500,0,48.121,128.977,1
100000,98,before_idle,3017.753,802947072,263423744,744,50,45,39,29362,27954,1144,0.115,1647,500,0,0.000,0.000,1
100000,98,after_idle,3037.798,784515072,265480088,739,30,43,37,29573,28165,1144,0.302,1637,500,0,0.000,0.000,1
100000,99,Rows,3040.730,791212032,319635212,695,29,43,39,29604,28195,1146,0.669,2673,500,0,81.385,308.960,1
100000,99,Rows,3040.926,792457216,493660676,695,30,43,39,29605,28196,1146,0.436,2529,500,0,16.996,174.833,1
100000,99,Rows,3042.930,794947584,314707016,689,32,43,38,29621,28209,1147,0.989,1652,500,0,1834.035,165.096,1
100000,99,Rows,3043.294,795258880,276086500,690,29,43,39,29623,28211,1147,0.507,1646,500,0,110.835,249.470,1
100000,99,Rows,3043.488,795258880,267620640,690,30,43,39,29624,28212,1147,0.527,1646,500,0,52.845,134.189,1
100000,99,Rows,3043.738,795258880,267756868,690,32,43,39,29627,28214,1148,0.414,1646,500,0,85.603,161.022,1
100000,99,Rows,3044.051,795258880,276263528,690,34,43,39,29629,28215,1148,0.389,1646,500,0,100.038,208.726,1
100000,99,Rows,3044.276,795258880,267437884,690,36,43,39,29631,28217,1149,0.445,1646,500,0,87.778,130.319,1
100000,99,Rows,3044.558,798412800,288831864,690,38,43,39,29633,28218,1149,0.454,1646,500,0,100.993,176.787,1
100000,99,Rows,3044.778,795258880,266644564,690,40,43,39,29635,28219,1149,0.408,1646,500,0,90.465,125.289,1
100000,99,Grid,3045.167,795185152,265846932,684,44,42,38,29640,28222,1150,0.300,1644,500,0,198.188,170.564,1
100000,99,Grid,3045.428,798339072,295279676,684,46,42,38,29641,28223,1150,0.395,1644,500,0,69.886,187.594,1
100000,99,Grid,3045.650,795185152,266801776,684,28,42,38,29643,28224,1150,0.393,1644,500,0,92.505,124.511,1
100000,99,Grid,3045.906,795185152,266031784,684,30,42,38,29646,28227,1151,0.388,1644,500,0,83.735,168.436,1
100000,99,Grid,3046.224,795668480,270111876,684,32,42,38,29648,28228,1151,0.384,1644,500,0,93.176,221.475,1
100000,99,Grid,3046.419,795668480,266356860,684,34,42,38,29649,28229,1151,0.401,1644,500,0,53.573,137.382,1
100000,99,Grid,3046.661,795668480,266233008,684,36,42,38,29652,28231,1152,0.323,1644,500,0,80.350,157.730,1
100000,99,Grid,3046.978,796372992,275635308,684,38,42,38,29654,28232,1152,0.398,1644,500,0,100.674,210.354,1
100000,99,Grid,3047.932,493166592,266541860,683,40,42,37,29656,28234,1153,0.397,1644,500,0,57.449,892.919,1
100000,99,Grid,3048.139,496402432,266918720,684,42,42,38,29658,28234,1153,0.389,1644,500,0,85.575,117.476,1
100000,99,before_idle,3049.686,508264448,264546844,719,32,43,38,29673,28247,1154,0.084,1670,500,0,0.000,0.000,1
100000,99,after_idle,3069.734,490696704,264063300,715,28,42,36,29885,28459,1154,0.992,1660,500,0,0.000,0.000,1
100000,100,Rows,3072.490,552599552,317758220,687,27,42,38,29914,28487,1155,0.549,2696,500,0,73.350,279.936,1
100000,100,Rows,3072.617,551690240,317098648,687,28,42,38,29915,28488,1155,0.420,2554,500,0,13.248,109.884,1
100000,100,Rows,3074.603,551780352,302143044,682,30,42,37,29932,28501,1157,0.367,1675,500,0,1825.668,156.960,1
100000,100,Rows,3074.933,552251392,266932320,683,29,42,38,29934,28503,1157,0.380,1669,500,0,163.607,161.539,1
100000,100,Rows,3075.114,553037824,269543468,683,30,42,38,29935,28504,1157,0.609,1669,500,0,48.761,128.777,1
100000,100,Rows,3075.350,551997440,268654924,683,32,42,38,29938,28507,1158,0.381,1669,500,0,76.333,155.304,1
100000,100,Rows,3075.594,552321024,269585692,683,34,42,38,29939,28508,1158,0.394,1669,500,0,99.958,140.355,1
100000,100,Rows,3075.820,551673856,269719476,683,36,42,38,29942,28510,1159,0.364,1669,500,0,75.667,146.596,1
100000,100,Rows,3076.129,551919616,268104660,683,38,42,38,29944,28511,1159,0.416,1669,500,0,170.281,131.544,1
100000,100,Rows,3076.373,552124416,267078116,683,40,42,38,29947,28514,1160,0.394,1669,500,0,76.885,163.303,1
100000,100,Grid,3076.772,551776256,268707756,683,44,42,38,29950,28516,1160,0.376,1667,500,0,255.280,122.489,1
100000,100,Grid,3077.015,552050688,268205748,683,46,42,38,29953,28519,1161,0.373,1667,500,0,75.574,163.675,1
100000,100,Grid,3077.283,552382464,269495476,683,28,42,38,29954,28520,1161,0.403,1667,500,0,124.295,139.720,1
100000,100,Grid,3077.508,551772160,269783188,683,30,42,38,29957,28522,1162,0.362,1667,500,0,76.755,144.802,1
100000,100,Grid,3077.813,551866368,268444996,683,32,42,38,29959,28523,1162,0.382,1667,500,0,170.825,130.024,1
100000,100,Grid,3078.053,552050688,267636624,683,34,42,38,29962,28526,1163,0.363,1667,500,0,80.065,156.268,1
100000,100,Grid,3078.322,552259584,269636600,683,36,42,38,29963,28527,1163,0.390,1667,500,0,121.919,142.324,1
100000,100,Grid,3078.550,551616512,269896088,683,38,42,38,29966,28529,1164,0.383,1667,500,0,78.304,145.182,1
100000,100,Grid,3078.865,551723008,268673284,683,40,42,38,29968,28530,1164,0.383,1667,500,0,187.750,123.619,1
100000,100,Grid,3079.106,551964672,267878808,683,42,42,38,29971,28533,1165,0.512,1667,500,0,80.545,155.812,1
100000,100,before_idle,3080.574,567685120,266957520,735,48,43,38,29985,28547,1166,0.100,1693,500,0,0.000,0.000,1
100000,100,after_idle,3100.616,549523456,268035112,690,28,42,37,30195,28756,1166,0.122,1683,500,0,0.000,0.000,1
100000,101,Rows,3103.277,575033344,327188652,694,29,42,37,30223,28784,1166,0.466,2719,500,0,103.403,278.213,1
100000,101,Rows,3103.429,578535424,326532188,699,30,42,38,30225,28786,1167,0.438,2594,500,0,12.870,133.753,1
100000,101,Rows,3105.468,575127552,319472948,683,32,42,37,30240,28801,1167,0.394,1698,500,0,1893.239,142.402,1
100000,101,Rows,3105.752,579256320,319412976,684,29,42,38,30243,28804,1168,0.475,1692,500,0,94.013,185.161,1
100000,101,Rows,3106.067,577150976,271625432,684,30,42,38,30244,28805,1168,0.431,1692,500,0,156.595,153.858,1
100000,101,Rows,3106.311,576577536,271415568,684,32,42,38,30247,28807,1169,0.385,1692,500,0,81.355,158.776,1
100000,101,Rows,3106.615,576798720,269399076,684,34,42,38,30249,28809,1169,0.411,1692,500,0,136.966,162.294,1
100000,101,Rows,3106.802,577400832,271990320,684,36,42,38,30250,28810,1169,0.504,1692,500,0,50.075,132.867,1
100000,101,Rows,3107.041,576409600,271913180,684,38,42,38,30253,28812,1170,0.422,1692,500,0,77.439,157.102,1
100000,101,Rows,3107.333,576274432,269664916,684,40,42,38,30255,28814,1170,0.463,1692,500,0,130.136,157.794,1
100000,101,Grid,3107.687,576012288,271869780,684,44,42,38,30259,28817,1171,0.381,1690,500,0,180.151,153.885,1
100000,101,Grid,3107.994,576217088,270321428,684,46,42,38,30261,28819,1171,0.391,1690,500,0,144.150,159.094,1
100000,101,Grid,3108.198,576544768,273217424,684,28,42,38,30263,28821,1172,0.381,1690,500,0,80.332,119.589,1
100000,101,Grid,3108.479,579067904,272121992,684,30,42,38,30265,28822,1172,0.404,1690,500,0,133.219,143.138,1
100000,101,Grid,3108.723,575934464,272123620,684,32,42,38,30268,28824,1173,0.386,1690,500,0,83.273,156.581,1
100000,101,Grid,3109.028,560123904,270124244,684,34,42,38,30270,28826,1173,0.391,1690,500,0,135.416,165.175,1
100000,101,Grid,3109.252,570920960,266809472,684,36,42,38,30273,28829,1174,0.390,1690,500,0,84.773,134.985,1
100000,101,Grid,3109.547,573685760,272169664,684,38,42,38,30274,28829,1174,0.393,1690,500,0,109.433,146.445,1
100000,101,Grid,3109.796,570892288,272294916,684,40,42,38,30277,28831,1175,0.567,1690,500,0,87.280,157.713,1
100000,101,Grid,3110.118,571408384,270237044,684,42,42,38,30279,28833,1175,0.391,1690,500,0,147.054,170.691,1
100000,101,before_idle,3111.735,588390400,269521984,720,32,43,38,30293,28846,1176,0.087,1716,500,0,0.000,0.000,1
100000,101,after_idle,3131.751,569950208,270761916,716,28,42,36,30502,29055,1176,0.218,1685,500,0,0.000,0.000,1
100000,102,Rows,3134.411,583192576,329363752,727,29,43,37,30530,29083,1176,0.447,2721,500,0,81.009,281.806,1
100000,102,Rows,3134.535,584294400,328716612,727,30,43,37,30531,29084,1176,0.427,2574,500,0,13.401,106.109,1
100000,102,Rows,3136.611,583045120,309489556,682,29,43,35,30548,29097,1178,0.360,1715,500,0,1914.359,157.633,1
100000,102,Rows,3136.954,583876608,271773268,683,29,43,36,30550,29099,1178,0.801,1694,500,0,191.102,147.867,1
100000,102,Rows,3137.136,584306688,274207808,683,30,44,36,30551,29100,1178,0.392,1695,500,0,48.523,128.816,1
100000,102,Rows,3137.370,584454144,274325320,683,32,43,36,30554,29102,1179,0.332,1695,500,0,78.035,151.720,1
100000,102,Rows,3137.692,584495104,271578740,683,29,43,36,30556,29103,1179,0.430,1694,500,0,162.807,154.553,1
100000,102,Rows,3137.894,584495104,273773628,683,30,43,36,30558,29105,1180,0.457,1694,500,0,49.325,148.924,1
100000,102,Rows,3138.188,587657216,273373904,683,32,43,36,30560,29106,1180,0.431,1694,500,0,134.646,154.991,1
100000,102,Rows,3138.420,584622080,273174948,683,34,43,36,30563,29108,1181,0.427,1694,500,0,77.562,149.765,1
100000,102,Grid,3138.894,584634368,271239796,683,38,43,36,30567,29110,1181,0.394,1692,500,0,322.250,132.748,1
100000,102,Grid,3139.077,585003008,273774924,683,40,43,36,30568,29111,1181,0.387,1692,500,0,50.008,127.927,1
100000,102,Grid,3139.318,585379840,273837624,683,42,43,36,30571,29113,1182,0.363,1692,500,0,79.434,157.609,1
100000,102,Grid,3139.619,585379840,271637292,683,44,43,36,30573,29115,1182,0.388,1692,500,0,149.669,147.793,1
100000,102,Grid,3139.825,585379840,268311828,683,46,43,36,30576,29118,1183,0.376,1692,500,0,79.810,121.621,1
100000,102,Grid,3140.102,589242368,273656932,683,48,43,36,30577,29118,1183,0.406,1692,500,0,109.692,132.721,1
100000,102,Grid,3140.343,586088448,273678328,683,30,43,36,30580,29120,1184,0.383,1692,500,0,82.445,153.728,1
100000,102,Grid,3140.624,586088448,271724976,683,32,43,36,30582,29122,1184,0.383,1692,500,0,128.794,148.331,1
100000,102,Grid,3140.902,586088448,271068704,683,34,43,36,30585,29125,1185,0.480,1692,500,0,81.824,192.358,1
100000,102,Grid,3141.206,586084352,273099092,683,36,43,36,30586,29126,1185,0.892,1692,500,0,108.245,188.938,1
100000,102,before_idle,3142.881,601227264,271139288,719,32,44,36,30601,29138,1186,0.656,1718,500,0,0.000,0.000,1
100000,102,after_idle,3162.908,582778880,274025776,714,28,42,34,30804,29341,1186,0.188,1708,500,0,0.000,0.000,1
100000,103,Rows,3165.628,596905984,334795612,723,29,42,35,30833,29370,1186,0.510,2744,500,0,118.364,245.025,1
100000,103,Rows,3165.763,598523904,334151668,723,30,42,35,30834,29371,1186,0.672,2565,500,0,15.322,115.172,1
100000,103,Rows,3167.820,598962176,309202080,680,27,42,35,30851,29384,1188,0.407,1723,500,0,1895.329,156.928,1
100000,103,Rows,3168.199,599187456,275337140,681,28,42,36,30853,29385,1188,0.522,1717,500,0,228.886,142.741,1
100000,103,Rows,3168.387,599470080,277382748,681,30,42,36,30854,29386,1188,0.418,1717,500,0,51.803,132.334,1
100000,103,Rows,3168.626,598892544,277552892,681,32,42,36,30857,29388,1189,0.417,1717,500,0,83.170,151.383,1
100000,103,Rows,3168.918,599085056,275118148,681,34,42,36,30859,29390,1189,0.415,1717,500,0,126.722,160.946,1
100000,103,Rows,3169.131,599425024,277664816,681,36,42,36,30861,29392,1190,0.429,1717,500,0,54.758,153.882,1
100000,103,Rows,3169.426,601931776,276904532,681,38,42,36,30863,29393,1190,0.417,1717,500,0,134.591,156.381,1
100000,103,Rows,3169.673,598904832,276773912,681,40,42,36,30866,29395,1191,0.431,1717,500,0,81.702,161.664,1
100000,103,Grid,3170.159,598900736,274813408,681,44,42,36,30870,29397,1191,0.393,1715,500,0,323.982,141.654,1
100000,103,Grid,3170.349,599683072,277301796,681,46,42,36,30871,29398,1191,0.388,1715,500,0,52.600,133.638,1
100000,103,Grid,3170.592,598827008,277355820,681,28,42,36,30874,29400,1192,0.464,1715,500,0,83.495,155.155,1
100000,103,Grid,3170.894,599113728,275196016,681,30,42,36,30876,29402,1192,0.404,1715,500,0,141.111,156.970,1
100000,103,Grid,3171.122,599347200,271877812,681,32,42,36,30879,29405,1193,0.519,1715,500,0,91.521,131.620,1
100000,103,Grid,3171.415,601980928,277208496,681,34,42,36,30880,29405,1193,0.418,1715,500,0,104.890,151.049,1
100000,103,Grid,3171.672,598827008,277233744,681,36,42,36,30883,29407,1194,0.516,1715,500,0,88.984,163.795,1
100000,103,Grid,3171.984,599089152,275293276,681,38,42,36,30885,29409,1194,0.396,1715,500,0,147.581,157.945,1
100000,103,Grid,3172.251,599326720,274644052,681,40,42,36,30888,29412,1195,0.379,1715,500,0,86.486,176.834,1
100000,103,Grid,3172.529,599588864,276644812,681,42,42,36,30889,29413,1195,0.395,1715,500,0,112.072,161.757,1
100000,103,before_idle,3174.079,615043072,274727740,717,30,43,36,30904,29426,1196,0.230,1741,500,0,0.000,0.000,1
100000,103,after_idle,3194.102,596598784,277103116,714,28,42,34,31106,29628,1196,0.160,1731,500,0,0.000,0.000,1
100000,104,Rows,3196.766,609787904,334588212,723,29,42,35,31135,29657,1196,0.512,2767,500,0,80.528,275.855,1
100000,104,Rows,3196.888,612941824,334977316,723,30,42,35,31136,29657,1196,0.536,2675,500,0,14.141,103.541,1
100000,104,Rows,3199.417,610635776,327984848,680,31,42,35,31152,29672,1198,0.408,1746,500,0,2373.184,152.061,1
100000,104,Rows,3199.778,610713600,278959012,681,29,42,36,31154,29674,1198,0.521,1740,500,0,121.725,234.565,1
100000,104,Rows,3200.059,610713600,278091324,682,30,42,36,31157,29677,1199,0.415,1740,500,0,81.842,194.895,1
100000,104,Rows,3200.316,610717696,279521712,681,32,42,36,31158,29678,1199,0.418,1740,500,0,99.648,153.544,1
100000,104,Rows,3200.552,610713600,279486892,681,34,42,36,31161,29681,1200,0.411,1740,500,0,79.788,151.948,1
100000,104,Rows,3200.837,610713600,277579424,681,36,42,36,31163,29683,1200,0.446,1740,500,0,119.606,160.367,1
100000,104,Rows,3201.017,610717696,280050484,681,38,42,36,31164,29684,1200,0.472,1740,500,0,48.766,127.261,1
100000,104,Rows,3201.251,610713600,280004964,681,40,42,36,31167,29687,1201,0.411,1740,500,0,78.417,151.414,1
100000,104,Grid,3201.691,610713600,277806760,681,44,42,36,31171,29691,1201,0.391,1738,500,0,287.352,133.951,1
100000,104,Grid,3201.907,610713600,280788500,681,46,42,36,31173,29693,1202,0.404,1738,500,0,50.712,161.343,1
100000,104,Grid,3202.198,613867520,279626432,681,48,42,36,31175,29694,1202,0.398,1738,500,0,141.673,145.346,1
100000,104,Grid,3202.443,610713600,279724408,681,30,42,36,31178,29697,1203,0.441,1738,500,0,82.437,158.487,1
100000,104,Grid,3202.735,610713600,277764656,681,32,42,36,31180,29699,1203,0.396,1738,500,0,125.304,160.377,1
100000,104,Grid,3202.942,610656256,280663236,681,34,42,36,31182,29701,1204,0.406,1738,500,0,81.016,122.377,1
100000,104,Grid,3203.218,614219776,279732204,681,36,42,36,31184,29702,1204,0.412,1738,500,0,131.879,138.812,1
100000,104,Grid,3203.456,611065856,279757556,681,38,42,36,31187,29705,1205,0.400,1738,500,0,81.228,153.296,1
100000,104,Grid,3203.741,614215680,277875176,681,40,42,36,31189,29707,1205,0.423,1738,500,0,121.919,158.778,1
100000,104,Grid,3203.962,611061760,274575452,681,42,42,36,31191,29709,1205,0.400,1738,500,0,88.233,98.378,1
100000,104,before_idle,3205.384,628973568,277414792,732,48,43,36,31204,29722,1205,0.085,1764,500,0,0.000,0.000,1
100000,104,after_idle,3225.400,610537472,283607712,724,30,42,34,31407,29925,1205,0.285,1754,500,0,0.000,0.000,1
100000,105,Rows,3228.101,621711360,339269376,733,31,42,35,31437,29955,1205,0.475,2790,500,0,106.434,285.907,1
100000,105,Rows,3228.260,625201152,339707080,738,32,42,36,31439,29956,1206,0.452,2620,500,0,14.699,139.641,1
100000,105,Rows,3230.367,619761664,328832364,680,29,42,35,31456,29967,1207,0.397,1769,500,0,1909.599,192.828,1
100000,105,Rows,3230.705,620150784,282241368,681,29,42,36,31457,29968,1207,0.620,1763,500,0,161.507,172.080,1
100000,105,Rows,3230.956,619274240,282185432,681,30,42,36,31460,29970,1208,0.439,1763,500,0,85.451,160.768,1
100000,105,Rows,3231.277,619593728,280004192,681,32,42,36,31462,29972,1208,0.437,1763,500,0,132.708,184.645,1
100000,105,Rows,3231.469,619958272,282482492,681,34,42,36,31463,29973,1208,0.440,1763,500,0,52.414,135.102,1
100000,105,Rows,3231.724,619347968,282588928,681,36,42,36,31466,29975,1209,0.424,1763,500,0,83.461,166.960,1
100000,105,Rows,3232.034,619548672,280252804,681,38,42,36,31468,29977,1209,0.450,1763,500,0,144.133,161.599,1
100000,105,Rows,3232.244,619884544,282789292,681,40,42,36,31470,29979,1210,0.423,1763,500,0,51.465,153.809,1
100000,105,Grid,3232.711,619347968,281396516,681,44,42,36,31474,29981,1210,0.415,1761,500,0,305.928,141.159,1
100000,105,Grid,3232.978,619675648,280986816,681,46,42,36,31477,29984,1211,0.331,1761,500,0,87.893,175.137,1
100000,105,Grid,3233.254,619954176,282244584,681,28,42,36,31478,29985,1211,0.515,1761,500,0,120.839,150.790,1
100000,105,Grid,3233.498,619339776,282521092,681,30,42,36,31481,29987,1212,0.399,1761,500,0,84.888,154.784,1
100000,105,Grid,3233.795,619433984,281198256,681,32,42,36,31483,29988,1212,0.406,1761,500,0,144.049,148.091,1
100000,105,Grid,3234.055,619622400,280385780,681,34,42,36,31486,29991,1213,0.928,1761,500,0,85.161,169.909,1
100000,105,Grid,3234.314,619896832,282389836,681,36,42,36,31487,29992,1213,0.381,1761,500,0,107.472,148.519,1
100000,105,Grid,3234.558,619896832,282461312,681,38,42,36,31490,29995,1214,0.390,1761,500,0,83.753,155.837,1
100000,105,Grid,3234.844,623050752,282131740,681,40,42,36,31492,29997,1214,0.414,1761,500,0,127.076,154.840,1
100000,105,Grid,3235.062,623050752,282855116,681,42,42,36,31494,29999,1214,0.571,1761,500,0,86.145,127.657,1
100000,105,before_idle,3236.493,638558208,283357524,718,34,44,36,31508,30009,1214,0.114,1787,500,0,0.000,0.000,1
100000,105,after_idle,3256.510,620109824,287299936,713,30,42,34,31705,30206,1214,0.197,1777,500,0,0.000,0.000,1
100000,106,Rows,3259.190,631975936,346143884,724,31,43,35,31734,30235,1214,0.453,2813,500,0,91.189,256.961,1
100000,106,Rows,3259.349,632684544,345424908,729,32,43,36,31736,30237,1215,0.448,2664,500,0,34.295,120.786,1
100000,106,Rows,3261.455,626823168,331712792,682,31,43,35,31753,30254,1216,0.655,1792,500,0,1934.790,166.661,1
100000,106,Rows,3261.791,630865920,285069132,683,29,43,36,31754,30255,1216,0.553,1786,500,0,183.512,146.243,1
100000,106,Rows,3262.043,630185984,285255484,683,30,43,36,31757,30257,1217,0.403,1786,500,0,82.578,165.327,1
100000,106,Rows,3262.341,630444032,282895912,683,32,43,36,31759,30259,1217,0.422,1786,500,0,138.514,154.427,1
100000,106,Rows,3262.558,630775808,285501112,683,34,43,36,31761,30261,1218,0.437,1786,500,0,86.028,127.384,1
100000,106,Rows,3262.850,633364480,284625928,683,36,43,36,31763,30262,1218,0.461,1786,500,0,134.839,153.256,1
100000,106,Rows,3263.095,630247424,284487672,683,38,43,36,31766,30264,1219,0.418,1786,500,0,80.313,160.475,1
100000,106,Rows,3263.391,630538240,282334812,683,40,43,36,31768,30266,1219,0.437,1786,500,0,127.794,162.890,1
100000,106,Grid,3263.747,630267904,284553704,683,44,43,36,31772,30269,1220,0.633,1784,500,0,184.274,151.349,1
100000,106,Grid,3264.046,630484992,283022676,683,46,43,36,31774,30271,1220,0.737,1784,500,0,134.566,159.384,1
100000,106,Grid,3264.306,632258560,282939360,683,28,43,36,31777,30274,1221,0.391,1784,500,0,50.233,205.998,1
100000,106,Grid,3264.600,630812672,282660728,683,30,43,36,31779,30275,1221,0.398,1784,500,0,139.229,150.858,1
100000,106,Grid,3264.852,630759424,282736080,683,32,43,36,31782,30277,1222,0.402,1784,500,0,84.411,163.555,1
100000,106,Grid,3265.135,630964224,284201968,683,34,43,36,31783,30278,1222,0.411,1784,500,0,123.435,156.065,1
100000,106,Grid,3265.380,630132736,284346496,683,36,43,36,31786,30280,1223,0.504,1784,500,0,87.557,152.976,1
100000,106,Grid,3265.669,633532416,282941448,683,38,43,36,31788,30282,1223,0.397,1784,500,0,125.948,158.322,1
100000,106,Grid,3265.885,630149120,279687804,683,40,43,36,31790,30284,1223,0.404,1784,500,0,84.682,95.707,1
100000,106,Grid,3266.060,633303040,285810676,683,42,43,36,31791,30284,1223,0.406,1784,500,0,50.294,120.247,1
100000,106,before_idle,3267.514,650137600,285669628,735,48,44,36,31805,30297,1223,0.259,1810,500,0,0.000,0.000,1
100000,106,after_idle,3287.539,632279040,289934380,730,30,42,34,32005,30497,1223,0.165,1800,500,0,0.000,0.000,1
100000,107,Rows,3291.232,648306688,347160984,739,31,42,36,32034,30526,1223,0.444,2836,500,0,88.778,292.404,1
100000,107,Rows,3291.385,650956800,346456260,744,32,42,37,32036,30528,1224,0.550,2713,500,0,13.823,130.917,1
100000,107,Rows,3293.617,642363392,335637232,680,33,42,36,32052,30540,1225,0.370,1815,500,0,2031.965,175.775,1
100000,107,Rows,3294.016,642891776,285715840,681,29,42,37,32054,30542,1225,0.531,1809,500,0,216.293,174.630,1
100000,107,Rows,3294.202,643305472,288289936,682,30,42,37,32055,30543,1225,0.430,1809,500,0,51.592,130.383,1
100000,107,Rows,3294.448,643301376,288254768,681,32,42,37,32058,30545,1226,0.431,1809,500,0,78.820,162.416,1
100000,107,Rows,3294.758,643317760,285471584,681,34,42,37,32060,30547,1226,0.442,1809,500,0,134.560,170.778,1
100000,107,Rows,3294.952,643321856,287977972,681,36,42,37,32061,30548,1226,0.446,1809,500,0,53.786,135.583,1
100000,107,Rows,3295.211,643317760,287903448,681,38,42,37,32064,30550,1227,0.461,1809,500,0,83.497,170.112,1
100000,107,Rows,3295.527,643317760,285718268,681,40,42,37,32066,30552,1227,0.428,1809,500,0,143.483,165.953,1
100000,107,Grid,3295.914,644141056,288546064,683,44,42,39,32070,30555,1228,0.434,1807,500,0,190.541,178.736,1
100000,107,Grid,3296.256,647036928,286920868,683,46,42,39,32072,30556,1228,0.399,1807,500,0,104.272,228.035,1
100000,107,Grid,3296.516,647065600,286113240,683,48,42,39,32074,30558,1228,0.587,1807,500,0,89.076,165.603,1
100000,107,Grid,3296.777,647065600,288845132,683,30,42,39,32075,30559,1228,0.452,1807,500,0,55.188,200.798,1
100000,107,Grid,3297.090,647065600,289128560,683,32,42,39,32077,30560,1228,0.456,1807,500,0,116.977,190.811,1
100000,107,Grid,3297.342,647073792,288851536,683,34,42,39,32079,30561,1228,0.418,1807,500,0,95.898,151.016,1
100000,107,Grid,3297.638,647729152,288693396,683,36,42,39,32081,30563,1228,0.599,1807,500,0,91.491,199.587,1
100000,107,Grid,3297.872,647110656,291452948,683,38,42,39,32082,30564,1228,0.425,1807,500,0,69.031,154.351,1
100000,107,Grid,3298.129,647110656,291719212,683,40,42,39,32084,30565,1228,0.463,1807,500,0,106.185,146.327,1
100000,107,Grid,3298.364,647110656,291587396,683,42,42,39,32086,30566,1228,0.489,1807,500,0,90.344,139.987,1
100000,107,before_idle,3299.835,660197376,291747304,736,48,43,39,32098,30578,1228,0.124,1831,500,0,0.000,0.000,1
